[[2026-03-13T19:19:55.139Z] [SEVERE] https://www.greencity.cx.ua/#/greenCity - Not signed in with the identity provider., [2026-03-13T19:19:56.996Z] [SEVERE] https://accounts.google.com/gsi/client 81:88 "[GSI_LOGGER]: FedCM get() rejects with AbortError: signal is aborted without reason", [2026-03-13T19:19:56.996Z] [SEVERE] https://www.greencity.cx.ua/chunk-NUXSP4TM.js 10:45939 "ERROR" NullInjectorError: R3InjectorError(s)[e -> e -> e -> e]: 
  NullInjectorError: No provider for e!
    at Ip.get (https://www.greencity.cx.ua/chunk-NUXSP4TM.js:11:38580)
    at Op.get (https://www.greencity.cx.ua/chunk-NUXSP4TM.js:11:41619)
    at Op.get (https://www.greencity.cx.ua/chunk-NUXSP4TM.js:11:41619)
    at Op.get (https://www.greencity.cx.ua/chunk-NUXSP4TM.js:11:41619)
    at Op.get (https://www.greencity.cx.ua/chunk-NUXSP4TM.js:11:41619)
    at T0.get (https://www.greencity.cx.ua/chunk-NUXSP4TM.js:11:66384)
    at vI (https://www.greencity.cx.ua/chunk-NUXSP4TM.js:11:20405)
    at yI (https://www.greencity.cx.ua/chunk-NUXSP4TM.js:11:20645)
    at p (https://www.greencity.cx.ua/chunk-NUXSP4TM.js:11:52307)
    at fc.ɵfac [as factory] (https://www.greencity.cx.ua/chunk-R2CKRCT3.js:1:97963), [2026-03-13T19:19:56.996Z] [SEVERE] https://www.greencity.cx.ua/chunk-NUXSP4TM.js 10:45939 "ERROR" NullInjectorError: R3InjectorError(s)[e -> e -> e -> e]: 
  NullInjectorError: No provider for e!
    at Ip.get (https://www.greencity.cx.ua/chunk-NUXSP4TM.js:11:38580)
    at Op.get (https://www.greencity.cx.ua/chunk-NUXSP4TM.js:11:41619)
    at Op.get (https://www.greencity.cx.ua/chunk-NUXSP4TM.js:11:41619)
    at Op.get (https://www.greencity.cx.ua/chunk-NUXSP4TM.js:11:41619)
    at Op.get (https://www.greencity.cx.ua/chunk-NUXSP4TM.js:11:41619)
    at T0.get (https://www.greencity.cx.ua/chunk-NUXSP4TM.js:11:66384)
    at vI (https://www.greencity.cx.ua/chunk-NUXSP4TM.js:11:20405)
    at yI (https://www.greencity.cx.ua/chunk-NUXSP4TM.js:11:20645)
    at p (https://www.greencity.cx.ua/chunk-NUXSP4TM.js:11:52307)
    at fc.ɵfac [as factory] (https://www.greencity.cx.ua/chunk-R2CKRCT3.js:1:97963), [2026-03-13T19:19:57.992Z] [SEVERE] https://www.greencity.cx.ua/chunk-NUXSP4TM.js 10:45939 "ERROR" TypeError: Cannot read properties of null (reading 'setValue')
    at n.quillContentChanged (https://www.greencity.cx.ua/chunk-VNNOUBDJ.js:1:16043)
    at https://www.greencity.cx.ua/chunk-VNNOUBDJ.js:1:7223
    at eE (https://www.greencity.cx.ua/chunk-NUXSP4TM.js:11:76097)
    at Object.o [as next] (https://www.greencity.cx.ua/chunk-NUXSP4TM.js:11:76277)
    at bv.next (https://www.greencity.cx.ua/chunk-NUXSP4TM.js:7:3120)
    at Fr._next (https://www.greencity.cx.ua/chunk-NUXSP4TM.js:7:2803)
    at Fr.next (https://www.greencity.cx.ua/chunk-NUXSP4TM.js:7:2530)
    at https://www.greencity.cx.ua/chunk-NUXSP4TM.js:7:7848
    at Ac (https://www.greencity.cx.ua/chunk-NUXSP4TM.js:7:2222)
    at S0.next (https://www.greencity.cx.ua/chunk-NUXSP4TM.js:7:7687), [2026-03-13T19:19:57.992Z] [SEVERE] https://www.greencity.cx.ua/chunk-NUXSP4TM.js 10:45939 "ERROR" TypeError: Cannot read properties of null (reading 'setValue')
    at n.quillContentChanged (https://www.greencity.cx.ua/chunk-VNNOUBDJ.js:1:16043)
    at https://www.greencity.cx.ua/chunk-VNNOUBDJ.js:1:7223
    at eE (https://www.greencity.cx.ua/chunk-NUXSP4TM.js:11:76097)
    at Object.o [as next] (https://www.greencity.cx.ua/chunk-NUXSP4TM.js:11:76277)
    at bv.next (https://www.greencity.cx.ua/chunk-NUXSP4TM.js:7:3120)
    at Fr._next (https://www.greencity.cx.ua/chunk-NUXSP4TM.js:7:2803)
    at Fr.next (https://www.greencity.cx.ua/chunk-NUXSP4TM.js:7:2530)
    at https://www.greencity.cx.ua/chunk-NUXSP4TM.js:7:7848
    at Ac (https://www.greencity.cx.ua/chunk-NUXSP4TM.js:7:2222)
    at S0.next (https://www.greencity.cx.ua/chunk-NUXSP4TM.js:7:7687), [2026-03-13T19:19:57.996Z] [SEVERE] https://www.greencity.cx.ua/chunk-NUXSP4TM.js 10:45939 "ERROR" TypeError: Cannot read properties of null (reading 'setValue')
    at n.quillContentChanged (https://www.greencity.cx.ua/chunk-VNNOUBDJ.js:1:16043)
    at https://www.greencity.cx.ua/chunk-VNNOUBDJ.js:1:7223
    at eE (https://www.greencity.cx.ua/chunk-NUXSP4TM.js:11:76097)
    at Object.o [as next] (https://www.greencity.cx.ua/chunk-NUXSP4TM.js:11:76277)
    at bv.next (https://www.greencity.cx.ua/chunk-NUXSP4TM.js:7:3120)
    at Fr._next (https://www.greencity.cx.ua/chunk-NUXSP4TM.js:7:2803)
    at Fr.next (https://www.greencity.cx.ua/chunk-NUXSP4TM.js:7:2530)
    at https://www.greencity.cx.ua/chunk-NUXSP4TM.js:7:7848
    at Ac (https://www.greencity.cx.ua/chunk-NUXSP4TM.js:7:2222)
    at S0.next (https://www.greencity.cx.ua/chunk-NUXSP4TM.js:7:7687), [2026-03-13T19:19:58Z] [SEVERE] https://www.greencity.cx.ua/chunk-NUXSP4TM.js 10:45939 "ERROR" TypeError: Cannot read properties of null (reading 'setValue')
    at n.quillContentChanged (https://www.greencity.cx.ua/chunk-VNNOUBDJ.js:1:16043)
    at https://www.greencity.cx.ua/chunk-VNNOUBDJ.js:1:7223
    at eE (https://www.greencity.cx.ua/chunk-NUXSP4TM.js:11:76097)
    at Object.o [as next] (https://www.greencity.cx.ua/chunk-NUXSP4TM.js:11:76277)
    at bv.next (https://www.greencity.cx.ua/chunk-NUXSP4TM.js:7:3120)
    at Fr._next (https://www.greencity.cx.ua/chunk-NUXSP4TM.js:7:2803)
    at Fr.next (https://www.greencity.cx.ua/chunk-NUXSP4TM.js:7:2530)
    at https://www.greencity.cx.ua/chunk-NUXSP4TM.js:7:7848
    at Ac (https://www.greencity.cx.ua/chunk-NUXSP4TM.js:7:2222)
    at S0.next (https://www.greencity.cx.ua/chunk-NUXSP4TM.js:7:7687), [2026-03-13T19:19:58.003Z] [SEVERE] https://www.greencity.cx.ua/chunk-NUXSP4TM.js 10:45939 "ERROR" TypeError: Cannot read properties of null (reading 'setValue')
    at n.quillContentChanged (https://www.greencity.cx.ua/chunk-VNNOUBDJ.js:1:16043)
    at https://www.greencity.cx.ua/chunk-VNNOUBDJ.js:1:7223
    at eE (https://www.greencity.cx.ua/chunk-NUXSP4TM.js:11:76097)
    at Object.o [as next] (https://www.greencity.cx.ua/chunk-NUXSP4TM.js:11:76277)
    at bv.next (https://www.greencity.cx.ua/chunk-NUXSP4TM.js:7:3120)
    at Fr._next (https://www.greencity.cx.ua/chunk-NUXSP4TM.js:7:2803)
    at Fr.next (https://www.greencity.cx.ua/chunk-NUXSP4TM.js:7:2530)
    at https://www.greencity.cx.ua/chunk-NUXSP4TM.js:7:7848
    at Ac (https://www.greencity.cx.ua/chunk-NUXSP4TM.js:7:2222)
    at S0.next (https://www.greencity.cx.ua/chunk-NUXSP4TM.js:7:7687), [2026-03-13T19:19:58.006Z] [SEVERE] https://www.greencity.cx.ua/chunk-NUXSP4TM.js 10:45939 "ERROR" TypeError: Cannot read properties of null (reading 'setValue')
    at n.quillContentChanged (https://www.greencity.cx.ua/chunk-VNNOUBDJ.js:1:16043)
    at https://www.greencity.cx.ua/chunk-VNNOUBDJ.js:1:7223
    at eE (https://www.greencity.cx.ua/chunk-NUXSP4TM.js:11:76097)
    at Object.o [as next] (https://www.greencity.cx.ua/chunk-NUXSP4TM.js:11:76277)
    at bv.next (https://www.greencity.cx.ua/chunk-NUXSP4TM.js:7:3120)
    at Fr._next (https://www.greencity.cx.ua/chunk-NUXSP4TM.js:7:2803)
    at Fr.next (https://www.greencity.cx.ua/chunk-NUXSP4TM.js:7:2530)
    at https://www.greencity.cx.ua/chunk-NUXSP4TM.js:7:7848
    at Ac (https://www.greencity.cx.ua/chunk-NUXSP4TM.js:7:2222)
    at S0.next (https://www.greencity.cx.ua/chunk-NUXSP4TM.js:7:7687), [2026-03-13T19:19:58.009Z] [SEVERE] https://www.greencity.cx.ua/chunk-NUXSP4TM.js 10:45939 "ERROR" TypeError: Cannot read properties of null (reading 'setValue')
    at n.quillContentChanged (https://www.greencity.cx.ua/chunk-VNNOUBDJ.js:1:16043)
    at https://www.greencity.cx.ua/chunk-VNNOUBDJ.js:1:7223
    at eE (https://www.greencity.cx.ua/chunk-NUXSP4TM.js:11:76097)
    at Object.o [as next] (https://www.greencity.cx.ua/chunk-NUXSP4TM.js:11:76277)
    at bv.next (https://www.greencity.cx.ua/chunk-NUXSP4TM.js:7:3120)
    at Fr._next (https://www.greencity.cx.ua/chunk-NUXSP4TM.js:7:2803)
    at Fr.next (https://www.greencity.cx.ua/chunk-NUXSP4TM.js:7:2530)
    at https://www.greencity.cx.ua/chunk-NUXSP4TM.js:7:7848
    at Ac (https://www.greencity.cx.ua/chunk-NUXSP4TM.js:7:2222)
    at S0.next (https://www.greencity.cx.ua/chunk-NUXSP4TM.js:7:7687), [2026-03-13T19:19:58.012Z] [SEVERE] https://www.greencity.cx.ua/chunk-NUXSP4TM.js 10:45939 "ERROR" TypeError: Cannot read properties of null (reading 'setValue')
    at n.quillContentChanged (https://www.greencity.cx.ua/chunk-VNNOUBDJ.js:1:16043)
    at https://www.greencity.cx.ua/chunk-VNNOUBDJ.js:1:7223
    at eE (https://www.greencity.cx.ua/chunk-NUXSP4TM.js:11:76097)
    at Object.o [as next] (https://www.greencity.cx.ua/chunk-NUXSP4TM.js:11:76277)
    at bv.next (https://www.greencity.cx.ua/chunk-NUXSP4TM.js:7:3120)
    at Fr._next (https://www.greencity.cx.ua/chunk-NUXSP4TM.js:7:2803)
    at Fr.next (https://www.greencity.cx.ua/chunk-NUXSP4TM.js:7:2530)
    at https://www.greencity.cx.ua/chunk-NUXSP4TM.js:7:7848
    at Ac (https://www.greencity.cx.ua/chunk-NUXSP4TM.js:7:2222)
    at S0.next (https://www.greencity.cx.ua/chunk-NUXSP4TM.js:7:7687), [2026-03-13T19:19:58.015Z] [SEVERE] https://www.greencity.cx.ua/chunk-NUXSP4TM.js 10:45939 "ERROR" TypeError: Cannot read properties of null (reading 'setValue')
    at n.quillContentChanged (https://www.greencity.cx.ua/chunk-VNNOUBDJ.js:1:16043)
    at https://www.greencity.cx.ua/chunk-VNNOUBDJ.js:1:7223
    at eE (https://www.greencity.cx.ua/chunk-NUXSP4TM.js:11:76097)
    at Object.o [as next] (https://www.greencity.cx.ua/chunk-NUXSP4TM.js:11:76277)
    at bv.next (https://www.greencity.cx.ua/chunk-NUXSP4TM.js:7:3120)
    at Fr._next (https://www.greencity.cx.ua/chunk-NUXSP4TM.js:7:2803)
    at Fr.next (https://www.greencity.cx.ua/chunk-NUXSP4TM.js:7:2530)
    at https://www.greencity.cx.ua/chunk-NUXSP4TM.js:7:7848
    at Ac (https://www.greencity.cx.ua/chunk-NUXSP4TM.js:7:2222)
    at S0.next (https://www.greencity.cx.ua/chunk-NUXSP4TM.js:7:7687), [2026-03-13T19:19:58.018Z] [SEVERE] https://www.greencity.cx.ua/chunk-NUXSP4TM.js 10:45939 "ERROR" TypeError: Cannot read properties of null (reading 'setValue')
    at n.quillContentChanged (https://www.greencity.cx.ua/chunk-VNNOUBDJ.js:1:16043)
    at https://www.greencity.cx.ua/chunk-VNNOUBDJ.js:1:7223
    at eE (https://www.greencity.cx.ua/chunk-NUXSP4TM.js:11:76097)
    at Object.o [as next] (https://www.greencity.cx.ua/chunk-NUXSP4TM.js:11:76277)
    at bv.next (https://www.greencity.cx.ua/chunk-NUXSP4TM.js:7:3120)
    at Fr._next (https://www.greencity.cx.ua/chunk-NUXSP4TM.js:7:2803)
    at Fr.next (https://www.greencity.cx.ua/chunk-NUXSP4TM.js:7:2530)
    at https://www.greencity.cx.ua/chunk-NUXSP4TM.js:7:7848
    at Ac (https://www.greencity.cx.ua/chunk-NUXSP4TM.js:7:2222)
    at S0.next (https://www.greencity.cx.ua/chunk-NUXSP4TM.js:7:7687), [2026-03-13T19:19:58.020Z] [SEVERE] https://www.greencity.cx.ua/chunk-NUXSP4TM.js 10:45939 "ERROR" TypeError: Cannot read properties of null (reading 'setValue')
    at n.quillContentChanged (https://www.greencity.cx.ua/chunk-VNNOUBDJ.js:1:16043)
    at https://www.greencity.cx.ua/chunk-VNNOUBDJ.js:1:7223
    at eE (https://www.greencity.cx.ua/chunk-NUXSP4TM.js:11:76097)
    at Object.o [as next] (https://www.greencity.cx.ua/chunk-NUXSP4TM.js:11:76277)
    at bv.next (https://www.greencity.cx.ua/chunk-NUXSP4TM.js:7:3120)
    at Fr._next (https://www.greencity.cx.ua/chunk-NUXSP4TM.js:7:2803)
    at Fr.next (https://www.greencity.cx.ua/chunk-NUXSP4TM.js:7:2530)
    at https://www.greencity.cx.ua/chunk-NUXSP4TM.js:7:7848
    at Ac (https://www.greencity.cx.ua/chunk-NUXSP4TM.js:7:2222)
    at S0.next (https://www.greencity.cx.ua/chunk-NUXSP4TM.js:7:7687), [2026-03-13T19:19:58.023Z] [SEVERE] https://www.greencity.cx.ua/chunk-NUXSP4TM.js 10:45939 "ERROR" TypeError: Cannot read properties of null (reading 'setValue')
    at n.quillContentChanged (https://www.greencity.cx.ua/chunk-VNNOUBDJ.js:1:16043)
    at https://www.greencity.cx.ua/chunk-VNNOUBDJ.js:1:7223
    at eE (https://www.greencity.cx.ua/chunk-NUXSP4TM.js:11:76097)
    at Object.o [as next] (https://www.greencity.cx.ua/chunk-NUXSP4TM.js:11:76277)
    at bv.next (https://www.greencity.cx.ua/chunk-NUXSP4TM.js:7:3120)
    at Fr._next (https://www.greencity.cx.ua/chunk-NUXSP4TM.js:7:2803)
    at Fr.next (https://www.greencity.cx.ua/chunk-NUXSP4TM.js:7:2530)
    at https://www.greencity.cx.ua/chunk-NUXSP4TM.js:7:7848
    at Ac (https://www.greencity.cx.ua/chunk-NUXSP4TM.js:7:2222)
    at S0.next (https://www.greencity.cx.ua/chunk-NUXSP4TM.js:7:7687), [2026-03-13T19:19:58.026Z] [SEVERE] https://www.greencity.cx.ua/chunk-NUXSP4TM.js 10:45939 "ERROR" TypeError: Cannot read properties of null (reading 'setValue')
    at n.quillContentChanged (https://www.greencity.cx.ua/chunk-VNNOUBDJ.js:1:16043)
    at https://www.greencity.cx.ua/chunk-VNNOUBDJ.js:1:7223
    at eE (https://www.greencity.cx.ua/chunk-NUXSP4TM.js:11:76097)
    at Object.o [as next] (https://www.greencity.cx.ua/chunk-NUXSP4TM.js:11:76277)
    at bv.next (https://www.greencity.cx.ua/chunk-NUXSP4TM.js:7:3120)
    at Fr._next (https://www.greencity.cx.ua/chunk-NUXSP4TM.js:7:2803)
    at Fr.next (https://www.greencity.cx.ua/chunk-NUXSP4TM.js:7:2530)
    at https://www.greencity.cx.ua/chunk-NUXSP4TM.js:7:7848
    at Ac (https://www.greencity.cx.ua/chunk-NUXSP4TM.js:7:2222)
    at S0.next (https://www.greencity.cx.ua/chunk-NUXSP4TM.js:7:7687), [2026-03-13T19:19:58.029Z] [SEVERE] https://www.greencity.cx.ua/chunk-NUXSP4TM.js 10:45939 "ERROR" TypeError: Cannot read properties of null (reading 'setValue')
    at n.quillContentChanged (https://www.greencity.cx.ua/chunk-VNNOUBDJ.js:1:16043)
    at https://www.greencity.cx.ua/chunk-VNNOUBDJ.js:1:7223
    at eE (https://www.greencity.cx.ua/chunk-NUXSP4TM.js:11:76097)
    at Object.o [as next] (https://www.greencity.cx.ua/chunk-NUXSP4TM.js:11:76277)
    at bv.next (https://www.greencity.cx.ua/chunk-NUXSP4TM.js:7:3120)
    at Fr._next (https://www.greencity.cx.ua/chunk-NUXSP4TM.js:7:2803)
    at Fr.next (https://www.greencity.cx.ua/chunk-NUXSP4TM.js:7:2530)
    at https://www.greencity.cx.ua/chunk-NUXSP4TM.js:7:7848
    at Ac (https://www.greencity.cx.ua/chunk-NUXSP4TM.js:7:2222)
    at S0.next (https://www.greencity.cx.ua/chunk-NUXSP4TM.js:7:7687), [2026-03-13T19:19:58.031Z] [SEVERE] https://www.greencity.cx.ua/chunk-NUXSP4TM.js 10:45939 "ERROR" TypeError: Cannot read properties of null (reading 'setValue')
    at n.quillContentChanged (https://www.greencity.cx.ua/chunk-VNNOUBDJ.js:1:16043)
    at https://www.greencity.cx.ua/chunk-VNNOUBDJ.js:1:7223
    at eE (https://www.greencity.cx.ua/chunk-NUXSP4TM.js:11:76097)
    at Object.o [as next] (https://www.greencity.cx.ua/chunk-NUXSP4TM.js:11:76277)
    at bv.next (https://www.greencity.cx.ua/chunk-NUXSP4TM.js:7:3120)
    at Fr._next (https://www.greencity.cx.ua/chunk-NUXSP4TM.js:7:2803)
    at Fr.next (https://www.greencity.cx.ua/chunk-NUXSP4TM.js:7:2530)
    at https://www.greencity.cx.ua/chunk-NUXSP4TM.js:7:7848
    at Ac (https://www.greencity.cx.ua/chunk-NUXSP4TM.js:7:2222)
    at S0.next (https://www.greencity.cx.ua/chunk-NUXSP4TM.js:7:7687), [2026-03-13T19:19:58.034Z] [SEVERE] https://www.greencity.cx.ua/chunk-NUXSP4TM.js 10:45939 "ERROR" TypeError: Cannot read properties of null (reading 'setValue')
    at n.quillContentChanged (https://www.greencity.cx.ua/chunk-VNNOUBDJ.js:1:16043)
    at https://www.greencity.cx.ua/chunk-VNNOUBDJ.js:1:7223
    at eE (https://www.greencity.cx.ua/chunk-NUXSP4TM.js:11:76097)
    at Object.o [as next] (https://www.greencity.cx.ua/chunk-NUXSP4TM.js:11:76277)
    at bv.next (https://www.greencity.cx.ua/chunk-NUXSP4TM.js:7:3120)
    at Fr._next (https://www.greencity.cx.ua/chunk-NUXSP4TM.js:7:2803)
    at Fr.next (https://www.greencity.cx.ua/chunk-NUXSP4TM.js:7:2530)
    at https://www.greencity.cx.ua/chunk-NUXSP4TM.js:7:7848
    at Ac (https://www.greencity.cx.ua/chunk-NUXSP4TM.js:7:2222)
    at S0.next (https://www.greencity.cx.ua/chunk-NUXSP4TM.js:7:7687), [2026-03-13T19:19:58.037Z] [SEVERE] https://www.greencity.cx.ua/chunk-NUXSP4TM.js 10:45939 "ERROR" TypeError: Cannot read properties of null (reading 'setValue')
    at n.quillContentChanged (https://www.greencity.cx.ua/chunk-VNNOUBDJ.js:1:16043)
    at https://www.greencity.cx.ua/chunk-VNNOUBDJ.js:1:7223
    at eE (https://www.greencity.cx.ua/chunk-NUXSP4TM.js:11:76097)
    at Object.o [as next] (https://www.greencity.cx.ua/chunk-NUXSP4TM.js:11:76277)
    at bv.next (https://www.greencity.cx.ua/chunk-NUXSP4TM.js:7:3120)
    at Fr._next (https://www.greencity.cx.ua/chunk-NUXSP4TM.js:7:2803)
    at Fr.next (https://www.greencity.cx.ua/chunk-NUXSP4TM.js:7:2530)
    at https://www.greencity.cx.ua/chunk-NUXSP4TM.js:7:7848
    at Ac (https://www.greencity.cx.ua/chunk-NUXSP4TM.js:7:2222)
    at S0.next (https://www.greencity.cx.ua/chunk-NUXSP4TM.js:7:7687), [2026-03-13T19:19:58.040Z] [SEVERE] https://www.greencity.cx.ua/chunk-NUXSP4TM.js 10:45939 "ERROR" TypeError: Cannot read properties of null (reading 'setValue')
    at n.quillContentChanged (https://www.greencity.cx.ua/chunk-VNNOUBDJ.js:1:16043)
    at https://www.greencity.cx.ua/chunk-VNNOUBDJ.js:1:7223
    at eE (https://www.greencity.cx.ua/chunk-NUXSP4TM.js:11:76097)
    at Object.o [as next] (https://www.greencity.cx.ua/chunk-NUXSP4TM.js:11:76277)
    at bv.next (https://www.greencity.cx.ua/chunk-NUXSP4TM.js:7:3120)
    at Fr._next (https://www.greencity.cx.ua/chunk-NUXSP4TM.js:7:2803)
    at Fr.next (https://www.greencity.cx.ua/chunk-NUXSP4TM.js:7:2530)
    at https://www.greencity.cx.ua/chunk-NUXSP4TM.js:7:7848
    at Ac (https://www.greencity.cx.ua/chunk-NUXSP4TM.js:7:2222)
    at S0.next (https://www.greencity.cx.ua/chunk-NUXSP4TM.js:7:7687), [2026-03-13T19:19:58.043Z] [SEVERE] https://www.greencity.cx.ua/chunk-NUXSP4TM.js 10:45939 "ERROR" TypeError: Cannot read properties of null (reading 'setValue')
    at n.quillContentChanged (https://www.greencity.cx.ua/chunk-VNNOUBDJ.js:1:16043)
    at https://www.greencity.cx.ua/chunk-VNNOUBDJ.js:1:7223
    at eE (https://www.greencity.cx.ua/chunk-NUXSP4TM.js:11:76097)
    at Object.o [as next] (https://www.greencity.cx.ua/chunk-NUXSP4TM.js:11:76277)
    at bv.next (https://www.greencity.cx.ua/chunk-NUXSP4TM.js:7:3120)
    at Fr._next (https://www.greencity.cx.ua/chunk-NUXSP4TM.js:7:2803)
    at Fr.next (https://www.greencity.cx.ua/chunk-NUXSP4TM.js:7:2530)
    at https://www.greencity.cx.ua/chunk-NUXSP4TM.js:7:7848
    at Ac (https://www.greencity.cx.ua/chunk-NUXSP4TM.js:7:2222)
    at S0.next (https://www.greencity.cx.ua/chunk-NUXSP4TM.js:7:7687), [2026-03-13T19:19:58.046Z] [SEVERE] https://www.greencity.cx.ua/chunk-NUXSP4TM.js 10:45939 "ERROR" TypeError: Cannot read properties of null (reading 'setValue')
    at n.quillContentChanged (https://www.greencity.cx.ua/chunk-VNNOUBDJ.js:1:16043)
    at https://www.greencity.cx.ua/chunk-VNNOUBDJ.js:1:7223
    at eE (https://www.greencity.cx.ua/chunk-NUXSP4TM.js:11:76097)
    at Object.o [as next] (https://www.greencity.cx.ua/chunk-NUXSP4TM.js:11:76277)
    at bv.next (https://www.greencity.cx.ua/chunk-NUXSP4TM.js:7:3120)
    at Fr._next (https://www.greencity.cx.ua/chunk-NUXSP4TM.js:7:2803)
    at Fr.next (https://www.greencity.cx.ua/chunk-NUXSP4TM.js:7:2530)
    at https://www.greencity.cx.ua/chunk-NUXSP4TM.js:7:7848
    at Ac (https://www.greencity.cx.ua/chunk-NUXSP4TM.js:7:2222)
    at S0.next (https://www.greencity.cx.ua/chunk-NUXSP4TM.js:7:7687), [2026-03-13T19:19:58.050Z] [SEVERE] https://www.greencity.cx.ua/chunk-NUXSP4TM.js 10:45939 "ERROR" TypeError: Cannot read properties of null (reading 'setValue')
    at n.quillContentChanged (https://www.greencity.cx.ua/chunk-VNNOUBDJ.js:1:16043)
    at https://www.greencity.cx.ua/chunk-VNNOUBDJ.js:1:7223
    at eE (https://www.greencity.cx.ua/chunk-NUXSP4TM.js:11:76097)
    at Object.o [as next] (https://www.greencity.cx.ua/chunk-NUXSP4TM.js:11:76277)
    at bv.next (https://www.greencity.cx.ua/chunk-NUXSP4TM.js:7:3120)
    at Fr._next (https://www.greencity.cx.ua/chunk-NUXSP4TM.js:7:2803)
    at Fr.next (https://www.greencity.cx.ua/chunk-NUXSP4TM.js:7:2530)
    at https://www.greencity.cx.ua/chunk-NUXSP4TM.js:7:7848
    at Ac (https://www.greencity.cx.ua/chunk-NUXSP4TM.js:7:2222)
    at S0.next (https://www.greencity.cx.ua/chunk-NUXSP4TM.js:7:7687), [2026-03-13T19:19:58.054Z] [SEVERE] https://www.greencity.cx.ua/chunk-NUXSP4TM.js 10:45939 "ERROR" TypeError: Cannot read properties of null (reading 'setValue')
    at n.quillContentChanged (https://www.greencity.cx.ua/chunk-VNNOUBDJ.js:1:16043)
    at https://www.greencity.cx.ua/chunk-VNNOUBDJ.js:1:7223
    at eE (https://www.greencity.cx.ua/chunk-NUXSP4TM.js:11:76097)
    at Object.o [as next] (https://www.greencity.cx.ua/chunk-NUXSP4TM.js:11:76277)
    at bv.next (https://www.greencity.cx.ua/chunk-NUXSP4TM.js:7:3120)
    at Fr._next (https://www.greencity.cx.ua/chunk-NUXSP4TM.js:7:2803)
    at Fr.next (https://www.greencity.cx.ua/chunk-NUXSP4TM.js:7:2530)
    at https://www.greencity.cx.ua/chunk-NUXSP4TM.js:7:7848
    at Ac (https://www.greencity.cx.ua/chunk-NUXSP4TM.js:7:2222)
    at S0.next (https://www.greencity.cx.ua/chunk-NUXSP4TM.js:7:7687), [2026-03-13T19:19:58.059Z] [SEVERE] https://www.greencity.cx.ua/chunk-NUXSP4TM.js 10:45939 "ERROR" TypeError: Cannot read properties of null (reading 'setValue')
    at n.quillContentChanged (https://www.greencity.cx.ua/chunk-VNNOUBDJ.js:1:16043)
    at https://www.greencity.cx.ua/chunk-VNNOUBDJ.js:1:7223
    at eE (https://www.greencity.cx.ua/chunk-NUXSP4TM.js:11:76097)
    at Object.o [as next] (https://www.greencity.cx.ua/chunk-NUXSP4TM.js:11:76277)
    at bv.next (https://www.greencity.cx.ua/chunk-NUXSP4TM.js:7:3120)
    at Fr._next (https://www.greencity.cx.ua/chunk-NUXSP4TM.js:7:2803)
    at Fr.next (https://www.greencity.cx.ua/chunk-NUXSP4TM.js:7:2530)
    at https://www.greencity.cx.ua/chunk-NUXSP4TM.js:7:7848
    at Ac (https://www.greencity.cx.ua/chunk-NUXSP4TM.js:7:2222)
    at S0.next (https://www.greencity.cx.ua/chunk-NUXSP4TM.js:7:7687), [2026-03-13T19:19:58.061Z] [SEVERE] https://www.greencity.cx.ua/chunk-NUXSP4TM.js 10:45939 "ERROR" TypeError: Cannot read properties of null (reading 'setValue')
    at n.quillContentChanged (https://www.greencity.cx.ua/chunk-VNNOUBDJ.js:1:16043)
    at https://www.greencity.cx.ua/chunk-VNNOUBDJ.js:1:7223
    at eE (https://www.greencity.cx.ua/chunk-NUXSP4TM.js:11:76097)
    at Object.o [as next] (https://www.greencity.cx.ua/chunk-NUXSP4TM.js:11:76277)
    at bv.next (https://www.greencity.cx.ua/chunk-NUXSP4TM.js:7:3120)
    at Fr._next (https://www.greencity.cx.ua/chunk-NUXSP4TM.js:7:2803)
    at Fr.next (https://www.greencity.cx.ua/chunk-NUXSP4TM.js:7:2530)
    at https://www.greencity.cx.ua/chunk-NUXSP4TM.js:7:7848
    at Ac (https://www.greencity.cx.ua/chunk-NUXSP4TM.js:7:2222)
    at S0.next (https://www.greencity.cx.ua/chunk-NUXSP4TM.js:7:7687), [2026-03-13T19:19:58.065Z] [SEVERE] https://www.greencity.cx.ua/chunk-NUXSP4TM.js 10:45939 "ERROR" TypeError: Cannot read properties of null (reading 'setValue')
    at n.quillContentChanged (https://www.greencity.cx.ua/chunk-VNNOUBDJ.js:1:16043)
    at https://www.greencity.cx.ua/chunk-VNNOUBDJ.js:1:7223
    at eE (https://www.greencity.cx.ua/chunk-NUXSP4TM.js:11:76097)
    at Object.o [as next] (https://www.greencity.cx.ua/chunk-NUXSP4TM.js:11:76277)
    at bv.next (https://www.greencity.cx.ua/chunk-NUXSP4TM.js:7:3120)
    at Fr._next (https://www.greencity.cx.ua/chunk-NUXSP4TM.js:7:2803)
    at Fr.next (https://www.greencity.cx.ua/chunk-NUXSP4TM.js:7:2530)
    at https://www.greencity.cx.ua/chunk-NUXSP4TM.js:7:7848
    at Ac (https://www.greencity.cx.ua/chunk-NUXSP4TM.js:7:2222)
    at S0.next (https://www.greencity.cx.ua/chunk-NUXSP4TM.js:7:7687), [2026-03-13T19:19:58.069Z] [SEVERE] https://www.greencity.cx.ua/chunk-NUXSP4TM.js 10:45939 "ERROR" TypeError: Cannot read properties of null (reading 'setValue')
    at n.quillContentChanged (https://www.greencity.cx.ua/chunk-VNNOUBDJ.js:1:16043)
    at https://www.greencity.cx.ua/chunk-VNNOUBDJ.js:1:7223
    at eE (https://www.greencity.cx.ua/chunk-NUXSP4TM.js:11:76097)
    at Object.o [as next] (https://www.greencity.cx.ua/chunk-NUXSP4TM.js:11:76277)
    at bv.next (https://www.greencity.cx.ua/chunk-NUXSP4TM.js:7:3120)
    at Fr._next (https://www.greencity.cx.ua/chunk-NUXSP4TM.js:7:2803)
    at Fr.next (https://www.greencity.cx.ua/chunk-NUXSP4TM.js:7:2530)
    at https://www.greencity.cx.ua/chunk-NUXSP4TM.js:7:7848
    at Ac (https://www.greencity.cx.ua/chunk-NUXSP4TM.js:7:2222)
    at S0.next (https://www.greencity.cx.ua/chunk-NUXSP4TM.js:7:7687), [2026-03-13T19:19:58.072Z] [SEVERE] https://www.greencity.cx.ua/chunk-NUXSP4TM.js 10:45939 "ERROR" TypeError: Cannot read properties of null (reading 'setValue')
    at n.quillContentChanged (https://www.greencity.cx.ua/chunk-VNNOUBDJ.js:1:16043)
    at https://www.greencity.cx.ua/chunk-VNNOUBDJ.js:1:7223
    at eE (https://www.greencity.cx.ua/chunk-NUXSP4TM.js:11:76097)
    at Object.o [as next] (https://www.greencity.cx.ua/chunk-NUXSP4TM.js:11:76277)
    at bv.next (https://www.greencity.cx.ua/chunk-NUXSP4TM.js:7:3120)
    at Fr._next (https://www.greencity.cx.ua/chunk-NUXSP4TM.js:7:2803)
    at Fr.next (https://www.greencity.cx.ua/chunk-NUXSP4TM.js:7:2530)
    at https://www.greencity.cx.ua/chunk-NUXSP4TM.js:7:7848
    at Ac (https://www.greencity.cx.ua/chunk-NUXSP4TM.js:7:2222)
    at S0.next (https://www.greencity.cx.ua/chunk-NUXSP4TM.js:7:7687), [2026-03-13T19:19:58.074Z] [SEVERE] https://www.greencity.cx.ua/chunk-NUXSP4TM.js 10:45939 "ERROR" TypeError: Cannot read properties of null (reading 'setValue')
    at n.quillContentChanged (https://www.greencity.cx.ua/chunk-VNNOUBDJ.js:1:16043)
    at https://www.greencity.cx.ua/chunk-VNNOUBDJ.js:1:7223
    at eE (https://www.greencity.cx.ua/chunk-NUXSP4TM.js:11:76097)
    at Object.o [as next] (https://www.greencity.cx.ua/chunk-NUXSP4TM.js:11:76277)
    at bv.next (https://www.greencity.cx.ua/chunk-NUXSP4TM.js:7:3120)
    at Fr._next (https://www.greencity.cx.ua/chunk-NUXSP4TM.js:7:2803)
    at Fr.next (https://www.greencity.cx.ua/chunk-NUXSP4TM.js:7:2530)
    at https://www.greencity.cx.ua/chunk-NUXSP4TM.js:7:7848
    at Ac (https://www.greencity.cx.ua/chunk-NUXSP4TM.js:7:2222)
    at S0.next (https://www.greencity.cx.ua/chunk-NUXSP4TM.js:7:7687), [2026-03-13T19:19:58.077Z] [SEVERE] https://www.greencity.cx.ua/chunk-NUXSP4TM.js 10:45939 "ERROR" TypeError: Cannot read properties of null (reading 'setValue')
    at n.quillContentChanged (https://www.greencity.cx.ua/chunk-VNNOUBDJ.js:1:16043)
    at https://www.greencity.cx.ua/chunk-VNNOUBDJ.js:1:7223
    at eE (https://www.greencity.cx.ua/chunk-NUXSP4TM.js:11:76097)
    at Object.o [as next] (https://www.greencity.cx.ua/chunk-NUXSP4TM.js:11:76277)
    at bv.next (https://www.greencity.cx.ua/chunk-NUXSP4TM.js:7:3120)
    at Fr._next (https://www.greencity.cx.ua/chunk-NUXSP4TM.js:7:2803)
    at Fr.next (https://www.greencity.cx.ua/chunk-NUXSP4TM.js:7:2530)
    at https://www.greencity.cx.ua/chunk-NUXSP4TM.js:7:7848
    at Ac (https://www.greencity.cx.ua/chunk-NUXSP4TM.js:7:2222)
    at S0.next (https://www.greencity.cx.ua/chunk-NUXSP4TM.js:7:7687), [2026-03-13T19:19:58.080Z] [SEVERE] https://www.greencity.cx.ua/chunk-NUXSP4TM.js 10:45939 "ERROR" TypeError: Cannot read properties of null (reading 'setValue')
    at n.quillContentChanged (https://www.greencity.cx.ua/chunk-VNNOUBDJ.js:1:16043)
    at https://www.greencity.cx.ua/chunk-VNNOUBDJ.js:1:7223
    at eE (https://www.greencity.cx.ua/chunk-NUXSP4TM.js:11:76097)
    at Object.o [as next] (https://www.greencity.cx.ua/chunk-NUXSP4TM.js:11:76277)
    at bv.next (https://www.greencity.cx.ua/chunk-NUXSP4TM.js:7:3120)
    at Fr._next (https://www.greencity.cx.ua/chunk-NUXSP4TM.js:7:2803)
    at Fr.next (https://www.greencity.cx.ua/chunk-NUXSP4TM.js:7:2530)
    at https://www.greencity.cx.ua/chunk-NUXSP4TM.js:7:7848
    at Ac (https://www.greencity.cx.ua/chunk-NUXSP4TM.js:7:2222)
    at S0.next (https://www.greencity.cx.ua/chunk-NUXSP4TM.js:7:7687), [2026-03-13T19:20:29.532Z] [WARNING] https://www.greencity.cx.ua/chunk-47CS2OCG.js 5:9966 "quill" "Overwriting modules/imageResize with" function s(P){var _=this,E=arguments.length>1&&arguments[1]!==void 0?arguments[1]:{};o(this,s),this.initializeModules=function(){_.removeModules(),_.modules=_.moduleClasses.map(function(y){return new(l[y]||y)(_)}),_.modules.forEach(function(y){y.onCreate()}),_.onUpdate()},this.onUpdate=function(){_.repositionElements(),_.modules.forEach(function(y){y.onUpdate()})},this.removeModules=function(){_.modules.forEach(function(y){y.onDestroy()}),_.modules=[]},this.handleClick=function(y){if(y.target&&y.target.tagName&&y.target.tagName.toUpperCase()==="IMG"){if(_.img===y.target)return;_.img&&_.hide(),_.show(y.target)}else _.img&&_.hide()},this.show=function(y){_.img=y,_.showOverlay(),_.initializeModules()},this.showOverlay=function(){_.overlay&&_.hideOverlay(),_.quill.setSelection(null),_.setUserSelect("none"),document.addEventListener("keyup",_.checkImage,!0),_.quill.root.addEventListener("input",_.checkImage,!0),_.overlay=document.createElement("div"),Object.assign(_.overlay.style,_.options.overlayStyles),_.quill.root.parentNode.appendChild(_.overlay),_.repositionElements()},this.hideOverlay=function(){_.overlay&&(_.quill.root.parentNode.removeChild(_.overlay),_.overlay=void 0,document.removeEventListener("keyup",_.checkImage),_.quill.root.removeEventListener("input",_.checkImage),_.setUserSelect(""))},this.repositionElements=function(){if(_.overlay&&_.img){var y=_.quill.root.parentNode,p=_.img.getBoundingClientRect(),x=y.getBoundingClientRect();Object.assign(_.overlay.style,{left:p.left-x.left-1+y.scrollLeft+"px",top:p.top-x.top+y.scrollTop+"px",width:p.width+"px",height:p.height+"px"})}},this.hide=function(){_.hideOverlay(),_.removeModules(),_.img=void 0},this.setUserSelect=function(y){["userSelect","mozUserSelect","webkitUserSelect","msUserSelect"].forEach(function(p){_.quill.root.style[p]=y,document.documentElement.style[p]=y})},this.checkImage=function(y){_.img&&(y.keyCode!=46&&y.keyCode!=8||window.Quill.find(_.img).deleteAt(0),_.hide())},this.quill=P;var T=!1;E.modules&&(T=E.modules.slice()),this.options=i()({},E,a.a),T!==!1&&(this.options.modules=T),document.execCommand("enableObjectResizing",!1,"false"),this.quill.root.addEventListener("click",this.handleClick,!1),this.quill.root.parentNode.style.position=this.quill.root.parentNode.style.position||"relative",this.moduleClasses=this.options.modules,console.log("this.options.modules",this.options.modules),this.modules=[]}, [2026-03-13T19:20:32.067Z] [SEVERE] https://www.greencity.cx.ua/chunk-NUXSP4TM.js 10:45939 "ERROR" TypeError: Cannot read properties of null (reading 'setValue')
    at n.quillContentChanged (https://www.greencity.cx.ua/chunk-VNNOUBDJ.js:1:16043)
    at https://www.greencity.cx.ua/chunk-VNNOUBDJ.js:1:7223
    at eE (https://www.greencity.cx.ua/chunk-NUXSP4TM.js:11:76097)
    at Object.o [as next] (https://www.greencity.cx.ua/chunk-NUXSP4TM.js:11:76277)
    at bv.next (https://www.greencity.cx.ua/chunk-NUXSP4TM.js:7:3120)
    at Fr._next (https://www.greencity.cx.ua/chunk-NUXSP4TM.js:7:2803)
    at Fr.next (https://www.greencity.cx.ua/chunk-NUXSP4TM.js:7:2530)
    at https://www.greencity.cx.ua/chunk-NUXSP4TM.js:7:7848
    at Ac (https://www.greencity.cx.ua/chunk-NUXSP4TM.js:7:2222)
    at S0.next (https://www.greencity.cx.ua/chunk-NUXSP4TM.js:7:7687), [2026-03-13T19:20:32.071Z] [SEVERE] https://www.greencity.cx.ua/chunk-NUXSP4TM.js 10:45939 "ERROR" TypeError: Cannot read properties of null (reading 'setValue')
    at n.quillContentChanged (https://www.greencity.cx.ua/chunk-VNNOUBDJ.js:1:16043)
    at https://www.greencity.cx.ua/chunk-VNNOUBDJ.js:1:7223
    at eE (https://www.greencity.cx.ua/chunk-NUXSP4TM.js:11:76097)
    at Object.o [as next] (https://www.greencity.cx.ua/chunk-NUXSP4TM.js:11:76277)
    at bv.next (https://www.greencity.cx.ua/chunk-NUXSP4TM.js:7:3120)
    at Fr._next (https://www.greencity.cx.ua/chunk-NUXSP4TM.js:7:2803)
    at Fr.next (https://www.greencity.cx.ua/chunk-NUXSP4TM.js:7:2530)
    at https://www.greencity.cx.ua/chunk-NUXSP4TM.js:7:7848
    at Ac (https://www.greencity.cx.ua/chunk-NUXSP4TM.js:7:2222)
    at S0.next (https://www.greencity.cx.ua/chunk-NUXSP4TM.js:7:7687), [2026-03-13T19:20:32.074Z] [SEVERE] https://www.greencity.cx.ua/chunk-NUXSP4TM.js 10:45939 "ERROR" TypeError: Cannot read properties of null (reading 'setValue')
    at n.quillContentChanged (https://www.greencity.cx.ua/chunk-VNNOUBDJ.js:1:16043)
    at https://www.greencity.cx.ua/chunk-VNNOUBDJ.js:1:7223
    at eE (https://www.greencity.cx.ua/chunk-NUXSP4TM.js:11:76097)
    at Object.o [as next] (https://www.greencity.cx.ua/chunk-NUXSP4TM.js:11:76277)
    at bv.next (https://www.greencity.cx.ua/chunk-NUXSP4TM.js:7:3120)
    at Fr._next (https://www.greencity.cx.ua/chunk-NUXSP4TM.js:7:2803)
    at Fr.next (https://www.greencity.cx.ua/chunk-NUXSP4TM.js:7:2530)
    at https://www.greencity.cx.ua/chunk-NUXSP4TM.js:7:7848
    at Ac (https://www.greencity.cx.ua/chunk-NUXSP4TM.js:7:2222)
    at S0.next (https://www.greencity.cx.ua/chunk-NUXSP4TM.js:7:7687), [2026-03-13T19:20:32.076Z] [SEVERE] https://www.greencity.cx.ua/chunk-NUXSP4TM.js 10:45939 "ERROR" TypeError: Cannot read properties of null (reading 'setValue')
    at n.quillContentChanged (https://www.greencity.cx.ua/chunk-VNNOUBDJ.js:1:16043)
    at https://www.greencity.cx.ua/chunk-VNNOUBDJ.js:1:7223
    at eE (https://www.greencity.cx.ua/chunk-NUXSP4TM.js:11:76097)
    at Object.o [as next] (https://www.greencity.cx.ua/chunk-NUXSP4TM.js:11:76277)
    at bv.next (https://www.greencity.cx.ua/chunk-NUXSP4TM.js:7:3120)
    at Fr._next (https://www.greencity.cx.ua/chunk-NUXSP4TM.js:7:2803)
    at Fr.next (https://www.greencity.cx.ua/chunk-NUXSP4TM.js:7:2530)
    at https://www.greencity.cx.ua/chunk-NUXSP4TM.js:7:7848
    at Ac (https://www.greencity.cx.ua/chunk-NUXSP4TM.js:7:2222)
    at S0.next (https://www.greencity.cx.ua/chunk-NUXSP4TM.js:7:7687), [2026-03-13T19:20:32.080Z] [SEVERE] https://www.greencity.cx.ua/chunk-NUXSP4TM.js 10:45939 "ERROR" TypeError: Cannot read properties of null (reading 'setValue')
    at n.quillContentChanged (https://www.greencity.cx.ua/chunk-VNNOUBDJ.js:1:16043)
    at https://www.greencity.cx.ua/chunk-VNNOUBDJ.js:1:7223
    at eE (https://www.greencity.cx.ua/chunk-NUXSP4TM.js:11:76097)
    at Object.o [as next] (https://www.greencity.cx.ua/chunk-NUXSP4TM.js:11:76277)
    at bv.next (https://www.greencity.cx.ua/chunk-NUXSP4TM.js:7:3120)
    at Fr._next (https://www.greencity.cx.ua/chunk-NUXSP4TM.js:7:2803)
    at Fr.next (https://www.greencity.cx.ua/chunk-NUXSP4TM.js:7:2530)
    at https://www.greencity.cx.ua/chunk-NUXSP4TM.js:7:7848
    at Ac (https://www.greencity.cx.ua/chunk-NUXSP4TM.js:7:2222)
    at S0.next (https://www.greencity.cx.ua/chunk-NUXSP4TM.js:7:7687), [2026-03-13T19:20:32.083Z] [SEVERE] https://www.greencity.cx.ua/chunk-NUXSP4TM.js 10:45939 "ERROR" TypeError: Cannot read properties of null (reading 'setValue')
    at n.quillContentChanged (https://www.greencity.cx.ua/chunk-VNNOUBDJ.js:1:16043)
    at https://www.greencity.cx.ua/chunk-VNNOUBDJ.js:1:7223
    at eE (https://www.greencity.cx.ua/chunk-NUXSP4TM.js:11:76097)
    at Object.o [as next] (https://www.greencity.cx.ua/chunk-NUXSP4TM.js:11:76277)
    at bv.next (https://www.greencity.cx.ua/chunk-NUXSP4TM.js:7:3120)
    at Fr._next (https://www.greencity.cx.ua/chunk-NUXSP4TM.js:7:2803)
    at Fr.next (https://www.greencity.cx.ua/chunk-NUXSP4TM.js:7:2530)
    at https://www.greencity.cx.ua/chunk-NUXSP4TM.js:7:7848
    at Ac (https://www.greencity.cx.ua/chunk-NUXSP4TM.js:7:2222)
    at S0.next (https://www.greencity.cx.ua/chunk-NUXSP4TM.js:7:7687), [2026-03-13T19:20:32.211Z] [SEVERE] https://www.greencity.cx.ua/chunk-NUXSP4TM.js 10:45939 "ERROR" TypeError: Cannot read properties of null (reading 'setValue')
    at n.quillContentChanged (https://www.greencity.cx.ua/chunk-VNNOUBDJ.js:1:16043)
    at https://www.greencity.cx.ua/chunk-VNNOUBDJ.js:1:7223
    at eE (https://www.greencity.cx.ua/chunk-NUXSP4TM.js:11:76097)
    at Object.o [as next] (https://www.greencity.cx.ua/chunk-NUXSP4TM.js:11:76277)
    at bv.next (https://www.greencity.cx.ua/chunk-NUXSP4TM.js:7:3120)
    at Fr._next (https://www.greencity.cx.ua/chunk-NUXSP4TM.js:7:2803)
    at Fr.next (https://www.greencity.cx.ua/chunk-NUXSP4TM.js:7:2530)
    at https://www.greencity.cx.ua/chunk-NUXSP4TM.js:7:7848
    at Ac (https://www.greencity.cx.ua/chunk-NUXSP4TM.js:7:2222)
    at S0.next (https://www.greencity.cx.ua/chunk-NUXSP4TM.js:7:7687), [2026-03-13T19:20:32.295Z] [SEVERE] https://www.greencity.cx.ua/chunk-NUXSP4TM.js 10:45939 "ERROR" TypeError: Cannot read properties of null (reading 'setValue')
    at n.quillContentChanged (https://www.greencity.cx.ua/chunk-VNNOUBDJ.js:1:16043)
    at https://www.greencity.cx.ua/chunk-VNNOUBDJ.js:1:7223
    at eE (https://www.greencity.cx.ua/chunk-NUXSP4TM.js:11:76097)
    at Object.o [as next] (https://www.greencity.cx.ua/chunk-NUXSP4TM.js:11:76277)
    at bv.next (https://www.greencity.cx.ua/chunk-NUXSP4TM.js:7:3120)
    at Fr._next (https://www.greencity.cx.ua/chunk-NUXSP4TM.js:7:2803)
    at Fr.next (https://www.greencity.cx.ua/chunk-NUXSP4TM.js:7:2530)
    at https://www.greencity.cx.ua/chunk-NUXSP4TM.js:7:7848
    at Ac (https://www.greencity.cx.ua/chunk-NUXSP4TM.js:7:2222)
    at S0.next (https://www.greencity.cx.ua/chunk-NUXSP4TM.js:7:7687), [2026-03-13T19:20:32.295Z] [SEVERE] https://www.greencity.cx.ua/chunk-NUXSP4TM.js 10:45939 "ERROR" TypeError: Cannot read properties of null (reading 'setValue')
    at n.quillContentChanged (https://www.greencity.cx.ua/chunk-VNNOUBDJ.js:1:16043)
    at https://www.greencity.cx.ua/chunk-VNNOUBDJ.js:1:7223
    at eE (https://www.greencity.cx.ua/chunk-NUXSP4TM.js:11:76097)
    at Object.o [as next] (https://www.greencity.cx.ua/chunk-NUXSP4TM.js:11:76277)
    at bv.next (https://www.greencity.cx.ua/chunk-NUXSP4TM.js:7:3120)
    at Fr._next (https://www.greencity.cx.ua/chunk-NUXSP4TM.js:7:2803)
    at Fr.next (https://www.greencity.cx.ua/chunk-NUXSP4TM.js:7:2530)
    at https://www.greencity.cx.ua/chunk-NUXSP4TM.js:7:7848
    at Ac (https://www.greencity.cx.ua/chunk-NUXSP4TM.js:7:2222)
    at S0.next (https://www.greencity.cx.ua/chunk-NUXSP4TM.js:7:7687), [2026-03-13T19:20:32.295Z] [SEVERE] https://www.greencity.cx.ua/chunk-NUXSP4TM.js 10:45939 "ERROR" TypeError: Cannot read properties of null (reading 'setValue')
    at n.quillContentChanged (https://www.greencity.cx.ua/chunk-VNNOUBDJ.js:1:16043)
    at https://www.greencity.cx.ua/chunk-VNNOUBDJ.js:1:7223
    at eE (https://www.greencity.cx.ua/chunk-NUXSP4TM.js:11:76097)
    at Object.o [as next] (https://www.greencity.cx.ua/chunk-NUXSP4TM.js:11:76277)
    at bv.next (https://www.greencity.cx.ua/chunk-NUXSP4TM.js:7:3120)
    at Fr._next (https://www.greencity.cx.ua/chunk-NUXSP4TM.js:7:2803)
    at Fr.next (https://www.greencity.cx.ua/chunk-NUXSP4TM.js:7:2530)
    at https://www.greencity.cx.ua/chunk-NUXSP4TM.js:7:7848
    at Ac (https://www.greencity.cx.ua/chunk-NUXSP4TM.js:7:2222)
    at S0.next (https://www.greencity.cx.ua/chunk-NUXSP4TM.js:7:7687), [2026-03-13T19:20:32.299Z] [SEVERE] https://www.greencity.cx.ua/chunk-NUXSP4TM.js 10:45939 "ERROR" TypeError: Cannot read properties of null (reading 'setValue')
    at n.quillContentChanged (https://www.greencity.cx.ua/chunk-VNNOUBDJ.js:1:16043)
    at https://www.greencity.cx.ua/chunk-VNNOUBDJ.js:1:7223
    at eE (https://www.greencity.cx.ua/chunk-NUXSP4TM.js:11:76097)
    at Object.o [as next] (https://www.greencity.cx.ua/chunk-NUXSP4TM.js:11:76277)
    at bv.next (https://www.greencity.cx.ua/chunk-NUXSP4TM.js:7:3120)
    at Fr._next (https://www.greencity.cx.ua/chunk-NUXSP4TM.js:7:2803)
    at Fr.next (https://www.greencity.cx.ua/chunk-NUXSP4TM.js:7:2530)
    at https://www.greencity.cx.ua/chunk-NUXSP4TM.js:7:7848
    at Ac (https://www.greencity.cx.ua/chunk-NUXSP4TM.js:7:2222)
    at S0.next (https://www.greencity.cx.ua/chunk-NUXSP4TM.js:7:7687), [2026-03-13T19:20:32.301Z] [SEVERE] https://www.greencity.cx.ua/chunk-NUXSP4TM.js 10:45939 "ERROR" TypeError: Cannot read properties of null (reading 'setValue')
    at n.quillContentChanged (https://www.greencity.cx.ua/chunk-VNNOUBDJ.js:1:16043)
    at https://www.greencity.cx.ua/chunk-VNNOUBDJ.js:1:7223
    at eE (https://www.greencity.cx.ua/chunk-NUXSP4TM.js:11:76097)
    at Object.o [as next] (https://www.greencity.cx.ua/chunk-NUXSP4TM.js:11:76277)
    at bv.next (https://www.greencity.cx.ua/chunk-NUXSP4TM.js:7:3120)
    at Fr._next (https://www.greencity.cx.ua/chunk-NUXSP4TM.js:7:2803)
    at Fr.next (https://www.greencity.cx.ua/chunk-NUXSP4TM.js:7:2530)
    at https://www.greencity.cx.ua/chunk-NUXSP4TM.js:7:7848
    at Ac (https://www.greencity.cx.ua/chunk-NUXSP4TM.js:7:2222)
    at S0.next (https://www.greencity.cx.ua/chunk-NUXSP4TM.js:7:7687), [2026-03-13T19:20:32.305Z] [SEVERE] https://www.greencity.cx.ua/chunk-NUXSP4TM.js 10:45939 "ERROR" TypeError: Cannot read properties of null (reading 'setValue')
    at n.quillContentChanged (https://www.greencity.cx.ua/chunk-VNNOUBDJ.js:1:16043)
    at https://www.greencity.cx.ua/chunk-VNNOUBDJ.js:1:7223
    at eE (https://www.greencity.cx.ua/chunk-NUXSP4TM.js:11:76097)
    at Object.o [as next] (https://www.greencity.cx.ua/chunk-NUXSP4TM.js:11:76277)
    at bv.next (https://www.greencity.cx.ua/chunk-NUXSP4TM.js:7:3120)
    at Fr._next (https://www.greencity.cx.ua/chunk-NUXSP4TM.js:7:2803)
    at Fr.next (https://www.greencity.cx.ua/chunk-NUXSP4TM.js:7:2530)
    at https://www.greencity.cx.ua/chunk-NUXSP4TM.js:7:7848
    at Ac (https://www.greencity.cx.ua/chunk-NUXSP4TM.js:7:2222)
    at S0.next (https://www.greencity.cx.ua/chunk-NUXSP4TM.js:7:7687), [2026-03-13T19:20:32.312Z] [SEVERE] https://www.greencity.cx.ua/chunk-NUXSP4TM.js 10:45939 "ERROR" TypeError: Cannot read properties of null (reading 'setValue')
    at n.quillContentChanged (https://www.greencity.cx.ua/chunk-VNNOUBDJ.js:1:16043)
    at https://www.greencity.cx.ua/chunk-VNNOUBDJ.js:1:7223
    at eE (https://www.greencity.cx.ua/chunk-NUXSP4TM.js:11:76097)
    at Object.o [as next] (https://www.greencity.cx.ua/chunk-NUXSP4TM.js:11:76277)
    at bv.next (https://www.greencity.cx.ua/chunk-NUXSP4TM.js:7:3120)
    at Fr._next (https://www.greencity.cx.ua/chunk-NUXSP4TM.js:7:2803)
    at Fr.next (https://www.greencity.cx.ua/chunk-NUXSP4TM.js:7:2530)
    at https://www.greencity.cx.ua/chunk-NUXSP4TM.js:7:7848
    at Ac (https://www.greencity.cx.ua/chunk-NUXSP4TM.js:7:2222)
    at S0.next (https://www.greencity.cx.ua/chunk-NUXSP4TM.js:7:7687), [2026-03-13T19:20:32.319Z] [SEVERE] https://www.greencity.cx.ua/chunk-NUXSP4TM.js 10:45939 "ERROR" TypeError: Cannot read properties of null (reading 'setValue')
    at n.quillContentChanged (https://www.greencity.cx.ua/chunk-VNNOUBDJ.js:1:16043)
    at https://www.greencity.cx.ua/chunk-VNNOUBDJ.js:1:7223
    at eE (https://www.greencity.cx.ua/chunk-NUXSP4TM.js:11:76097)
    at Object.o [as next] (https://www.greencity.cx.ua/chunk-NUXSP4TM.js:11:76277)
    at bv.next (https://www.greencity.cx.ua/chunk-NUXSP4TM.js:7:3120)
    at Fr._next (https://www.greencity.cx.ua/chunk-NUXSP4TM.js:7:2803)
    at Fr.next (https://www.greencity.cx.ua/chunk-NUXSP4TM.js:7:2530)
    at https://www.greencity.cx.ua/chunk-NUXSP4TM.js:7:7848
    at Ac (https://www.greencity.cx.ua/chunk-NUXSP4TM.js:7:2222)
    at S0.next (https://www.greencity.cx.ua/chunk-NUXSP4TM.js:7:7687), [2026-03-13T19:20:32.324Z] [SEVERE] https://www.greencity.cx.ua/chunk-NUXSP4TM.js 10:45939 "ERROR" TypeError: Cannot read properties of null (reading 'setValue')
    at n.quillContentChanged (https://www.greencity.cx.ua/chunk-VNNOUBDJ.js:1:16043)
    at https://www.greencity.cx.ua/chunk-VNNOUBDJ.js:1:7223
    at eE (https://www.greencity.cx.ua/chunk-NUXSP4TM.js:11:76097)
    at Object.o [as next] (https://www.greencity.cx.ua/chunk-NUXSP4TM.js:11:76277)
    at bv.next (https://www.greencity.cx.ua/chunk-NUXSP4TM.js:7:3120)
    at Fr._next (https://www.greencity.cx.ua/chunk-NUXSP4TM.js:7:2803)
    at Fr.next (https://www.greencity.cx.ua/chunk-NUXSP4TM.js:7:2530)
    at https://www.greencity.cx.ua/chunk-NUXSP4TM.js:7:7848
    at Ac (https://www.greencity.cx.ua/chunk-NUXSP4TM.js:7:2222)
    at S0.next (https://www.greencity.cx.ua/chunk-NUXSP4TM.js:7:7687), [2026-03-13T19:20:32.330Z] [SEVERE] https://www.greencity.cx.ua/chunk-NUXSP4TM.js 10:45939 "ERROR" TypeError: Cannot read properties of null (reading 'setValue')
    at n.quillContentChanged (https://www.greencity.cx.ua/chunk-VNNOUBDJ.js:1:16043)
    at https://www.greencity.cx.ua/chunk-VNNOUBDJ.js:1:7223
    at eE (https://www.greencity.cx.ua/chunk-NUXSP4TM.js:11:76097)
    at Object.o [as next] (https://www.greencity.cx.ua/chunk-NUXSP4TM.js:11:76277)
    at bv.next (https://www.greencity.cx.ua/chunk-NUXSP4TM.js:7:3120)
    at Fr._next (https://www.greencity.cx.ua/chunk-NUXSP4TM.js:7:2803)
    at Fr.next (https://www.greencity.cx.ua/chunk-NUXSP4TM.js:7:2530)
    at https://www.greencity.cx.ua/chunk-NUXSP4TM.js:7:7848
    at Ac (https://www.greencity.cx.ua/chunk-NUXSP4TM.js:7:2222)
    at S0.next (https://www.greencity.cx.ua/chunk-NUXSP4TM.js:7:7687), [2026-03-13T19:20:32.335Z] [SEVERE] https://www.greencity.cx.ua/chunk-NUXSP4TM.js 10:45939 "ERROR" TypeError: Cannot read properties of null (reading 'setValue')
    at n.quillContentChanged (https://www.greencity.cx.ua/chunk-VNNOUBDJ.js:1:16043)
    at https://www.greencity.cx.ua/chunk-VNNOUBDJ.js:1:7223
    at eE (https://www.greencity.cx.ua/chunk-NUXSP4TM.js:11:76097)
    at Object.o [as next] (https://www.greencity.cx.ua/chunk-NUXSP4TM.js:11:76277)
    at bv.next (https://www.greencity.cx.ua/chunk-NUXSP4TM.js:7:3120)
    at Fr._next (https://www.greencity.cx.ua/chunk-NUXSP4TM.js:7:2803)
    at Fr.next (https://www.greencity.cx.ua/chunk-NUXSP4TM.js:7:2530)
    at https://www.greencity.cx.ua/chunk-NUXSP4TM.js:7:7848
    at Ac (https://www.greencity.cx.ua/chunk-NUXSP4TM.js:7:2222)
    at S0.next (https://www.greencity.cx.ua/chunk-NUXSP4TM.js:7:7687), [2026-03-13T19:20:32.340Z] [SEVERE] https://www.greencity.cx.ua/chunk-NUXSP4TM.js 10:45939 "ERROR" TypeError: Cannot read properties of null (reading 'setValue')
    at n.quillContentChanged (https://www.greencity.cx.ua/chunk-VNNOUBDJ.js:1:16043)
    at https://www.greencity.cx.ua/chunk-VNNOUBDJ.js:1:7223
    at eE (https://www.greencity.cx.ua/chunk-NUXSP4TM.js:11:76097)
    at Object.o [as next] (https://www.greencity.cx.ua/chunk-NUXSP4TM.js:11:76277)
    at bv.next (https://www.greencity.cx.ua/chunk-NUXSP4TM.js:7:3120)
    at Fr._next (https://www.greencity.cx.ua/chunk-NUXSP4TM.js:7:2803)
    at Fr.next (https://www.greencity.cx.ua/chunk-NUXSP4TM.js:7:2530)
    at https://www.greencity.cx.ua/chunk-NUXSP4TM.js:7:7848
    at Ac (https://www.greencity.cx.ua/chunk-NUXSP4TM.js:7:2222)
    at S0.next (https://www.greencity.cx.ua/chunk-NUXSP4TM.js:7:7687), [2026-03-13T19:20:32.342Z] [SEVERE] https://www.greencity.cx.ua/chunk-NUXSP4TM.js 10:45939 "ERROR" TypeError: Cannot read properties of null (reading 'setValue')
    at n.quillContentChanged (https://www.greencity.cx.ua/chunk-VNNOUBDJ.js:1:16043)
    at https://www.greencity.cx.ua/chunk-VNNOUBDJ.js:1:7223
    at eE (https://www.greencity.cx.ua/chunk-NUXSP4TM.js:11:76097)
    at Object.o [as next] (https://www.greencity.cx.ua/chunk-NUXSP4TM.js:11:76277)
    at bv.next (https://www.greencity.cx.ua/chunk-NUXSP4TM.js:7:3120)
    at Fr._next (https://www.greencity.cx.ua/chunk-NUXSP4TM.js:7:2803)
    at Fr.next (https://www.greencity.cx.ua/chunk-NUXSP4TM.js:7:2530)
    at https://www.greencity.cx.ua/chunk-NUXSP4TM.js:7:7848
    at Ac (https://www.greencity.cx.ua/chunk-NUXSP4TM.js:7:2222)
    at S0.next (https://www.greencity.cx.ua/chunk-NUXSP4TM.js:7:7687), [2026-03-13T19:20:32.345Z] [SEVERE] https://www.greencity.cx.ua/chunk-NUXSP4TM.js 10:45939 "ERROR" TypeError: Cannot read properties of null (reading 'setValue')
    at n.quillContentChanged (https://www.greencity.cx.ua/chunk-VNNOUBDJ.js:1:16043)
    at https://www.greencity.cx.ua/chunk-VNNOUBDJ.js:1:7223
    at eE (https://www.greencity.cx.ua/chunk-NUXSP4TM.js:11:76097)
    at Object.o [as next] (https://www.greencity.cx.ua/chunk-NUXSP4TM.js:11:76277)
    at bv.next (https://www.greencity.cx.ua/chunk-NUXSP4TM.js:7:3120)
    at Fr._next (https://www.greencity.cx.ua/chunk-NUXSP4TM.js:7:2803)
    at Fr.next (https://www.greencity.cx.ua/chunk-NUXSP4TM.js:7:2530)
    at https://www.greencity.cx.ua/chunk-NUXSP4TM.js:7:7848
    at Ac (https://www.greencity.cx.ua/chunk-NUXSP4TM.js:7:2222)
    at S0.next (https://www.greencity.cx.ua/chunk-NUXSP4TM.js:7:7687), [2026-03-13T19:20:32.349Z] [SEVERE] https://www.greencity.cx.ua/chunk-NUXSP4TM.js 10:45939 "ERROR" TypeError: Cannot read properties of null (reading 'setValue')
    at n.quillContentChanged (https://www.greencity.cx.ua/chunk-VNNOUBDJ.js:1:16043)
    at https://www.greencity.cx.ua/chunk-VNNOUBDJ.js:1:7223
    at eE (https://www.greencity.cx.ua/chunk-NUXSP4TM.js:11:76097)
    at Object.o [as next] (https://www.greencity.cx.ua/chunk-NUXSP4TM.js:11:76277)
    at bv.next (https://www.greencity.cx.ua/chunk-NUXSP4TM.js:7:3120)
    at Fr._next (https://www.greencity.cx.ua/chunk-NUXSP4TM.js:7:2803)
    at Fr.next (https://www.greencity.cx.ua/chunk-NUXSP4TM.js:7:2530)
    at https://www.greencity.cx.ua/chunk-NUXSP4TM.js:7:7848
    at Ac (https://www.greencity.cx.ua/chunk-NUXSP4TM.js:7:2222)
    at S0.next (https://www.greencity.cx.ua/chunk-NUXSP4TM.js:7:7687), [2026-03-13T19:20:32.352Z] [SEVERE] https://www.greencity.cx.ua/chunk-NUXSP4TM.js 10:45939 "ERROR" TypeError: Cannot read properties of null (reading 'setValue')
    at n.quillContentChanged (https://www.greencity.cx.ua/chunk-VNNOUBDJ.js:1:16043)
    at https://www.greencity.cx.ua/chunk-VNNOUBDJ.js:1:7223
    at eE (https://www.greencity.cx.ua/chunk-NUXSP4TM.js:11:76097)
    at Object.o [as next] (https://www.greencity.cx.ua/chunk-NUXSP4TM.js:11:76277)
    at bv.next (https://www.greencity.cx.ua/chunk-NUXSP4TM.js:7:3120)
    at Fr._next (https://www.greencity.cx.ua/chunk-NUXSP4TM.js:7:2803)
    at Fr.next (https://www.greencity.cx.ua/chunk-NUXSP4TM.js:7:2530)
    at https://www.greencity.cx.ua/chunk-NUXSP4TM.js:7:7848
    at Ac (https://www.greencity.cx.ua/chunk-NUXSP4TM.js:7:2222)
    at S0.next (https://www.greencity.cx.ua/chunk-NUXSP4TM.js:7:7687), [2026-03-13T19:20:32.354Z] [SEVERE] https://www.greencity.cx.ua/chunk-NUXSP4TM.js 10:45939 "ERROR" TypeError: Cannot read properties of null (reading 'setValue')
    at n.quillContentChanged (https://www.greencity.cx.ua/chunk-VNNOUBDJ.js:1:16043)
    at https://www.greencity.cx.ua/chunk-VNNOUBDJ.js:1:7223
    at eE (https://www.greencity.cx.ua/chunk-NUXSP4TM.js:11:76097)
    at Object.o [as next] (https://www.greencity.cx.ua/chunk-NUXSP4TM.js:11:76277)
    at bv.next (https://www.greencity.cx.ua/chunk-NUXSP4TM.js:7:3120)
    at Fr._next (https://www.greencity.cx.ua/chunk-NUXSP4TM.js:7:2803)
    at Fr.next (https://www.greencity.cx.ua/chunk-NUXSP4TM.js:7:2530)
    at https://www.greencity.cx.ua/chunk-NUXSP4TM.js:7:7848
    at Ac (https://www.greencity.cx.ua/chunk-NUXSP4TM.js:7:2222)
    at S0.next (https://www.greencity.cx.ua/chunk-NUXSP4TM.js:7:7687), [2026-03-13T19:20:32.357Z] [SEVERE] https://www.greencity.cx.ua/chunk-NUXSP4TM.js 10:45939 "ERROR" TypeError: Cannot read properties of null (reading 'setValue')
    at n.quillContentChanged (https://www.greencity.cx.ua/chunk-VNNOUBDJ.js:1:16043)
    at https://www.greencity.cx.ua/chunk-VNNOUBDJ.js:1:7223
    at eE (https://www.greencity.cx.ua/chunk-NUXSP4TM.js:11:76097)
    at Object.o [as next] (https://www.greencity.cx.ua/chunk-NUXSP4TM.js:11:76277)
    at bv.next (https://www.greencity.cx.ua/chunk-NUXSP4TM.js:7:3120)
    at Fr._next (https://www.greencity.cx.ua/chunk-NUXSP4TM.js:7:2803)
    at Fr.next (https://www.greencity.cx.ua/chunk-NUXSP4TM.js:7:2530)
    at https://www.greencity.cx.ua/chunk-NUXSP4TM.js:7:7848
    at Ac (https://www.greencity.cx.ua/chunk-NUXSP4TM.js:7:2222)
    at S0.next (https://www.greencity.cx.ua/chunk-NUXSP4TM.js:7:7687), [2026-03-13T19:20:32.359Z] [SEVERE] https://www.greencity.cx.ua/chunk-NUXSP4TM.js 10:45939 "ERROR" TypeError: Cannot read properties of null (reading 'setValue')
    at n.quillContentChanged (https://www.greencity.cx.ua/chunk-VNNOUBDJ.js:1:16043)
    at https://www.greencity.cx.ua/chunk-VNNOUBDJ.js:1:7223
    at eE (https://www.greencity.cx.ua/chunk-NUXSP4TM.js:11:76097)
    at Object.o [as next] (https://www.greencity.cx.ua/chunk-NUXSP4TM.js:11:76277)
    at bv.next (https://www.greencity.cx.ua/chunk-NUXSP4TM.js:7:3120)
    at Fr._next (https://www.greencity.cx.ua/chunk-NUXSP4TM.js:7:2803)
    at Fr.next (https://www.greencity.cx.ua/chunk-NUXSP4TM.js:7:2530)
    at https://www.greencity.cx.ua/chunk-NUXSP4TM.js:7:7848
    at Ac (https://www.greencity.cx.ua/chunk-NUXSP4TM.js:7:2222)
    at S0.next (https://www.greencity.cx.ua/chunk-NUXSP4TM.js:7:7687), [2026-03-13T19:20:32.362Z] [SEVERE] https://www.greencity.cx.ua/chunk-NUXSP4TM.js 10:45939 "ERROR" TypeError: Cannot read properties of null (reading 'setValue')
    at n.quillContentChanged (https://www.greencity.cx.ua/chunk-VNNOUBDJ.js:1:16043)
    at https://www.greencity.cx.ua/chunk-VNNOUBDJ.js:1:7223
    at eE (https://www.greencity.cx.ua/chunk-NUXSP4TM.js:11:76097)
    at Object.o [as next] (https://www.greencity.cx.ua/chunk-NUXSP4TM.js:11:76277)
    at bv.next (https://www.greencity.cx.ua/chunk-NUXSP4TM.js:7:3120)
    at Fr._next (https://www.greencity.cx.ua/chunk-NUXSP4TM.js:7:2803)
    at Fr.next (https://www.greencity.cx.ua/chunk-NUXSP4TM.js:7:2530)
    at https://www.greencity.cx.ua/chunk-NUXSP4TM.js:7:7848
    at Ac (https://www.greencity.cx.ua/chunk-NUXSP4TM.js:7:2222)
    at S0.next (https://www.greencity.cx.ua/chunk-NUXSP4TM.js:7:7687), [2026-03-13T19:20:32.365Z] [SEVERE] https://www.greencity.cx.ua/chunk-NUXSP4TM.js 10:45939 "ERROR" TypeError: Cannot read properties of null (reading 'setValue')
    at n.quillContentChanged (https://www.greencity.cx.ua/chunk-VNNOUBDJ.js:1:16043)
    at https://www.greencity.cx.ua/chunk-VNNOUBDJ.js:1:7223
    at eE (https://www.greencity.cx.ua/chunk-NUXSP4TM.js:11:76097)
    at Object.o [as next] (https://www.greencity.cx.ua/chunk-NUXSP4TM.js:11:76277)
    at bv.next (https://www.greencity.cx.ua/chunk-NUXSP4TM.js:7:3120)
    at Fr._next (https://www.greencity.cx.ua/chunk-NUXSP4TM.js:7:2803)
    at Fr.next (https://www.greencity.cx.ua/chunk-NUXSP4TM.js:7:2530)
    at https://www.greencity.cx.ua/chunk-NUXSP4TM.js:7:7848
    at Ac (https://www.greencity.cx.ua/chunk-NUXSP4TM.js:7:2222)
    at S0.next (https://www.greencity.cx.ua/chunk-NUXSP4TM.js:7:7687), [2026-03-13T19:20:32.367Z] [SEVERE] https://www.greencity.cx.ua/chunk-NUXSP4TM.js 10:45939 "ERROR" TypeError: Cannot read properties of null (reading 'setValue')
    at n.quillContentChanged (https://www.greencity.cx.ua/chunk-VNNOUBDJ.js:1:16043)
    at https://www.greencity.cx.ua/chunk-VNNOUBDJ.js:1:7223
    at eE (https://www.greencity.cx.ua/chunk-NUXSP4TM.js:11:76097)
    at Object.o [as next] (https://www.greencity.cx.ua/chunk-NUXSP4TM.js:11:76277)
    at bv.next (https://www.greencity.cx.ua/chunk-NUXSP4TM.js:7:3120)
    at Fr._next (https://www.greencity.cx.ua/chunk-NUXSP4TM.js:7:2803)
    at Fr.next (https://www.greencity.cx.ua/chunk-NUXSP4TM.js:7:2530)
    at https://www.greencity.cx.ua/chunk-NUXSP4TM.js:7:7848
    at Ac (https://www.greencity.cx.ua/chunk-NUXSP4TM.js:7:2222)
    at S0.next (https://www.greencity.cx.ua/chunk-NUXSP4TM.js:7:7687), [2026-03-13T19:20:32.370Z] [SEVERE] https://www.greencity.cx.ua/chunk-NUXSP4TM.js 10:45939 "ERROR" TypeError: Cannot read properties of null (reading 'setValue')
    at n.quillContentChanged (https://www.greencity.cx.ua/chunk-VNNOUBDJ.js:1:16043)
    at https://www.greencity.cx.ua/chunk-VNNOUBDJ.js:1:7223
    at eE (https://www.greencity.cx.ua/chunk-NUXSP4TM.js:11:76097)
    at Object.o [as next] (https://www.greencity.cx.ua/chunk-NUXSP4TM.js:11:76277)
    at bv.next (https://www.greencity.cx.ua/chunk-NUXSP4TM.js:7:3120)
    at Fr._next (https://www.greencity.cx.ua/chunk-NUXSP4TM.js:7:2803)
    at Fr.next (https://www.greencity.cx.ua/chunk-NUXSP4TM.js:7:2530)
    at https://www.greencity.cx.ua/chunk-NUXSP4TM.js:7:7848
    at Ac (https://www.greencity.cx.ua/chunk-NUXSP4TM.js:7:2222)
    at S0.next (https://www.greencity.cx.ua/chunk-NUXSP4TM.js:7:7687), [2026-03-13T19:20:32.372Z] [SEVERE] https://www.greencity.cx.ua/chunk-NUXSP4TM.js 10:45939 "ERROR" TypeError: Cannot read properties of null (reading 'setValue')
    at n.quillContentChanged (https://www.greencity.cx.ua/chunk-VNNOUBDJ.js:1:16043)
    at https://www.greencity.cx.ua/chunk-VNNOUBDJ.js:1:7223
    at eE (https://www.greencity.cx.ua/chunk-NUXSP4TM.js:11:76097)
    at Object.o [as next] (https://www.greencity.cx.ua/chunk-NUXSP4TM.js:11:76277)
    at bv.next (https://www.greencity.cx.ua/chunk-NUXSP4TM.js:7:3120)
    at Fr._next (https://www.greencity.cx.ua/chunk-NUXSP4TM.js:7:2803)
    at Fr.next (https://www.greencity.cx.ua/chunk-NUXSP4TM.js:7:2530)
    at https://www.greencity.cx.ua/chunk-NUXSP4TM.js:7:7848
    at Ac (https://www.greencity.cx.ua/chunk-NUXSP4TM.js:7:2222)
    at S0.next (https://www.greencity.cx.ua/chunk-NUXSP4TM.js:7:7687), [2026-03-13T19:20:32.375Z] [SEVERE] https://www.greencity.cx.ua/chunk-NUXSP4TM.js 10:45939 "ERROR" TypeError: Cannot read properties of null (reading 'setValue')
    at n.quillContentChanged (https://www.greencity.cx.ua/chunk-VNNOUBDJ.js:1:16043)
    at https://www.greencity.cx.ua/chunk-VNNOUBDJ.js:1:7223
    at eE (https://www.greencity.cx.ua/chunk-NUXSP4TM.js:11:76097)
    at Object.o [as next] (https://www.greencity.cx.ua/chunk-NUXSP4TM.js:11:76277)
    at bv.next (https://www.greencity.cx.ua/chunk-NUXSP4TM.js:7:3120)
    at Fr._next (https://www.greencity.cx.ua/chunk-NUXSP4TM.js:7:2803)
    at Fr.next (https://www.greencity.cx.ua/chunk-NUXSP4TM.js:7:2530)
    at https://www.greencity.cx.ua/chunk-NUXSP4TM.js:7:7848
    at Ac (https://www.greencity.cx.ua/chunk-NUXSP4TM.js:7:2222)
    at S0.next (https://www.greencity.cx.ua/chunk-NUXSP4TM.js:7:7687), [2026-03-13T19:20:32.377Z] [SEVERE] https://www.greencity.cx.ua/chunk-NUXSP4TM.js 10:45939 "ERROR" TypeError: Cannot read properties of null (reading 'setValue')
    at n.quillContentChanged (https://www.greencity.cx.ua/chunk-VNNOUBDJ.js:1:16043)
    at https://www.greencity.cx.ua/chunk-VNNOUBDJ.js:1:7223
    at eE (https://www.greencity.cx.ua/chunk-NUXSP4TM.js:11:76097)
    at Object.o [as next] (https://www.greencity.cx.ua/chunk-NUXSP4TM.js:11:76277)
    at bv.next (https://www.greencity.cx.ua/chunk-NUXSP4TM.js:7:3120)
    at Fr._next (https://www.greencity.cx.ua/chunk-NUXSP4TM.js:7:2803)
    at Fr.next (https://www.greencity.cx.ua/chunk-NUXSP4TM.js:7:2530)
    at https://www.greencity.cx.ua/chunk-NUXSP4TM.js:7:7848
    at Ac (https://www.greencity.cx.ua/chunk-NUXSP4TM.js:7:2222)
    at S0.next (https://www.greencity.cx.ua/chunk-NUXSP4TM.js:7:7687), [2026-03-13T19:20:32.382Z] [SEVERE] https://www.greencity.cx.ua/chunk-NUXSP4TM.js 10:45939 "ERROR" TypeError: Cannot read properties of null (reading 'setValue')
    at n.quillContentChanged (https://www.greencity.cx.ua/chunk-VNNOUBDJ.js:1:16043)
    at https://www.greencity.cx.ua/chunk-VNNOUBDJ.js:1:7223
    at eE (https://www.greencity.cx.ua/chunk-NUXSP4TM.js:11:76097)
    at Object.o [as next] (https://www.greencity.cx.ua/chunk-NUXSP4TM.js:11:76277)
    at bv.next (https://www.greencity.cx.ua/chunk-NUXSP4TM.js:7:3120)
    at Fr._next (https://www.greencity.cx.ua/chunk-NUXSP4TM.js:7:2803)
    at Fr.next (https://www.greencity.cx.ua/chunk-NUXSP4TM.js:7:2530)
    at https://www.greencity.cx.ua/chunk-NUXSP4TM.js:7:7848
    at Ac (https://www.greencity.cx.ua/chunk-NUXSP4TM.js:7:2222)
    at S0.next (https://www.greencity.cx.ua/chunk-NUXSP4TM.js:7:7687), [2026-03-13T19:20:32.386Z] [SEVERE] https://www.greencity.cx.ua/chunk-NUXSP4TM.js 10:45939 "ERROR" TypeError: Cannot read properties of null (reading 'setValue')
    at n.quillContentChanged (https://www.greencity.cx.ua/chunk-VNNOUBDJ.js:1:16043)
    at https://www.greencity.cx.ua/chunk-VNNOUBDJ.js:1:7223
    at eE (https://www.greencity.cx.ua/chunk-NUXSP4TM.js:11:76097)
    at Object.o [as next] (https://www.greencity.cx.ua/chunk-NUXSP4TM.js:11:76277)
    at bv.next (https://www.greencity.cx.ua/chunk-NUXSP4TM.js:7:3120)
    at Fr._next (https://www.greencity.cx.ua/chunk-NUXSP4TM.js:7:2803)
    at Fr.next (https://www.greencity.cx.ua/chunk-NUXSP4TM.js:7:2530)
    at https://www.greencity.cx.ua/chunk-NUXSP4TM.js:7:7848
    at Ac (https://www.greencity.cx.ua/chunk-NUXSP4TM.js:7:2222)
    at S0.next (https://www.greencity.cx.ua/chunk-NUXSP4TM.js:7:7687), [2026-03-13T19:20:32.389Z] [SEVERE] https://www.greencity.cx.ua/chunk-NUXSP4TM.js 10:45939 "ERROR" TypeError: Cannot read properties of null (reading 'setValue')
    at n.quillContentChanged (https://www.greencity.cx.ua/chunk-VNNOUBDJ.js:1:16043)
    at https://www.greencity.cx.ua/chunk-VNNOUBDJ.js:1:7223
    at eE (https://www.greencity.cx.ua/chunk-NUXSP4TM.js:11:76097)
    at Object.o [as next] (https://www.greencity.cx.ua/chunk-NUXSP4TM.js:11:76277)
    at bv.next (https://www.greencity.cx.ua/chunk-NUXSP4TM.js:7:3120)
    at Fr._next (https://www.greencity.cx.ua/chunk-NUXSP4TM.js:7:2803)
    at Fr.next (https://www.greencity.cx.ua/chunk-NUXSP4TM.js:7:2530)
    at https://www.greencity.cx.ua/chunk-NUXSP4TM.js:7:7848
    at Ac (https://www.greencity.cx.ua/chunk-NUXSP4TM.js:7:2222)
    at S0.next (https://www.greencity.cx.ua/chunk-NUXSP4TM.js:7:7687), [2026-03-13T19:20:32.391Z] [SEVERE] https://www.greencity.cx.ua/chunk-NUXSP4TM.js 10:45939 "ERROR" TypeError: Cannot read properties of null (reading 'setValue')
    at n.quillContentChanged (https://www.greencity.cx.ua/chunk-VNNOUBDJ.js:1:16043)
    at https://www.greencity.cx.ua/chunk-VNNOUBDJ.js:1:7223
    at eE (https://www.greencity.cx.ua/chunk-NUXSP4TM.js:11:76097)
    at Object.o [as next] (https://www.greencity.cx.ua/chunk-NUXSP4TM.js:11:76277)
    at bv.next (https://www.greencity.cx.ua/chunk-NUXSP4TM.js:7:3120)
    at Fr._next (https://www.greencity.cx.ua/chunk-NUXSP4TM.js:7:2803)
    at Fr.next (https://www.greencity.cx.ua/chunk-NUXSP4TM.js:7:2530)
    at https://www.greencity.cx.ua/chunk-NUXSP4TM.js:7:7848
    at Ac (https://www.greencity.cx.ua/chunk-NUXSP4TM.js:7:2222)
    at S0.next (https://www.greencity.cx.ua/chunk-NUXSP4TM.js:7:7687), [2026-03-13T19:20:32.395Z] [SEVERE] https://www.greencity.cx.ua/chunk-NUXSP4TM.js 10:45939 "ERROR" TypeError: Cannot read properties of null (reading 'setValue')
    at n.quillContentChanged (https://www.greencity.cx.ua/chunk-VNNOUBDJ.js:1:16043)
    at https://www.greencity.cx.ua/chunk-VNNOUBDJ.js:1:7223
    at eE (https://www.greencity.cx.ua/chunk-NUXSP4TM.js:11:76097)
    at Object.o [as next] (https://www.greencity.cx.ua/chunk-NUXSP4TM.js:11:76277)
    at bv.next (https://www.greencity.cx.ua/chunk-NUXSP4TM.js:7:3120)
    at Fr._next (https://www.greencity.cx.ua/chunk-NUXSP4TM.js:7:2803)
    at Fr.next (https://www.greencity.cx.ua/chunk-NUXSP4TM.js:7:2530)
    at https://www.greencity.cx.ua/chunk-NUXSP4TM.js:7:7848
    at Ac (https://www.greencity.cx.ua/chunk-NUXSP4TM.js:7:2222)
    at S0.next (https://www.greencity.cx.ua/chunk-NUXSP4TM.js:7:7687), [2026-03-13T19:20:32.398Z] [SEVERE] https://www.greencity.cx.ua/chunk-NUXSP4TM.js 10:45939 "ERROR" TypeError: Cannot read properties of null (reading 'setValue')
    at n.quillContentChanged (https://www.greencity.cx.ua/chunk-VNNOUBDJ.js:1:16043)
    at https://www.greencity.cx.ua/chunk-VNNOUBDJ.js:1:7223
    at eE (https://www.greencity.cx.ua/chunk-NUXSP4TM.js:11:76097)
    at Object.o [as next] (https://www.greencity.cx.ua/chunk-NUXSP4TM.js:11:76277)
    at bv.next (https://www.greencity.cx.ua/chunk-NUXSP4TM.js:7:3120)
    at Fr._next (https://www.greencity.cx.ua/chunk-NUXSP4TM.js:7:2803)
    at Fr.next (https://www.greencity.cx.ua/chunk-NUXSP4TM.js:7:2530)
    at https://www.greencity.cx.ua/chunk-NUXSP4TM.js:7:7848
    at Ac (https://www.greencity.cx.ua/chunk-NUXSP4TM.js:7:2222)
    at S0.next (https://www.greencity.cx.ua/chunk-NUXSP4TM.js:7:7687), [2026-03-13T19:20:32.401Z] [SEVERE] https://www.greencity.cx.ua/chunk-NUXSP4TM.js 10:45939 "ERROR" TypeError: Cannot read properties of null (reading 'setValue')
    at n.quillContentChanged (https://www.greencity.cx.ua/chunk-VNNOUBDJ.js:1:16043)
    at https://www.greencity.cx.ua/chunk-VNNOUBDJ.js:1:7223
    at eE (https://www.greencity.cx.ua/chunk-NUXSP4TM.js:11:76097)
    at Object.o [as next] (https://www.greencity.cx.ua/chunk-NUXSP4TM.js:11:76277)
    at bv.next (https://www.greencity.cx.ua/chunk-NUXSP4TM.js:7:3120)
    at Fr._next (https://www.greencity.cx.ua/chunk-NUXSP4TM.js:7:2803)
    at Fr.next (https://www.greencity.cx.ua/chunk-NUXSP4TM.js:7:2530)
    at https://www.greencity.cx.ua/chunk-NUXSP4TM.js:7:7848
    at Ac (https://www.greencity.cx.ua/chunk-NUXSP4TM.js:7:2222)
    at S0.next (https://www.greencity.cx.ua/chunk-NUXSP4TM.js:7:7687), [2026-03-13T19:20:32.404Z] [SEVERE] https://www.greencity.cx.ua/chunk-NUXSP4TM.js 10:45939 "ERROR" TypeError: Cannot read properties of null (reading 'setValue')
    at n.quillContentChanged (https://www.greencity.cx.ua/chunk-VNNOUBDJ.js:1:16043)
    at https://www.greencity.cx.ua/chunk-VNNOUBDJ.js:1:7223
    at eE (https://www.greencity.cx.ua/chunk-NUXSP4TM.js:11:76097)
    at Object.o [as next] (https://www.greencity.cx.ua/chunk-NUXSP4TM.js:11:76277)
    at bv.next (https://www.greencity.cx.ua/chunk-NUXSP4TM.js:7:3120)
    at Fr._next (https://www.greencity.cx.ua/chunk-NUXSP4TM.js:7:2803)
    at Fr.next (https://www.greencity.cx.ua/chunk-NUXSP4TM.js:7:2530)
    at https://www.greencity.cx.ua/chunk-NUXSP4TM.js:7:7848
    at Ac (https://www.greencity.cx.ua/chunk-NUXSP4TM.js:7:2222)
    at S0.next (https://www.greencity.cx.ua/chunk-NUXSP4TM.js:7:7687), [2026-03-13T19:20:32.407Z] [SEVERE] https://www.greencity.cx.ua/chunk-NUXSP4TM.js 10:45939 "ERROR" TypeError: Cannot read properties of null (reading 'setValue')
    at n.quillContentChanged (https://www.greencity.cx.ua/chunk-VNNOUBDJ.js:1:16043)
    at https://www.greencity.cx.ua/chunk-VNNOUBDJ.js:1:7223
    at eE (https://www.greencity.cx.ua/chunk-NUXSP4TM.js:11:76097)
    at Object.o [as next] (https://www.greencity.cx.ua/chunk-NUXSP4TM.js:11:76277)
    at bv.next (https://www.greencity.cx.ua/chunk-NUXSP4TM.js:7:3120)
    at Fr._next (https://www.greencity.cx.ua/chunk-NUXSP4TM.js:7:2803)
    at Fr.next (https://www.greencity.cx.ua/chunk-NUXSP4TM.js:7:2530)
    at https://www.greencity.cx.ua/chunk-NUXSP4TM.js:7:7848
    at Ac (https://www.greencity.cx.ua/chunk-NUXSP4TM.js:7:2222)
    at S0.next (https://www.greencity.cx.ua/chunk-NUXSP4TM.js:7:7687), [2026-03-13T19:20:32.410Z] [SEVERE] https://www.greencity.cx.ua/chunk-NUXSP4TM.js 10:45939 "ERROR" TypeError: Cannot read properties of null (reading 'setValue')
    at n.quillContentChanged (https://www.greencity.cx.ua/chunk-VNNOUBDJ.js:1:16043)
    at https://www.greencity.cx.ua/chunk-VNNOUBDJ.js:1:7223
    at eE (https://www.greencity.cx.ua/chunk-NUXSP4TM.js:11:76097)
    at Object.o [as next] (https://www.greencity.cx.ua/chunk-NUXSP4TM.js:11:76277)
    at bv.next (https://www.greencity.cx.ua/chunk-NUXSP4TM.js:7:3120)
    at Fr._next (https://www.greencity.cx.ua/chunk-NUXSP4TM.js:7:2803)
    at Fr.next (https://www.greencity.cx.ua/chunk-NUXSP4TM.js:7:2530)
    at https://www.greencity.cx.ua/chunk-NUXSP4TM.js:7:7848
    at Ac (https://www.greencity.cx.ua/chunk-NUXSP4TM.js:7:2222)
    at S0.next (https://www.greencity.cx.ua/chunk-NUXSP4TM.js:7:7687), [2026-03-13T19:20:32.412Z] [SEVERE] https://www.greencity.cx.ua/chunk-NUXSP4TM.js 10:45939 "ERROR" TypeError: Cannot read properties of null (reading 'setValue')
    at n.quillContentChanged (https://www.greencity.cx.ua/chunk-VNNOUBDJ.js:1:16043)
    at https://www.greencity.cx.ua/chunk-VNNOUBDJ.js:1:7223
    at eE (https://www.greencity.cx.ua/chunk-NUXSP4TM.js:11:76097)
    at Object.o [as next] (https://www.greencity.cx.ua/chunk-NUXSP4TM.js:11:76277)
    at bv.next (https://www.greencity.cx.ua/chunk-NUXSP4TM.js:7:3120)
    at Fr._next (https://www.greencity.cx.ua/chunk-NUXSP4TM.js:7:2803)
    at Fr.next (https://www.greencity.cx.ua/chunk-NUXSP4TM.js:7:2530)
    at https://www.greencity.cx.ua/chunk-NUXSP4TM.js:7:7848
    at Ac (https://www.greencity.cx.ua/chunk-NUXSP4TM.js:7:2222)
    at S0.next (https://www.greencity.cx.ua/chunk-NUXSP4TM.js:7:7687), [2026-03-13T19:20:32.415Z] [SEVERE] https://www.greencity.cx.ua/chunk-NUXSP4TM.js 10:45939 "ERROR" TypeError: Cannot read properties of null (reading 'setValue')
    at n.quillContentChanged (https://www.greencity.cx.ua/chunk-VNNOUBDJ.js:1:16043)
    at https://www.greencity.cx.ua/chunk-VNNOUBDJ.js:1:7223
    at eE (https://www.greencity.cx.ua/chunk-NUXSP4TM.js:11:76097)
    at Object.o [as next] (https://www.greencity.cx.ua/chunk-NUXSP4TM.js:11:76277)
    at bv.next (https://www.greencity.cx.ua/chunk-NUXSP4TM.js:7:3120)
    at Fr._next (https://www.greencity.cx.ua/chunk-NUXSP4TM.js:7:2803)
    at Fr.next (https://www.greencity.cx.ua/chunk-NUXSP4TM.js:7:2530)
    at https://www.greencity.cx.ua/chunk-NUXSP4TM.js:7:7848
    at Ac (https://www.greencity.cx.ua/chunk-NUXSP4TM.js:7:2222)
    at S0.next (https://www.greencity.cx.ua/chunk-NUXSP4TM.js:7:7687), [2026-03-13T19:20:32.418Z] [SEVERE] https://www.greencity.cx.ua/chunk-NUXSP4TM.js 10:45939 "ERROR" TypeError: Cannot read properties of null (reading 'setValue')
    at n.quillContentChanged (https://www.greencity.cx.ua/chunk-VNNOUBDJ.js:1:16043)
    at https://www.greencity.cx.ua/chunk-VNNOUBDJ.js:1:7223
    at eE (https://www.greencity.cx.ua/chunk-NUXSP4TM.js:11:76097)
    at Object.o [as next] (https://www.greencity.cx.ua/chunk-NUXSP4TM.js:11:76277)
    at bv.next (https://www.greencity.cx.ua/chunk-NUXSP4TM.js:7:3120)
    at Fr._next (https://www.greencity.cx.ua/chunk-NUXSP4TM.js:7:2803)
    at Fr.next (https://www.greencity.cx.ua/chunk-NUXSP4TM.js:7:2530)
    at https://www.greencity.cx.ua/chunk-NUXSP4TM.js:7:7848
    at Ac (https://www.greencity.cx.ua/chunk-NUXSP4TM.js:7:2222)
    at S0.next (https://www.greencity.cx.ua/chunk-NUXSP4TM.js:7:7687), [2026-03-13T19:20:32.420Z] [SEVERE] https://www.greencity.cx.ua/chunk-NUXSP4TM.js 10:45939 "ERROR" TypeError: Cannot read properties of null (reading 'setValue')
    at n.quillContentChanged (https://www.greencity.cx.ua/chunk-VNNOUBDJ.js:1:16043)
    at https://www.greencity.cx.ua/chunk-VNNOUBDJ.js:1:7223
    at eE (https://www.greencity.cx.ua/chunk-NUXSP4TM.js:11:76097)
    at Object.o [as next] (https://www.greencity.cx.ua/chunk-NUXSP4TM.js:11:76277)
    at bv.next (https://www.greencity.cx.ua/chunk-NUXSP4TM.js:7:3120)
    at Fr._next (https://www.greencity.cx.ua/chunk-NUXSP4TM.js:7:2803)
    at Fr.next (https://www.greencity.cx.ua/chunk-NUXSP4TM.js:7:2530)
    at https://www.greencity.cx.ua/chunk-NUXSP4TM.js:7:7848
    at Ac (https://www.greencity.cx.ua/chunk-NUXSP4TM.js:7:2222)
    at S0.next (https://www.greencity.cx.ua/chunk-NUXSP4TM.js:7:7687), [2026-03-13T19:20:32.423Z] [SEVERE] https://www.greencity.cx.ua/chunk-NUXSP4TM.js 10:45939 "ERROR" TypeError: Cannot read properties of null (reading 'setValue')
    at n.quillContentChanged (https://www.greencity.cx.ua/chunk-VNNOUBDJ.js:1:16043)
    at https://www.greencity.cx.ua/chunk-VNNOUBDJ.js:1:7223
    at eE (https://www.greencity.cx.ua/chunk-NUXSP4TM.js:11:76097)
    at Object.o [as next] (https://www.greencity.cx.ua/chunk-NUXSP4TM.js:11:76277)
    at bv.next (https://www.greencity.cx.ua/chunk-NUXSP4TM.js:7:3120)
    at Fr._next (https://www.greencity.cx.ua/chunk-NUXSP4TM.js:7:2803)
    at Fr.next (https://www.greencity.cx.ua/chunk-NUXSP4TM.js:7:2530)
    at https://www.greencity.cx.ua/chunk-NUXSP4TM.js:7:7848
    at Ac (https://www.greencity.cx.ua/chunk-NUXSP4TM.js:7:2222)
    at S0.next (https://www.greencity.cx.ua/chunk-NUXSP4TM.js:7:7687), [2026-03-13T19:20:32.426Z] [SEVERE] https://www.greencity.cx.ua/chunk-NUXSP4TM.js 10:45939 "ERROR" TypeError: Cannot read properties of null (reading 'setValue')
    at n.quillContentChanged (https://www.greencity.cx.ua/chunk-VNNOUBDJ.js:1:16043)
    at https://www.greencity.cx.ua/chunk-VNNOUBDJ.js:1:7223
    at eE (https://www.greencity.cx.ua/chunk-NUXSP4TM.js:11:76097)
    at Object.o [as next] (https://www.greencity.cx.ua/chunk-NUXSP4TM.js:11:76277)
    at bv.next (https://www.greencity.cx.ua/chunk-NUXSP4TM.js:7:3120)
    at Fr._next (https://www.greencity.cx.ua/chunk-NUXSP4TM.js:7:2803)
    at Fr.next (https://www.greencity.cx.ua/chunk-NUXSP4TM.js:7:2530)
    at https://www.greencity.cx.ua/chunk-NUXSP4TM.js:7:7848
    at Ac (https://www.greencity.cx.ua/chunk-NUXSP4TM.js:7:2222)
    at S0.next (https://www.greencity.cx.ua/chunk-NUXSP4TM.js:7:7687), [2026-03-13T19:20:32.429Z] [SEVERE] https://www.greencity.cx.ua/chunk-NUXSP4TM.js 10:45939 "ERROR" TypeError: Cannot read properties of null (reading 'setValue')
    at n.quillContentChanged (https://www.greencity.cx.ua/chunk-VNNOUBDJ.js:1:16043)
    at https://www.greencity.cx.ua/chunk-VNNOUBDJ.js:1:7223
    at eE (https://www.greencity.cx.ua/chunk-NUXSP4TM.js:11:76097)
    at Object.o [as next] (https://www.greencity.cx.ua/chunk-NUXSP4TM.js:11:76277)
    at bv.next (https://www.greencity.cx.ua/chunk-NUXSP4TM.js:7:3120)
    at Fr._next (https://www.greencity.cx.ua/chunk-NUXSP4TM.js:7:2803)
    at Fr.next (https://www.greencity.cx.ua/chunk-NUXSP4TM.js:7:2530)
    at https://www.greencity.cx.ua/chunk-NUXSP4TM.js:7:7848
    at Ac (https://www.greencity.cx.ua/chunk-NUXSP4TM.js:7:2222)
    at S0.next (https://www.greencity.cx.ua/chunk-NUXSP4TM.js:7:7687), [2026-03-13T19:20:32.541Z] [SEVERE] https://www.greencity.cx.ua/chunk-NUXSP4TM.js 10:45939 "ERROR" TypeError: Cannot read properties of null (reading 'setValue')
    at n.quillContentChanged (https://www.greencity.cx.ua/chunk-VNNOUBDJ.js:1:16043)
    at https://www.greencity.cx.ua/chunk-VNNOUBDJ.js:1:7223
    at eE (https://www.greencity.cx.ua/chunk-NUXSP4TM.js:11:76097)
    at Object.o [as next] (https://www.greencity.cx.ua/chunk-NUXSP4TM.js:11:76277)
    at bv.next (https://www.greencity.cx.ua/chunk-NUXSP4TM.js:7:3120)
    at Fr._next (https://www.greencity.cx.ua/chunk-NUXSP4TM.js:7:2803)
    at Fr.next (https://www.greencity.cx.ua/chunk-NUXSP4TM.js:7:2530)
    at https://www.greencity.cx.ua/chunk-NUXSP4TM.js:7:7848
    at Ac (https://www.greencity.cx.ua/chunk-NUXSP4TM.js:7:2222)
    at S0.next (https://www.greencity.cx.ua/chunk-NUXSP4TM.js:7:7687), [2026-03-13T19:20:32.606Z] [SEVERE] https://www.greencity.cx.ua/chunk-NUXSP4TM.js 10:45939 "ERROR" TypeError: Cannot read properties of null (reading 'setValue')
    at n.quillContentChanged (https://www.greencity.cx.ua/chunk-VNNOUBDJ.js:1:16043)
    at https://www.greencity.cx.ua/chunk-VNNOUBDJ.js:1:7223
    at eE (https://www.greencity.cx.ua/chunk-NUXSP4TM.js:11:76097)
    at Object.o [as next] (https://www.greencity.cx.ua/chunk-NUXSP4TM.js:11:76277)
    at bv.next (https://www.greencity.cx.ua/chunk-NUXSP4TM.js:7:3120)
    at Fr._next (https://www.greencity.cx.ua/chunk-NUXSP4TM.js:7:2803)
    at Fr.next (https://www.greencity.cx.ua/chunk-NUXSP4TM.js:7:2530)
    at https://www.greencity.cx.ua/chunk-NUXSP4TM.js:7:7848
    at Ac (https://www.greencity.cx.ua/chunk-NUXSP4TM.js:7:2222)
    at S0.next (https://www.greencity.cx.ua/chunk-NUXSP4TM.js:7:7687), [2026-03-13T19:20:32.606Z] [SEVERE] https://www.greencity.cx.ua/chunk-NUXSP4TM.js 10:45939 "ERROR" TypeError: Cannot read properties of null (reading 'setValue')
    at n.quillContentChanged (https://www.greencity.cx.ua/chunk-VNNOUBDJ.js:1:16043)
    at https://www.greencity.cx.ua/chunk-VNNOUBDJ.js:1:7223
    at eE (https://www.greencity.cx.ua/chunk-NUXSP4TM.js:11:76097)
    at Object.o [as next] (https://www.greencity.cx.ua/chunk-NUXSP4TM.js:11:76277)
    at bv.next (https://www.greencity.cx.ua/chunk-NUXSP4TM.js:7:3120)
    at Fr._next (https://www.greencity.cx.ua/chunk-NUXSP4TM.js:7:2803)
    at Fr.next (https://www.greencity.cx.ua/chunk-NUXSP4TM.js:7:2530)
    at https://www.greencity.cx.ua/chunk-NUXSP4TM.js:7:7848
    at Ac (https://www.greencity.cx.ua/chunk-NUXSP4TM.js:7:2222)
    at S0.next (https://www.greencity.cx.ua/chunk-NUXSP4TM.js:7:7687), [2026-03-13T19:20:32.606Z] [SEVERE] https://www.greencity.cx.ua/chunk-NUXSP4TM.js 10:45939 "ERROR" TypeError: Cannot read properties of null (reading 'setValue')
    at n.quillContentChanged (https://www.greencity.cx.ua/chunk-VNNOUBDJ.js:1:16043)
    at https://www.greencity.cx.ua/chunk-VNNOUBDJ.js:1:7223
    at eE (https://www.greencity.cx.ua/chunk-NUXSP4TM.js:11:76097)
    at Object.o [as next] (https://www.greencity.cx.ua/chunk-NUXSP4TM.js:11:76277)
    at bv.next (https://www.greencity.cx.ua/chunk-NUXSP4TM.js:7:3120)
    at Fr._next (https://www.greencity.cx.ua/chunk-NUXSP4TM.js:7:2803)
    at Fr.next (https://www.greencity.cx.ua/chunk-NUXSP4TM.js:7:2530)
    at https://www.greencity.cx.ua/chunk-NUXSP4TM.js:7:7848
    at Ac (https://www.greencity.cx.ua/chunk-NUXSP4TM.js:7:2222)
    at S0.next (https://www.greencity.cx.ua/chunk-NUXSP4TM.js:7:7687), [2026-03-13T19:20:32.607Z] [SEVERE] https://www.greencity.cx.ua/chunk-NUXSP4TM.js 10:45939 "ERROR" TypeError: Cannot read properties of null (reading 'setValue')
    at n.quillContentChanged (https://www.greencity.cx.ua/chunk-VNNOUBDJ.js:1:16043)
    at https://www.greencity.cx.ua/chunk-VNNOUBDJ.js:1:7223
    at eE (https://www.greencity.cx.ua/chunk-NUXSP4TM.js:11:76097)
    at Object.o [as next] (https://www.greencity.cx.ua/chunk-NUXSP4TM.js:11:76277)
    at bv.next (https://www.greencity.cx.ua/chunk-NUXSP4TM.js:7:3120)
    at Fr._next (https://www.greencity.cx.ua/chunk-NUXSP4TM.js:7:2803)
    at Fr.next (https://www.greencity.cx.ua/chunk-NUXSP4TM.js:7:2530)
    at https://www.greencity.cx.ua/chunk-NUXSP4TM.js:7:7848
    at Ac (https://www.greencity.cx.ua/chunk-NUXSP4TM.js:7:2222)
    at S0.next (https://www.greencity.cx.ua/chunk-NUXSP4TM.js:7:7687), [2026-03-13T19:20:32.610Z] [SEVERE] https://www.greencity.cx.ua/chunk-NUXSP4TM.js 10:45939 "ERROR" TypeError: Cannot read properties of null (reading 'setValue')
    at n.quillContentChanged (https://www.greencity.cx.ua/chunk-VNNOUBDJ.js:1:16043)
    at https://www.greencity.cx.ua/chunk-VNNOUBDJ.js:1:7223
    at eE (https://www.greencity.cx.ua/chunk-NUXSP4TM.js:11:76097)
    at Object.o [as next] (https://www.greencity.cx.ua/chunk-NUXSP4TM.js:11:76277)
    at bv.next (https://www.greencity.cx.ua/chunk-NUXSP4TM.js:7:3120)
    at Fr._next (https://www.greencity.cx.ua/chunk-NUXSP4TM.js:7:2803)
    at Fr.next (https://www.greencity.cx.ua/chunk-NUXSP4TM.js:7:2530)
    at https://www.greencity.cx.ua/chunk-NUXSP4TM.js:7:7848
    at Ac (https://www.greencity.cx.ua/chunk-NUXSP4TM.js:7:2222)
    at S0.next (https://www.greencity.cx.ua/chunk-NUXSP4TM.js:7:7687), [2026-03-13T19:20:32.613Z] [SEVERE] https://www.greencity.cx.ua/chunk-NUXSP4TM.js 10:45939 "ERROR" TypeError: Cannot read properties of null (reading 'setValue')
    at n.quillContentChanged (https://www.greencity.cx.ua/chunk-VNNOUBDJ.js:1:16043)
    at https://www.greencity.cx.ua/chunk-VNNOUBDJ.js:1:7223
    at eE (https://www.greencity.cx.ua/chunk-NUXSP4TM.js:11:76097)
    at Object.o [as next] (https://www.greencity.cx.ua/chunk-NUXSP4TM.js:11:76277)
    at bv.next (https://www.greencity.cx.ua/chunk-NUXSP4TM.js:7:3120)
    at Fr._next (https://www.greencity.cx.ua/chunk-NUXSP4TM.js:7:2803)
    at Fr.next (https://www.greencity.cx.ua/chunk-NUXSP4TM.js:7:2530)
    at https://www.greencity.cx.ua/chunk-NUXSP4TM.js:7:7848
    at Ac (https://www.greencity.cx.ua/chunk-NUXSP4TM.js:7:2222)
    at S0.next (https://www.greencity.cx.ua/chunk-NUXSP4TM.js:7:7687), [2026-03-13T19:20:32.615Z] [SEVERE] https://www.greencity.cx.ua/chunk-NUXSP4TM.js 10:45939 "ERROR" TypeError: Cannot read properties of null (reading 'setValue')
    at n.quillContentChanged (https://www.greencity.cx.ua/chunk-VNNOUBDJ.js:1:16043)
    at https://www.greencity.cx.ua/chunk-VNNOUBDJ.js:1:7223
    at eE (https://www.greencity.cx.ua/chunk-NUXSP4TM.js:11:76097)
    at Object.o [as next] (https://www.greencity.cx.ua/chunk-NUXSP4TM.js:11:76277)
    at bv.next (https://www.greencity.cx.ua/chunk-NUXSP4TM.js:7:3120)
    at Fr._next (https://www.greencity.cx.ua/chunk-NUXSP4TM.js:7:2803)
    at Fr.next (https://www.greencity.cx.ua/chunk-NUXSP4TM.js:7:2530)
    at https://www.greencity.cx.ua/chunk-NUXSP4TM.js:7:7848
    at Ac (https://www.greencity.cx.ua/chunk-NUXSP4TM.js:7:2222)
    at S0.next (https://www.greencity.cx.ua/chunk-NUXSP4TM.js:7:7687), [2026-03-13T19:20:32.618Z] [SEVERE] https://www.greencity.cx.ua/chunk-NUXSP4TM.js 10:45939 "ERROR" TypeError: Cannot read properties of null (reading 'setValue')
    at n.quillContentChanged (https://www.greencity.cx.ua/chunk-VNNOUBDJ.js:1:16043)
    at https://www.greencity.cx.ua/chunk-VNNOUBDJ.js:1:7223
    at eE (https://www.greencity.cx.ua/chunk-NUXSP4TM.js:11:76097)
    at Object.o [as next] (https://www.greencity.cx.ua/chunk-NUXSP4TM.js:11:76277)
    at bv.next (https://www.greencity.cx.ua/chunk-NUXSP4TM.js:7:3120)
    at Fr._next (https://www.greencity.cx.ua/chunk-NUXSP4TM.js:7:2803)
    at Fr.next (https://www.greencity.cx.ua/chunk-NUXSP4TM.js:7:2530)
    at https://www.greencity.cx.ua/chunk-NUXSP4TM.js:7:7848
    at Ac (https://www.greencity.cx.ua/chunk-NUXSP4TM.js:7:2222)
    at S0.next (https://www.greencity.cx.ua/chunk-NUXSP4TM.js:7:7687), [2026-03-13T19:20:32.620Z] [SEVERE] https://www.greencity.cx.ua/chunk-NUXSP4TM.js 10:45939 "ERROR" TypeError: Cannot read properties of null (reading 'setValue')
    at n.quillContentChanged (https://www.greencity.cx.ua/chunk-VNNOUBDJ.js:1:16043)
    at https://www.greencity.cx.ua/chunk-VNNOUBDJ.js:1:7223
    at eE (https://www.greencity.cx.ua/chunk-NUXSP4TM.js:11:76097)
    at Object.o [as next] (https://www.greencity.cx.ua/chunk-NUXSP4TM.js:11:76277)
    at bv.next (https://www.greencity.cx.ua/chunk-NUXSP4TM.js:7:3120)
    at Fr._next (https://www.greencity.cx.ua/chunk-NUXSP4TM.js:7:2803)
    at Fr.next (https://www.greencity.cx.ua/chunk-NUXSP4TM.js:7:2530)
    at https://www.greencity.cx.ua/chunk-NUXSP4TM.js:7:7848
    at Ac (https://www.greencity.cx.ua/chunk-NUXSP4TM.js:7:2222)
    at S0.next (https://www.greencity.cx.ua/chunk-NUXSP4TM.js:7:7687), [2026-03-13T19:20:32.623Z] [SEVERE] https://www.greencity.cx.ua/chunk-NUXSP4TM.js 10:45939 "ERROR" TypeError: Cannot read properties of null (reading 'setValue')
    at n.quillContentChanged (https://www.greencity.cx.ua/chunk-VNNOUBDJ.js:1:16043)
    at https://www.greencity.cx.ua/chunk-VNNOUBDJ.js:1:7223
    at eE (https://www.greencity.cx.ua/chunk-NUXSP4TM.js:11:76097)
    at Object.o [as next] (https://www.greencity.cx.ua/chunk-NUXSP4TM.js:11:76277)
    at bv.next (https://www.greencity.cx.ua/chunk-NUXSP4TM.js:7:3120)
    at Fr._next (https://www.greencity.cx.ua/chunk-NUXSP4TM.js:7:2803)
    at Fr.next (https://www.greencity.cx.ua/chunk-NUXSP4TM.js:7:2530)
    at https://www.greencity.cx.ua/chunk-NUXSP4TM.js:7:7848
    at Ac (https://www.greencity.cx.ua/chunk-NUXSP4TM.js:7:2222)
    at S0.next (https://www.greencity.cx.ua/chunk-NUXSP4TM.js:7:7687), [2026-03-13T19:20:32.625Z] [SEVERE] https://www.greencity.cx.ua/chunk-NUXSP4TM.js 10:45939 "ERROR" TypeError: Cannot read properties of null (reading 'setValue')
    at n.quillContentChanged (https://www.greencity.cx.ua/chunk-VNNOUBDJ.js:1:16043)
    at https://www.greencity.cx.ua/chunk-VNNOUBDJ.js:1:7223
    at eE (https://www.greencity.cx.ua/chunk-NUXSP4TM.js:11:76097)
    at Object.o [as next] (https://www.greencity.cx.ua/chunk-NUXSP4TM.js:11:76277)
    at bv.next (https://www.greencity.cx.ua/chunk-NUXSP4TM.js:7:3120)
    at Fr._next (https://www.greencity.cx.ua/chunk-NUXSP4TM.js:7:2803)
    at Fr.next (https://www.greencity.cx.ua/chunk-NUXSP4TM.js:7:2530)
    at https://www.greencity.cx.ua/chunk-NUXSP4TM.js:7:7848
    at Ac (https://www.greencity.cx.ua/chunk-NUXSP4TM.js:7:2222)
    at S0.next (https://www.greencity.cx.ua/chunk-NUXSP4TM.js:7:7687), [2026-03-13T19:20:32.628Z] [SEVERE] https://www.greencity.cx.ua/chunk-NUXSP4TM.js 10:45939 "ERROR" TypeError: Cannot read properties of null (reading 'setValue')
    at n.quillContentChanged (https://www.greencity.cx.ua/chunk-VNNOUBDJ.js:1:16043)
    at https://www.greencity.cx.ua/chunk-VNNOUBDJ.js:1:7223
    at eE (https://www.greencity.cx.ua/chunk-NUXSP4TM.js:11:76097)
    at Object.o [as next] (https://www.greencity.cx.ua/chunk-NUXSP4TM.js:11:76277)
    at bv.next (https://www.greencity.cx.ua/chunk-NUXSP4TM.js:7:3120)
    at Fr._next (https://www.greencity.cx.ua/chunk-NUXSP4TM.js:7:2803)
    at Fr.next (https://www.greencity.cx.ua/chunk-NUXSP4TM.js:7:2530)
    at https://www.greencity.cx.ua/chunk-NUXSP4TM.js:7:7848
    at Ac (https://www.greencity.cx.ua/chunk-NUXSP4TM.js:7:2222)
    at S0.next (https://www.greencity.cx.ua/chunk-NUXSP4TM.js:7:7687), [2026-03-13T19:20:32.631Z] [SEVERE] https://www.greencity.cx.ua/chunk-NUXSP4TM.js 10:45939 "ERROR" TypeError: Cannot read properties of null (reading 'setValue')
    at n.quillContentChanged (https://www.greencity.cx.ua/chunk-VNNOUBDJ.js:1:16043)
    at https://www.greencity.cx.ua/chunk-VNNOUBDJ.js:1:7223
    at eE (https://www.greencity.cx.ua/chunk-NUXSP4TM.js:11:76097)
    at Object.o [as next] (https://www.greencity.cx.ua/chunk-NUXSP4TM.js:11:76277)
    at bv.next (https://www.greencity.cx.ua/chunk-NUXSP4TM.js:7:3120)
    at Fr._next (https://www.greencity.cx.ua/chunk-NUXSP4TM.js:7:2803)
    at Fr.next (https://www.greencity.cx.ua/chunk-NUXSP4TM.js:7:2530)
    at https://www.greencity.cx.ua/chunk-NUXSP4TM.js:7:7848
    at Ac (https://www.greencity.cx.ua/chunk-NUXSP4TM.js:7:2222)
    at S0.next (https://www.greencity.cx.ua/chunk-NUXSP4TM.js:7:7687), [2026-03-13T19:20:32.633Z] [SEVERE] https://www.greencity.cx.ua/chunk-NUXSP4TM.js 10:45939 "ERROR" TypeError: Cannot read properties of null (reading 'setValue')
    at n.quillContentChanged (https://www.greencity.cx.ua/chunk-VNNOUBDJ.js:1:16043)
    at https://www.greencity.cx.ua/chunk-VNNOUBDJ.js:1:7223
    at eE (https://www.greencity.cx.ua/chunk-NUXSP4TM.js:11:76097)
    at Object.o [as next] (https://www.greencity.cx.ua/chunk-NUXSP4TM.js:11:76277)
    at bv.next (https://www.greencity.cx.ua/chunk-NUXSP4TM.js:7:3120)
    at Fr._next (https://www.greencity.cx.ua/chunk-NUXSP4TM.js:7:2803)
    at Fr.next (https://www.greencity.cx.ua/chunk-NUXSP4TM.js:7:2530)
    at https://www.greencity.cx.ua/chunk-NUXSP4TM.js:7:7848
    at Ac (https://www.greencity.cx.ua/chunk-NUXSP4TM.js:7:2222)
    at S0.next (https://www.greencity.cx.ua/chunk-NUXSP4TM.js:7:7687), [2026-03-13T19:20:32.636Z] [SEVERE] https://www.greencity.cx.ua/chunk-NUXSP4TM.js 10:45939 "ERROR" TypeError: Cannot read properties of null (reading 'setValue')
    at n.quillContentChanged (https://www.greencity.cx.ua/chunk-VNNOUBDJ.js:1:16043)
    at https://www.greencity.cx.ua/chunk-VNNOUBDJ.js:1:7223
    at eE (https://www.greencity.cx.ua/chunk-NUXSP4TM.js:11:76097)
    at Object.o [as next] (https://www.greencity.cx.ua/chunk-NUXSP4TM.js:11:76277)
    at bv.next (https://www.greencity.cx.ua/chunk-NUXSP4TM.js:7:3120)
    at Fr._next (https://www.greencity.cx.ua/chunk-NUXSP4TM.js:7:2803)
    at Fr.next (https://www.greencity.cx.ua/chunk-NUXSP4TM.js:7:2530)
    at https://www.greencity.cx.ua/chunk-NUXSP4TM.js:7:7848
    at Ac (https://www.greencity.cx.ua/chunk-NUXSP4TM.js:7:2222)
    at S0.next (https://www.greencity.cx.ua/chunk-NUXSP4TM.js:7:7687), [2026-03-13T19:20:32.638Z] [SEVERE] https://www.greencity.cx.ua/chunk-NUXSP4TM.js 10:45939 "ERROR" TypeError: Cannot read properties of null (reading 'setValue')
    at n.quillContentChanged (https://www.greencity.cx.ua/chunk-VNNOUBDJ.js:1:16043)
    at https://www.greencity.cx.ua/chunk-VNNOUBDJ.js:1:7223
    at eE (https://www.greencity.cx.ua/chunk-NUXSP4TM.js:11:76097)
    at Object.o [as next] (https://www.greencity.cx.ua/chunk-NUXSP4TM.js:11:76277)
    at bv.next (https://www.greencity.cx.ua/chunk-NUXSP4TM.js:7:3120)
    at Fr._next (https://www.greencity.cx.ua/chunk-NUXSP4TM.js:7:2803)
    at Fr.next (https://www.greencity.cx.ua/chunk-NUXSP4TM.js:7:2530)
    at https://www.greencity.cx.ua/chunk-NUXSP4TM.js:7:7848
    at Ac (https://www.greencity.cx.ua/chunk-NUXSP4TM.js:7:2222)
    at S0.next (https://www.greencity.cx.ua/chunk-NUXSP4TM.js:7:7687), [2026-03-13T19:20:32.640Z] [SEVERE] https://www.greencity.cx.ua/chunk-NUXSP4TM.js 10:45939 "ERROR" TypeError: Cannot read properties of null (reading 'setValue')
    at n.quillContentChanged (https://www.greencity.cx.ua/chunk-VNNOUBDJ.js:1:16043)
    at https://www.greencity.cx.ua/chunk-VNNOUBDJ.js:1:7223
    at eE (https://www.greencity.cx.ua/chunk-NUXSP4TM.js:11:76097)
    at Object.o [as next] (https://www.greencity.cx.ua/chunk-NUXSP4TM.js:11:76277)
    at bv.next (https://www.greencity.cx.ua/chunk-NUXSP4TM.js:7:3120)
    at Fr._next (https://www.greencity.cx.ua/chunk-NUXSP4TM.js:7:2803)
    at Fr.next (https://www.greencity.cx.ua/chunk-NUXSP4TM.js:7:2530)
    at https://www.greencity.cx.ua/chunk-NUXSP4TM.js:7:7848
    at Ac (https://www.greencity.cx.ua/chunk-NUXSP4TM.js:7:2222)
    at S0.next (https://www.greencity.cx.ua/chunk-NUXSP4TM.js:7:7687), [2026-03-13T19:20:32.643Z] [SEVERE] https://www.greencity.cx.ua/chunk-NUXSP4TM.js 10:45939 "ERROR" TypeError: Cannot read properties of null (reading 'setValue')
    at n.quillContentChanged (https://www.greencity.cx.ua/chunk-VNNOUBDJ.js:1:16043)
    at https://www.greencity.cx.ua/chunk-VNNOUBDJ.js:1:7223
    at eE (https://www.greencity.cx.ua/chunk-NUXSP4TM.js:11:76097)
    at Object.o [as next] (https://www.greencity.cx.ua/chunk-NUXSP4TM.js:11:76277)
    at bv.next (https://www.greencity.cx.ua/chunk-NUXSP4TM.js:7:3120)
    at Fr._next (https://www.greencity.cx.ua/chunk-NUXSP4TM.js:7:2803)
    at Fr.next (https://www.greencity.cx.ua/chunk-NUXSP4TM.js:7:2530)
    at https://www.greencity.cx.ua/chunk-NUXSP4TM.js:7:7848
    at Ac (https://www.greencity.cx.ua/chunk-NUXSP4TM.js:7:2222)
    at S0.next (https://www.greencity.cx.ua/chunk-NUXSP4TM.js:7:7687), [2026-03-13T19:20:32.645Z] [SEVERE] https://www.greencity.cx.ua/chunk-NUXSP4TM.js 10:45939 "ERROR" TypeError: Cannot read properties of null (reading 'setValue')
    at n.quillContentChanged (https://www.greencity.cx.ua/chunk-VNNOUBDJ.js:1:16043)
    at https://www.greencity.cx.ua/chunk-VNNOUBDJ.js:1:7223
    at eE (https://www.greencity.cx.ua/chunk-NUXSP4TM.js:11:76097)
    at Object.o [as next] (https://www.greencity.cx.ua/chunk-NUXSP4TM.js:11:76277)
    at bv.next (https://www.greencity.cx.ua/chunk-NUXSP4TM.js:7:3120)
    at Fr._next (https://www.greencity.cx.ua/chunk-NUXSP4TM.js:7:2803)
    at Fr.next (https://www.greencity.cx.ua/chunk-NUXSP4TM.js:7:2530)
    at https://www.greencity.cx.ua/chunk-NUXSP4TM.js:7:7848
    at Ac (https://www.greencity.cx.ua/chunk-NUXSP4TM.js:7:2222)
    at S0.next (https://www.greencity.cx.ua/chunk-NUXSP4TM.js:7:7687), [2026-03-13T19:20:32.648Z] [SEVERE] https://www.greencity.cx.ua/chunk-NUXSP4TM.js 10:45939 "ERROR" TypeError: Cannot read properties of null (reading 'setValue')
    at n.quillContentChanged (https://www.greencity.cx.ua/chunk-VNNOUBDJ.js:1:16043)
    at https://www.greencity.cx.ua/chunk-VNNOUBDJ.js:1:7223
    at eE (https://www.greencity.cx.ua/chunk-NUXSP4TM.js:11:76097)
    at Object.o [as next] (https://www.greencity.cx.ua/chunk-NUXSP4TM.js:11:76277)
    at bv.next (https://www.greencity.cx.ua/chunk-NUXSP4TM.js:7:3120)
    at Fr._next (https://www.greencity.cx.ua/chunk-NUXSP4TM.js:7:2803)
    at Fr.next (https://www.greencity.cx.ua/chunk-NUXSP4TM.js:7:2530)
    at https://www.greencity.cx.ua/chunk-NUXSP4TM.js:7:7848
    at Ac (https://www.greencity.cx.ua/chunk-NUXSP4TM.js:7:2222)
    at S0.next (https://www.greencity.cx.ua/chunk-NUXSP4TM.js:7:7687), [2026-03-13T19:20:32.650Z] [SEVERE] https://www.greencity.cx.ua/chunk-NUXSP4TM.js 10:45939 "ERROR" TypeError: Cannot read properties of null (reading 'setValue')
    at n.quillContentChanged (https://www.greencity.cx.ua/chunk-VNNOUBDJ.js:1:16043)
    at https://www.greencity.cx.ua/chunk-VNNOUBDJ.js:1:7223
    at eE (https://www.greencity.cx.ua/chunk-NUXSP4TM.js:11:76097)
    at Object.o [as next] (https://www.greencity.cx.ua/chunk-NUXSP4TM.js:11:76277)
    at bv.next (https://www.greencity.cx.ua/chunk-NUXSP4TM.js:7:3120)
    at Fr._next (https://www.greencity.cx.ua/chunk-NUXSP4TM.js:7:2803)
    at Fr.next (https://www.greencity.cx.ua/chunk-NUXSP4TM.js:7:2530)
    at https://www.greencity.cx.ua/chunk-NUXSP4TM.js:7:7848
    at Ac (https://www.greencity.cx.ua/chunk-NUXSP4TM.js:7:2222)
    at S0.next (https://www.greencity.cx.ua/chunk-NUXSP4TM.js:7:7687), [2026-03-13T19:20:32.653Z] [SEVERE] https://www.greencity.cx.ua/chunk-NUXSP4TM.js 10:45939 "ERROR" TypeError: Cannot read properties of null (reading 'setValue')
    at n.quillContentChanged (https://www.greencity.cx.ua/chunk-VNNOUBDJ.js:1:16043)
    at https://www.greencity.cx.ua/chunk-VNNOUBDJ.js:1:7223
    at eE (https://www.greencity.cx.ua/chunk-NUXSP4TM.js:11:76097)
    at Object.o [as next] (https://www.greencity.cx.ua/chunk-NUXSP4TM.js:11:76277)
    at bv.next (https://www.greencity.cx.ua/chunk-NUXSP4TM.js:7:3120)
    at Fr._next (https://www.greencity.cx.ua/chunk-NUXSP4TM.js:7:2803)
    at Fr.next (https://www.greencity.cx.ua/chunk-NUXSP4TM.js:7:2530)
    at https://www.greencity.cx.ua/chunk-NUXSP4TM.js:7:7848
    at Ac (https://www.greencity.cx.ua/chunk-NUXSP4TM.js:7:2222)
    at S0.next (https://www.greencity.cx.ua/chunk-NUXSP4TM.js:7:7687), [2026-03-13T19:20:32.655Z] [SEVERE] https://www.greencity.cx.ua/chunk-NUXSP4TM.js 10:45939 "ERROR" TypeError: Cannot read properties of null (reading 'setValue')
    at n.quillContentChanged (https://www.greencity.cx.ua/chunk-VNNOUBDJ.js:1:16043)
    at https://www.greencity.cx.ua/chunk-VNNOUBDJ.js:1:7223
    at eE (https://www.greencity.cx.ua/chunk-NUXSP4TM.js:11:76097)
    at Object.o [as next] (https://www.greencity.cx.ua/chunk-NUXSP4TM.js:11:76277)
    at bv.next (https://www.greencity.cx.ua/chunk-NUXSP4TM.js:7:3120)
    at Fr._next (https://www.greencity.cx.ua/chunk-NUXSP4TM.js:7:2803)
    at Fr.next (https://www.greencity.cx.ua/chunk-NUXSP4TM.js:7:2530)
    at https://www.greencity.cx.ua/chunk-NUXSP4TM.js:7:7848
    at Ac (https://www.greencity.cx.ua/chunk-NUXSP4TM.js:7:2222)
    at S0.next (https://www.greencity.cx.ua/chunk-NUXSP4TM.js:7:7687), [2026-03-13T19:20:32.658Z] [SEVERE] https://www.greencity.cx.ua/chunk-NUXSP4TM.js 10:45939 "ERROR" TypeError: Cannot read properties of null (reading 'setValue')
    at n.quillContentChanged (https://www.greencity.cx.ua/chunk-VNNOUBDJ.js:1:16043)
    at https://www.greencity.cx.ua/chunk-VNNOUBDJ.js:1:7223
    at eE (https://www.greencity.cx.ua/chunk-NUXSP4TM.js:11:76097)
    at Object.o [as next] (https://www.greencity.cx.ua/chunk-NUXSP4TM.js:11:76277)
    at bv.next (https://www.greencity.cx.ua/chunk-NUXSP4TM.js:7:3120)
    at Fr._next (https://www.greencity.cx.ua/chunk-NUXSP4TM.js:7:2803)
    at Fr.next (https://www.greencity.cx.ua/chunk-NUXSP4TM.js:7:2530)
    at https://www.greencity.cx.ua/chunk-NUXSP4TM.js:7:7848
    at Ac (https://www.greencity.cx.ua/chunk-NUXSP4TM.js:7:2222)
    at S0.next (https://www.greencity.cx.ua/chunk-NUXSP4TM.js:7:7687), [2026-03-13T19:20:32.661Z] [SEVERE] https://www.greencity.cx.ua/chunk-NUXSP4TM.js 10:45939 "ERROR" TypeError: Cannot read properties of null (reading 'setValue')
    at n.quillContentChanged (https://www.greencity.cx.ua/chunk-VNNOUBDJ.js:1:16043)
    at https://www.greencity.cx.ua/chunk-VNNOUBDJ.js:1:7223
    at eE (https://www.greencity.cx.ua/chunk-NUXSP4TM.js:11:76097)
    at Object.o [as next] (https://www.greencity.cx.ua/chunk-NUXSP4TM.js:11:76277)
    at bv.next (https://www.greencity.cx.ua/chunk-NUXSP4TM.js:7:3120)
    at Fr._next (https://www.greencity.cx.ua/chunk-NUXSP4TM.js:7:2803)
    at Fr.next (https://www.greencity.cx.ua/chunk-NUXSP4TM.js:7:2530)
    at https://www.greencity.cx.ua/chunk-NUXSP4TM.js:7:7848
    at Ac (https://www.greencity.cx.ua/chunk-NUXSP4TM.js:7:2222)
    at S0.next (https://www.greencity.cx.ua/chunk-NUXSP4TM.js:7:7687), [2026-03-13T19:20:32.664Z] [SEVERE] https://www.greencity.cx.ua/chunk-NUXSP4TM.js 10:45939 "ERROR" TypeError: Cannot read properties of null (reading 'setValue')
    at n.quillContentChanged (https://www.greencity.cx.ua/chunk-VNNOUBDJ.js:1:16043)
    at https://www.greencity.cx.ua/chunk-VNNOUBDJ.js:1:7223
    at eE (https://www.greencity.cx.ua/chunk-NUXSP4TM.js:11:76097)
    at Object.o [as next] (https://www.greencity.cx.ua/chunk-NUXSP4TM.js:11:76277)
    at bv.next (https://www.greencity.cx.ua/chunk-NUXSP4TM.js:7:3120)
    at Fr._next (https://www.greencity.cx.ua/chunk-NUXSP4TM.js:7:2803)
    at Fr.next (https://www.greencity.cx.ua/chunk-NUXSP4TM.js:7:2530)
    at https://www.greencity.cx.ua/chunk-NUXSP4TM.js:7:7848
    at Ac (https://www.greencity.cx.ua/chunk-NUXSP4TM.js:7:2222)
    at S0.next (https://www.greencity.cx.ua/chunk-NUXSP4TM.js:7:7687), [2026-03-13T19:20:32.667Z] [SEVERE] https://www.greencity.cx.ua/chunk-NUXSP4TM.js 10:45939 "ERROR" TypeError: Cannot read properties of null (reading 'setValue')
    at n.quillContentChanged (https://www.greencity.cx.ua/chunk-VNNOUBDJ.js:1:16043)
    at https://www.greencity.cx.ua/chunk-VNNOUBDJ.js:1:7223
    at eE (https://www.greencity.cx.ua/chunk-NUXSP4TM.js:11:76097)
    at Object.o [as next] (https://www.greencity.cx.ua/chunk-NUXSP4TM.js:11:76277)
    at bv.next (https://www.greencity.cx.ua/chunk-NUXSP4TM.js:7:3120)
    at Fr._next (https://www.greencity.cx.ua/chunk-NUXSP4TM.js:7:2803)
    at Fr.next (https://www.greencity.cx.ua/chunk-NUXSP4TM.js:7:2530)
    at https://www.greencity.cx.ua/chunk-NUXSP4TM.js:7:7848
    at Ac (https://www.greencity.cx.ua/chunk-NUXSP4TM.js:7:2222)
    at S0.next (https://www.greencity.cx.ua/chunk-NUXSP4TM.js:7:7687), [2026-03-13T19:20:32.670Z] [SEVERE] https://www.greencity.cx.ua/chunk-NUXSP4TM.js 10:45939 "ERROR" TypeError: Cannot read properties of null (reading 'setValue')
    at n.quillContentChanged (https://www.greencity.cx.ua/chunk-VNNOUBDJ.js:1:16043)
    at https://www.greencity.cx.ua/chunk-VNNOUBDJ.js:1:7223
    at eE (https://www.greencity.cx.ua/chunk-NUXSP4TM.js:11:76097)
    at Object.o [as next] (https://www.greencity.cx.ua/chunk-NUXSP4TM.js:11:76277)
    at bv.next (https://www.greencity.cx.ua/chunk-NUXSP4TM.js:7:3120)
    at Fr._next (https://www.greencity.cx.ua/chunk-NUXSP4TM.js:7:2803)
    at Fr.next (https://www.greencity.cx.ua/chunk-NUXSP4TM.js:7:2530)
    at https://www.greencity.cx.ua/chunk-NUXSP4TM.js:7:7848
    at Ac (https://www.greencity.cx.ua/chunk-NUXSP4TM.js:7:2222)
    at S0.next (https://www.greencity.cx.ua/chunk-NUXSP4TM.js:7:7687), [2026-03-13T19:20:32.672Z] [SEVERE] https://www.greencity.cx.ua/chunk-NUXSP4TM.js 10:45939 "ERROR" TypeError: Cannot read properties of null (reading 'setValue')
    at n.quillContentChanged (https://www.greencity.cx.ua/chunk-VNNOUBDJ.js:1:16043)
    at https://www.greencity.cx.ua/chunk-VNNOUBDJ.js:1:7223
    at eE (https://www.greencity.cx.ua/chunk-NUXSP4TM.js:11:76097)
    at Object.o [as next] (https://www.greencity.cx.ua/chunk-NUXSP4TM.js:11:76277)
    at bv.next (https://www.greencity.cx.ua/chunk-NUXSP4TM.js:7:3120)
    at Fr._next (https://www.greencity.cx.ua/chunk-NUXSP4TM.js:7:2803)
    at Fr.next (https://www.greencity.cx.ua/chunk-NUXSP4TM.js:7:2530)
    at https://www.greencity.cx.ua/chunk-NUXSP4TM.js:7:7848
    at Ac (https://www.greencity.cx.ua/chunk-NUXSP4TM.js:7:2222)
    at S0.next (https://www.greencity.cx.ua/chunk-NUXSP4TM.js:7:7687), [2026-03-13T19:20:32.675Z] [SEVERE] https://www.greencity.cx.ua/chunk-NUXSP4TM.js 10:45939 "ERROR" TypeError: Cannot read properties of null (reading 'setValue')
    at n.quillContentChanged (https://www.greencity.cx.ua/chunk-VNNOUBDJ.js:1:16043)
    at https://www.greencity.cx.ua/chunk-VNNOUBDJ.js:1:7223
    at eE (https://www.greencity.cx.ua/chunk-NUXSP4TM.js:11:76097)
    at Object.o [as next] (https://www.greencity.cx.ua/chunk-NUXSP4TM.js:11:76277)
    at bv.next (https://www.greencity.cx.ua/chunk-NUXSP4TM.js:7:3120)
    at Fr._next (https://www.greencity.cx.ua/chunk-NUXSP4TM.js:7:2803)
    at Fr.next (https://www.greencity.cx.ua/chunk-NUXSP4TM.js:7:2530)
    at https://www.greencity.cx.ua/chunk-NUXSP4TM.js:7:7848
    at Ac (https://www.greencity.cx.ua/chunk-NUXSP4TM.js:7:2222)
    at S0.next (https://www.greencity.cx.ua/chunk-NUXSP4TM.js:7:7687), [2026-03-13T19:20:32.677Z] [SEVERE] https://www.greencity.cx.ua/chunk-NUXSP4TM.js 10:45939 "ERROR" TypeError: Cannot read properties of null (reading 'setValue')
    at n.quillContentChanged (https://www.greencity.cx.ua/chunk-VNNOUBDJ.js:1:16043)
    at https://www.greencity.cx.ua/chunk-VNNOUBDJ.js:1:7223
    at eE (https://www.greencity.cx.ua/chunk-NUXSP4TM.js:11:76097)
    at Object.o [as next] (https://www.greencity.cx.ua/chunk-NUXSP4TM.js:11:76277)
    at bv.next (https://www.greencity.cx.ua/chunk-NUXSP4TM.js:7:3120)
    at Fr._next (https://www.greencity.cx.ua/chunk-NUXSP4TM.js:7:2803)
    at Fr.next (https://www.greencity.cx.ua/chunk-NUXSP4TM.js:7:2530)
    at https://www.greencity.cx.ua/chunk-NUXSP4TM.js:7:7848
    at Ac (https://www.greencity.cx.ua/chunk-NUXSP4TM.js:7:2222)
    at S0.next (https://www.greencity.cx.ua/chunk-NUXSP4TM.js:7:7687), [2026-03-13T19:20:32.680Z] [SEVERE] https://www.greencity.cx.ua/chunk-NUXSP4TM.js 10:45939 "ERROR" TypeError: Cannot read properties of null (reading 'setValue')
    at n.quillContentChanged (https://www.greencity.cx.ua/chunk-VNNOUBDJ.js:1:16043)
    at https://www.greencity.cx.ua/chunk-VNNOUBDJ.js:1:7223
    at eE (https://www.greencity.cx.ua/chunk-NUXSP4TM.js:11:76097)
    at Object.o [as next] (https://www.greencity.cx.ua/chunk-NUXSP4TM.js:11:76277)
    at bv.next (https://www.greencity.cx.ua/chunk-NUXSP4TM.js:7:3120)
    at Fr._next (https://www.greencity.cx.ua/chunk-NUXSP4TM.js:7:2803)
    at Fr.next (https://www.greencity.cx.ua/chunk-NUXSP4TM.js:7:2530)
    at https://www.greencity.cx.ua/chunk-NUXSP4TM.js:7:7848
    at Ac (https://www.greencity.cx.ua/chunk-NUXSP4TM.js:7:2222)
    at S0.next (https://www.greencity.cx.ua/chunk-NUXSP4TM.js:7:7687), [2026-03-13T19:20:32.682Z] [SEVERE] https://www.greencity.cx.ua/chunk-NUXSP4TM.js 10:45939 "ERROR" TypeError: Cannot read properties of null (reading 'setValue')
    at n.quillContentChanged (https://www.greencity.cx.ua/chunk-VNNOUBDJ.js:1:16043)
    at https://www.greencity.cx.ua/chunk-VNNOUBDJ.js:1:7223
    at eE (https://www.greencity.cx.ua/chunk-NUXSP4TM.js:11:76097)
    at Object.o [as next] (https://www.greencity.cx.ua/chunk-NUXSP4TM.js:11:76277)
    at bv.next (https://www.greencity.cx.ua/chunk-NUXSP4TM.js:7:3120)
    at Fr._next (https://www.greencity.cx.ua/chunk-NUXSP4TM.js:7:2803)
    at Fr.next (https://www.greencity.cx.ua/chunk-NUXSP4TM.js:7:2530)
    at https://www.greencity.cx.ua/chunk-NUXSP4TM.js:7:7848
    at Ac (https://www.greencity.cx.ua/chunk-NUXSP4TM.js:7:2222)
    at S0.next (https://www.greencity.cx.ua/chunk-NUXSP4TM.js:7:7687), [2026-03-13T19:20:32.685Z] [SEVERE] https://www.greencity.cx.ua/chunk-NUXSP4TM.js 10:45939 "ERROR" TypeError: Cannot read properties of null (reading 'setValue')
    at n.quillContentChanged (https://www.greencity.cx.ua/chunk-VNNOUBDJ.js:1:16043)
    at https://www.greencity.cx.ua/chunk-VNNOUBDJ.js:1:7223
    at eE (https://www.greencity.cx.ua/chunk-NUXSP4TM.js:11:76097)
    at Object.o [as next] (https://www.greencity.cx.ua/chunk-NUXSP4TM.js:11:76277)
    at bv.next (https://www.greencity.cx.ua/chunk-NUXSP4TM.js:7:3120)
    at Fr._next (https://www.greencity.cx.ua/chunk-NUXSP4TM.js:7:2803)
    at Fr.next (https://www.greencity.cx.ua/chunk-NUXSP4TM.js:7:2530)
    at https://www.greencity.cx.ua/chunk-NUXSP4TM.js:7:7848
    at Ac (https://www.greencity.cx.ua/chunk-NUXSP4TM.js:7:2222)
    at S0.next (https://www.greencity.cx.ua/chunk-NUXSP4TM.js:7:7687), [2026-03-13T19:20:32.687Z] [SEVERE] https://www.greencity.cx.ua/chunk-NUXSP4TM.js 10:45939 "ERROR" TypeError: Cannot read properties of null (reading 'setValue')
    at n.quillContentChanged (https://www.greencity.cx.ua/chunk-VNNOUBDJ.js:1:16043)
    at https://www.greencity.cx.ua/chunk-VNNOUBDJ.js:1:7223
    at eE (https://www.greencity.cx.ua/chunk-NUXSP4TM.js:11:76097)
    at Object.o [as next] (https://www.greencity.cx.ua/chunk-NUXSP4TM.js:11:76277)
    at bv.next (https://www.greencity.cx.ua/chunk-NUXSP4TM.js:7:3120)
    at Fr._next (https://www.greencity.cx.ua/chunk-NUXSP4TM.js:7:2803)
    at Fr.next (https://www.greencity.cx.ua/chunk-NUXSP4TM.js:7:2530)
    at https://www.greencity.cx.ua/chunk-NUXSP4TM.js:7:7848
    at Ac (https://www.greencity.cx.ua/chunk-NUXSP4TM.js:7:2222)
    at S0.next (https://www.greencity.cx.ua/chunk-NUXSP4TM.js:7:7687), [2026-03-13T19:20:32.690Z] [SEVERE] https://www.greencity.cx.ua/chunk-NUXSP4TM.js 10:45939 "ERROR" TypeError: Cannot read properties of null (reading 'setValue')
    at n.quillContentChanged (https://www.greencity.cx.ua/chunk-VNNOUBDJ.js:1:16043)
    at https://www.greencity.cx.ua/chunk-VNNOUBDJ.js:1:7223
    at eE (https://www.greencity.cx.ua/chunk-NUXSP4TM.js:11:76097)
    at Object.o [as next] (https://www.greencity.cx.ua/chunk-NUXSP4TM.js:11:76277)
    at bv.next (https://www.greencity.cx.ua/chunk-NUXSP4TM.js:7:3120)
    at Fr._next (https://www.greencity.cx.ua/chunk-NUXSP4TM.js:7:2803)
    at Fr.next (https://www.greencity.cx.ua/chunk-NUXSP4TM.js:7:2530)
    at https://www.greencity.cx.ua/chunk-NUXSP4TM.js:7:7848
    at Ac (https://www.greencity.cx.ua/chunk-NUXSP4TM.js:7:2222)
    at S0.next (https://www.greencity.cx.ua/chunk-NUXSP4TM.js:7:7687), [2026-03-13T19:20:32.692Z] [SEVERE] https://www.greencity.cx.ua/chunk-NUXSP4TM.js 10:45939 "ERROR" TypeError: Cannot read properties of null (reading 'setValue')
    at n.quillContentChanged (https://www.greencity.cx.ua/chunk-VNNOUBDJ.js:1:16043)
    at https://www.greencity.cx.ua/chunk-VNNOUBDJ.js:1:7223
    at eE (https://www.greencity.cx.ua/chunk-NUXSP4TM.js:11:76097)
    at Object.o [as next] (https://www.greencity.cx.ua/chunk-NUXSP4TM.js:11:76277)
    at bv.next (https://www.greencity.cx.ua/chunk-NUXSP4TM.js:7:3120)
    at Fr._next (https://www.greencity.cx.ua/chunk-NUXSP4TM.js:7:2803)
    at Fr.next (https://www.greencity.cx.ua/chunk-NUXSP4TM.js:7:2530)
    at https://www.greencity.cx.ua/chunk-NUXSP4TM.js:7:7848
    at Ac (https://www.greencity.cx.ua/chunk-NUXSP4TM.js:7:2222)
    at S0.next (https://www.greencity.cx.ua/chunk-NUXSP4TM.js:7:7687), [2026-03-13T19:20:32.770Z] [SEVERE] https://www.greencity.cx.ua/chunk-NUXSP4TM.js 10:45939 "ERROR" TypeError: Cannot read properties of null (reading 'setValue')
    at n.quillContentChanged (https://www.greencity.cx.ua/chunk-VNNOUBDJ.js:1:16043)
    at https://www.greencity.cx.ua/chunk-VNNOUBDJ.js:1:7223
    at eE (https://www.greencity.cx.ua/chunk-NUXSP4TM.js:11:76097)
    at Object.o [as next] (https://www.greencity.cx.ua/chunk-NUXSP4TM.js:11:76277)
    at bv.next (https://www.greencity.cx.ua/chunk-NUXSP4TM.js:7:3120)
    at Fr._next (https://www.greencity.cx.ua/chunk-NUXSP4TM.js:7:2803)
    at Fr.next (https://www.greencity.cx.ua/chunk-NUXSP4TM.js:7:2530)
    at https://www.greencity.cx.ua/chunk-NUXSP4TM.js:7:7848
    at Ac (https://www.greencity.cx.ua/chunk-NUXSP4TM.js:7:2222)
    at S0.next (https://www.greencity.cx.ua/chunk-NUXSP4TM.js:7:7687), [2026-03-13T19:20:32.838Z] [SEVERE] https://www.greencity.cx.ua/chunk-NUXSP4TM.js 10:45939 "ERROR" TypeError: Cannot read properties of null (reading 'setValue')
    at n.quillContentChanged (https://www.greencity.cx.ua/chunk-VNNOUBDJ.js:1:16043)
    at https://www.greencity.cx.ua/chunk-VNNOUBDJ.js:1:7223
    at eE (https://www.greencity.cx.ua/chunk-NUXSP4TM.js:11:76097)
    at Object.o [as next] (https://www.greencity.cx.ua/chunk-NUXSP4TM.js:11:76277)
    at bv.next (https://www.greencity.cx.ua/chunk-NUXSP4TM.js:7:3120)
    at Fr._next (https://www.greencity.cx.ua/chunk-NUXSP4TM.js:7:2803)
    at Fr.next (https://www.greencity.cx.ua/chunk-NUXSP4TM.js:7:2530)
    at https://www.greencity.cx.ua/chunk-NUXSP4TM.js:7:7848
    at Ac (https://www.greencity.cx.ua/chunk-NUXSP4TM.js:7:2222)
    at S0.next (https://www.greencity.cx.ua/chunk-NUXSP4TM.js:7:7687), [2026-03-13T19:20:32.838Z] [SEVERE] https://www.greencity.cx.ua/chunk-NUXSP4TM.js 10:45939 "ERROR" TypeError: Cannot read properties of null (reading 'setValue')
    at n.quillContentChanged (https://www.greencity.cx.ua/chunk-VNNOUBDJ.js:1:16043)
    at https://www.greencity.cx.ua/chunk-VNNOUBDJ.js:1:7223
    at eE (https://www.greencity.cx.ua/chunk-NUXSP4TM.js:11:76097)
    at Object.o [as next] (https://www.greencity.cx.ua/chunk-NUXSP4TM.js:11:76277)
    at bv.next (https://www.greencity.cx.ua/chunk-NUXSP4TM.js:7:3120)
    at Fr._next (https://www.greencity.cx.ua/chunk-NUXSP4TM.js:7:2803)
    at Fr.next (https://www.greencity.cx.ua/chunk-NUXSP4TM.js:7:2530)
    at https://www.greencity.cx.ua/chunk-NUXSP4TM.js:7:7848
    at Ac (https://www.greencity.cx.ua/chunk-NUXSP4TM.js:7:2222)
    at S0.next (https://www.greencity.cx.ua/chunk-NUXSP4TM.js:7:7687), [2026-03-13T19:20:32.838Z] [SEVERE] https://www.greencity.cx.ua/chunk-NUXSP4TM.js 10:45939 "ERROR" TypeError: Cannot read properties of null (reading 'setValue')
    at n.quillContentChanged (https://www.greencity.cx.ua/chunk-VNNOUBDJ.js:1:16043)
    at https://www.greencity.cx.ua/chunk-VNNOUBDJ.js:1:7223
    at eE (https://www.greencity.cx.ua/chunk-NUXSP4TM.js:11:76097)
    at Object.o [as next] (https://www.greencity.cx.ua/chunk-NUXSP4TM.js:11:76277)
    at bv.next (https://www.greencity.cx.ua/chunk-NUXSP4TM.js:7:3120)
    at Fr._next (https://www.greencity.cx.ua/chunk-NUXSP4TM.js:7:2803)
    at Fr.next (https://www.greencity.cx.ua/chunk-NUXSP4TM.js:7:2530)
    at https://www.greencity.cx.ua/chunk-NUXSP4TM.js:7:7848
    at Ac (https://www.greencity.cx.ua/chunk-NUXSP4TM.js:7:2222)
    at S0.next (https://www.greencity.cx.ua/chunk-NUXSP4TM.js:7:7687), [2026-03-13T19:20:32.838Z] [SEVERE] https://www.greencity.cx.ua/chunk-NUXSP4TM.js 10:45939 "ERROR" TypeError: Cannot read properties of null (reading 'setValue')
    at n.quillContentChanged (https://www.greencity.cx.ua/chunk-VNNOUBDJ.js:1:16043)
    at https://www.greencity.cx.ua/chunk-VNNOUBDJ.js:1:7223
    at eE (https://www.greencity.cx.ua/chunk-NUXSP4TM.js:11:76097)
    at Object.o [as next] (https://www.greencity.cx.ua/chunk-NUXSP4TM.js:11:76277)
    at bv.next (https://www.greencity.cx.ua/chunk-NUXSP4TM.js:7:3120)
    at Fr._next (https://www.greencity.cx.ua/chunk-NUXSP4TM.js:7:2803)
    at Fr.next (https://www.greencity.cx.ua/chunk-NUXSP4TM.js:7:2530)
    at https://www.greencity.cx.ua/chunk-NUXSP4TM.js:7:7848
    at Ac (https://www.greencity.cx.ua/chunk-NUXSP4TM.js:7:2222)
    at S0.next (https://www.greencity.cx.ua/chunk-NUXSP4TM.js:7:7687), [2026-03-13T19:20:32.841Z] [SEVERE] https://www.greencity.cx.ua/chunk-NUXSP4TM.js 10:45939 "ERROR" TypeError: Cannot read properties of null (reading 'setValue')
    at n.quillContentChanged (https://www.greencity.cx.ua/chunk-VNNOUBDJ.js:1:16043)
    at https://www.greencity.cx.ua/chunk-VNNOUBDJ.js:1:7223
    at eE (https://www.greencity.cx.ua/chunk-NUXSP4TM.js:11:76097)
    at Object.o [as next] (https://www.greencity.cx.ua/chunk-NUXSP4TM.js:11:76277)
    at bv.next (https://www.greencity.cx.ua/chunk-NUXSP4TM.js:7:3120)
    at Fr._next (https://www.greencity.cx.ua/chunk-NUXSP4TM.js:7:2803)
    at Fr.next (https://www.greencity.cx.ua/chunk-NUXSP4TM.js:7:2530)
    at https://www.greencity.cx.ua/chunk-NUXSP4TM.js:7:7848
    at Ac (https://www.greencity.cx.ua/chunk-NUXSP4TM.js:7:2222)
    at S0.next (https://www.greencity.cx.ua/chunk-NUXSP4TM.js:7:7687), [2026-03-13T19:20:32.843Z] [SEVERE] https://www.greencity.cx.ua/chunk-NUXSP4TM.js 10:45939 "ERROR" TypeError: Cannot read properties of null (reading 'setValue')
    at n.quillContentChanged (https://www.greencity.cx.ua/chunk-VNNOUBDJ.js:1:16043)
    at https://www.greencity.cx.ua/chunk-VNNOUBDJ.js:1:7223
    at eE (https://www.greencity.cx.ua/chunk-NUXSP4TM.js:11:76097)
    at Object.o [as next] (https://www.greencity.cx.ua/chunk-NUXSP4TM.js:11:76277)
    at bv.next (https://www.greencity.cx.ua/chunk-NUXSP4TM.js:7:3120)
    at Fr._next (https://www.greencity.cx.ua/chunk-NUXSP4TM.js:7:2803)
    at Fr.next (https://www.greencity.cx.ua/chunk-NUXSP4TM.js:7:2530)
    at https://www.greencity.cx.ua/chunk-NUXSP4TM.js:7:7848
    at Ac (https://www.greencity.cx.ua/chunk-NUXSP4TM.js:7:2222)
    at S0.next (https://www.greencity.cx.ua/chunk-NUXSP4TM.js:7:7687), [2026-03-13T19:20:32.845Z] [SEVERE] https://www.greencity.cx.ua/chunk-NUXSP4TM.js 10:45939 "ERROR" TypeError: Cannot read properties of null (reading 'setValue')
    at n.quillContentChanged (https://www.greencity.cx.ua/chunk-VNNOUBDJ.js:1:16043)
    at https://www.greencity.cx.ua/chunk-VNNOUBDJ.js:1:7223
    at eE (https://www.greencity.cx.ua/chunk-NUXSP4TM.js:11:76097)
    at Object.o [as next] (https://www.greencity.cx.ua/chunk-NUXSP4TM.js:11:76277)
    at bv.next (https://www.greencity.cx.ua/chunk-NUXSP4TM.js:7:3120)
    at Fr._next (https://www.greencity.cx.ua/chunk-NUXSP4TM.js:7:2803)
    at Fr.next (https://www.greencity.cx.ua/chunk-NUXSP4TM.js:7:2530)
    at https://www.greencity.cx.ua/chunk-NUXSP4TM.js:7:7848
    at Ac (https://www.greencity.cx.ua/chunk-NUXSP4TM.js:7:2222)
    at S0.next (https://www.greencity.cx.ua/chunk-NUXSP4TM.js:7:7687), [2026-03-13T19:20:32.848Z] [SEVERE] https://www.greencity.cx.ua/chunk-NUXSP4TM.js 10:45939 "ERROR" TypeError: Cannot read properties of null (reading 'setValue')
    at n.quillContentChanged (https://www.greencity.cx.ua/chunk-VNNOUBDJ.js:1:16043)
    at https://www.greencity.cx.ua/chunk-VNNOUBDJ.js:1:7223
    at eE (https://www.greencity.cx.ua/chunk-NUXSP4TM.js:11:76097)
    at Object.o [as next] (https://www.greencity.cx.ua/chunk-NUXSP4TM.js:11:76277)
    at bv.next (https://www.greencity.cx.ua/chunk-NUXSP4TM.js:7:3120)
    at Fr._next (https://www.greencity.cx.ua/chunk-NUXSP4TM.js:7:2803)
    at Fr.next (https://www.greencity.cx.ua/chunk-NUXSP4TM.js:7:2530)
    at https://www.greencity.cx.ua/chunk-NUXSP4TM.js:7:7848
    at Ac (https://www.greencity.cx.ua/chunk-NUXSP4TM.js:7:2222)
    at S0.next (https://www.greencity.cx.ua/chunk-NUXSP4TM.js:7:7687), [2026-03-13T19:20:32.850Z] [SEVERE] https://www.greencity.cx.ua/chunk-NUXSP4TM.js 10:45939 "ERROR" TypeError: Cannot read properties of null (reading 'setValue')
    at n.quillContentChanged (https://www.greencity.cx.ua/chunk-VNNOUBDJ.js:1:16043)
    at https://www.greencity.cx.ua/chunk-VNNOUBDJ.js:1:7223
    at eE (https://www.greencity.cx.ua/chunk-NUXSP4TM.js:11:76097)
    at Object.o [as next] (https://www.greencity.cx.ua/chunk-NUXSP4TM.js:11:76277)
    at bv.next (https://www.greencity.cx.ua/chunk-NUXSP4TM.js:7:3120)
    at Fr._next (https://www.greencity.cx.ua/chunk-NUXSP4TM.js:7:2803)
    at Fr.next (https://www.greencity.cx.ua/chunk-NUXSP4TM.js:7:2530)
    at https://www.greencity.cx.ua/chunk-NUXSP4TM.js:7:7848
    at Ac (https://www.greencity.cx.ua/chunk-NUXSP4TM.js:7:2222)
    at S0.next (https://www.greencity.cx.ua/chunk-NUXSP4TM.js:7:7687), [2026-03-13T19:20:32.853Z] [SEVERE] https://www.greencity.cx.ua/chunk-NUXSP4TM.js 10:45939 "ERROR" TypeError: Cannot read properties of null (reading 'setValue')
    at n.quillContentChanged (https://www.greencity.cx.ua/chunk-VNNOUBDJ.js:1:16043)
    at https://www.greencity.cx.ua/chunk-VNNOUBDJ.js:1:7223
    at eE (https://www.greencity.cx.ua/chunk-NUXSP4TM.js:11:76097)
    at Object.o [as next] (https://www.greencity.cx.ua/chunk-NUXSP4TM.js:11:76277)
    at bv.next (https://www.greencity.cx.ua/chunk-NUXSP4TM.js:7:3120)
    at Fr._next (https://www.greencity.cx.ua/chunk-NUXSP4TM.js:7:2803)
    at Fr.next (https://www.greencity.cx.ua/chunk-NUXSP4TM.js:7:2530)
    at https://www.greencity.cx.ua/chunk-NUXSP4TM.js:7:7848
    at Ac (https://www.greencity.cx.ua/chunk-NUXSP4TM.js:7:2222)
    at S0.next (https://www.greencity.cx.ua/chunk-NUXSP4TM.js:7:7687), [2026-03-13T19:20:32.855Z] [SEVERE] https://www.greencity.cx.ua/chunk-NUXSP4TM.js 10:45939 "ERROR" TypeError: Cannot read properties of null (reading 'setValue')
    at n.quillContentChanged (https://www.greencity.cx.ua/chunk-VNNOUBDJ.js:1:16043)
    at https://www.greencity.cx.ua/chunk-VNNOUBDJ.js:1:7223
    at eE (https://www.greencity.cx.ua/chunk-NUXSP4TM.js:11:76097)
    at Object.o [as next] (https://www.greencity.cx.ua/chunk-NUXSP4TM.js:11:76277)
    at bv.next (https://www.greencity.cx.ua/chunk-NUXSP4TM.js:7:3120)
    at Fr._next (https://www.greencity.cx.ua/chunk-NUXSP4TM.js:7:2803)
    at Fr.next (https://www.greencity.cx.ua/chunk-NUXSP4TM.js:7:2530)
    at https://www.greencity.cx.ua/chunk-NUXSP4TM.js:7:7848
    at Ac (https://www.greencity.cx.ua/chunk-NUXSP4TM.js:7:2222)
    at S0.next (https://www.greencity.cx.ua/chunk-NUXSP4TM.js:7:7687), [2026-03-13T19:20:32.857Z] [SEVERE] https://www.greencity.cx.ua/chunk-NUXSP4TM.js 10:45939 "ERROR" TypeError: Cannot read properties of null (reading 'setValue')
    at n.quillContentChanged (https://www.greencity.cx.ua/chunk-VNNOUBDJ.js:1:16043)
    at https://www.greencity.cx.ua/chunk-VNNOUBDJ.js:1:7223
    at eE (https://www.greencity.cx.ua/chunk-NUXSP4TM.js:11:76097)
    at Object.o [as next] (https://www.greencity.cx.ua/chunk-NUXSP4TM.js:11:76277)
    at bv.next (https://www.greencity.cx.ua/chunk-NUXSP4TM.js:7:3120)
    at Fr._next (https://www.greencity.cx.ua/chunk-NUXSP4TM.js:7:2803)
    at Fr.next (https://www.greencity.cx.ua/chunk-NUXSP4TM.js:7:2530)
    at https://www.greencity.cx.ua/chunk-NUXSP4TM.js:7:7848
    at Ac (https://www.greencity.cx.ua/chunk-NUXSP4TM.js:7:2222)
    at S0.next (https://www.greencity.cx.ua/chunk-NUXSP4TM.js:7:7687), [2026-03-13T19:20:32.860Z] [SEVERE] https://www.greencity.cx.ua/chunk-NUXSP4TM.js 10:45939 "ERROR" TypeError: Cannot read properties of null (reading 'setValue')
    at n.quillContentChanged (https://www.greencity.cx.ua/chunk-VNNOUBDJ.js:1:16043)
    at https://www.greencity.cx.ua/chunk-VNNOUBDJ.js:1:7223
    at eE (https://www.greencity.cx.ua/chunk-NUXSP4TM.js:11:76097)
    at Object.o [as next] (https://www.greencity.cx.ua/chunk-NUXSP4TM.js:11:76277)
    at bv.next (https://www.greencity.cx.ua/chunk-NUXSP4TM.js:7:3120)
    at Fr._next (https://www.greencity.cx.ua/chunk-NUXSP4TM.js:7:2803)
    at Fr.next (https://www.greencity.cx.ua/chunk-NUXSP4TM.js:7:2530)
    at https://www.greencity.cx.ua/chunk-NUXSP4TM.js:7:7848
    at Ac (https://www.greencity.cx.ua/chunk-NUXSP4TM.js:7:2222)
    at S0.next (https://www.greencity.cx.ua/chunk-NUXSP4TM.js:7:7687), [2026-03-13T19:20:32.863Z] [SEVERE] https://www.greencity.cx.ua/chunk-NUXSP4TM.js 10:45939 "ERROR" TypeError: Cannot read properties of null (reading 'setValue')
    at n.quillContentChanged (https://www.greencity.cx.ua/chunk-VNNOUBDJ.js:1:16043)
    at https://www.greencity.cx.ua/chunk-VNNOUBDJ.js:1:7223
    at eE (https://www.greencity.cx.ua/chunk-NUXSP4TM.js:11:76097)
    at Object.o [as next] (https://www.greencity.cx.ua/chunk-NUXSP4TM.js:11:76277)
    at bv.next (https://www.greencity.cx.ua/chunk-NUXSP4TM.js:7:3120)
    at Fr._next (https://www.greencity.cx.ua/chunk-NUXSP4TM.js:7:2803)
    at Fr.next (https://www.greencity.cx.ua/chunk-NUXSP4TM.js:7:2530)
    at https://www.greencity.cx.ua/chunk-NUXSP4TM.js:7:7848
    at Ac (https://www.greencity.cx.ua/chunk-NUXSP4TM.js:7:2222)
    at S0.next (https://www.greencity.cx.ua/chunk-NUXSP4TM.js:7:7687), [2026-03-13T19:20:32.865Z] [SEVERE] https://www.greencity.cx.ua/chunk-NUXSP4TM.js 10:45939 "ERROR" TypeError: Cannot read properties of null (reading 'setValue')
    at n.quillContentChanged (https://www.greencity.cx.ua/chunk-VNNOUBDJ.js:1:16043)
    at https://www.greencity.cx.ua/chunk-VNNOUBDJ.js:1:7223
    at eE (https://www.greencity.cx.ua/chunk-NUXSP4TM.js:11:76097)
    at Object.o [as next] (https://www.greencity.cx.ua/chunk-NUXSP4TM.js:11:76277)
    at bv.next (https://www.greencity.cx.ua/chunk-NUXSP4TM.js:7:3120)
    at Fr._next (https://www.greencity.cx.ua/chunk-NUXSP4TM.js:7:2803)
    at Fr.next (https://www.greencity.cx.ua/chunk-NUXSP4TM.js:7:2530)
    at https://www.greencity.cx.ua/chunk-NUXSP4TM.js:7:7848
    at Ac (https://www.greencity.cx.ua/chunk-NUXSP4TM.js:7:2222)
    at S0.next (https://www.greencity.cx.ua/chunk-NUXSP4TM.js:7:7687), [2026-03-13T19:20:32.867Z] [SEVERE] https://www.greencity.cx.ua/chunk-NUXSP4TM.js 10:45939 "ERROR" TypeError: Cannot read properties of null (reading 'setValue')
    at n.quillContentChanged (https://www.greencity.cx.ua/chunk-VNNOUBDJ.js:1:16043)
    at https://www.greencity.cx.ua/chunk-VNNOUBDJ.js:1:7223
    at eE (https://www.greencity.cx.ua/chunk-NUXSP4TM.js:11:76097)
    at Object.o [as next] (https://www.greencity.cx.ua/chunk-NUXSP4TM.js:11:76277)
    at bv.next (https://www.greencity.cx.ua/chunk-NUXSP4TM.js:7:3120)
    at Fr._next (https://www.greencity.cx.ua/chunk-NUXSP4TM.js:7:2803)
    at Fr.next (https://www.greencity.cx.ua/chunk-NUXSP4TM.js:7:2530)
    at https://www.greencity.cx.ua/chunk-NUXSP4TM.js:7:7848
    at Ac (https://www.greencity.cx.ua/chunk-NUXSP4TM.js:7:2222)
    at S0.next (https://www.greencity.cx.ua/chunk-NUXSP4TM.js:7:7687), [2026-03-13T19:20:32.870Z] [SEVERE] https://www.greencity.cx.ua/chunk-NUXSP4TM.js 10:45939 "ERROR" TypeError: Cannot read properties of null (reading 'setValue')
    at n.quillContentChanged (https://www.greencity.cx.ua/chunk-VNNOUBDJ.js:1:16043)
    at https://www.greencity.cx.ua/chunk-VNNOUBDJ.js:1:7223
    at eE (https://www.greencity.cx.ua/chunk-NUXSP4TM.js:11:76097)
    at Object.o [as next] (https://www.greencity.cx.ua/chunk-NUXSP4TM.js:11:76277)
    at bv.next (https://www.greencity.cx.ua/chunk-NUXSP4TM.js:7:3120)
    at Fr._next (https://www.greencity.cx.ua/chunk-NUXSP4TM.js:7:2803)
    at Fr.next (https://www.greencity.cx.ua/chunk-NUXSP4TM.js:7:2530)
    at https://www.greencity.cx.ua/chunk-NUXSP4TM.js:7:7848
    at Ac (https://www.greencity.cx.ua/chunk-NUXSP4TM.js:7:2222)
    at S0.next (https://www.greencity.cx.ua/chunk-NUXSP4TM.js:7:7687), [2026-03-13T19:20:32.872Z] [SEVERE] https://www.greencity.cx.ua/chunk-NUXSP4TM.js 10:45939 "ERROR" TypeError: Cannot read properties of null (reading 'setValue')
    at n.quillContentChanged (https://www.greencity.cx.ua/chunk-VNNOUBDJ.js:1:16043)
    at https://www.greencity.cx.ua/chunk-VNNOUBDJ.js:1:7223
    at eE (https://www.greencity.cx.ua/chunk-NUXSP4TM.js:11:76097)
    at Object.o [as next] (https://www.greencity.cx.ua/chunk-NUXSP4TM.js:11:76277)
    at bv.next (https://www.greencity.cx.ua/chunk-NUXSP4TM.js:7:3120)
    at Fr._next (https://www.greencity.cx.ua/chunk-NUXSP4TM.js:7:2803)
    at Fr.next (https://www.greencity.cx.ua/chunk-NUXSP4TM.js:7:2530)
    at https://www.greencity.cx.ua/chunk-NUXSP4TM.js:7:7848
    at Ac (https://www.greencity.cx.ua/chunk-NUXSP4TM.js:7:2222)
    at S0.next (https://www.greencity.cx.ua/chunk-NUXSP4TM.js:7:7687), [2026-03-13T19:20:32.875Z] [SEVERE] https://www.greencity.cx.ua/chunk-NUXSP4TM.js 10:45939 "ERROR" TypeError: Cannot read properties of null (reading 'setValue')
    at n.quillContentChanged (https://www.greencity.cx.ua/chunk-VNNOUBDJ.js:1:16043)
    at https://www.greencity.cx.ua/chunk-VNNOUBDJ.js:1:7223
    at eE (https://www.greencity.cx.ua/chunk-NUXSP4TM.js:11:76097)
    at Object.o [as next] (https://www.greencity.cx.ua/chunk-NUXSP4TM.js:11:76277)
    at bv.next (https://www.greencity.cx.ua/chunk-NUXSP4TM.js:7:3120)
    at Fr._next (https://www.greencity.cx.ua/chunk-NUXSP4TM.js:7:2803)
    at Fr.next (https://www.greencity.cx.ua/chunk-NUXSP4TM.js:7:2530)
    at https://www.greencity.cx.ua/chunk-NUXSP4TM.js:7:7848
    at Ac (https://www.greencity.cx.ua/chunk-NUXSP4TM.js:7:2222)
    at S0.next (https://www.greencity.cx.ua/chunk-NUXSP4TM.js:7:7687), [2026-03-13T19:20:32.877Z] [SEVERE] https://www.greencity.cx.ua/chunk-NUXSP4TM.js 10:45939 "ERROR" TypeError: Cannot read properties of null (reading 'setValue')
    at n.quillContentChanged (https://www.greencity.cx.ua/chunk-VNNOUBDJ.js:1:16043)
    at https://www.greencity.cx.ua/chunk-VNNOUBDJ.js:1:7223
    at eE (https://www.greencity.cx.ua/chunk-NUXSP4TM.js:11:76097)
    at Object.o [as next] (https://www.greencity.cx.ua/chunk-NUXSP4TM.js:11:76277)
    at bv.next (https://www.greencity.cx.ua/chunk-NUXSP4TM.js:7:3120)
    at Fr._next (https://www.greencity.cx.ua/chunk-NUXSP4TM.js:7:2803)
    at Fr.next (https://www.greencity.cx.ua/chunk-NUXSP4TM.js:7:2530)
    at https://www.greencity.cx.ua/chunk-NUXSP4TM.js:7:7848
    at Ac (https://www.greencity.cx.ua/chunk-NUXSP4TM.js:7:2222)
    at S0.next (https://www.greencity.cx.ua/chunk-NUXSP4TM.js:7:7687), [2026-03-13T19:20:32.880Z] [SEVERE] https://www.greencity.cx.ua/chunk-NUXSP4TM.js 10:45939 "ERROR" TypeError: Cannot read properties of null (reading 'setValue')
    at n.quillContentChanged (https://www.greencity.cx.ua/chunk-VNNOUBDJ.js:1:16043)
    at https://www.greencity.cx.ua/chunk-VNNOUBDJ.js:1:7223
    at eE (https://www.greencity.cx.ua/chunk-NUXSP4TM.js:11:76097)
    at Object.o [as next] (https://www.greencity.cx.ua/chunk-NUXSP4TM.js:11:76277)
    at bv.next (https://www.greencity.cx.ua/chunk-NUXSP4TM.js:7:3120)
    at Fr._next (https://www.greencity.cx.ua/chunk-NUXSP4TM.js:7:2803)
    at Fr.next (https://www.greencity.cx.ua/chunk-NUXSP4TM.js:7:2530)
    at https://www.greencity.cx.ua/chunk-NUXSP4TM.js:7:7848
    at Ac (https://www.greencity.cx.ua/chunk-NUXSP4TM.js:7:2222)
    at S0.next (https://www.greencity.cx.ua/chunk-NUXSP4TM.js:7:7687), [2026-03-13T19:20:32.882Z] [SEVERE] https://www.greencity.cx.ua/chunk-NUXSP4TM.js 10:45939 "ERROR" TypeError: Cannot read properties of null (reading 'setValue')
    at n.quillContentChanged (https://www.greencity.cx.ua/chunk-VNNOUBDJ.js:1:16043)
    at https://www.greencity.cx.ua/chunk-VNNOUBDJ.js:1:7223
    at eE (https://www.greencity.cx.ua/chunk-NUXSP4TM.js:11:76097)
    at Object.o [as next] (https://www.greencity.cx.ua/chunk-NUXSP4TM.js:11:76277)
    at bv.next (https://www.greencity.cx.ua/chunk-NUXSP4TM.js:7:3120)
    at Fr._next (https://www.greencity.cx.ua/chunk-NUXSP4TM.js:7:2803)
    at Fr.next (https://www.greencity.cx.ua/chunk-NUXSP4TM.js:7:2530)
    at https://www.greencity.cx.ua/chunk-NUXSP4TM.js:7:7848
    at Ac (https://www.greencity.cx.ua/chunk-NUXSP4TM.js:7:2222)
    at S0.next (https://www.greencity.cx.ua/chunk-NUXSP4TM.js:7:7687), [2026-03-13T19:20:32.884Z] [SEVERE] https://www.greencity.cx.ua/chunk-NUXSP4TM.js 10:45939 "ERROR" TypeError: Cannot read properties of null (reading 'setValue')
    at n.quillContentChanged (https://www.greencity.cx.ua/chunk-VNNOUBDJ.js:1:16043)
    at https://www.greencity.cx.ua/chunk-VNNOUBDJ.js:1:7223
    at eE (https://www.greencity.cx.ua/chunk-NUXSP4TM.js:11:76097)
    at Object.o [as next] (https://www.greencity.cx.ua/chunk-NUXSP4TM.js:11:76277)
    at bv.next (https://www.greencity.cx.ua/chunk-NUXSP4TM.js:7:3120)
    at Fr._next (https://www.greencity.cx.ua/chunk-NUXSP4TM.js:7:2803)
    at Fr.next (https://www.greencity.cx.ua/chunk-NUXSP4TM.js:7:2530)
    at https://www.greencity.cx.ua/chunk-NUXSP4TM.js:7:7848
    at Ac (https://www.greencity.cx.ua/chunk-NUXSP4TM.js:7:2222)
    at S0.next (https://www.greencity.cx.ua/chunk-NUXSP4TM.js:7:7687), [2026-03-13T19:20:32.887Z] [SEVERE] https://www.greencity.cx.ua/chunk-NUXSP4TM.js 10:45939 "ERROR" TypeError: Cannot read properties of null (reading 'setValue')
    at n.quillContentChanged (https://www.greencity.cx.ua/chunk-VNNOUBDJ.js:1:16043)
    at https://www.greencity.cx.ua/chunk-VNNOUBDJ.js:1:7223
    at eE (https://www.greencity.cx.ua/chunk-NUXSP4TM.js:11:76097)
    at Object.o [as next] (https://www.greencity.cx.ua/chunk-NUXSP4TM.js:11:76277)
    at bv.next (https://www.greencity.cx.ua/chunk-NUXSP4TM.js:7:3120)
    at Fr._next (https://www.greencity.cx.ua/chunk-NUXSP4TM.js:7:2803)
    at Fr.next (https://www.greencity.cx.ua/chunk-NUXSP4TM.js:7:2530)
    at https://www.greencity.cx.ua/chunk-NUXSP4TM.js:7:7848
    at Ac (https://www.greencity.cx.ua/chunk-NUXSP4TM.js:7:2222)
    at S0.next (https://www.greencity.cx.ua/chunk-NUXSP4TM.js:7:7687), [2026-03-13T19:20:32.889Z] [SEVERE] https://www.greencity.cx.ua/chunk-NUXSP4TM.js 10:45939 "ERROR" TypeError: Cannot read properties of null (reading 'setValue')
    at n.quillContentChanged (https://www.greencity.cx.ua/chunk-VNNOUBDJ.js:1:16043)
    at https://www.greencity.cx.ua/chunk-VNNOUBDJ.js:1:7223
    at eE (https://www.greencity.cx.ua/chunk-NUXSP4TM.js:11:76097)
    at Object.o [as next] (https://www.greencity.cx.ua/chunk-NUXSP4TM.js:11:76277)
    at bv.next (https://www.greencity.cx.ua/chunk-NUXSP4TM.js:7:3120)
    at Fr._next (https://www.greencity.cx.ua/chunk-NUXSP4TM.js:7:2803)
    at Fr.next (https://www.greencity.cx.ua/chunk-NUXSP4TM.js:7:2530)
    at https://www.greencity.cx.ua/chunk-NUXSP4TM.js:7:7848
    at Ac (https://www.greencity.cx.ua/chunk-NUXSP4TM.js:7:2222)
    at S0.next (https://www.greencity.cx.ua/chunk-NUXSP4TM.js:7:7687), [2026-03-13T19:20:32.892Z] [SEVERE] https://www.greencity.cx.ua/chunk-NUXSP4TM.js 10:45939 "ERROR" TypeError: Cannot read properties of null (reading 'setValue')
    at n.quillContentChanged (https://www.greencity.cx.ua/chunk-VNNOUBDJ.js:1:16043)
    at https://www.greencity.cx.ua/chunk-VNNOUBDJ.js:1:7223
    at eE (https://www.greencity.cx.ua/chunk-NUXSP4TM.js:11:76097)
    at Object.o [as next] (https://www.greencity.cx.ua/chunk-NUXSP4TM.js:11:76277)
    at bv.next (https://www.greencity.cx.ua/chunk-NUXSP4TM.js:7:3120)
    at Fr._next (https://www.greencity.cx.ua/chunk-NUXSP4TM.js:7:2803)
    at Fr.next (https://www.greencity.cx.ua/chunk-NUXSP4TM.js:7:2530)
    at https://www.greencity.cx.ua/chunk-NUXSP4TM.js:7:7848
    at Ac (https://www.greencity.cx.ua/chunk-NUXSP4TM.js:7:2222)
    at S0.next (https://www.greencity.cx.ua/chunk-NUXSP4TM.js:7:7687), [2026-03-13T19:20:32.894Z] [SEVERE] https://www.greencity.cx.ua/chunk-NUXSP4TM.js 10:45939 "ERROR" TypeError: Cannot read properties of null (reading 'setValue')
    at n.quillContentChanged (https://www.greencity.cx.ua/chunk-VNNOUBDJ.js:1:16043)
    at https://www.greencity.cx.ua/chunk-VNNOUBDJ.js:1:7223
    at eE (https://www.greencity.cx.ua/chunk-NUXSP4TM.js:11:76097)
    at Object.o [as next] (https://www.greencity.cx.ua/chunk-NUXSP4TM.js:11:76277)
    at bv.next (https://www.greencity.cx.ua/chunk-NUXSP4TM.js:7:3120)
    at Fr._next (https://www.greencity.cx.ua/chunk-NUXSP4TM.js:7:2803)
    at Fr.next (https://www.greencity.cx.ua/chunk-NUXSP4TM.js:7:2530)
    at https://www.greencity.cx.ua/chunk-NUXSP4TM.js:7:7848
    at Ac (https://www.greencity.cx.ua/chunk-NUXSP4TM.js:7:2222)
    at S0.next (https://www.greencity.cx.ua/chunk-NUXSP4TM.js:7:7687), [2026-03-13T19:20:32.896Z] [SEVERE] https://www.greencity.cx.ua/chunk-NUXSP4TM.js 10:45939 "ERROR" TypeError: Cannot read properties of null (reading 'setValue')
    at n.quillContentChanged (https://www.greencity.cx.ua/chunk-VNNOUBDJ.js:1:16043)
    at https://www.greencity.cx.ua/chunk-VNNOUBDJ.js:1:7223
    at eE (https://www.greencity.cx.ua/chunk-NUXSP4TM.js:11:76097)
    at Object.o [as next] (https://www.greencity.cx.ua/chunk-NUXSP4TM.js:11:76277)
    at bv.next (https://www.greencity.cx.ua/chunk-NUXSP4TM.js:7:3120)
    at Fr._next (https://www.greencity.cx.ua/chunk-NUXSP4TM.js:7:2803)
    at Fr.next (https://www.greencity.cx.ua/chunk-NUXSP4TM.js:7:2530)
    at https://www.greencity.cx.ua/chunk-NUXSP4TM.js:7:7848
    at Ac (https://www.greencity.cx.ua/chunk-NUXSP4TM.js:7:2222)
    at S0.next (https://www.greencity.cx.ua/chunk-NUXSP4TM.js:7:7687), [2026-03-13T19:20:32.898Z] [SEVERE] https://www.greencity.cx.ua/chunk-NUXSP4TM.js 10:45939 "ERROR" TypeError: Cannot read properties of null (reading 'setValue')
    at n.quillContentChanged (https://www.greencity.cx.ua/chunk-VNNOUBDJ.js:1:16043)
    at https://www.greencity.cx.ua/chunk-VNNOUBDJ.js:1:7223
    at eE (https://www.greencity.cx.ua/chunk-NUXSP4TM.js:11:76097)
    at Object.o [as next] (https://www.greencity.cx.ua/chunk-NUXSP4TM.js:11:76277)
    at bv.next (https://www.greencity.cx.ua/chunk-NUXSP4TM.js:7:3120)
    at Fr._next (https://www.greencity.cx.ua/chunk-NUXSP4TM.js:7:2803)
    at Fr.next (https://www.greencity.cx.ua/chunk-NUXSP4TM.js:7:2530)
    at https://www.greencity.cx.ua/chunk-NUXSP4TM.js:7:7848
    at Ac (https://www.greencity.cx.ua/chunk-NUXSP4TM.js:7:2222)
    at S0.next (https://www.greencity.cx.ua/chunk-NUXSP4TM.js:7:7687), [2026-03-13T19:20:32.901Z] [SEVERE] https://www.greencity.cx.ua/chunk-NUXSP4TM.js 10:45939 "ERROR" TypeError: Cannot read properties of null (reading 'setValue')
    at n.quillContentChanged (https://www.greencity.cx.ua/chunk-VNNOUBDJ.js:1:16043)
    at https://www.greencity.cx.ua/chunk-VNNOUBDJ.js:1:7223
    at eE (https://www.greencity.cx.ua/chunk-NUXSP4TM.js:11:76097)
    at Object.o [as next] (https://www.greencity.cx.ua/chunk-NUXSP4TM.js:11:76277)
    at bv.next (https://www.greencity.cx.ua/chunk-NUXSP4TM.js:7:3120)
    at Fr._next (https://www.greencity.cx.ua/chunk-NUXSP4TM.js:7:2803)
    at Fr.next (https://www.greencity.cx.ua/chunk-NUXSP4TM.js:7:2530)
    at https://www.greencity.cx.ua/chunk-NUXSP4TM.js:7:7848
    at Ac (https://www.greencity.cx.ua/chunk-NUXSP4TM.js:7:2222)
    at S0.next (https://www.greencity.cx.ua/chunk-NUXSP4TM.js:7:7687), [2026-03-13T19:20:32.977Z] [SEVERE] https://www.greencity.cx.ua/chunk-NUXSP4TM.js 10:45939 "ERROR" TypeError: Cannot read properties of null (reading 'setValue')
    at n.quillContentChanged (https://www.greencity.cx.ua/chunk-VNNOUBDJ.js:1:16043)
    at https://www.greencity.cx.ua/chunk-VNNOUBDJ.js:1:7223
    at eE (https://www.greencity.cx.ua/chunk-NUXSP4TM.js:11:76097)
    at Object.o [as next] (https://www.greencity.cx.ua/chunk-NUXSP4TM.js:11:76277)
    at bv.next (https://www.greencity.cx.ua/chunk-NUXSP4TM.js:7:3120)
    at Fr._next (https://www.greencity.cx.ua/chunk-NUXSP4TM.js:7:2803)
    at Fr.next (https://www.greencity.cx.ua/chunk-NUXSP4TM.js:7:2530)
    at https://www.greencity.cx.ua/chunk-NUXSP4TM.js:7:7848
    at Ac (https://www.greencity.cx.ua/chunk-NUXSP4TM.js:7:2222)
    at S0.next (https://www.greencity.cx.ua/chunk-NUXSP4TM.js:7:7687), [2026-03-13T19:20:33.104Z] [SEVERE] https://www.greencity.cx.ua/chunk-NUXSP4TM.js 10:45939 "ERROR" TypeError: Cannot read properties of null (reading 'setValue')
    at n.quillContentChanged (https://www.greencity.cx.ua/chunk-VNNOUBDJ.js:1:16043)
    at https://www.greencity.cx.ua/chunk-VNNOUBDJ.js:1:7223
    at eE (https://www.greencity.cx.ua/chunk-NUXSP4TM.js:11:76097)
    at Object.o [as next] (https://www.greencity.cx.ua/chunk-NUXSP4TM.js:11:76277)
    at bv.next (https://www.greencity.cx.ua/chunk-NUXSP4TM.js:7:3120)
    at Fr._next (https://www.greencity.cx.ua/chunk-NUXSP4TM.js:7:2803)
    at Fr.next (https://www.greencity.cx.ua/chunk-NUXSP4TM.js:7:2530)
    at https://www.greencity.cx.ua/chunk-NUXSP4TM.js:7:7848
    at Ac (https://www.greencity.cx.ua/chunk-NUXSP4TM.js:7:2222)
    at S0.next (https://www.greencity.cx.ua/chunk-NUXSP4TM.js:7:7687), [2026-03-13T19:20:33.105Z] [SEVERE] https://www.greencity.cx.ua/chunk-NUXSP4TM.js 10:45939 "ERROR" TypeError: Cannot read properties of null (reading 'setValue')
    at n.quillContentChanged (https://www.greencity.cx.ua/chunk-VNNOUBDJ.js:1:16043)
    at https://www.greencity.cx.ua/chunk-VNNOUBDJ.js:1:7223
    at eE (https://www.greencity.cx.ua/chunk-NUXSP4TM.js:11:76097)
    at Object.o [as next] (https://www.greencity.cx.ua/chunk-NUXSP4TM.js:11:76277)
    at bv.next (https://www.greencity.cx.ua/chunk-NUXSP4TM.js:7:3120)
    at Fr._next (https://www.greencity.cx.ua/chunk-NUXSP4TM.js:7:2803)
    at Fr.next (https://www.greencity.cx.ua/chunk-NUXSP4TM.js:7:2530)
    at https://www.greencity.cx.ua/chunk-NUXSP4TM.js:7:7848
    at Ac (https://www.greencity.cx.ua/chunk-NUXSP4TM.js:7:2222)
    at S0.next (https://www.greencity.cx.ua/chunk-NUXSP4TM.js:7:7687), [2026-03-13T19:20:33.105Z] [SEVERE] https://www.greencity.cx.ua/chunk-NUXSP4TM.js 10:45939 "ERROR" TypeError: Cannot read properties of null (reading 'setValue')
    at n.quillContentChanged (https://www.greencity.cx.ua/chunk-VNNOUBDJ.js:1:16043)
    at https://www.greencity.cx.ua/chunk-VNNOUBDJ.js:1:7223
    at eE (https://www.greencity.cx.ua/chunk-NUXSP4TM.js:11:76097)
    at Object.o [as next] (https://www.greencity.cx.ua/chunk-NUXSP4TM.js:11:76277)
    at bv.next (https://www.greencity.cx.ua/chunk-NUXSP4TM.js:7:3120)
    at Fr._next (https://www.greencity.cx.ua/chunk-NUXSP4TM.js:7:2803)
    at Fr.next (https://www.greencity.cx.ua/chunk-NUXSP4TM.js:7:2530)
    at https://www.greencity.cx.ua/chunk-NUXSP4TM.js:7:7848
    at Ac (https://www.greencity.cx.ua/chunk-NUXSP4TM.js:7:2222)
    at S0.next (https://www.greencity.cx.ua/chunk-NUXSP4TM.js:7:7687), [2026-03-13T19:20:33.106Z] [SEVERE] https://www.greencity.cx.ua/chunk-NUXSP4TM.js 10:45939 "ERROR" TypeError: Cannot read properties of null (reading 'setValue')
    at n.quillContentChanged (https://www.greencity.cx.ua/chunk-VNNOUBDJ.js:1:16043)
    at https://www.greencity.cx.ua/chunk-VNNOUBDJ.js:1:7223
    at eE (https://www.greencity.cx.ua/chunk-NUXSP4TM.js:11:76097)
    at Object.o [as next] (https://www.greencity.cx.ua/chunk-NUXSP4TM.js:11:76277)
    at bv.next (https://www.greencity.cx.ua/chunk-NUXSP4TM.js:7:3120)
    at Fr._next (https://www.greencity.cx.ua/chunk-NUXSP4TM.js:7:2803)
    at Fr.next (https://www.greencity.cx.ua/chunk-NUXSP4TM.js:7:2530)
    at https://www.greencity.cx.ua/chunk-NUXSP4TM.js:7:7848
    at Ac (https://www.greencity.cx.ua/chunk-NUXSP4TM.js:7:2222)
    at S0.next (https://www.greencity.cx.ua/chunk-NUXSP4TM.js:7:7687), [2026-03-13T19:20:33.108Z] [SEVERE] https://www.greencity.cx.ua/chunk-NUXSP4TM.js 10:45939 "ERROR" TypeError: Cannot read properties of null (reading 'setValue')
    at n.quillContentChanged (https://www.greencity.cx.ua/chunk-VNNOUBDJ.js:1:16043)
    at https://www.greencity.cx.ua/chunk-VNNOUBDJ.js:1:7223
    at eE (https://www.greencity.cx.ua/chunk-NUXSP4TM.js:11:76097)
    at Object.o [as next] (https://www.greencity.cx.ua/chunk-NUXSP4TM.js:11:76277)
    at bv.next (https://www.greencity.cx.ua/chunk-NUXSP4TM.js:7:3120)
    at Fr._next (https://www.greencity.cx.ua/chunk-NUXSP4TM.js:7:2803)
    at Fr.next (https://www.greencity.cx.ua/chunk-NUXSP4TM.js:7:2530)
    at https://www.greencity.cx.ua/chunk-NUXSP4TM.js:7:7848
    at Ac (https://www.greencity.cx.ua/chunk-NUXSP4TM.js:7:2222)
    at S0.next (https://www.greencity.cx.ua/chunk-NUXSP4TM.js:7:7687), [2026-03-13T19:20:33.111Z] [SEVERE] https://www.greencity.cx.ua/chunk-NUXSP4TM.js 10:45939 "ERROR" TypeError: Cannot read properties of null (reading 'setValue')
    at n.quillContentChanged (https://www.greencity.cx.ua/chunk-VNNOUBDJ.js:1:16043)
    at https://www.greencity.cx.ua/chunk-VNNOUBDJ.js:1:7223
    at eE (https://www.greencity.cx.ua/chunk-NUXSP4TM.js:11:76097)
    at Object.o [as next] (https://www.greencity.cx.ua/chunk-NUXSP4TM.js:11:76277)
    at bv.next (https://www.greencity.cx.ua/chunk-NUXSP4TM.js:7:3120)
    at Fr._next (https://www.greencity.cx.ua/chunk-NUXSP4TM.js:7:2803)
    at Fr.next (https://www.greencity.cx.ua/chunk-NUXSP4TM.js:7:2530)
    at https://www.greencity.cx.ua/chunk-NUXSP4TM.js:7:7848
    at Ac (https://www.greencity.cx.ua/chunk-NUXSP4TM.js:7:2222)
    at S0.next (https://www.greencity.cx.ua/chunk-NUXSP4TM.js:7:7687), [2026-03-13T19:20:33.113Z] [SEVERE] https://www.greencity.cx.ua/chunk-NUXSP4TM.js 10:45939 "ERROR" TypeError: Cannot read properties of null (reading 'setValue')
    at n.quillContentChanged (https://www.greencity.cx.ua/chunk-VNNOUBDJ.js:1:16043)
    at https://www.greencity.cx.ua/chunk-VNNOUBDJ.js:1:7223
    at eE (https://www.greencity.cx.ua/chunk-NUXSP4TM.js:11:76097)
    at Object.o [as next] (https://www.greencity.cx.ua/chunk-NUXSP4TM.js:11:76277)
    at bv.next (https://www.greencity.cx.ua/chunk-NUXSP4TM.js:7:3120)
    at Fr._next (https://www.greencity.cx.ua/chunk-NUXSP4TM.js:7:2803)
    at Fr.next (https://www.greencity.cx.ua/chunk-NUXSP4TM.js:7:2530)
    at https://www.greencity.cx.ua/chunk-NUXSP4TM.js:7:7848
    at Ac (https://www.greencity.cx.ua/chunk-NUXSP4TM.js:7:2222)
    at S0.next (https://www.greencity.cx.ua/chunk-NUXSP4TM.js:7:7687), [2026-03-13T19:20:33.115Z] [SEVERE] https://www.greencity.cx.ua/chunk-NUXSP4TM.js 10:45939 "ERROR" TypeError: Cannot read properties of null (reading 'setValue')
    at n.quillContentChanged (https://www.greencity.cx.ua/chunk-VNNOUBDJ.js:1:16043)
    at https://www.greencity.cx.ua/chunk-VNNOUBDJ.js:1:7223
    at eE (https://www.greencity.cx.ua/chunk-NUXSP4TM.js:11:76097)
    at Object.o [as next] (https://www.greencity.cx.ua/chunk-NUXSP4TM.js:11:76277)
    at bv.next (https://www.greencity.cx.ua/chunk-NUXSP4TM.js:7:3120)
    at Fr._next (https://www.greencity.cx.ua/chunk-NUXSP4TM.js:7:2803)
    at Fr.next (https://www.greencity.cx.ua/chunk-NUXSP4TM.js:7:2530)
    at https://www.greencity.cx.ua/chunk-NUXSP4TM.js:7:7848
    at Ac (https://www.greencity.cx.ua/chunk-NUXSP4TM.js:7:2222)
    at S0.next (https://www.greencity.cx.ua/chunk-NUXSP4TM.js:7:7687), [2026-03-13T19:20:33.117Z] [SEVERE] https://www.greencity.cx.ua/chunk-NUXSP4TM.js 10:45939 "ERROR" TypeError: Cannot read properties of null (reading 'setValue')
    at n.quillContentChanged (https://www.greencity.cx.ua/chunk-VNNOUBDJ.js:1:16043)
    at https://www.greencity.cx.ua/chunk-VNNOUBDJ.js:1:7223
    at eE (https://www.greencity.cx.ua/chunk-NUXSP4TM.js:11:76097)
    at Object.o [as next] (https://www.greencity.cx.ua/chunk-NUXSP4TM.js:11:76277)
    at bv.next (https://www.greencity.cx.ua/chunk-NUXSP4TM.js:7:3120)
    at Fr._next (https://www.greencity.cx.ua/chunk-NUXSP4TM.js:7:2803)
    at Fr.next (https://www.greencity.cx.ua/chunk-NUXSP4TM.js:7:2530)
    at https://www.greencity.cx.ua/chunk-NUXSP4TM.js:7:7848
    at Ac (https://www.greencity.cx.ua/chunk-NUXSP4TM.js:7:2222)
    at S0.next (https://www.greencity.cx.ua/chunk-NUXSP4TM.js:7:7687), [2026-03-13T19:20:33.119Z] [SEVERE] https://www.greencity.cx.ua/chunk-NUXSP4TM.js 10:45939 "ERROR" TypeError: Cannot read properties of null (reading 'setValue')
    at n.quillContentChanged (https://www.greencity.cx.ua/chunk-VNNOUBDJ.js:1:16043)
    at https://www.greencity.cx.ua/chunk-VNNOUBDJ.js:1:7223
    at eE (https://www.greencity.cx.ua/chunk-NUXSP4TM.js:11:76097)
    at Object.o [as next] (https://www.greencity.cx.ua/chunk-NUXSP4TM.js:11:76277)
    at bv.next (https://www.greencity.cx.ua/chunk-NUXSP4TM.js:7:3120)
    at Fr._next (https://www.greencity.cx.ua/chunk-NUXSP4TM.js:7:2803)
    at Fr.next (https://www.greencity.cx.ua/chunk-NUXSP4TM.js:7:2530)
    at https://www.greencity.cx.ua/chunk-NUXSP4TM.js:7:7848
    at Ac (https://www.greencity.cx.ua/chunk-NUXSP4TM.js:7:2222)
    at S0.next (https://www.greencity.cx.ua/chunk-NUXSP4TM.js:7:7687), [2026-03-13T19:20:33.122Z] [SEVERE] https://www.greencity.cx.ua/chunk-NUXSP4TM.js 10:45939 "ERROR" TypeError: Cannot read properties of null (reading 'setValue')
    at n.quillContentChanged (https://www.greencity.cx.ua/chunk-VNNOUBDJ.js:1:16043)
    at https://www.greencity.cx.ua/chunk-VNNOUBDJ.js:1:7223
    at eE (https://www.greencity.cx.ua/chunk-NUXSP4TM.js:11:76097)
    at Object.o [as next] (https://www.greencity.cx.ua/chunk-NUXSP4TM.js:11:76277)
    at bv.next (https://www.greencity.cx.ua/chunk-NUXSP4TM.js:7:3120)
    at Fr._next (https://www.greencity.cx.ua/chunk-NUXSP4TM.js:7:2803)
    at Fr.next (https://www.greencity.cx.ua/chunk-NUXSP4TM.js:7:2530)
    at https://www.greencity.cx.ua/chunk-NUXSP4TM.js:7:7848
    at Ac (https://www.greencity.cx.ua/chunk-NUXSP4TM.js:7:2222)
    at S0.next (https://www.greencity.cx.ua/chunk-NUXSP4TM.js:7:7687), [2026-03-13T19:20:33.124Z] [SEVERE] https://www.greencity.cx.ua/chunk-NUXSP4TM.js 10:45939 "ERROR" TypeError: Cannot read properties of null (reading 'setValue')
    at n.quillContentChanged (https://www.greencity.cx.ua/chunk-VNNOUBDJ.js:1:16043)
    at https://www.greencity.cx.ua/chunk-VNNOUBDJ.js:1:7223
    at eE (https://www.greencity.cx.ua/chunk-NUXSP4TM.js:11:76097)
    at Object.o [as next] (https://www.greencity.cx.ua/chunk-NUXSP4TM.js:11:76277)
    at bv.next (https://www.greencity.cx.ua/chunk-NUXSP4TM.js:7:3120)
    at Fr._next (https://www.greencity.cx.ua/chunk-NUXSP4TM.js:7:2803)
    at Fr.next (https://www.greencity.cx.ua/chunk-NUXSP4TM.js:7:2530)
    at https://www.greencity.cx.ua/chunk-NUXSP4TM.js:7:7848
    at Ac (https://www.greencity.cx.ua/chunk-NUXSP4TM.js:7:2222)
    at S0.next (https://www.greencity.cx.ua/chunk-NUXSP4TM.js:7:7687), [2026-03-13T19:20:33.126Z] [SEVERE] https://www.greencity.cx.ua/chunk-NUXSP4TM.js 10:45939 "ERROR" TypeError: Cannot read properties of null (reading 'setValue')
    at n.quillContentChanged (https://www.greencity.cx.ua/chunk-VNNOUBDJ.js:1:16043)
    at https://www.greencity.cx.ua/chunk-VNNOUBDJ.js:1:7223
    at eE (https://www.greencity.cx.ua/chunk-NUXSP4TM.js:11:76097)
    at Object.o [as next] (https://www.greencity.cx.ua/chunk-NUXSP4TM.js:11:76277)
    at bv.next (https://www.greencity.cx.ua/chunk-NUXSP4TM.js:7:3120)
    at Fr._next (https://www.greencity.cx.ua/chunk-NUXSP4TM.js:7:2803)
    at Fr.next (https://www.greencity.cx.ua/chunk-NUXSP4TM.js:7:2530)
    at https://www.greencity.cx.ua/chunk-NUXSP4TM.js:7:7848
    at Ac (https://www.greencity.cx.ua/chunk-NUXSP4TM.js:7:2222)
    at S0.next (https://www.greencity.cx.ua/chunk-NUXSP4TM.js:7:7687), [2026-03-13T19:20:33.129Z] [SEVERE] https://www.greencity.cx.ua/chunk-NUXSP4TM.js 10:45939 "ERROR" TypeError: Cannot read properties of null (reading 'setValue')
    at n.quillContentChanged (https://www.greencity.cx.ua/chunk-VNNOUBDJ.js:1:16043)
    at https://www.greencity.cx.ua/chunk-VNNOUBDJ.js:1:7223
    at eE (https://www.greencity.cx.ua/chunk-NUXSP4TM.js:11:76097)
    at Object.o [as next] (https://www.greencity.cx.ua/chunk-NUXSP4TM.js:11:76277)
    at bv.next (https://www.greencity.cx.ua/chunk-NUXSP4TM.js:7:3120)
    at Fr._next (https://www.greencity.cx.ua/chunk-NUXSP4TM.js:7:2803)
    at Fr.next (https://www.greencity.cx.ua/chunk-NUXSP4TM.js:7:2530)
    at https://www.greencity.cx.ua/chunk-NUXSP4TM.js:7:7848
    at Ac (https://www.greencity.cx.ua/chunk-NUXSP4TM.js:7:2222)
    at S0.next (https://www.greencity.cx.ua/chunk-NUXSP4TM.js:7:7687), [2026-03-13T19:20:33.131Z] [SEVERE] https://www.greencity.cx.ua/chunk-NUXSP4TM.js 10:45939 "ERROR" TypeError: Cannot read properties of null (reading 'setValue')
    at n.quillContentChanged (https://www.greencity.cx.ua/chunk-VNNOUBDJ.js:1:16043)
    at https://www.greencity.cx.ua/chunk-VNNOUBDJ.js:1:7223
    at eE (https://www.greencity.cx.ua/chunk-NUXSP4TM.js:11:76097)
    at Object.o [as next] (https://www.greencity.cx.ua/chunk-NUXSP4TM.js:11:76277)
    at bv.next (https://www.greencity.cx.ua/chunk-NUXSP4TM.js:7:3120)
    at Fr._next (https://www.greencity.cx.ua/chunk-NUXSP4TM.js:7:2803)
    at Fr.next (https://www.greencity.cx.ua/chunk-NUXSP4TM.js:7:2530)
    at https://www.greencity.cx.ua/chunk-NUXSP4TM.js:7:7848
    at Ac (https://www.greencity.cx.ua/chunk-NUXSP4TM.js:7:2222)
    at S0.next (https://www.greencity.cx.ua/chunk-NUXSP4TM.js:7:7687), [2026-03-13T19:20:33.133Z] [SEVERE] https://www.greencity.cx.ua/chunk-NUXSP4TM.js 10:45939 "ERROR" TypeError: Cannot read properties of null (reading 'setValue')
    at n.quillContentChanged (https://www.greencity.cx.ua/chunk-VNNOUBDJ.js:1:16043)
    at https://www.greencity.cx.ua/chunk-VNNOUBDJ.js:1:7223
    at eE (https://www.greencity.cx.ua/chunk-NUXSP4TM.js:11:76097)
    at Object.o [as next] (https://www.greencity.cx.ua/chunk-NUXSP4TM.js:11:76277)
    at bv.next (https://www.greencity.cx.ua/chunk-NUXSP4TM.js:7:3120)
    at Fr._next (https://www.greencity.cx.ua/chunk-NUXSP4TM.js:7:2803)
    at Fr.next (https://www.greencity.cx.ua/chunk-NUXSP4TM.js:7:2530)
    at https://www.greencity.cx.ua/chunk-NUXSP4TM.js:7:7848
    at Ac (https://www.greencity.cx.ua/chunk-NUXSP4TM.js:7:2222)
    at S0.next (https://www.greencity.cx.ua/chunk-NUXSP4TM.js:7:7687), [2026-03-13T19:20:33.136Z] [SEVERE] https://www.greencity.cx.ua/chunk-NUXSP4TM.js 10:45939 "ERROR" TypeError: Cannot read properties of null (reading 'setValue')
    at n.quillContentChanged (https://www.greencity.cx.ua/chunk-VNNOUBDJ.js:1:16043)
    at https://www.greencity.cx.ua/chunk-VNNOUBDJ.js:1:7223
    at eE (https://www.greencity.cx.ua/chunk-NUXSP4TM.js:11:76097)
    at Object.o [as next] (https://www.greencity.cx.ua/chunk-NUXSP4TM.js:11:76277)
    at bv.next (https://www.greencity.cx.ua/chunk-NUXSP4TM.js:7:3120)
    at Fr._next (https://www.greencity.cx.ua/chunk-NUXSP4TM.js:7:2803)
    at Fr.next (https://www.greencity.cx.ua/chunk-NUXSP4TM.js:7:2530)
    at https://www.greencity.cx.ua/chunk-NUXSP4TM.js:7:7848
    at Ac (https://www.greencity.cx.ua/chunk-NUXSP4TM.js:7:2222)
    at S0.next (https://www.greencity.cx.ua/chunk-NUXSP4TM.js:7:7687), [2026-03-13T19:20:33.138Z] [SEVERE] https://www.greencity.cx.ua/chunk-NUXSP4TM.js 10:45939 "ERROR" TypeError: Cannot read properties of null (reading 'setValue')
    at n.quillContentChanged (https://www.greencity.cx.ua/chunk-VNNOUBDJ.js:1:16043)
    at https://www.greencity.cx.ua/chunk-VNNOUBDJ.js:1:7223
    at eE (https://www.greencity.cx.ua/chunk-NUXSP4TM.js:11:76097)
    at Object.o [as next] (https://www.greencity.cx.ua/chunk-NUXSP4TM.js:11:76277)
    at bv.next (https://www.greencity.cx.ua/chunk-NUXSP4TM.js:7:3120)
    at Fr._next (https://www.greencity.cx.ua/chunk-NUXSP4TM.js:7:2803)
    at Fr.next (https://www.greencity.cx.ua/chunk-NUXSP4TM.js:7:2530)
    at https://www.greencity.cx.ua/chunk-NUXSP4TM.js:7:7848
    at Ac (https://www.greencity.cx.ua/chunk-NUXSP4TM.js:7:2222)
    at S0.next (https://www.greencity.cx.ua/chunk-NUXSP4TM.js:7:7687), [2026-03-13T19:20:33.140Z] [SEVERE] https://www.greencity.cx.ua/chunk-NUXSP4TM.js 10:45939 "ERROR" TypeError: Cannot read properties of null (reading 'setValue')
    at n.quillContentChanged (https://www.greencity.cx.ua/chunk-VNNOUBDJ.js:1:16043)
    at https://www.greencity.cx.ua/chunk-VNNOUBDJ.js:1:7223
    at eE (https://www.greencity.cx.ua/chunk-NUXSP4TM.js:11:76097)
    at Object.o [as next] (https://www.greencity.cx.ua/chunk-NUXSP4TM.js:11:76277)
    at bv.next (https://www.greencity.cx.ua/chunk-NUXSP4TM.js:7:3120)
    at Fr._next (https://www.greencity.cx.ua/chunk-NUXSP4TM.js:7:2803)
    at Fr.next (https://www.greencity.cx.ua/chunk-NUXSP4TM.js:7:2530)
    at https://www.greencity.cx.ua/chunk-NUXSP4TM.js:7:7848
    at Ac (https://www.greencity.cx.ua/chunk-NUXSP4TM.js:7:2222)
    at S0.next (https://www.greencity.cx.ua/chunk-NUXSP4TM.js:7:7687), [2026-03-13T19:20:33.143Z] [SEVERE] https://www.greencity.cx.ua/chunk-NUXSP4TM.js 10:45939 "ERROR" TypeError: Cannot read properties of null (reading 'setValue')
    at n.quillContentChanged (https://www.greencity.cx.ua/chunk-VNNOUBDJ.js:1:16043)
    at https://www.greencity.cx.ua/chunk-VNNOUBDJ.js:1:7223
    at eE (https://www.greencity.cx.ua/chunk-NUXSP4TM.js:11:76097)
    at Object.o [as next] (https://www.greencity.cx.ua/chunk-NUXSP4TM.js:11:76277)
    at bv.next (https://www.greencity.cx.ua/chunk-NUXSP4TM.js:7:3120)
    at Fr._next (https://www.greencity.cx.ua/chunk-NUXSP4TM.js:7:2803)
    at Fr.next (https://www.greencity.cx.ua/chunk-NUXSP4TM.js:7:2530)
    at https://www.greencity.cx.ua/chunk-NUXSP4TM.js:7:7848
    at Ac (https://www.greencity.cx.ua/chunk-NUXSP4TM.js:7:2222)
    at S0.next (https://www.greencity.cx.ua/chunk-NUXSP4TM.js:7:7687), [2026-03-13T19:20:33.145Z] [SEVERE] https://www.greencity.cx.ua/chunk-NUXSP4TM.js 10:45939 "ERROR" TypeError: Cannot read properties of null (reading 'setValue')
    at n.quillContentChanged (https://www.greencity.cx.ua/chunk-VNNOUBDJ.js:1:16043)
    at https://www.greencity.cx.ua/chunk-VNNOUBDJ.js:1:7223
    at eE (https://www.greencity.cx.ua/chunk-NUXSP4TM.js:11:76097)
    at Object.o [as next] (https://www.greencity.cx.ua/chunk-NUXSP4TM.js:11:76277)
    at bv.next (https://www.greencity.cx.ua/chunk-NUXSP4TM.js:7:3120)
    at Fr._next (https://www.greencity.cx.ua/chunk-NUXSP4TM.js:7:2803)
    at Fr.next (https://www.greencity.cx.ua/chunk-NUXSP4TM.js:7:2530)
    at https://www.greencity.cx.ua/chunk-NUXSP4TM.js:7:7848
    at Ac (https://www.greencity.cx.ua/chunk-NUXSP4TM.js:7:2222)
    at S0.next (https://www.greencity.cx.ua/chunk-NUXSP4TM.js:7:7687), [2026-03-13T19:20:33.147Z] [SEVERE] https://www.greencity.cx.ua/chunk-NUXSP4TM.js 10:45939 "ERROR" TypeError: Cannot read properties of null (reading 'setValue')
    at n.quillContentChanged (https://www.greencity.cx.ua/chunk-VNNOUBDJ.js:1:16043)
    at https://www.greencity.cx.ua/chunk-VNNOUBDJ.js:1:7223
    at eE (https://www.greencity.cx.ua/chunk-NUXSP4TM.js:11:76097)
    at Object.o [as next] (https://www.greencity.cx.ua/chunk-NUXSP4TM.js:11:76277)
    at bv.next (https://www.greencity.cx.ua/chunk-NUXSP4TM.js:7:3120)
    at Fr._next (https://www.greencity.cx.ua/chunk-NUXSP4TM.js:7:2803)
    at Fr.next (https://www.greencity.cx.ua/chunk-NUXSP4TM.js:7:2530)
    at https://www.greencity.cx.ua/chunk-NUXSP4TM.js:7:7848
    at Ac (https://www.greencity.cx.ua/chunk-NUXSP4TM.js:7:2222)
    at S0.next (https://www.greencity.cx.ua/chunk-NUXSP4TM.js:7:7687), [2026-03-13T19:20:33.150Z] [SEVERE] https://www.greencity.cx.ua/chunk-NUXSP4TM.js 10:45939 "ERROR" TypeError: Cannot read properties of null (reading 'setValue')
    at n.quillContentChanged (https://www.greencity.cx.ua/chunk-VNNOUBDJ.js:1:16043)
    at https://www.greencity.cx.ua/chunk-VNNOUBDJ.js:1:7223
    at eE (https://www.greencity.cx.ua/chunk-NUXSP4TM.js:11:76097)
    at Object.o [as next] (https://www.greencity.cx.ua/chunk-NUXSP4TM.js:11:76277)
    at bv.next (https://www.greencity.cx.ua/chunk-NUXSP4TM.js:7:3120)
    at Fr._next (https://www.greencity.cx.ua/chunk-NUXSP4TM.js:7:2803)
    at Fr.next (https://www.greencity.cx.ua/chunk-NUXSP4TM.js:7:2530)
    at https://www.greencity.cx.ua/chunk-NUXSP4TM.js:7:7848
    at Ac (https://www.greencity.cx.ua/chunk-NUXSP4TM.js:7:2222)
    at S0.next (https://www.greencity.cx.ua/chunk-NUXSP4TM.js:7:7687), [2026-03-13T19:20:33.152Z] [SEVERE] https://www.greencity.cx.ua/chunk-NUXSP4TM.js 10:45939 "ERROR" TypeError: Cannot read properties of null (reading 'setValue')
    at n.quillContentChanged (https://www.greencity.cx.ua/chunk-VNNOUBDJ.js:1:16043)
    at https://www.greencity.cx.ua/chunk-VNNOUBDJ.js:1:7223
    at eE (https://www.greencity.cx.ua/chunk-NUXSP4TM.js:11:76097)
    at Object.o [as next] (https://www.greencity.cx.ua/chunk-NUXSP4TM.js:11:76277)
    at bv.next (https://www.greencity.cx.ua/chunk-NUXSP4TM.js:7:3120)
    at Fr._next (https://www.greencity.cx.ua/chunk-NUXSP4TM.js:7:2803)
    at Fr.next (https://www.greencity.cx.ua/chunk-NUXSP4TM.js:7:2530)
    at https://www.greencity.cx.ua/chunk-NUXSP4TM.js:7:7848
    at Ac (https://www.greencity.cx.ua/chunk-NUXSP4TM.js:7:2222)
    at S0.next (https://www.greencity.cx.ua/chunk-NUXSP4TM.js:7:7687), [2026-03-13T19:20:33.156Z] [SEVERE] https://www.greencity.cx.ua/chunk-NUXSP4TM.js 10:45939 "ERROR" TypeError: Cannot read properties of null (reading 'setValue')
    at n.quillContentChanged (https://www.greencity.cx.ua/chunk-VNNOUBDJ.js:1:16043)
    at https://www.greencity.cx.ua/chunk-VNNOUBDJ.js:1:7223
    at eE (https://www.greencity.cx.ua/chunk-NUXSP4TM.js:11:76097)
    at Object.o [as next] (https://www.greencity.cx.ua/chunk-NUXSP4TM.js:11:76277)
    at bv.next (https://www.greencity.cx.ua/chunk-NUXSP4TM.js:7:3120)
    at Fr._next (https://www.greencity.cx.ua/chunk-NUXSP4TM.js:7:2803)
    at Fr.next (https://www.greencity.cx.ua/chunk-NUXSP4TM.js:7:2530)
    at https://www.greencity.cx.ua/chunk-NUXSP4TM.js:7:7848
    at Ac (https://www.greencity.cx.ua/chunk-NUXSP4TM.js:7:2222)
    at S0.next (https://www.greencity.cx.ua/chunk-NUXSP4TM.js:7:7687), [2026-03-13T19:20:33.159Z] [SEVERE] https://www.greencity.cx.ua/chunk-NUXSP4TM.js 10:45939 "ERROR" TypeError: Cannot read properties of null (reading 'setValue')
    at n.quillContentChanged (https://www.greencity.cx.ua/chunk-VNNOUBDJ.js:1:16043)
    at https://www.greencity.cx.ua/chunk-VNNOUBDJ.js:1:7223
    at eE (https://www.greencity.cx.ua/chunk-NUXSP4TM.js:11:76097)
    at Object.o [as next] (https://www.greencity.cx.ua/chunk-NUXSP4TM.js:11:76277)
    at bv.next (https://www.greencity.cx.ua/chunk-NUXSP4TM.js:7:3120)
    at Fr._next (https://www.greencity.cx.ua/chunk-NUXSP4TM.js:7:2803)
    at Fr.next (https://www.greencity.cx.ua/chunk-NUXSP4TM.js:7:2530)
    at https://www.greencity.cx.ua/chunk-NUXSP4TM.js:7:7848
    at Ac (https://www.greencity.cx.ua/chunk-NUXSP4TM.js:7:2222)
    at S0.next (https://www.greencity.cx.ua/chunk-NUXSP4TM.js:7:7687), [2026-03-13T19:20:33.161Z] [SEVERE] https://www.greencity.cx.ua/chunk-NUXSP4TM.js 10:45939 "ERROR" TypeError: Cannot read properties of null (reading 'setValue')
    at n.quillContentChanged (https://www.greencity.cx.ua/chunk-VNNOUBDJ.js:1:16043)
    at https://www.greencity.cx.ua/chunk-VNNOUBDJ.js:1:7223
    at eE (https://www.greencity.cx.ua/chunk-NUXSP4TM.js:11:76097)
    at Object.o [as next] (https://www.greencity.cx.ua/chunk-NUXSP4TM.js:11:76277)
    at bv.next (https://www.greencity.cx.ua/chunk-NUXSP4TM.js:7:3120)
    at Fr._next (https://www.greencity.cx.ua/chunk-NUXSP4TM.js:7:2803)
    at Fr.next (https://www.greencity.cx.ua/chunk-NUXSP4TM.js:7:2530)
    at https://www.greencity.cx.ua/chunk-NUXSP4TM.js:7:7848
    at Ac (https://www.greencity.cx.ua/chunk-NUXSP4TM.js:7:2222)
    at S0.next (https://www.greencity.cx.ua/chunk-NUXSP4TM.js:7:7687), [2026-03-13T19:20:33.164Z] [SEVERE] https://www.greencity.cx.ua/chunk-NUXSP4TM.js 10:45939 "ERROR" TypeError: Cannot read properties of null (reading 'setValue')
    at n.quillContentChanged (https://www.greencity.cx.ua/chunk-VNNOUBDJ.js:1:16043)
    at https://www.greencity.cx.ua/chunk-VNNOUBDJ.js:1:7223
    at eE (https://www.greencity.cx.ua/chunk-NUXSP4TM.js:11:76097)
    at Object.o [as next] (https://www.greencity.cx.ua/chunk-NUXSP4TM.js:11:76277)
    at bv.next (https://www.greencity.cx.ua/chunk-NUXSP4TM.js:7:3120)
    at Fr._next (https://www.greencity.cx.ua/chunk-NUXSP4TM.js:7:2803)
    at Fr.next (https://www.greencity.cx.ua/chunk-NUXSP4TM.js:7:2530)
    at https://www.greencity.cx.ua/chunk-NUXSP4TM.js:7:7848
    at Ac (https://www.greencity.cx.ua/chunk-NUXSP4TM.js:7:2222)
    at S0.next (https://www.greencity.cx.ua/chunk-NUXSP4TM.js:7:7687), [2026-03-13T19:20:33.166Z] [SEVERE] https://www.greencity.cx.ua/chunk-NUXSP4TM.js 10:45939 "ERROR" TypeError: Cannot read properties of null (reading 'setValue')
    at n.quillContentChanged (https://www.greencity.cx.ua/chunk-VNNOUBDJ.js:1:16043)
    at https://www.greencity.cx.ua/chunk-VNNOUBDJ.js:1:7223
    at eE (https://www.greencity.cx.ua/chunk-NUXSP4TM.js:11:76097)
    at Object.o [as next] (https://www.greencity.cx.ua/chunk-NUXSP4TM.js:11:76277)
    at bv.next (https://www.greencity.cx.ua/chunk-NUXSP4TM.js:7:3120)
    at Fr._next (https://www.greencity.cx.ua/chunk-NUXSP4TM.js:7:2803)
    at Fr.next (https://www.greencity.cx.ua/chunk-NUXSP4TM.js:7:2530)
    at https://www.greencity.cx.ua/chunk-NUXSP4TM.js:7:7848
    at Ac (https://www.greencity.cx.ua/chunk-NUXSP4TM.js:7:2222)
    at S0.next (https://www.greencity.cx.ua/chunk-NUXSP4TM.js:7:7687), [2026-03-13T19:20:33.168Z] [SEVERE] https://www.greencity.cx.ua/chunk-NUXSP4TM.js 10:45939 "ERROR" TypeError: Cannot read properties of null (reading 'setValue')
    at n.quillContentChanged (https://www.greencity.cx.ua/chunk-VNNOUBDJ.js:1:16043)
    at https://www.greencity.cx.ua/chunk-VNNOUBDJ.js:1:7223
    at eE (https://www.greencity.cx.ua/chunk-NUXSP4TM.js:11:76097)
    at Object.o [as next] (https://www.greencity.cx.ua/chunk-NUXSP4TM.js:11:76277)
    at bv.next (https://www.greencity.cx.ua/chunk-NUXSP4TM.js:7:3120)
    at Fr._next (https://www.greencity.cx.ua/chunk-NUXSP4TM.js:7:2803)
    at Fr.next (https://www.greencity.cx.ua/chunk-NUXSP4TM.js:7:2530)
    at https://www.greencity.cx.ua/chunk-NUXSP4TM.js:7:7848
    at Ac (https://www.greencity.cx.ua/chunk-NUXSP4TM.js:7:2222)
    at S0.next (https://www.greencity.cx.ua/chunk-NUXSP4TM.js:7:7687), [2026-03-13T19:20:33.171Z] [SEVERE] https://www.greencity.cx.ua/chunk-NUXSP4TM.js 10:45939 "ERROR" TypeError: Cannot read properties of null (reading 'setValue')
    at n.quillContentChanged (https://www.greencity.cx.ua/chunk-VNNOUBDJ.js:1:16043)
    at https://www.greencity.cx.ua/chunk-VNNOUBDJ.js:1:7223
    at eE (https://www.greencity.cx.ua/chunk-NUXSP4TM.js:11:76097)
    at Object.o [as next] (https://www.greencity.cx.ua/chunk-NUXSP4TM.js:11:76277)
    at bv.next (https://www.greencity.cx.ua/chunk-NUXSP4TM.js:7:3120)
    at Fr._next (https://www.greencity.cx.ua/chunk-NUXSP4TM.js:7:2803)
    at Fr.next (https://www.greencity.cx.ua/chunk-NUXSP4TM.js:7:2530)
    at https://www.greencity.cx.ua/chunk-NUXSP4TM.js:7:7848
    at Ac (https://www.greencity.cx.ua/chunk-NUXSP4TM.js:7:2222)
    at S0.next (https://www.greencity.cx.ua/chunk-NUXSP4TM.js:7:7687), [2026-03-13T19:20:33.173Z] [SEVERE] https://www.greencity.cx.ua/chunk-NUXSP4TM.js 10:45939 "ERROR" TypeError: Cannot read properties of null (reading 'setValue')
    at n.quillContentChanged (https://www.greencity.cx.ua/chunk-VNNOUBDJ.js:1:16043)
    at https://www.greencity.cx.ua/chunk-VNNOUBDJ.js:1:7223
    at eE (https://www.greencity.cx.ua/chunk-NUXSP4TM.js:11:76097)
    at Object.o [as next] (https://www.greencity.cx.ua/chunk-NUXSP4TM.js:11:76277)
    at bv.next (https://www.greencity.cx.ua/chunk-NUXSP4TM.js:7:3120)
    at Fr._next (https://www.greencity.cx.ua/chunk-NUXSP4TM.js:7:2803)
    at Fr.next (https://www.greencity.cx.ua/chunk-NUXSP4TM.js:7:2530)
    at https://www.greencity.cx.ua/chunk-NUXSP4TM.js:7:7848
    at Ac (https://www.greencity.cx.ua/chunk-NUXSP4TM.js:7:2222)
    at S0.next (https://www.greencity.cx.ua/chunk-NUXSP4TM.js:7:7687), [2026-03-13T19:20:33.175Z] [SEVERE] https://www.greencity.cx.ua/chunk-NUXSP4TM.js 10:45939 "ERROR" TypeError: Cannot read properties of null (reading 'setValue')
    at n.quillContentChanged (https://www.greencity.cx.ua/chunk-VNNOUBDJ.js:1:16043)
    at https://www.greencity.cx.ua/chunk-VNNOUBDJ.js:1:7223
    at eE (https://www.greencity.cx.ua/chunk-NUXSP4TM.js:11:76097)
    at Object.o [as next] (https://www.greencity.cx.ua/chunk-NUXSP4TM.js:11:76277)
    at bv.next (https://www.greencity.cx.ua/chunk-NUXSP4TM.js:7:3120)
    at Fr._next (https://www.greencity.cx.ua/chunk-NUXSP4TM.js:7:2803)
    at Fr.next (https://www.greencity.cx.ua/chunk-NUXSP4TM.js:7:2530)
    at https://www.greencity.cx.ua/chunk-NUXSP4TM.js:7:7848
    at Ac (https://www.greencity.cx.ua/chunk-NUXSP4TM.js:7:2222)
    at S0.next (https://www.greencity.cx.ua/chunk-NUXSP4TM.js:7:7687), [2026-03-13T19:20:33.178Z] [SEVERE] https://www.greencity.cx.ua/chunk-NUXSP4TM.js 10:45939 "ERROR" TypeError: Cannot read properties of null (reading 'setValue')
    at n.quillContentChanged (https://www.greencity.cx.ua/chunk-VNNOUBDJ.js:1:16043)
    at https://www.greencity.cx.ua/chunk-VNNOUBDJ.js:1:7223
    at eE (https://www.greencity.cx.ua/chunk-NUXSP4TM.js:11:76097)
    at Object.o [as next] (https://www.greencity.cx.ua/chunk-NUXSP4TM.js:11:76277)
    at bv.next (https://www.greencity.cx.ua/chunk-NUXSP4TM.js:7:3120)
    at Fr._next (https://www.greencity.cx.ua/chunk-NUXSP4TM.js:7:2803)
    at Fr.next (https://www.greencity.cx.ua/chunk-NUXSP4TM.js:7:2530)
    at https://www.greencity.cx.ua/chunk-NUXSP4TM.js:7:7848
    at Ac (https://www.greencity.cx.ua/chunk-NUXSP4TM.js:7:2222)
    at S0.next (https://www.greencity.cx.ua/chunk-NUXSP4TM.js:7:7687), [2026-03-13T19:20:33.180Z] [SEVERE] https://www.greencity.cx.ua/chunk-NUXSP4TM.js 10:45939 "ERROR" TypeError: Cannot read properties of null (reading 'setValue')
    at n.quillContentChanged (https://www.greencity.cx.ua/chunk-VNNOUBDJ.js:1:16043)
    at https://www.greencity.cx.ua/chunk-VNNOUBDJ.js:1:7223
    at eE (https://www.greencity.cx.ua/chunk-NUXSP4TM.js:11:76097)
    at Object.o [as next] (https://www.greencity.cx.ua/chunk-NUXSP4TM.js:11:76277)
    at bv.next (https://www.greencity.cx.ua/chunk-NUXSP4TM.js:7:3120)
    at Fr._next (https://www.greencity.cx.ua/chunk-NUXSP4TM.js:7:2803)
    at Fr.next (https://www.greencity.cx.ua/chunk-NUXSP4TM.js:7:2530)
    at https://www.greencity.cx.ua/chunk-NUXSP4TM.js:7:7848
    at Ac (https://www.greencity.cx.ua/chunk-NUXSP4TM.js:7:2222)
    at S0.next (https://www.greencity.cx.ua/chunk-NUXSP4TM.js:7:7687), [2026-03-13T19:20:34.492Z] [SEVERE] https://www.greencity.cx.ua/chunk-NUXSP4TM.js 10:45939 "ERROR" TypeError: Cannot read properties of null (reading 'setValue')
    at n.quillContentChanged (https://www.greencity.cx.ua/chunk-VNNOUBDJ.js:1:16043)
    at https://www.greencity.cx.ua/chunk-VNNOUBDJ.js:1:7223
    at eE (https://www.greencity.cx.ua/chunk-NUXSP4TM.js:11:76097)
    at Object.o [as next] (https://www.greencity.cx.ua/chunk-NUXSP4TM.js:11:76277)
    at bv.next (https://www.greencity.cx.ua/chunk-NUXSP4TM.js:7:3120)
    at Fr._next (https://www.greencity.cx.ua/chunk-NUXSP4TM.js:7:2803)
    at Fr.next (https://www.greencity.cx.ua/chunk-NUXSP4TM.js:7:2530)
    at https://www.greencity.cx.ua/chunk-NUXSP4TM.js:7:7848
    at Ac (https://www.greencity.cx.ua/chunk-NUXSP4TM.js:7:2222)
    at S0.next (https://www.greencity.cx.ua/chunk-NUXSP4TM.js:7:7687), [2026-03-13T19:20:34.586Z] [SEVERE] https://www.greencity.cx.ua/chunk-NUXSP4TM.js 10:45939 "ERROR" TypeError: Cannot read properties of null (reading 'setValue')
    at n.quillContentChanged (https://www.greencity.cx.ua/chunk-VNNOUBDJ.js:1:16043)
    at https://www.greencity.cx.ua/chunk-VNNOUBDJ.js:1:7223
    at eE (https://www.greencity.cx.ua/chunk-NUXSP4TM.js:11:76097)
    at Object.o [as next] (https://www.greencity.cx.ua/chunk-NUXSP4TM.js:11:76277)
    at bv.next (https://www.greencity.cx.ua/chunk-NUXSP4TM.js:7:3120)
    at Fr._next (https://www.greencity.cx.ua/chunk-NUXSP4TM.js:7:2803)
    at Fr.next (https://www.greencity.cx.ua/chunk-NUXSP4TM.js:7:2530)
    at https://www.greencity.cx.ua/chunk-NUXSP4TM.js:7:7848
    at Ac (https://www.greencity.cx.ua/chunk-NUXSP4TM.js:7:2222)
    at S0.next (https://www.greencity.cx.ua/chunk-NUXSP4TM.js:7:7687), [2026-03-13T19:20:34.587Z] [SEVERE] https://www.greencity.cx.ua/chunk-NUXSP4TM.js 10:45939 "ERROR" TypeError: Cannot read properties of null (reading 'setValue')
    at n.quillContentChanged (https://www.greencity.cx.ua/chunk-VNNOUBDJ.js:1:16043)
    at https://www.greencity.cx.ua/chunk-VNNOUBDJ.js:1:7223
    at eE (https://www.greencity.cx.ua/chunk-NUXSP4TM.js:11:76097)
    at Object.o [as next] (https://www.greencity.cx.ua/chunk-NUXSP4TM.js:11:76277)
    at bv.next (https://www.greencity.cx.ua/chunk-NUXSP4TM.js:7:3120)
    at Fr._next (https://www.greencity.cx.ua/chunk-NUXSP4TM.js:7:2803)
    at Fr.next (https://www.greencity.cx.ua/chunk-NUXSP4TM.js:7:2530)
    at https://www.greencity.cx.ua/chunk-NUXSP4TM.js:7:7848
    at Ac (https://www.greencity.cx.ua/chunk-NUXSP4TM.js:7:2222)
    at S0.next (https://www.greencity.cx.ua/chunk-NUXSP4TM.js:7:7687), [2026-03-13T19:20:34.587Z] [SEVERE] https://www.greencity.cx.ua/chunk-NUXSP4TM.js 10:45939 "ERROR" TypeError: Cannot read properties of null (reading 'setValue')
    at n.quillContentChanged (https://www.greencity.cx.ua/chunk-VNNOUBDJ.js:1:16043)
    at https://www.greencity.cx.ua/chunk-VNNOUBDJ.js:1:7223
    at eE (https://www.greencity.cx.ua/chunk-NUXSP4TM.js:11:76097)
    at Object.o [as next] (https://www.greencity.cx.ua/chunk-NUXSP4TM.js:11:76277)
    at bv.next (https://www.greencity.cx.ua/chunk-NUXSP4TM.js:7:3120)
    at Fr._next (https://www.greencity.cx.ua/chunk-NUXSP4TM.js:7:2803)
    at Fr.next (https://www.greencity.cx.ua/chunk-NUXSP4TM.js:7:2530)
    at https://www.greencity.cx.ua/chunk-NUXSP4TM.js:7:7848
    at Ac (https://www.greencity.cx.ua/chunk-NUXSP4TM.js:7:2222)
    at S0.next (https://www.greencity.cx.ua/chunk-NUXSP4TM.js:7:7687), [2026-03-13T19:20:34.587Z] [SEVERE] https://www.greencity.cx.ua/chunk-NUXSP4TM.js 10:45939 "ERROR" TypeError: Cannot read properties of null (reading 'setValue')
    at n.quillContentChanged (https://www.greencity.cx.ua/chunk-VNNOUBDJ.js:1:16043)
    at https://www.greencity.cx.ua/chunk-VNNOUBDJ.js:1:7223
    at eE (https://www.greencity.cx.ua/chunk-NUXSP4TM.js:11:76097)
    at Object.o [as next] (https://www.greencity.cx.ua/chunk-NUXSP4TM.js:11:76277)
    at bv.next (https://www.greencity.cx.ua/chunk-NUXSP4TM.js:7:3120)
    at Fr._next (https://www.greencity.cx.ua/chunk-NUXSP4TM.js:7:2803)
    at Fr.next (https://www.greencity.cx.ua/chunk-NUXSP4TM.js:7:2530)
    at https://www.greencity.cx.ua/chunk-NUXSP4TM.js:7:7848
    at Ac (https://www.greencity.cx.ua/chunk-NUXSP4TM.js:7:2222)
    at S0.next (https://www.greencity.cx.ua/chunk-NUXSP4TM.js:7:7687), [2026-03-13T19:20:34.587Z] [SEVERE] https://www.greencity.cx.ua/chunk-NUXSP4TM.js 10:45939 "ERROR" TypeError: Cannot read properties of null (reading 'setValue')
    at n.quillContentChanged (https://www.greencity.cx.ua/chunk-VNNOUBDJ.js:1:16043)
    at https://www.greencity.cx.ua/chunk-VNNOUBDJ.js:1:7223
    at eE (https://www.greencity.cx.ua/chunk-NUXSP4TM.js:11:76097)
    at Object.o [as next] (https://www.greencity.cx.ua/chunk-NUXSP4TM.js:11:76277)
    at bv.next (https://www.greencity.cx.ua/chunk-NUXSP4TM.js:7:3120)
    at Fr._next (https://www.greencity.cx.ua/chunk-NUXSP4TM.js:7:2803)
    at Fr.next (https://www.greencity.cx.ua/chunk-NUXSP4TM.js:7:2530)
    at https://www.greencity.cx.ua/chunk-NUXSP4TM.js:7:7848
    at Ac (https://www.greencity.cx.ua/chunk-NUXSP4TM.js:7:2222)
    at S0.next (https://www.greencity.cx.ua/chunk-NUXSP4TM.js:7:7687), [2026-03-13T19:20:34.587Z] [SEVERE] https://www.greencity.cx.ua/chunk-NUXSP4TM.js 10:45939 "ERROR" TypeError: Cannot read properties of null (reading 'setValue')
    at n.quillContentChanged (https://www.greencity.cx.ua/chunk-VNNOUBDJ.js:1:16043)
    at https://www.greencity.cx.ua/chunk-VNNOUBDJ.js:1:7223
    at eE (https://www.greencity.cx.ua/chunk-NUXSP4TM.js:11:76097)
    at Object.o [as next] (https://www.greencity.cx.ua/chunk-NUXSP4TM.js:11:76277)
    at bv.next (https://www.greencity.cx.ua/chunk-NUXSP4TM.js:7:3120)
    at Fr._next (https://www.greencity.cx.ua/chunk-NUXSP4TM.js:7:2803)
    at Fr.next (https://www.greencity.cx.ua/chunk-NUXSP4TM.js:7:2530)
    at https://www.greencity.cx.ua/chunk-NUXSP4TM.js:7:7848
    at Ac (https://www.greencity.cx.ua/chunk-NUXSP4TM.js:7:2222)
    at S0.next (https://www.greencity.cx.ua/chunk-NUXSP4TM.js:7:7687), [2026-03-13T19:20:34.587Z] [SEVERE] https://www.greencity.cx.ua/chunk-NUXSP4TM.js 10:45939 "ERROR" TypeError: Cannot read properties of null (reading 'setValue')
    at n.quillContentChanged (https://www.greencity.cx.ua/chunk-VNNOUBDJ.js:1:16043)
    at https://www.greencity.cx.ua/chunk-VNNOUBDJ.js:1:7223
    at eE (https://www.greencity.cx.ua/chunk-NUXSP4TM.js:11:76097)
    at Object.o [as next] (https://www.greencity.cx.ua/chunk-NUXSP4TM.js:11:76277)
    at bv.next (https://www.greencity.cx.ua/chunk-NUXSP4TM.js:7:3120)
    at Fr._next (https://www.greencity.cx.ua/chunk-NUXSP4TM.js:7:2803)
    at Fr.next (https://www.greencity.cx.ua/chunk-NUXSP4TM.js:7:2530)
    at https://www.greencity.cx.ua/chunk-NUXSP4TM.js:7:7848
    at Ac (https://www.greencity.cx.ua/chunk-NUXSP4TM.js:7:2222)
    at S0.next (https://www.greencity.cx.ua/chunk-NUXSP4TM.js:7:7687), [2026-03-13T19:20:34.587Z] [SEVERE] https://www.greencity.cx.ua/chunk-NUXSP4TM.js 10:45939 "ERROR" TypeError: Cannot read properties of null (reading 'setValue')
    at n.quillContentChanged (https://www.greencity.cx.ua/chunk-VNNOUBDJ.js:1:16043)
    at https://www.greencity.cx.ua/chunk-VNNOUBDJ.js:1:7223
    at eE (https://www.greencity.cx.ua/chunk-NUXSP4TM.js:11:76097)
    at Object.o [as next] (https://www.greencity.cx.ua/chunk-NUXSP4TM.js:11:76277)
    at bv.next (https://www.greencity.cx.ua/chunk-NUXSP4TM.js:7:3120)
    at Fr._next (https://www.greencity.cx.ua/chunk-NUXSP4TM.js:7:2803)
    at Fr.next (https://www.greencity.cx.ua/chunk-NUXSP4TM.js:7:2530)
    at https://www.greencity.cx.ua/chunk-NUXSP4TM.js:7:7848
    at Ac (https://www.greencity.cx.ua/chunk-NUXSP4TM.js:7:2222)
    at S0.next (https://www.greencity.cx.ua/chunk-NUXSP4TM.js:7:7687), [2026-03-13T19:20:34.587Z] [SEVERE] https://www.greencity.cx.ua/chunk-NUXSP4TM.js 10:45939 "ERROR" TypeError: Cannot read properties of null (reading 'setValue')
    at n.quillContentChanged (https://www.greencity.cx.ua/chunk-VNNOUBDJ.js:1:16043)
    at https://www.greencity.cx.ua/chunk-VNNOUBDJ.js:1:7223
    at eE (https://www.greencity.cx.ua/chunk-NUXSP4TM.js:11:76097)
    at Object.o [as next] (https://www.greencity.cx.ua/chunk-NUXSP4TM.js:11:76277)
    at bv.next (https://www.greencity.cx.ua/chunk-NUXSP4TM.js:7:3120)
    at Fr._next (https://www.greencity.cx.ua/chunk-NUXSP4TM.js:7:2803)
    at Fr.next (https://www.greencity.cx.ua/chunk-NUXSP4TM.js:7:2530)
    at https://www.greencity.cx.ua/chunk-NUXSP4TM.js:7:7848
    at Ac (https://www.greencity.cx.ua/chunk-NUXSP4TM.js:7:2222)
    at S0.next (https://www.greencity.cx.ua/chunk-NUXSP4TM.js:7:7687), [2026-03-13T19:20:34.587Z] [SEVERE] https://www.greencity.cx.ua/chunk-NUXSP4TM.js 10:45939 "ERROR" TypeError: Cannot read properties of null (reading 'setValue')
    at n.quillContentChanged (https://www.greencity.cx.ua/chunk-VNNOUBDJ.js:1:16043)
    at https://www.greencity.cx.ua/chunk-VNNOUBDJ.js:1:7223
    at eE (https://www.greencity.cx.ua/chunk-NUXSP4TM.js:11:76097)
    at Object.o [as next] (https://www.greencity.cx.ua/chunk-NUXSP4TM.js:11:76277)
    at bv.next (https://www.greencity.cx.ua/chunk-NUXSP4TM.js:7:3120)
    at Fr._next (https://www.greencity.cx.ua/chunk-NUXSP4TM.js:7:2803)
    at Fr.next (https://www.greencity.cx.ua/chunk-NUXSP4TM.js:7:2530)
    at https://www.greencity.cx.ua/chunk-NUXSP4TM.js:7:7848
    at Ac (https://www.greencity.cx.ua/chunk-NUXSP4TM.js:7:2222)
    at S0.next (https://www.greencity.cx.ua/chunk-NUXSP4TM.js:7:7687), [2026-03-13T19:20:34.587Z] [SEVERE] https://www.greencity.cx.ua/chunk-NUXSP4TM.js 10:45939 "ERROR" TypeError: Cannot read properties of null (reading 'setValue')
    at n.quillContentChanged (https://www.greencity.cx.ua/chunk-VNNOUBDJ.js:1:16043)
    at https://www.greencity.cx.ua/chunk-VNNOUBDJ.js:1:7223
    at eE (https://www.greencity.cx.ua/chunk-NUXSP4TM.js:11:76097)
    at Object.o [as next] (https://www.greencity.cx.ua/chunk-NUXSP4TM.js:11:76277)
    at bv.next (https://www.greencity.cx.ua/chunk-NUXSP4TM.js:7:3120)
    at Fr._next (https://www.greencity.cx.ua/chunk-NUXSP4TM.js:7:2803)
    at Fr.next (https://www.greencity.cx.ua/chunk-NUXSP4TM.js:7:2530)
    at https://www.greencity.cx.ua/chunk-NUXSP4TM.js:7:7848
    at Ac (https://www.greencity.cx.ua/chunk-NUXSP4TM.js:7:2222)
    at S0.next (https://www.greencity.cx.ua/chunk-NUXSP4TM.js:7:7687), [2026-03-13T19:20:34.587Z] [SEVERE] https://www.greencity.cx.ua/chunk-NUXSP4TM.js 10:45939 "ERROR" TypeError: Cannot read properties of null (reading 'setValue')
    at n.quillContentChanged (https://www.greencity.cx.ua/chunk-VNNOUBDJ.js:1:16043)
    at https://www.greencity.cx.ua/chunk-VNNOUBDJ.js:1:7223
    at eE (https://www.greencity.cx.ua/chunk-NUXSP4TM.js:11:76097)
    at Object.o [as next] (https://www.greencity.cx.ua/chunk-NUXSP4TM.js:11:76277)
    at bv.next (https://www.greencity.cx.ua/chunk-NUXSP4TM.js:7:3120)
    at Fr._next (https://www.greencity.cx.ua/chunk-NUXSP4TM.js:7:2803)
    at Fr.next (https://www.greencity.cx.ua/chunk-NUXSP4TM.js:7:2530)
    at https://www.greencity.cx.ua/chunk-NUXSP4TM.js:7:7848
    at Ac (https://www.greencity.cx.ua/chunk-NUXSP4TM.js:7:2222)
    at S0.next (https://www.greencity.cx.ua/chunk-NUXSP4TM.js:7:7687), [2026-03-13T19:20:34.589Z] [SEVERE] https://www.greencity.cx.ua/chunk-NUXSP4TM.js 10:45939 "ERROR" TypeError: Cannot read properties of null (reading 'setValue')
    at n.quillContentChanged (https://www.greencity.cx.ua/chunk-VNNOUBDJ.js:1:16043)
    at https://www.greencity.cx.ua/chunk-VNNOUBDJ.js:1:7223
    at eE (https://www.greencity.cx.ua/chunk-NUXSP4TM.js:11:76097)
    at Object.o [as next] (https://www.greencity.cx.ua/chunk-NUXSP4TM.js:11:76277)
    at bv.next (https://www.greencity.cx.ua/chunk-NUXSP4TM.js:7:3120)
    at Fr._next (https://www.greencity.cx.ua/chunk-NUXSP4TM.js:7:2803)
    at Fr.next (https://www.greencity.cx.ua/chunk-NUXSP4TM.js:7:2530)
    at https://www.greencity.cx.ua/chunk-NUXSP4TM.js:7:7848
    at Ac (https://www.greencity.cx.ua/chunk-NUXSP4TM.js:7:2222)
    at S0.next (https://www.greencity.cx.ua/chunk-NUXSP4TM.js:7:7687), [2026-03-13T19:20:34.592Z] [SEVERE] https://www.greencity.cx.ua/chunk-NUXSP4TM.js 10:45939 "ERROR" TypeError: Cannot read properties of null (reading 'setValue')
    at n.quillContentChanged (https://www.greencity.cx.ua/chunk-VNNOUBDJ.js:1:16043)
    at https://www.greencity.cx.ua/chunk-VNNOUBDJ.js:1:7223
    at eE (https://www.greencity.cx.ua/chunk-NUXSP4TM.js:11:76097)
    at Object.o [as next] (https://www.greencity.cx.ua/chunk-NUXSP4TM.js:11:76277)
    at bv.next (https://www.greencity.cx.ua/chunk-NUXSP4TM.js:7:3120)
    at Fr._next (https://www.greencity.cx.ua/chunk-NUXSP4TM.js:7:2803)
    at Fr.next (https://www.greencity.cx.ua/chunk-NUXSP4TM.js:7:2530)
    at https://www.greencity.cx.ua/chunk-NUXSP4TM.js:7:7848
    at Ac (https://www.greencity.cx.ua/chunk-NUXSP4TM.js:7:2222)
    at S0.next (https://www.greencity.cx.ua/chunk-NUXSP4TM.js:7:7687), [2026-03-13T19:20:34.594Z] [SEVERE] https://www.greencity.cx.ua/chunk-NUXSP4TM.js 10:45939 "ERROR" TypeError: Cannot read properties of null (reading 'setValue')
    at n.quillContentChanged (https://www.greencity.cx.ua/chunk-VNNOUBDJ.js:1:16043)
    at https://www.greencity.cx.ua/chunk-VNNOUBDJ.js:1:7223
    at eE (https://www.greencity.cx.ua/chunk-NUXSP4TM.js:11:76097)
    at Object.o [as next] (https://www.greencity.cx.ua/chunk-NUXSP4TM.js:11:76277)
    at bv.next (https://www.greencity.cx.ua/chunk-NUXSP4TM.js:7:3120)
    at Fr._next (https://www.greencity.cx.ua/chunk-NUXSP4TM.js:7:2803)
    at Fr.next (https://www.greencity.cx.ua/chunk-NUXSP4TM.js:7:2530)
    at https://www.greencity.cx.ua/chunk-NUXSP4TM.js:7:7848
    at Ac (https://www.greencity.cx.ua/chunk-NUXSP4TM.js:7:2222)
    at S0.next (https://www.greencity.cx.ua/chunk-NUXSP4TM.js:7:7687), [2026-03-13T19:20:34.597Z] [SEVERE] https://www.greencity.cx.ua/chunk-NUXSP4TM.js 10:45939 "ERROR" TypeError: Cannot read properties of null (reading 'setValue')
    at n.quillContentChanged (https://www.greencity.cx.ua/chunk-VNNOUBDJ.js:1:16043)
    at https://www.greencity.cx.ua/chunk-VNNOUBDJ.js:1:7223
    at eE (https://www.greencity.cx.ua/chunk-NUXSP4TM.js:11:76097)
    at Object.o [as next] (https://www.greencity.cx.ua/chunk-NUXSP4TM.js:11:76277)
    at bv.next (https://www.greencity.cx.ua/chunk-NUXSP4TM.js:7:3120)
    at Fr._next (https://www.greencity.cx.ua/chunk-NUXSP4TM.js:7:2803)
    at Fr.next (https://www.greencity.cx.ua/chunk-NUXSP4TM.js:7:2530)
    at https://www.greencity.cx.ua/chunk-NUXSP4TM.js:7:7848
    at Ac (https://www.greencity.cx.ua/chunk-NUXSP4TM.js:7:2222)
    at S0.next (https://www.greencity.cx.ua/chunk-NUXSP4TM.js:7:7687), [2026-03-13T19:20:34.599Z] [SEVERE] https://www.greencity.cx.ua/chunk-NUXSP4TM.js 10:45939 "ERROR" TypeError: Cannot read properties of null (reading 'setValue')
    at n.quillContentChanged (https://www.greencity.cx.ua/chunk-VNNOUBDJ.js:1:16043)
    at https://www.greencity.cx.ua/chunk-VNNOUBDJ.js:1:7223
    at eE (https://www.greencity.cx.ua/chunk-NUXSP4TM.js:11:76097)
    at Object.o [as next] (https://www.greencity.cx.ua/chunk-NUXSP4TM.js:11:76277)
    at bv.next (https://www.greencity.cx.ua/chunk-NUXSP4TM.js:7:3120)
    at Fr._next (https://www.greencity.cx.ua/chunk-NUXSP4TM.js:7:2803)
    at Fr.next (https://www.greencity.cx.ua/chunk-NUXSP4TM.js:7:2530)
    at https://www.greencity.cx.ua/chunk-NUXSP4TM.js:7:7848
    at Ac (https://www.greencity.cx.ua/chunk-NUXSP4TM.js:7:2222)
    at S0.next (https://www.greencity.cx.ua/chunk-NUXSP4TM.js:7:7687), [2026-03-13T19:20:34.601Z] [SEVERE] https://www.greencity.cx.ua/chunk-NUXSP4TM.js 10:45939 "ERROR" TypeError: Cannot read properties of null (reading 'setValue')
    at n.quillContentChanged (https://www.greencity.cx.ua/chunk-VNNOUBDJ.js:1:16043)
    at https://www.greencity.cx.ua/chunk-VNNOUBDJ.js:1:7223
    at eE (https://www.greencity.cx.ua/chunk-NUXSP4TM.js:11:76097)
    at Object.o [as next] (https://www.greencity.cx.ua/chunk-NUXSP4TM.js:11:76277)
    at bv.next (https://www.greencity.cx.ua/chunk-NUXSP4TM.js:7:3120)
    at Fr._next (https://www.greencity.cx.ua/chunk-NUXSP4TM.js:7:2803)
    at Fr.next (https://www.greencity.cx.ua/chunk-NUXSP4TM.js:7:2530)
    at https://www.greencity.cx.ua/chunk-NUXSP4TM.js:7:7848
    at Ac (https://www.greencity.cx.ua/chunk-NUXSP4TM.js:7:2222)
    at S0.next (https://www.greencity.cx.ua/chunk-NUXSP4TM.js:7:7687), [2026-03-13T19:20:34.603Z] [SEVERE] https://www.greencity.cx.ua/chunk-NUXSP4TM.js 10:45939 "ERROR" TypeError: Cannot read properties of null (reading 'setValue')
    at n.quillContentChanged (https://www.greencity.cx.ua/chunk-VNNOUBDJ.js:1:16043)
    at https://www.greencity.cx.ua/chunk-VNNOUBDJ.js:1:7223
    at eE (https://www.greencity.cx.ua/chunk-NUXSP4TM.js:11:76097)
    at Object.o [as next] (https://www.greencity.cx.ua/chunk-NUXSP4TM.js:11:76277)
    at bv.next (https://www.greencity.cx.ua/chunk-NUXSP4TM.js:7:3120)
    at Fr._next (https://www.greencity.cx.ua/chunk-NUXSP4TM.js:7:2803)
    at Fr.next (https://www.greencity.cx.ua/chunk-NUXSP4TM.js:7:2530)
    at https://www.greencity.cx.ua/chunk-NUXSP4TM.js:7:7848
    at Ac (https://www.greencity.cx.ua/chunk-NUXSP4TM.js:7:2222)
    at S0.next (https://www.greencity.cx.ua/chunk-NUXSP4TM.js:7:7687), [2026-03-13T19:20:34.605Z] [SEVERE] https://www.greencity.cx.ua/chunk-NUXSP4TM.js 10:45939 "ERROR" TypeError: Cannot read properties of null (reading 'setValue')
    at n.quillContentChanged (https://www.greencity.cx.ua/chunk-VNNOUBDJ.js:1:16043)
    at https://www.greencity.cx.ua/chunk-VNNOUBDJ.js:1:7223
    at eE (https://www.greencity.cx.ua/chunk-NUXSP4TM.js:11:76097)
    at Object.o [as next] (https://www.greencity.cx.ua/chunk-NUXSP4TM.js:11:76277)
    at bv.next (https://www.greencity.cx.ua/chunk-NUXSP4TM.js:7:3120)
    at Fr._next (https://www.greencity.cx.ua/chunk-NUXSP4TM.js:7:2803)
    at Fr.next (https://www.greencity.cx.ua/chunk-NUXSP4TM.js:7:2530)
    at https://www.greencity.cx.ua/chunk-NUXSP4TM.js:7:7848
    at Ac (https://www.greencity.cx.ua/chunk-NUXSP4TM.js:7:2222)
    at S0.next (https://www.greencity.cx.ua/chunk-NUXSP4TM.js:7:7687), [2026-03-13T19:20:34.608Z] [SEVERE] https://www.greencity.cx.ua/chunk-NUXSP4TM.js 10:45939 "ERROR" TypeError: Cannot read properties of null (reading 'setValue')
    at n.quillContentChanged (https://www.greencity.cx.ua/chunk-VNNOUBDJ.js:1:16043)
    at https://www.greencity.cx.ua/chunk-VNNOUBDJ.js:1:7223
    at eE (https://www.greencity.cx.ua/chunk-NUXSP4TM.js:11:76097)
    at Object.o [as next] (https://www.greencity.cx.ua/chunk-NUXSP4TM.js:11:76277)
    at bv.next (https://www.greencity.cx.ua/chunk-NUXSP4TM.js:7:3120)
    at Fr._next (https://www.greencity.cx.ua/chunk-NUXSP4TM.js:7:2803)
    at Fr.next (https://www.greencity.cx.ua/chunk-NUXSP4TM.js:7:2530)
    at https://www.greencity.cx.ua/chunk-NUXSP4TM.js:7:7848
    at Ac (https://www.greencity.cx.ua/chunk-NUXSP4TM.js:7:2222)
    at S0.next (https://www.greencity.cx.ua/chunk-NUXSP4TM.js:7:7687), [2026-03-13T19:20:34.610Z] [SEVERE] https://www.greencity.cx.ua/chunk-NUXSP4TM.js 10:45939 "ERROR" TypeError: Cannot read properties of null (reading 'setValue')
    at n.quillContentChanged (https://www.greencity.cx.ua/chunk-VNNOUBDJ.js:1:16043)
    at https://www.greencity.cx.ua/chunk-VNNOUBDJ.js:1:7223
    at eE (https://www.greencity.cx.ua/chunk-NUXSP4TM.js:11:76097)
    at Object.o [as next] (https://www.greencity.cx.ua/chunk-NUXSP4TM.js:11:76277)
    at bv.next (https://www.greencity.cx.ua/chunk-NUXSP4TM.js:7:3120)
    at Fr._next (https://www.greencity.cx.ua/chunk-NUXSP4TM.js:7:2803)
    at Fr.next (https://www.greencity.cx.ua/chunk-NUXSP4TM.js:7:2530)
    at https://www.greencity.cx.ua/chunk-NUXSP4TM.js:7:7848
    at Ac (https://www.greencity.cx.ua/chunk-NUXSP4TM.js:7:2222)
    at S0.next (https://www.greencity.cx.ua/chunk-NUXSP4TM.js:7:7687), [2026-03-13T19:20:34.612Z] [SEVERE] https://www.greencity.cx.ua/chunk-NUXSP4TM.js 10:45939 "ERROR" TypeError: Cannot read properties of null (reading 'setValue')
    at n.quillContentChanged (https://www.greencity.cx.ua/chunk-VNNOUBDJ.js:1:16043)
    at https://www.greencity.cx.ua/chunk-VNNOUBDJ.js:1:7223
    at eE (https://www.greencity.cx.ua/chunk-NUXSP4TM.js:11:76097)
    at Object.o [as next] (https://www.greencity.cx.ua/chunk-NUXSP4TM.js:11:76277)
    at bv.next (https://www.greencity.cx.ua/chunk-NUXSP4TM.js:7:3120)
    at Fr._next (https://www.greencity.cx.ua/chunk-NUXSP4TM.js:7:2803)
    at Fr.next (https://www.greencity.cx.ua/chunk-NUXSP4TM.js:7:2530)
    at https://www.greencity.cx.ua/chunk-NUXSP4TM.js:7:7848
    at Ac (https://www.greencity.cx.ua/chunk-NUXSP4TM.js:7:2222)
    at S0.next (https://www.greencity.cx.ua/chunk-NUXSP4TM.js:7:7687), [2026-03-13T19:20:34.615Z] [SEVERE] https://www.greencity.cx.ua/chunk-NUXSP4TM.js 10:45939 "ERROR" TypeError: Cannot read properties of null (reading 'setValue')
    at n.quillContentChanged (https://www.greencity.cx.ua/chunk-VNNOUBDJ.js:1:16043)
    at https://www.greencity.cx.ua/chunk-VNNOUBDJ.js:1:7223
    at eE (https://www.greencity.cx.ua/chunk-NUXSP4TM.js:11:76097)
    at Object.o [as next] (https://www.greencity.cx.ua/chunk-NUXSP4TM.js:11:76277)
    at bv.next (https://www.greencity.cx.ua/chunk-NUXSP4TM.js:7:3120)
    at Fr._next (https://www.greencity.cx.ua/chunk-NUXSP4TM.js:7:2803)
    at Fr.next (https://www.greencity.cx.ua/chunk-NUXSP4TM.js:7:2530)
    at https://www.greencity.cx.ua/chunk-NUXSP4TM.js:7:7848
    at Ac (https://www.greencity.cx.ua/chunk-NUXSP4TM.js:7:2222)
    at S0.next (https://www.greencity.cx.ua/chunk-NUXSP4TM.js:7:7687), [2026-03-13T19:20:34.617Z] [SEVERE] https://www.greencity.cx.ua/chunk-NUXSP4TM.js 10:45939 "ERROR" TypeError: Cannot read properties of null (reading 'setValue')
    at n.quillContentChanged (https://www.greencity.cx.ua/chunk-VNNOUBDJ.js:1:16043)
    at https://www.greencity.cx.ua/chunk-VNNOUBDJ.js:1:7223
    at eE (https://www.greencity.cx.ua/chunk-NUXSP4TM.js:11:76097)
    at Object.o [as next] (https://www.greencity.cx.ua/chunk-NUXSP4TM.js:11:76277)
    at bv.next (https://www.greencity.cx.ua/chunk-NUXSP4TM.js:7:3120)
    at Fr._next (https://www.greencity.cx.ua/chunk-NUXSP4TM.js:7:2803)
    at Fr.next (https://www.greencity.cx.ua/chunk-NUXSP4TM.js:7:2530)
    at https://www.greencity.cx.ua/chunk-NUXSP4TM.js:7:7848
    at Ac (https://www.greencity.cx.ua/chunk-NUXSP4TM.js:7:2222)
    at S0.next (https://www.greencity.cx.ua/chunk-NUXSP4TM.js:7:7687), [2026-03-13T19:20:34.619Z] [SEVERE] https://www.greencity.cx.ua/chunk-NUXSP4TM.js 10:45939 "ERROR" TypeError: Cannot read properties of null (reading 'setValue')
    at n.quillContentChanged (https://www.greencity.cx.ua/chunk-VNNOUBDJ.js:1:16043)
    at https://www.greencity.cx.ua/chunk-VNNOUBDJ.js:1:7223
    at eE (https://www.greencity.cx.ua/chunk-NUXSP4TM.js:11:76097)
    at Object.o [as next] (https://www.greencity.cx.ua/chunk-NUXSP4TM.js:11:76277)
    at bv.next (https://www.greencity.cx.ua/chunk-NUXSP4TM.js:7:3120)
    at Fr._next (https://www.greencity.cx.ua/chunk-NUXSP4TM.js:7:2803)
    at Fr.next (https://www.greencity.cx.ua/chunk-NUXSP4TM.js:7:2530)
    at https://www.greencity.cx.ua/chunk-NUXSP4TM.js:7:7848
    at Ac (https://www.greencity.cx.ua/chunk-NUXSP4TM.js:7:2222)
    at S0.next (https://www.greencity.cx.ua/chunk-NUXSP4TM.js:7:7687), [2026-03-13T19:20:34.622Z] [SEVERE] https://www.greencity.cx.ua/chunk-NUXSP4TM.js 10:45939 "ERROR" TypeError: Cannot read properties of null (reading 'setValue')
    at n.quillContentChanged (https://www.greencity.cx.ua/chunk-VNNOUBDJ.js:1:16043)
    at https://www.greencity.cx.ua/chunk-VNNOUBDJ.js:1:7223
    at eE (https://www.greencity.cx.ua/chunk-NUXSP4TM.js:11:76097)
    at Object.o [as next] (https://www.greencity.cx.ua/chunk-NUXSP4TM.js:11:76277)
    at bv.next (https://www.greencity.cx.ua/chunk-NUXSP4TM.js:7:3120)
    at Fr._next (https://www.greencity.cx.ua/chunk-NUXSP4TM.js:7:2803)
    at Fr.next (https://www.greencity.cx.ua/chunk-NUXSP4TM.js:7:2530)
    at https://www.greencity.cx.ua/chunk-NUXSP4TM.js:7:7848
    at Ac (https://www.greencity.cx.ua/chunk-NUXSP4TM.js:7:2222)
    at S0.next (https://www.greencity.cx.ua/chunk-NUXSP4TM.js:7:7687), [2026-03-13T19:20:34.624Z] [SEVERE] https://www.greencity.cx.ua/chunk-NUXSP4TM.js 10:45939 "ERROR" TypeError: Cannot read properties of null (reading 'setValue')
    at n.quillContentChanged (https://www.greencity.cx.ua/chunk-VNNOUBDJ.js:1:16043)
    at https://www.greencity.cx.ua/chunk-VNNOUBDJ.js:1:7223
    at eE (https://www.greencity.cx.ua/chunk-NUXSP4TM.js:11:76097)
    at Object.o [as next] (https://www.greencity.cx.ua/chunk-NUXSP4TM.js:11:76277)
    at bv.next (https://www.greencity.cx.ua/chunk-NUXSP4TM.js:7:3120)
    at Fr._next (https://www.greencity.cx.ua/chunk-NUXSP4TM.js:7:2803)
    at Fr.next (https://www.greencity.cx.ua/chunk-NUXSP4TM.js:7:2530)
    at https://www.greencity.cx.ua/chunk-NUXSP4TM.js:7:7848
    at Ac (https://www.greencity.cx.ua/chunk-NUXSP4TM.js:7:2222)
    at S0.next (https://www.greencity.cx.ua/chunk-NUXSP4TM.js:7:7687), [2026-03-13T19:20:34.626Z] [SEVERE] https://www.greencity.cx.ua/chunk-NUXSP4TM.js 10:45939 "ERROR" TypeError: Cannot read properties of null (reading 'setValue')
    at n.quillContentChanged (https://www.greencity.cx.ua/chunk-VNNOUBDJ.js:1:16043)
    at https://www.greencity.cx.ua/chunk-VNNOUBDJ.js:1:7223
    at eE (https://www.greencity.cx.ua/chunk-NUXSP4TM.js:11:76097)
    at Object.o [as next] (https://www.greencity.cx.ua/chunk-NUXSP4TM.js:11:76277)
    at bv.next (https://www.greencity.cx.ua/chunk-NUXSP4TM.js:7:3120)
    at Fr._next (https://www.greencity.cx.ua/chunk-NUXSP4TM.js:7:2803)
    at Fr.next (https://www.greencity.cx.ua/chunk-NUXSP4TM.js:7:2530)
    at https://www.greencity.cx.ua/chunk-NUXSP4TM.js:7:7848
    at Ac (https://www.greencity.cx.ua/chunk-NUXSP4TM.js:7:2222)
    at S0.next (https://www.greencity.cx.ua/chunk-NUXSP4TM.js:7:7687), [2026-03-13T19:20:34.629Z] [SEVERE] https://www.greencity.cx.ua/chunk-NUXSP4TM.js 10:45939 "ERROR" TypeError: Cannot read properties of null (reading 'setValue')
    at n.quillContentChanged (https://www.greencity.cx.ua/chunk-VNNOUBDJ.js:1:16043)
    at https://www.greencity.cx.ua/chunk-VNNOUBDJ.js:1:7223
    at eE (https://www.greencity.cx.ua/chunk-NUXSP4TM.js:11:76097)
    at Object.o [as next] (https://www.greencity.cx.ua/chunk-NUXSP4TM.js:11:76277)
    at bv.next (https://www.greencity.cx.ua/chunk-NUXSP4TM.js:7:3120)
    at Fr._next (https://www.greencity.cx.ua/chunk-NUXSP4TM.js:7:2803)
    at Fr.next (https://www.greencity.cx.ua/chunk-NUXSP4TM.js:7:2530)
    at https://www.greencity.cx.ua/chunk-NUXSP4TM.js:7:7848
    at Ac (https://www.greencity.cx.ua/chunk-NUXSP4TM.js:7:2222)
    at S0.next (https://www.greencity.cx.ua/chunk-NUXSP4TM.js:7:7687), [2026-03-13T19:20:34.632Z] [SEVERE] https://www.greencity.cx.ua/chunk-NUXSP4TM.js 10:45939 "ERROR" TypeError: Cannot read properties of null (reading 'setValue')
    at n.quillContentChanged (https://www.greencity.cx.ua/chunk-VNNOUBDJ.js:1:16043)
    at https://www.greencity.cx.ua/chunk-VNNOUBDJ.js:1:7223
    at eE (https://www.greencity.cx.ua/chunk-NUXSP4TM.js:11:76097)
    at Object.o [as next] (https://www.greencity.cx.ua/chunk-NUXSP4TM.js:11:76277)
    at bv.next (https://www.greencity.cx.ua/chunk-NUXSP4TM.js:7:3120)
    at Fr._next (https://www.greencity.cx.ua/chunk-NUXSP4TM.js:7:2803)
    at Fr.next (https://www.greencity.cx.ua/chunk-NUXSP4TM.js:7:2530)
    at https://www.greencity.cx.ua/chunk-NUXSP4TM.js:7:7848
    at Ac (https://www.greencity.cx.ua/chunk-NUXSP4TM.js:7:2222)
    at S0.next (https://www.greencity.cx.ua/chunk-NUXSP4TM.js:7:7687), [2026-03-13T19:20:34.634Z] [SEVERE] https://www.greencity.cx.ua/chunk-NUXSP4TM.js 10:45939 "ERROR" TypeError: Cannot read properties of null (reading 'setValue')
    at n.quillContentChanged (https://www.greencity.cx.ua/chunk-VNNOUBDJ.js:1:16043)
    at https://www.greencity.cx.ua/chunk-VNNOUBDJ.js:1:7223
    at eE (https://www.greencity.cx.ua/chunk-NUXSP4TM.js:11:76097)
    at Object.o [as next] (https://www.greencity.cx.ua/chunk-NUXSP4TM.js:11:76277)
    at bv.next (https://www.greencity.cx.ua/chunk-NUXSP4TM.js:7:3120)
    at Fr._next (https://www.greencity.cx.ua/chunk-NUXSP4TM.js:7:2803)
    at Fr.next (https://www.greencity.cx.ua/chunk-NUXSP4TM.js:7:2530)
    at https://www.greencity.cx.ua/chunk-NUXSP4TM.js:7:7848
    at Ac (https://www.greencity.cx.ua/chunk-NUXSP4TM.js:7:2222)
    at S0.next (https://www.greencity.cx.ua/chunk-NUXSP4TM.js:7:7687), [2026-03-13T19:20:34.637Z] [SEVERE] https://www.greencity.cx.ua/chunk-NUXSP4TM.js 10:45939 "ERROR" TypeError: Cannot read properties of null (reading 'setValue')
    at n.quillContentChanged (https://www.greencity.cx.ua/chunk-VNNOUBDJ.js:1:16043)
    at https://www.greencity.cx.ua/chunk-VNNOUBDJ.js:1:7223
    at eE (https://www.greencity.cx.ua/chunk-NUXSP4TM.js:11:76097)
    at Object.o [as next] (https://www.greencity.cx.ua/chunk-NUXSP4TM.js:11:76277)
    at bv.next (https://www.greencity.cx.ua/chunk-NUXSP4TM.js:7:3120)
    at Fr._next (https://www.greencity.cx.ua/chunk-NUXSP4TM.js:7:2803)
    at Fr.next (https://www.greencity.cx.ua/chunk-NUXSP4TM.js:7:2530)
    at https://www.greencity.cx.ua/chunk-NUXSP4TM.js:7:7848
    at Ac (https://www.greencity.cx.ua/chunk-NUXSP4TM.js:7:2222)
    at S0.next (https://www.greencity.cx.ua/chunk-NUXSP4TM.js:7:7687), [2026-03-13T19:20:34.639Z] [SEVERE] https://www.greencity.cx.ua/chunk-NUXSP4TM.js 10:45939 "ERROR" TypeError: Cannot read properties of null (reading 'setValue')
    at n.quillContentChanged (https://www.greencity.cx.ua/chunk-VNNOUBDJ.js:1:16043)
    at https://www.greencity.cx.ua/chunk-VNNOUBDJ.js:1:7223
    at eE (https://www.greencity.cx.ua/chunk-NUXSP4TM.js:11:76097)
    at Object.o [as next] (https://www.greencity.cx.ua/chunk-NUXSP4TM.js:11:76277)
    at bv.next (https://www.greencity.cx.ua/chunk-NUXSP4TM.js:7:3120)
    at Fr._next (https://www.greencity.cx.ua/chunk-NUXSP4TM.js:7:2803)
    at Fr.next (https://www.greencity.cx.ua/chunk-NUXSP4TM.js:7:2530)
    at https://www.greencity.cx.ua/chunk-NUXSP4TM.js:7:7848
    at Ac (https://www.greencity.cx.ua/chunk-NUXSP4TM.js:7:2222)
    at S0.next (https://www.greencity.cx.ua/chunk-NUXSP4TM.js:7:7687), [2026-03-13T19:20:34.641Z] [SEVERE] https://www.greencity.cx.ua/chunk-NUXSP4TM.js 10:45939 "ERROR" TypeError: Cannot read properties of null (reading 'setValue')
    at n.quillContentChanged (https://www.greencity.cx.ua/chunk-VNNOUBDJ.js:1:16043)
    at https://www.greencity.cx.ua/chunk-VNNOUBDJ.js:1:7223
    at eE (https://www.greencity.cx.ua/chunk-NUXSP4TM.js:11:76097)
    at Object.o [as next] (https://www.greencity.cx.ua/chunk-NUXSP4TM.js:11:76277)
    at bv.next (https://www.greencity.cx.ua/chunk-NUXSP4TM.js:7:3120)
    at Fr._next (https://www.greencity.cx.ua/chunk-NUXSP4TM.js:7:2803)
    at Fr.next (https://www.greencity.cx.ua/chunk-NUXSP4TM.js:7:2530)
    at https://www.greencity.cx.ua/chunk-NUXSP4TM.js:7:7848
    at Ac (https://www.greencity.cx.ua/chunk-NUXSP4TM.js:7:2222)
    at S0.next (https://www.greencity.cx.ua/chunk-NUXSP4TM.js:7:7687), [2026-03-13T19:20:34.644Z] [SEVERE] https://www.greencity.cx.ua/chunk-NUXSP4TM.js 10:45939 "ERROR" TypeError: Cannot read properties of null (reading 'setValue')
    at n.quillContentChanged (https://www.greencity.cx.ua/chunk-VNNOUBDJ.js:1:16043)
    at https://www.greencity.cx.ua/chunk-VNNOUBDJ.js:1:7223
    at eE (https://www.greencity.cx.ua/chunk-NUXSP4TM.js:11:76097)
    at Object.o [as next] (https://www.greencity.cx.ua/chunk-NUXSP4TM.js:11:76277)
    at bv.next (https://www.greencity.cx.ua/chunk-NUXSP4TM.js:7:3120)
    at Fr._next (https://www.greencity.cx.ua/chunk-NUXSP4TM.js:7:2803)
    at Fr.next (https://www.greencity.cx.ua/chunk-NUXSP4TM.js:7:2530)
    at https://www.greencity.cx.ua/chunk-NUXSP4TM.js:7:7848
    at Ac (https://www.greencity.cx.ua/chunk-NUXSP4TM.js:7:2222)
    at S0.next (https://www.greencity.cx.ua/chunk-NUXSP4TM.js:7:7687), [2026-03-13T19:20:34.646Z] [SEVERE] https://www.greencity.cx.ua/chunk-NUXSP4TM.js 10:45939 "ERROR" TypeError: Cannot read properties of null (reading 'setValue')
    at n.quillContentChanged (https://www.greencity.cx.ua/chunk-VNNOUBDJ.js:1:16043)
    at https://www.greencity.cx.ua/chunk-VNNOUBDJ.js:1:7223
    at eE (https://www.greencity.cx.ua/chunk-NUXSP4TM.js:11:76097)
    at Object.o [as next] (https://www.greencity.cx.ua/chunk-NUXSP4TM.js:11:76277)
    at bv.next (https://www.greencity.cx.ua/chunk-NUXSP4TM.js:7:3120)
    at Fr._next (https://www.greencity.cx.ua/chunk-NUXSP4TM.js:7:2803)
    at Fr.next (https://www.greencity.cx.ua/chunk-NUXSP4TM.js:7:2530)
    at https://www.greencity.cx.ua/chunk-NUXSP4TM.js:7:7848
    at Ac (https://www.greencity.cx.ua/chunk-NUXSP4TM.js:7:2222)
    at S0.next (https://www.greencity.cx.ua/chunk-NUXSP4TM.js:7:7687), [2026-03-13T19:20:34.648Z] [SEVERE] https://www.greencity.cx.ua/chunk-NUXSP4TM.js 10:45939 "ERROR" TypeError: Cannot read properties of null (reading 'setValue')
    at n.quillContentChanged (https://www.greencity.cx.ua/chunk-VNNOUBDJ.js:1:16043)
    at https://www.greencity.cx.ua/chunk-VNNOUBDJ.js:1:7223
    at eE (https://www.greencity.cx.ua/chunk-NUXSP4TM.js:11:76097)
    at Object.o [as next] (https://www.greencity.cx.ua/chunk-NUXSP4TM.js:11:76277)
    at bv.next (https://www.greencity.cx.ua/chunk-NUXSP4TM.js:7:3120)
    at Fr._next (https://www.greencity.cx.ua/chunk-NUXSP4TM.js:7:2803)
    at Fr.next (https://www.greencity.cx.ua/chunk-NUXSP4TM.js:7:2530)
    at https://www.greencity.cx.ua/chunk-NUXSP4TM.js:7:7848
    at Ac (https://www.greencity.cx.ua/chunk-NUXSP4TM.js:7:2222)
    at S0.next (https://www.greencity.cx.ua/chunk-NUXSP4TM.js:7:7687), [2026-03-13T19:20:34.651Z] [SEVERE] https://www.greencity.cx.ua/chunk-NUXSP4TM.js 10:45939 "ERROR" TypeError: Cannot read properties of null (reading 'setValue')
    at n.quillContentChanged (https://www.greencity.cx.ua/chunk-VNNOUBDJ.js:1:16043)
    at https://www.greencity.cx.ua/chunk-VNNOUBDJ.js:1:7223
    at eE (https://www.greencity.cx.ua/chunk-NUXSP4TM.js:11:76097)
    at Object.o [as next] (https://www.greencity.cx.ua/chunk-NUXSP4TM.js:11:76277)
    at bv.next (https://www.greencity.cx.ua/chunk-NUXSP4TM.js:7:3120)
    at Fr._next (https://www.greencity.cx.ua/chunk-NUXSP4TM.js:7:2803)
    at Fr.next (https://www.greencity.cx.ua/chunk-NUXSP4TM.js:7:2530)
    at https://www.greencity.cx.ua/chunk-NUXSP4TM.js:7:7848
    at Ac (https://www.greencity.cx.ua/chunk-NUXSP4TM.js:7:2222)
    at S0.next (https://www.greencity.cx.ua/chunk-NUXSP4TM.js:7:7687), [2026-03-13T19:20:34.653Z] [SEVERE] https://www.greencity.cx.ua/chunk-NUXSP4TM.js 10:45939 "ERROR" TypeError: Cannot read properties of null (reading 'setValue')
    at n.quillContentChanged (https://www.greencity.cx.ua/chunk-VNNOUBDJ.js:1:16043)
    at https://www.greencity.cx.ua/chunk-VNNOUBDJ.js:1:7223
    at eE (https://www.greencity.cx.ua/chunk-NUXSP4TM.js:11:76097)
    at Object.o [as next] (https://www.greencity.cx.ua/chunk-NUXSP4TM.js:11:76277)
    at bv.next (https://www.greencity.cx.ua/chunk-NUXSP4TM.js:7:3120)
    at Fr._next (https://www.greencity.cx.ua/chunk-NUXSP4TM.js:7:2803)
    at Fr.next (https://www.greencity.cx.ua/chunk-NUXSP4TM.js:7:2530)
    at https://www.greencity.cx.ua/chunk-NUXSP4TM.js:7:7848
    at Ac (https://www.greencity.cx.ua/chunk-NUXSP4TM.js:7:2222)
    at S0.next (https://www.greencity.cx.ua/chunk-NUXSP4TM.js:7:7687), [2026-03-13T19:20:34.655Z] [SEVERE] https://www.greencity.cx.ua/chunk-NUXSP4TM.js 10:45939 "ERROR" TypeError: Cannot read properties of null (reading 'setValue')
    at n.quillContentChanged (https://www.greencity.cx.ua/chunk-VNNOUBDJ.js:1:16043)
    at https://www.greencity.cx.ua/chunk-VNNOUBDJ.js:1:7223
    at eE (https://www.greencity.cx.ua/chunk-NUXSP4TM.js:11:76097)
    at Object.o [as next] (https://www.greencity.cx.ua/chunk-NUXSP4TM.js:11:76277)
    at bv.next (https://www.greencity.cx.ua/chunk-NUXSP4TM.js:7:3120)
    at Fr._next (https://www.greencity.cx.ua/chunk-NUXSP4TM.js:7:2803)
    at Fr.next (https://www.greencity.cx.ua/chunk-NUXSP4TM.js:7:2530)
    at https://www.greencity.cx.ua/chunk-NUXSP4TM.js:7:7848
    at Ac (https://www.greencity.cx.ua/chunk-NUXSP4TM.js:7:2222)
    at S0.next (https://www.greencity.cx.ua/chunk-NUXSP4TM.js:7:7687), [2026-03-13T19:20:34.657Z] [SEVERE] https://www.greencity.cx.ua/chunk-NUXSP4TM.js 10:45939 "ERROR" TypeError: Cannot read properties of null (reading 'setValue')
    at n.quillContentChanged (https://www.greencity.cx.ua/chunk-VNNOUBDJ.js:1:16043)
    at https://www.greencity.cx.ua/chunk-VNNOUBDJ.js:1:7223
    at eE (https://www.greencity.cx.ua/chunk-NUXSP4TM.js:11:76097)
    at Object.o [as next] (https://www.greencity.cx.ua/chunk-NUXSP4TM.js:11:76277)
    at bv.next (https://www.greencity.cx.ua/chunk-NUXSP4TM.js:7:3120)
    at Fr._next (https://www.greencity.cx.ua/chunk-NUXSP4TM.js:7:2803)
    at Fr.next (https://www.greencity.cx.ua/chunk-NUXSP4TM.js:7:2530)
    at https://www.greencity.cx.ua/chunk-NUXSP4TM.js:7:7848
    at Ac (https://www.greencity.cx.ua/chunk-NUXSP4TM.js:7:2222)
    at S0.next (https://www.greencity.cx.ua/chunk-NUXSP4TM.js:7:7687), [2026-03-13T19:20:34.660Z] [SEVERE] https://www.greencity.cx.ua/chunk-NUXSP4TM.js 10:45939 "ERROR" TypeError: Cannot read properties of null (reading 'setValue')
    at n.quillContentChanged (https://www.greencity.cx.ua/chunk-VNNOUBDJ.js:1:16043)
    at https://www.greencity.cx.ua/chunk-VNNOUBDJ.js:1:7223
    at eE (https://www.greencity.cx.ua/chunk-NUXSP4TM.js:11:76097)
    at Object.o [as next] (https://www.greencity.cx.ua/chunk-NUXSP4TM.js:11:76277)
    at bv.next (https://www.greencity.cx.ua/chunk-NUXSP4TM.js:7:3120)
    at Fr._next (https://www.greencity.cx.ua/chunk-NUXSP4TM.js:7:2803)
    at Fr.next (https://www.greencity.cx.ua/chunk-NUXSP4TM.js:7:2530)
    at https://www.greencity.cx.ua/chunk-NUXSP4TM.js:7:7848
    at Ac (https://www.greencity.cx.ua/chunk-NUXSP4TM.js:7:2222)
    at S0.next (https://www.greencity.cx.ua/chunk-NUXSP4TM.js:7:7687), [2026-03-13T19:20:34.662Z] [SEVERE] https://www.greencity.cx.ua/chunk-NUXSP4TM.js 10:45939 "ERROR" TypeError: Cannot read properties of null (reading 'setValue')
    at n.quillContentChanged (https://www.greencity.cx.ua/chunk-VNNOUBDJ.js:1:16043)
    at https://www.greencity.cx.ua/chunk-VNNOUBDJ.js:1:7223
    at eE (https://www.greencity.cx.ua/chunk-NUXSP4TM.js:11:76097)
    at Object.o [as next] (https://www.greencity.cx.ua/chunk-NUXSP4TM.js:11:76277)
    at bv.next (https://www.greencity.cx.ua/chunk-NUXSP4TM.js:7:3120)
    at Fr._next (https://www.greencity.cx.ua/chunk-NUXSP4TM.js:7:2803)
    at Fr.next (https://www.greencity.cx.ua/chunk-NUXSP4TM.js:7:2530)
    at https://www.greencity.cx.ua/chunk-NUXSP4TM.js:7:7848
    at Ac (https://www.greencity.cx.ua/chunk-NUXSP4TM.js:7:2222)
    at S0.next (https://www.greencity.cx.ua/chunk-NUXSP4TM.js:7:7687), [2026-03-13T19:20:34.664Z] [SEVERE] https://www.greencity.cx.ua/chunk-NUXSP4TM.js 10:45939 "ERROR" TypeError: Cannot read properties of null (reading 'setValue')
    at n.quillContentChanged (https://www.greencity.cx.ua/chunk-VNNOUBDJ.js:1:16043)
    at https://www.greencity.cx.ua/chunk-VNNOUBDJ.js:1:7223
    at eE (https://www.greencity.cx.ua/chunk-NUXSP4TM.js:11:76097)
    at Object.o [as next] (https://www.greencity.cx.ua/chunk-NUXSP4TM.js:11:76277)
    at bv.next (https://www.greencity.cx.ua/chunk-NUXSP4TM.js:7:3120)
    at Fr._next (https://www.greencity.cx.ua/chunk-NUXSP4TM.js:7:2803)
    at Fr.next (https://www.greencity.cx.ua/chunk-NUXSP4TM.js:7:2530)
    at https://www.greencity.cx.ua/chunk-NUXSP4TM.js:7:7848
    at Ac (https://www.greencity.cx.ua/chunk-NUXSP4TM.js:7:2222)
    at S0.next (https://www.greencity.cx.ua/chunk-NUXSP4TM.js:7:7687), [2026-03-13T19:20:34.666Z] [SEVERE] https://www.greencity.cx.ua/chunk-NUXSP4TM.js 10:45939 "ERROR" TypeError: Cannot read properties of null (reading 'setValue')
    at n.quillContentChanged (https://www.greencity.cx.ua/chunk-VNNOUBDJ.js:1:16043)
    at https://www.greencity.cx.ua/chunk-VNNOUBDJ.js:1:7223
    at eE (https://www.greencity.cx.ua/chunk-NUXSP4TM.js:11:76097)
    at Object.o [as next] (https://www.greencity.cx.ua/chunk-NUXSP4TM.js:11:76277)
    at bv.next (https://www.greencity.cx.ua/chunk-NUXSP4TM.js:7:3120)
    at Fr._next (https://www.greencity.cx.ua/chunk-NUXSP4TM.js:7:2803)
    at Fr.next (https://www.greencity.cx.ua/chunk-NUXSP4TM.js:7:2530)
    at https://www.greencity.cx.ua/chunk-NUXSP4TM.js:7:7848
    at Ac (https://www.greencity.cx.ua/chunk-NUXSP4TM.js:7:2222)
    at S0.next (https://www.greencity.cx.ua/chunk-NUXSP4TM.js:7:7687), [2026-03-13T19:20:34.668Z] [SEVERE] https://www.greencity.cx.ua/chunk-NUXSP4TM.js 10:45939 "ERROR" TypeError: Cannot read properties of null (reading 'setValue')
    at n.quillContentChanged (https://www.greencity.cx.ua/chunk-VNNOUBDJ.js:1:16043)
    at https://www.greencity.cx.ua/chunk-VNNOUBDJ.js:1:7223
    at eE (https://www.greencity.cx.ua/chunk-NUXSP4TM.js:11:76097)
    at Object.o [as next] (https://www.greencity.cx.ua/chunk-NUXSP4TM.js:11:76277)
    at bv.next (https://www.greencity.cx.ua/chunk-NUXSP4TM.js:7:3120)
    at Fr._next (https://www.greencity.cx.ua/chunk-NUXSP4TM.js:7:2803)
    at Fr.next (https://www.greencity.cx.ua/chunk-NUXSP4TM.js:7:2530)
    at https://www.greencity.cx.ua/chunk-NUXSP4TM.js:7:7848
    at Ac (https://www.greencity.cx.ua/chunk-NUXSP4TM.js:7:2222)
    at S0.next (https://www.greencity.cx.ua/chunk-NUXSP4TM.js:7:7687), [2026-03-13T19:20:34.671Z] [SEVERE] https://www.greencity.cx.ua/chunk-NUXSP4TM.js 10:45939 "ERROR" TypeError: Cannot read properties of null (reading 'setValue')
    at n.quillContentChanged (https://www.greencity.cx.ua/chunk-VNNOUBDJ.js:1:16043)
    at https://www.greencity.cx.ua/chunk-VNNOUBDJ.js:1:7223
    at eE (https://www.greencity.cx.ua/chunk-NUXSP4TM.js:11:76097)
    at Object.o [as next] (https://www.greencity.cx.ua/chunk-NUXSP4TM.js:11:76277)
    at bv.next (https://www.greencity.cx.ua/chunk-NUXSP4TM.js:7:3120)
    at Fr._next (https://www.greencity.cx.ua/chunk-NUXSP4TM.js:7:2803)
    at Fr.next (https://www.greencity.cx.ua/chunk-NUXSP4TM.js:7:2530)
    at https://www.greencity.cx.ua/chunk-NUXSP4TM.js:7:7848
    at Ac (https://www.greencity.cx.ua/chunk-NUXSP4TM.js:7:2222)
    at S0.next (https://www.greencity.cx.ua/chunk-NUXSP4TM.js:7:7687), [2026-03-13T19:20:34.673Z] [SEVERE] https://www.greencity.cx.ua/chunk-NUXSP4TM.js 10:45939 "ERROR" TypeError: Cannot read properties of null (reading 'setValue')
    at n.quillContentChanged (https://www.greencity.cx.ua/chunk-VNNOUBDJ.js:1:16043)
    at https://www.greencity.cx.ua/chunk-VNNOUBDJ.js:1:7223
    at eE (https://www.greencity.cx.ua/chunk-NUXSP4TM.js:11:76097)
    at Object.o [as next] (https://www.greencity.cx.ua/chunk-NUXSP4TM.js:11:76277)
    at bv.next (https://www.greencity.cx.ua/chunk-NUXSP4TM.js:7:3120)
    at Fr._next (https://www.greencity.cx.ua/chunk-NUXSP4TM.js:7:2803)
    at Fr.next (https://www.greencity.cx.ua/chunk-NUXSP4TM.js:7:2530)
    at https://www.greencity.cx.ua/chunk-NUXSP4TM.js:7:7848
    at Ac (https://www.greencity.cx.ua/chunk-NUXSP4TM.js:7:2222)
    at S0.next (https://www.greencity.cx.ua/chunk-NUXSP4TM.js:7:7687), [2026-03-13T19:20:34.675Z] [SEVERE] https://www.greencity.cx.ua/chunk-NUXSP4TM.js 10:45939 "ERROR" TypeError: Cannot read properties of null (reading 'setValue')
    at n.quillContentChanged (https://www.greencity.cx.ua/chunk-VNNOUBDJ.js:1:16043)
    at https://www.greencity.cx.ua/chunk-VNNOUBDJ.js:1:7223
    at eE (https://www.greencity.cx.ua/chunk-NUXSP4TM.js:11:76097)
    at Object.o [as next] (https://www.greencity.cx.ua/chunk-NUXSP4TM.js:11:76277)
    at bv.next (https://www.greencity.cx.ua/chunk-NUXSP4TM.js:7:3120)
    at Fr._next (https://www.greencity.cx.ua/chunk-NUXSP4TM.js:7:2803)
    at Fr.next (https://www.greencity.cx.ua/chunk-NUXSP4TM.js:7:2530)
    at https://www.greencity.cx.ua/chunk-NUXSP4TM.js:7:7848
    at Ac (https://www.greencity.cx.ua/chunk-NUXSP4TM.js:7:2222)
    at S0.next (https://www.greencity.cx.ua/chunk-NUXSP4TM.js:7:7687), [2026-03-13T19:20:34.678Z] [SEVERE] https://www.greencity.cx.ua/chunk-NUXSP4TM.js 10:45939 "ERROR" TypeError: Cannot read properties of null (reading 'setValue')
    at n.quillContentChanged (https://www.greencity.cx.ua/chunk-VNNOUBDJ.js:1:16043)
    at https://www.greencity.cx.ua/chunk-VNNOUBDJ.js:1:7223
    at eE (https://www.greencity.cx.ua/chunk-NUXSP4TM.js:11:76097)
    at Object.o [as next] (https://www.greencity.cx.ua/chunk-NUXSP4TM.js:11:76277)
    at bv.next (https://www.greencity.cx.ua/chunk-NUXSP4TM.js:7:3120)
    at Fr._next (https://www.greencity.cx.ua/chunk-NUXSP4TM.js:7:2803)
    at Fr.next (https://www.greencity.cx.ua/chunk-NUXSP4TM.js:7:2530)
    at https://www.greencity.cx.ua/chunk-NUXSP4TM.js:7:7848
    at Ac (https://www.greencity.cx.ua/chunk-NUXSP4TM.js:7:2222)
    at S0.next (https://www.greencity.cx.ua/chunk-NUXSP4TM.js:7:7687), [2026-03-13T19:20:34.680Z] [SEVERE] https://www.greencity.cx.ua/chunk-NUXSP4TM.js 10:45939 "ERROR" TypeError: Cannot read properties of null (reading 'setValue')
    at n.quillContentChanged (https://www.greencity.cx.ua/chunk-VNNOUBDJ.js:1:16043)
    at https://www.greencity.cx.ua/chunk-VNNOUBDJ.js:1:7223
    at eE (https://www.greencity.cx.ua/chunk-NUXSP4TM.js:11:76097)
    at Object.o [as next] (https://www.greencity.cx.ua/chunk-NUXSP4TM.js:11:76277)
    at bv.next (https://www.greencity.cx.ua/chunk-NUXSP4TM.js:7:3120)
    at Fr._next (https://www.greencity.cx.ua/chunk-NUXSP4TM.js:7:2803)
    at Fr.next (https://www.greencity.cx.ua/chunk-NUXSP4TM.js:7:2530)
    at https://www.greencity.cx.ua/chunk-NUXSP4TM.js:7:7848
    at Ac (https://www.greencity.cx.ua/chunk-NUXSP4TM.js:7:2222)
    at S0.next (https://www.greencity.cx.ua/chunk-NUXSP4TM.js:7:7687), [2026-03-13T19:20:34.683Z] [SEVERE] https://www.greencity.cx.ua/chunk-NUXSP4TM.js 10:45939 "ERROR" TypeError: Cannot read properties of null (reading 'setValue')
    at n.quillContentChanged (https://www.greencity.cx.ua/chunk-VNNOUBDJ.js:1:16043)
    at https://www.greencity.cx.ua/chunk-VNNOUBDJ.js:1:7223
    at eE (https://www.greencity.cx.ua/chunk-NUXSP4TM.js:11:76097)
    at Object.o [as next] (https://www.greencity.cx.ua/chunk-NUXSP4TM.js:11:76277)
    at bv.next (https://www.greencity.cx.ua/chunk-NUXSP4TM.js:7:3120)
    at Fr._next (https://www.greencity.cx.ua/chunk-NUXSP4TM.js:7:2803)
    at Fr.next (https://www.greencity.cx.ua/chunk-NUXSP4TM.js:7:2530)
    at https://www.greencity.cx.ua/chunk-NUXSP4TM.js:7:7848
    at Ac (https://www.greencity.cx.ua/chunk-NUXSP4TM.js:7:2222)
    at S0.next (https://www.greencity.cx.ua/chunk-NUXSP4TM.js:7:7687), [2026-03-13T19:20:34.685Z] [SEVERE] https://www.greencity.cx.ua/chunk-NUXSP4TM.js 10:45939 "ERROR" TypeError: Cannot read properties of null (reading 'setValue')
    at n.quillContentChanged (https://www.greencity.cx.ua/chunk-VNNOUBDJ.js:1:16043)
    at https://www.greencity.cx.ua/chunk-VNNOUBDJ.js:1:7223
    at eE (https://www.greencity.cx.ua/chunk-NUXSP4TM.js:11:76097)
    at Object.o [as next] (https://www.greencity.cx.ua/chunk-NUXSP4TM.js:11:76277)
    at bv.next (https://www.greencity.cx.ua/chunk-NUXSP4TM.js:7:3120)
    at Fr._next (https://www.greencity.cx.ua/chunk-NUXSP4TM.js:7:2803)
    at Fr.next (https://www.greencity.cx.ua/chunk-NUXSP4TM.js:7:2530)
    at https://www.greencity.cx.ua/chunk-NUXSP4TM.js:7:7848
    at Ac (https://www.greencity.cx.ua/chunk-NUXSP4TM.js:7:2222)
    at S0.next (https://www.greencity.cx.ua/chunk-NUXSP4TM.js:7:7687), [2026-03-13T19:20:34.688Z] [SEVERE] https://www.greencity.cx.ua/chunk-NUXSP4TM.js 10:45939 "ERROR" TypeError: Cannot read properties of null (reading 'setValue')
    at n.quillContentChanged (https://www.greencity.cx.ua/chunk-VNNOUBDJ.js:1:16043)
    at https://www.greencity.cx.ua/chunk-VNNOUBDJ.js:1:7223
    at eE (https://www.greencity.cx.ua/chunk-NUXSP4TM.js:11:76097)
    at Object.o [as next] (https://www.greencity.cx.ua/chunk-NUXSP4TM.js:11:76277)
    at bv.next (https://www.greencity.cx.ua/chunk-NUXSP4TM.js:7:3120)
    at Fr._next (https://www.greencity.cx.ua/chunk-NUXSP4TM.js:7:2803)
    at Fr.next (https://www.greencity.cx.ua/chunk-NUXSP4TM.js:7:2530)
    at https://www.greencity.cx.ua/chunk-NUXSP4TM.js:7:7848
    at Ac (https://www.greencity.cx.ua/chunk-NUXSP4TM.js:7:2222)
    at S0.next (https://www.greencity.cx.ua/chunk-NUXSP4TM.js:7:7687), [2026-03-13T19:20:34.690Z] [SEVERE] https://www.greencity.cx.ua/chunk-NUXSP4TM.js 10:45939 "ERROR" TypeError: Cannot read properties of null (reading 'setValue')
    at n.quillContentChanged (https://www.greencity.cx.ua/chunk-VNNOUBDJ.js:1:16043)
    at https://www.greencity.cx.ua/chunk-VNNOUBDJ.js:1:7223
    at eE (https://www.greencity.cx.ua/chunk-NUXSP4TM.js:11:76097)
    at Object.o [as next] (https://www.greencity.cx.ua/chunk-NUXSP4TM.js:11:76277)
    at bv.next (https://www.greencity.cx.ua/chunk-NUXSP4TM.js:7:3120)
    at Fr._next (https://www.greencity.cx.ua/chunk-NUXSP4TM.js:7:2803)
    at Fr.next (https://www.greencity.cx.ua/chunk-NUXSP4TM.js:7:2530)
    at https://www.greencity.cx.ua/chunk-NUXSP4TM.js:7:7848
    at Ac (https://www.greencity.cx.ua/chunk-NUXSP4TM.js:7:2222)
    at S0.next (https://www.greencity.cx.ua/chunk-NUXSP4TM.js:7:7687), [2026-03-13T19:20:34.693Z] [SEVERE] https://www.greencity.cx.ua/chunk-NUXSP4TM.js 10:45939 "ERROR" TypeError: Cannot read properties of null (reading 'setValue')
    at n.quillContentChanged (https://www.greencity.cx.ua/chunk-VNNOUBDJ.js:1:16043)
    at https://www.greencity.cx.ua/chunk-VNNOUBDJ.js:1:7223
    at eE (https://www.greencity.cx.ua/chunk-NUXSP4TM.js:11:76097)
    at Object.o [as next] (https://www.greencity.cx.ua/chunk-NUXSP4TM.js:11:76277)
    at bv.next (https://www.greencity.cx.ua/chunk-NUXSP4TM.js:7:3120)
    at Fr._next (https://www.greencity.cx.ua/chunk-NUXSP4TM.js:7:2803)
    at Fr.next (https://www.greencity.cx.ua/chunk-NUXSP4TM.js:7:2530)
    at https://www.greencity.cx.ua/chunk-NUXSP4TM.js:7:7848
    at Ac (https://www.greencity.cx.ua/chunk-NUXSP4TM.js:7:2222)
    at S0.next (https://www.greencity.cx.ua/chunk-NUXSP4TM.js:7:7687), [2026-03-13T19:20:34.695Z] [SEVERE] https://www.greencity.cx.ua/chunk-NUXSP4TM.js 10:45939 "ERROR" TypeError: Cannot read properties of null (reading 'setValue')
    at n.quillContentChanged (https://www.greencity.cx.ua/chunk-VNNOUBDJ.js:1:16043)
    at https://www.greencity.cx.ua/chunk-VNNOUBDJ.js:1:7223
    at eE (https://www.greencity.cx.ua/chunk-NUXSP4TM.js:11:76097)
    at Object.o [as next] (https://www.greencity.cx.ua/chunk-NUXSP4TM.js:11:76277)
    at bv.next (https://www.greencity.cx.ua/chunk-NUXSP4TM.js:7:3120)
    at Fr._next (https://www.greencity.cx.ua/chunk-NUXSP4TM.js:7:2803)
    at Fr.next (https://www.greencity.cx.ua/chunk-NUXSP4TM.js:7:2530)
    at https://www.greencity.cx.ua/chunk-NUXSP4TM.js:7:7848
    at Ac (https://www.greencity.cx.ua/chunk-NUXSP4TM.js:7:2222)
    at S0.next (https://www.greencity.cx.ua/chunk-NUXSP4TM.js:7:7687), [2026-03-13T19:20:34.698Z] [SEVERE] https://www.greencity.cx.ua/chunk-NUXSP4TM.js 10:45939 "ERROR" TypeError: Cannot read properties of null (reading 'setValue')
    at n.quillContentChanged (https://www.greencity.cx.ua/chunk-VNNOUBDJ.js:1:16043)
    at https://www.greencity.cx.ua/chunk-VNNOUBDJ.js:1:7223
    at eE (https://www.greencity.cx.ua/chunk-NUXSP4TM.js:11:76097)
    at Object.o [as next] (https://www.greencity.cx.ua/chunk-NUXSP4TM.js:11:76277)
    at bv.next (https://www.greencity.cx.ua/chunk-NUXSP4TM.js:7:3120)
    at Fr._next (https://www.greencity.cx.ua/chunk-NUXSP4TM.js:7:2803)
    at Fr.next (https://www.greencity.cx.ua/chunk-NUXSP4TM.js:7:2530)
    at https://www.greencity.cx.ua/chunk-NUXSP4TM.js:7:7848
    at Ac (https://www.greencity.cx.ua/chunk-NUXSP4TM.js:7:2222)
    at S0.next (https://www.greencity.cx.ua/chunk-NUXSP4TM.js:7:7687), [2026-03-13T19:20:34.700Z] [SEVERE] https://www.greencity.cx.ua/chunk-NUXSP4TM.js 10:45939 "ERROR" TypeError: Cannot read properties of null (reading 'setValue')
    at n.quillContentChanged (https://www.greencity.cx.ua/chunk-VNNOUBDJ.js:1:16043)
    at https://www.greencity.cx.ua/chunk-VNNOUBDJ.js:1:7223
    at eE (https://www.greencity.cx.ua/chunk-NUXSP4TM.js:11:76097)
    at Object.o [as next] (https://www.greencity.cx.ua/chunk-NUXSP4TM.js:11:76277)
    at bv.next (https://www.greencity.cx.ua/chunk-NUXSP4TM.js:7:3120)
    at Fr._next (https://www.greencity.cx.ua/chunk-NUXSP4TM.js:7:2803)
    at Fr.next (https://www.greencity.cx.ua/chunk-NUXSP4TM.js:7:2530)
    at https://www.greencity.cx.ua/chunk-NUXSP4TM.js:7:7848
    at Ac (https://www.greencity.cx.ua/chunk-NUXSP4TM.js:7:2222)
    at S0.next (https://www.greencity.cx.ua/chunk-NUXSP4TM.js:7:7687), [2026-03-13T19:20:34.702Z] [SEVERE] https://www.greencity.cx.ua/chunk-NUXSP4TM.js 10:45939 "ERROR" TypeError: Cannot read properties of null (reading 'setValue')
    at n.quillContentChanged (https://www.greencity.cx.ua/chunk-VNNOUBDJ.js:1:16043)
    at https://www.greencity.cx.ua/chunk-VNNOUBDJ.js:1:7223
    at eE (https://www.greencity.cx.ua/chunk-NUXSP4TM.js:11:76097)
    at Object.o [as next] (https://www.greencity.cx.ua/chunk-NUXSP4TM.js:11:76277)
    at bv.next (https://www.greencity.cx.ua/chunk-NUXSP4TM.js:7:3120)
    at Fr._next (https://www.greencity.cx.ua/chunk-NUXSP4TM.js:7:2803)
    at Fr.next (https://www.greencity.cx.ua/chunk-NUXSP4TM.js:7:2530)
    at https://www.greencity.cx.ua/chunk-NUXSP4TM.js:7:7848
    at Ac (https://www.greencity.cx.ua/chunk-NUXSP4TM.js:7:2222)
    at S0.next (https://www.greencity.cx.ua/chunk-NUXSP4TM.js:7:7687), [2026-03-13T19:20:34.705Z] [SEVERE] https://www.greencity.cx.ua/chunk-NUXSP4TM.js 10:45939 "ERROR" TypeError: Cannot read properties of null (reading 'setValue')
    at n.quillContentChanged (https://www.greencity.cx.ua/chunk-VNNOUBDJ.js:1:16043)
    at https://www.greencity.cx.ua/chunk-VNNOUBDJ.js:1:7223
    at eE (https://www.greencity.cx.ua/chunk-NUXSP4TM.js:11:76097)
    at Object.o [as next] (https://www.greencity.cx.ua/chunk-NUXSP4TM.js:11:76277)
    at bv.next (https://www.greencity.cx.ua/chunk-NUXSP4TM.js:7:3120)
    at Fr._next (https://www.greencity.cx.ua/chunk-NUXSP4TM.js:7:2803)
    at Fr.next (https://www.greencity.cx.ua/chunk-NUXSP4TM.js:7:2530)
    at https://www.greencity.cx.ua/chunk-NUXSP4TM.js:7:7848
    at Ac (https://www.greencity.cx.ua/chunk-NUXSP4TM.js:7:2222)
    at S0.next (https://www.greencity.cx.ua/chunk-NUXSP4TM.js:7:7687), [2026-03-13T19:20:34.707Z] [SEVERE] https://www.greencity.cx.ua/chunk-NUXSP4TM.js 10:45939 "ERROR" TypeError: Cannot read properties of null (reading 'setValue')
    at n.quillContentChanged (https://www.greencity.cx.ua/chunk-VNNOUBDJ.js:1:16043)
    at https://www.greencity.cx.ua/chunk-VNNOUBDJ.js:1:7223
    at eE (https://www.greencity.cx.ua/chunk-NUXSP4TM.js:11:76097)
    at Object.o [as next] (https://www.greencity.cx.ua/chunk-NUXSP4TM.js:11:76277)
    at bv.next (https://www.greencity.cx.ua/chunk-NUXSP4TM.js:7:3120)
    at Fr._next (https://www.greencity.cx.ua/chunk-NUXSP4TM.js:7:2803)
    at Fr.next (https://www.greencity.cx.ua/chunk-NUXSP4TM.js:7:2530)
    at https://www.greencity.cx.ua/chunk-NUXSP4TM.js:7:7848
    at Ac (https://www.greencity.cx.ua/chunk-NUXSP4TM.js:7:2222)
    at S0.next (https://www.greencity.cx.ua/chunk-NUXSP4TM.js:7:7687), [2026-03-13T19:20:34.709Z] [SEVERE] https://www.greencity.cx.ua/chunk-NUXSP4TM.js 10:45939 "ERROR" TypeError: Cannot read properties of null (reading 'setValue')
    at n.quillContentChanged (https://www.greencity.cx.ua/chunk-VNNOUBDJ.js:1:16043)
    at https://www.greencity.cx.ua/chunk-VNNOUBDJ.js:1:7223
    at eE (https://www.greencity.cx.ua/chunk-NUXSP4TM.js:11:76097)
    at Object.o [as next] (https://www.greencity.cx.ua/chunk-NUXSP4TM.js:11:76277)
    at bv.next (https://www.greencity.cx.ua/chunk-NUXSP4TM.js:7:3120)
    at Fr._next (https://www.greencity.cx.ua/chunk-NUXSP4TM.js:7:2803)
    at Fr.next (https://www.greencity.cx.ua/chunk-NUXSP4TM.js:7:2530)
    at https://www.greencity.cx.ua/chunk-NUXSP4TM.js:7:7848
    at Ac (https://www.greencity.cx.ua/chunk-NUXSP4TM.js:7:2222)
    at S0.next (https://www.greencity.cx.ua/chunk-NUXSP4TM.js:7:7687), [2026-03-13T19:20:34.712Z] [SEVERE] https://www.greencity.cx.ua/chunk-NUXSP4TM.js 10:45939 "ERROR" TypeError: Cannot read properties of null (reading 'setValue')
    at n.quillContentChanged (https://www.greencity.cx.ua/chunk-VNNOUBDJ.js:1:16043)
    at https://www.greencity.cx.ua/chunk-VNNOUBDJ.js:1:7223
    at eE (https://www.greencity.cx.ua/chunk-NUXSP4TM.js:11:76097)
    at Object.o [as next] (https://www.greencity.cx.ua/chunk-NUXSP4TM.js:11:76277)
    at bv.next (https://www.greencity.cx.ua/chunk-NUXSP4TM.js:7:3120)
    at Fr._next (https://www.greencity.cx.ua/chunk-NUXSP4TM.js:7:2803)
    at Fr.next (https://www.greencity.cx.ua/chunk-NUXSP4TM.js:7:2530)
    at https://www.greencity.cx.ua/chunk-NUXSP4TM.js:7:7848
    at Ac (https://www.greencity.cx.ua/chunk-NUXSP4TM.js:7:2222)
    at S0.next (https://www.greencity.cx.ua/chunk-NUXSP4TM.js:7:7687), [2026-03-13T19:20:34.714Z] [SEVERE] https://www.greencity.cx.ua/chunk-NUXSP4TM.js 10:45939 "ERROR" TypeError: Cannot read properties of null (reading 'setValue')
    at n.quillContentChanged (https://www.greencity.cx.ua/chunk-VNNOUBDJ.js:1:16043)
    at https://www.greencity.cx.ua/chunk-VNNOUBDJ.js:1:7223
    at eE (https://www.greencity.cx.ua/chunk-NUXSP4TM.js:11:76097)
    at Object.o [as next] (https://www.greencity.cx.ua/chunk-NUXSP4TM.js:11:76277)
    at bv.next (https://www.greencity.cx.ua/chunk-NUXSP4TM.js:7:3120)
    at Fr._next (https://www.greencity.cx.ua/chunk-NUXSP4TM.js:7:2803)
    at Fr.next (https://www.greencity.cx.ua/chunk-NUXSP4TM.js:7:2530)
    at https://www.greencity.cx.ua/chunk-NUXSP4TM.js:7:7848
    at Ac (https://www.greencity.cx.ua/chunk-NUXSP4TM.js:7:2222)
    at S0.next (https://www.greencity.cx.ua/chunk-NUXSP4TM.js:7:7687), [2026-03-13T19:20:34.716Z] [SEVERE] https://www.greencity.cx.ua/chunk-NUXSP4TM.js 10:45939 "ERROR" TypeError: Cannot read properties of null (reading 'setValue')
    at n.quillContentChanged (https://www.greencity.cx.ua/chunk-VNNOUBDJ.js:1:16043)
    at https://www.greencity.cx.ua/chunk-VNNOUBDJ.js:1:7223
    at eE (https://www.greencity.cx.ua/chunk-NUXSP4TM.js:11:76097)
    at Object.o [as next] (https://www.greencity.cx.ua/chunk-NUXSP4TM.js:11:76277)
    at bv.next (https://www.greencity.cx.ua/chunk-NUXSP4TM.js:7:3120)
    at Fr._next (https://www.greencity.cx.ua/chunk-NUXSP4TM.js:7:2803)
    at Fr.next (https://www.greencity.cx.ua/chunk-NUXSP4TM.js:7:2530)
    at https://www.greencity.cx.ua/chunk-NUXSP4TM.js:7:7848
    at Ac (https://www.greencity.cx.ua/chunk-NUXSP4TM.js:7:2222)
    at S0.next (https://www.greencity.cx.ua/chunk-NUXSP4TM.js:7:7687), [2026-03-13T19:20:34.719Z] [SEVERE] https://www.greencity.cx.ua/chunk-NUXSP4TM.js 10:45939 "ERROR" TypeError: Cannot read properties of null (reading 'setValue')
    at n.quillContentChanged (https://www.greencity.cx.ua/chunk-VNNOUBDJ.js:1:16043)
    at https://www.greencity.cx.ua/chunk-VNNOUBDJ.js:1:7223
    at eE (https://www.greencity.cx.ua/chunk-NUXSP4TM.js:11:76097)
    at Object.o [as next] (https://www.greencity.cx.ua/chunk-NUXSP4TM.js:11:76277)
    at bv.next (https://www.greencity.cx.ua/chunk-NUXSP4TM.js:7:3120)
    at Fr._next (https://www.greencity.cx.ua/chunk-NUXSP4TM.js:7:2803)
    at Fr.next (https://www.greencity.cx.ua/chunk-NUXSP4TM.js:7:2530)
    at https://www.greencity.cx.ua/chunk-NUXSP4TM.js:7:7848
    at Ac (https://www.greencity.cx.ua/chunk-NUXSP4TM.js:7:2222)
    at S0.next (https://www.greencity.cx.ua/chunk-NUXSP4TM.js:7:7687), [2026-03-13T19:20:34.721Z] [SEVERE] https://www.greencity.cx.ua/chunk-NUXSP4TM.js 10:45939 "ERROR" TypeError: Cannot read properties of null (reading 'setValue')
    at n.quillContentChanged (https://www.greencity.cx.ua/chunk-VNNOUBDJ.js:1:16043)
    at https://www.greencity.cx.ua/chunk-VNNOUBDJ.js:1:7223
    at eE (https://www.greencity.cx.ua/chunk-NUXSP4TM.js:11:76097)
    at Object.o [as next] (https://www.greencity.cx.ua/chunk-NUXSP4TM.js:11:76277)
    at bv.next (https://www.greencity.cx.ua/chunk-NUXSP4TM.js:7:3120)
    at Fr._next (https://www.greencity.cx.ua/chunk-NUXSP4TM.js:7:2803)
    at Fr.next (https://www.greencity.cx.ua/chunk-NUXSP4TM.js:7:2530)
    at https://www.greencity.cx.ua/chunk-NUXSP4TM.js:7:7848
    at Ac (https://www.greencity.cx.ua/chunk-NUXSP4TM.js:7:2222)
    at S0.next (https://www.greencity.cx.ua/chunk-NUXSP4TM.js:7:7687), [2026-03-13T19:20:34.723Z] [SEVERE] https://www.greencity.cx.ua/chunk-NUXSP4TM.js 10:45939 "ERROR" TypeError: Cannot read properties of null (reading 'setValue')
    at n.quillContentChanged (https://www.greencity.cx.ua/chunk-VNNOUBDJ.js:1:16043)
    at https://www.greencity.cx.ua/chunk-VNNOUBDJ.js:1:7223
    at eE (https://www.greencity.cx.ua/chunk-NUXSP4TM.js:11:76097)
    at Object.o [as next] (https://www.greencity.cx.ua/chunk-NUXSP4TM.js:11:76277)
    at bv.next (https://www.greencity.cx.ua/chunk-NUXSP4TM.js:7:3120)
    at Fr._next (https://www.greencity.cx.ua/chunk-NUXSP4TM.js:7:2803)
    at Fr.next (https://www.greencity.cx.ua/chunk-NUXSP4TM.js:7:2530)
    at https://www.greencity.cx.ua/chunk-NUXSP4TM.js:7:7848
    at Ac (https://www.greencity.cx.ua/chunk-NUXSP4TM.js:7:2222)
    at S0.next (https://www.greencity.cx.ua/chunk-NUXSP4TM.js:7:7687), [2026-03-13T19:20:34.726Z] [SEVERE] https://www.greencity.cx.ua/chunk-NUXSP4TM.js 10:45939 "ERROR" TypeError: Cannot read properties of null (reading 'setValue')
    at n.quillContentChanged (https://www.greencity.cx.ua/chunk-VNNOUBDJ.js:1:16043)
    at https://www.greencity.cx.ua/chunk-VNNOUBDJ.js:1:7223
    at eE (https://www.greencity.cx.ua/chunk-NUXSP4TM.js:11:76097)
    at Object.o [as next] (https://www.greencity.cx.ua/chunk-NUXSP4TM.js:11:76277)
    at bv.next (https://www.greencity.cx.ua/chunk-NUXSP4TM.js:7:3120)
    at Fr._next (https://www.greencity.cx.ua/chunk-NUXSP4TM.js:7:2803)
    at Fr.next (https://www.greencity.cx.ua/chunk-NUXSP4TM.js:7:2530)
    at https://www.greencity.cx.ua/chunk-NUXSP4TM.js:7:7848
    at Ac (https://www.greencity.cx.ua/chunk-NUXSP4TM.js:7:2222)
    at S0.next (https://www.greencity.cx.ua/chunk-NUXSP4TM.js:7:7687), [2026-03-13T19:20:34.728Z] [SEVERE] https://www.greencity.cx.ua/chunk-NUXSP4TM.js 10:45939 "ERROR" TypeError: Cannot read properties of null (reading 'setValue')
    at n.quillContentChanged (https://www.greencity.cx.ua/chunk-VNNOUBDJ.js:1:16043)
    at https://www.greencity.cx.ua/chunk-VNNOUBDJ.js:1:7223
    at eE (https://www.greencity.cx.ua/chunk-NUXSP4TM.js:11:76097)
    at Object.o [as next] (https://www.greencity.cx.ua/chunk-NUXSP4TM.js:11:76277)
    at bv.next (https://www.greencity.cx.ua/chunk-NUXSP4TM.js:7:3120)
    at Fr._next (https://www.greencity.cx.ua/chunk-NUXSP4TM.js:7:2803)
    at Fr.next (https://www.greencity.cx.ua/chunk-NUXSP4TM.js:7:2530)
    at https://www.greencity.cx.ua/chunk-NUXSP4TM.js:7:7848
    at Ac (https://www.greencity.cx.ua/chunk-NUXSP4TM.js:7:2222)
    at S0.next (https://www.greencity.cx.ua/chunk-NUXSP4TM.js:7:7687), [2026-03-13T19:20:34.731Z] [SEVERE] https://www.greencity.cx.ua/chunk-NUXSP4TM.js 10:45939 "ERROR" TypeError: Cannot read properties of null (reading 'setValue')
    at n.quillContentChanged (https://www.greencity.cx.ua/chunk-VNNOUBDJ.js:1:16043)
    at https://www.greencity.cx.ua/chunk-VNNOUBDJ.js:1:7223
    at eE (https://www.greencity.cx.ua/chunk-NUXSP4TM.js:11:76097)
    at Object.o [as next] (https://www.greencity.cx.ua/chunk-NUXSP4TM.js:11:76277)
    at bv.next (https://www.greencity.cx.ua/chunk-NUXSP4TM.js:7:3120)
    at Fr._next (https://www.greencity.cx.ua/chunk-NUXSP4TM.js:7:2803)
    at Fr.next (https://www.greencity.cx.ua/chunk-NUXSP4TM.js:7:2530)
    at https://www.greencity.cx.ua/chunk-NUXSP4TM.js:7:7848
    at Ac (https://www.greencity.cx.ua/chunk-NUXSP4TM.js:7:2222)
    at S0.next (https://www.greencity.cx.ua/chunk-NUXSP4TM.js:7:7687), [2026-03-13T19:20:34.733Z] [SEVERE] https://www.greencity.cx.ua/chunk-NUXSP4TM.js 10:45939 "ERROR" TypeError: Cannot read properties of null (reading 'setValue')
    at n.quillContentChanged (https://www.greencity.cx.ua/chunk-VNNOUBDJ.js:1:16043)
    at https://www.greencity.cx.ua/chunk-VNNOUBDJ.js:1:7223
    at eE (https://www.greencity.cx.ua/chunk-NUXSP4TM.js:11:76097)
    at Object.o [as next] (https://www.greencity.cx.ua/chunk-NUXSP4TM.js:11:76277)
    at bv.next (https://www.greencity.cx.ua/chunk-NUXSP4TM.js:7:3120)
    at Fr._next (https://www.greencity.cx.ua/chunk-NUXSP4TM.js:7:2803)
    at Fr.next (https://www.greencity.cx.ua/chunk-NUXSP4TM.js:7:2530)
    at https://www.greencity.cx.ua/chunk-NUXSP4TM.js:7:7848
    at Ac (https://www.greencity.cx.ua/chunk-NUXSP4TM.js:7:2222)
    at S0.next (https://www.greencity.cx.ua/chunk-NUXSP4TM.js:7:7687), [2026-03-13T19:20:34.736Z] [SEVERE] https://www.greencity.cx.ua/chunk-NUXSP4TM.js 10:45939 "ERROR" TypeError: Cannot read properties of null (reading 'setValue')
    at n.quillContentChanged (https://www.greencity.cx.ua/chunk-VNNOUBDJ.js:1:16043)
    at https://www.greencity.cx.ua/chunk-VNNOUBDJ.js:1:7223
    at eE (https://www.greencity.cx.ua/chunk-NUXSP4TM.js:11:76097)
    at Object.o [as next] (https://www.greencity.cx.ua/chunk-NUXSP4TM.js:11:76277)
    at bv.next (https://www.greencity.cx.ua/chunk-NUXSP4TM.js:7:3120)
    at Fr._next (https://www.greencity.cx.ua/chunk-NUXSP4TM.js:7:2803)
    at Fr.next (https://www.greencity.cx.ua/chunk-NUXSP4TM.js:7:2530)
    at https://www.greencity.cx.ua/chunk-NUXSP4TM.js:7:7848
    at Ac (https://www.greencity.cx.ua/chunk-NUXSP4TM.js:7:2222)
    at S0.next (https://www.greencity.cx.ua/chunk-NUXSP4TM.js:7:7687), [2026-03-13T19:20:34.738Z] [SEVERE] https://www.greencity.cx.ua/chunk-NUXSP4TM.js 10:45939 "ERROR" TypeError: Cannot read properties of null (reading 'setValue')
    at n.quillContentChanged (https://www.greencity.cx.ua/chunk-VNNOUBDJ.js:1:16043)
    at https://www.greencity.cx.ua/chunk-VNNOUBDJ.js:1:7223
    at eE (https://www.greencity.cx.ua/chunk-NUXSP4TM.js:11:76097)
    at Object.o [as next] (https://www.greencity.cx.ua/chunk-NUXSP4TM.js:11:76277)
    at bv.next (https://www.greencity.cx.ua/chunk-NUXSP4TM.js:7:3120)
    at Fr._next (https://www.greencity.cx.ua/chunk-NUXSP4TM.js:7:2803)
    at Fr.next (https://www.greencity.cx.ua/chunk-NUXSP4TM.js:7:2530)
    at https://www.greencity.cx.ua/chunk-NUXSP4TM.js:7:7848
    at Ac (https://www.greencity.cx.ua/chunk-NUXSP4TM.js:7:2222)
    at S0.next (https://www.greencity.cx.ua/chunk-NUXSP4TM.js:7:7687), [2026-03-13T19:20:34.741Z] [SEVERE] https://www.greencity.cx.ua/chunk-NUXSP4TM.js 10:45939 "ERROR" TypeError: Cannot read properties of null (reading 'setValue')
    at n.quillContentChanged (https://www.greencity.cx.ua/chunk-VNNOUBDJ.js:1:16043)
    at https://www.greencity.cx.ua/chunk-VNNOUBDJ.js:1:7223
    at eE (https://www.greencity.cx.ua/chunk-NUXSP4TM.js:11:76097)
    at Object.o [as next] (https://www.greencity.cx.ua/chunk-NUXSP4TM.js:11:76277)
    at bv.next (https://www.greencity.cx.ua/chunk-NUXSP4TM.js:7:3120)
    at Fr._next (https://www.greencity.cx.ua/chunk-NUXSP4TM.js:7:2803)
    at Fr.next (https://www.greencity.cx.ua/chunk-NUXSP4TM.js:7:2530)
    at https://www.greencity.cx.ua/chunk-NUXSP4TM.js:7:7848
    at Ac (https://www.greencity.cx.ua/chunk-NUXSP4TM.js:7:2222)
    at S0.next (https://www.greencity.cx.ua/chunk-NUXSP4TM.js:7:7687), [2026-03-13T19:20:34.744Z] [SEVERE] https://www.greencity.cx.ua/chunk-NUXSP4TM.js 10:45939 "ERROR" TypeError: Cannot read properties of null (reading 'setValue')
    at n.quillContentChanged (https://www.greencity.cx.ua/chunk-VNNOUBDJ.js:1:16043)
    at https://www.greencity.cx.ua/chunk-VNNOUBDJ.js:1:7223
    at eE (https://www.greencity.cx.ua/chunk-NUXSP4TM.js:11:76097)
    at Object.o [as next] (https://www.greencity.cx.ua/chunk-NUXSP4TM.js:11:76277)
    at bv.next (https://www.greencity.cx.ua/chunk-NUXSP4TM.js:7:3120)
    at Fr._next (https://www.greencity.cx.ua/chunk-NUXSP4TM.js:7:2803)
    at Fr.next (https://www.greencity.cx.ua/chunk-NUXSP4TM.js:7:2530)
    at https://www.greencity.cx.ua/chunk-NUXSP4TM.js:7:7848
    at Ac (https://www.greencity.cx.ua/chunk-NUXSP4TM.js:7:2222)
    at S0.next (https://www.greencity.cx.ua/chunk-NUXSP4TM.js:7:7687), [2026-03-13T19:20:34.746Z] [SEVERE] https://www.greencity.cx.ua/chunk-NUXSP4TM.js 10:45939 "ERROR" TypeError: Cannot read properties of null (reading 'setValue')
    at n.quillContentChanged (https://www.greencity.cx.ua/chunk-VNNOUBDJ.js:1:16043)
    at https://www.greencity.cx.ua/chunk-VNNOUBDJ.js:1:7223
    at eE (https://www.greencity.cx.ua/chunk-NUXSP4TM.js:11:76097)
    at Object.o [as next] (https://www.greencity.cx.ua/chunk-NUXSP4TM.js:11:76277)
    at bv.next (https://www.greencity.cx.ua/chunk-NUXSP4TM.js:7:3120)
    at Fr._next (https://www.greencity.cx.ua/chunk-NUXSP4TM.js:7:2803)
    at Fr.next (https://www.greencity.cx.ua/chunk-NUXSP4TM.js:7:2530)
    at https://www.greencity.cx.ua/chunk-NUXSP4TM.js:7:7848
    at Ac (https://www.greencity.cx.ua/chunk-NUXSP4TM.js:7:2222)
    at S0.next (https://www.greencity.cx.ua/chunk-NUXSP4TM.js:7:7687), [2026-03-13T19:20:34.748Z] [SEVERE] https://www.greencity.cx.ua/chunk-NUXSP4TM.js 10:45939 "ERROR" TypeError: Cannot read properties of null (reading 'setValue')
    at n.quillContentChanged (https://www.greencity.cx.ua/chunk-VNNOUBDJ.js:1:16043)
    at https://www.greencity.cx.ua/chunk-VNNOUBDJ.js:1:7223
    at eE (https://www.greencity.cx.ua/chunk-NUXSP4TM.js:11:76097)
    at Object.o [as next] (https://www.greencity.cx.ua/chunk-NUXSP4TM.js:11:76277)
    at bv.next (https://www.greencity.cx.ua/chunk-NUXSP4TM.js:7:3120)
    at Fr._next (https://www.greencity.cx.ua/chunk-NUXSP4TM.js:7:2803)
    at Fr.next (https://www.greencity.cx.ua/chunk-NUXSP4TM.js:7:2530)
    at https://www.greencity.cx.ua/chunk-NUXSP4TM.js:7:7848
    at Ac (https://www.greencity.cx.ua/chunk-NUXSP4TM.js:7:2222)
    at S0.next (https://www.greencity.cx.ua/chunk-NUXSP4TM.js:7:7687), [2026-03-13T19:20:34.751Z] [SEVERE] https://www.greencity.cx.ua/chunk-NUXSP4TM.js 10:45939 "ERROR" TypeError: Cannot read properties of null (reading 'setValue')
    at n.quillContentChanged (https://www.greencity.cx.ua/chunk-VNNOUBDJ.js:1:16043)
    at https://www.greencity.cx.ua/chunk-VNNOUBDJ.js:1:7223
    at eE (https://www.greencity.cx.ua/chunk-NUXSP4TM.js:11:76097)
    at Object.o [as next] (https://www.greencity.cx.ua/chunk-NUXSP4TM.js:11:76277)
    at bv.next (https://www.greencity.cx.ua/chunk-NUXSP4TM.js:7:3120)
    at Fr._next (https://www.greencity.cx.ua/chunk-NUXSP4TM.js:7:2803)
    at Fr.next (https://www.greencity.cx.ua/chunk-NUXSP4TM.js:7:2530)
    at https://www.greencity.cx.ua/chunk-NUXSP4TM.js:7:7848
    at Ac (https://www.greencity.cx.ua/chunk-NUXSP4TM.js:7:2222)
    at S0.next (https://www.greencity.cx.ua/chunk-NUXSP4TM.js:7:7687), [2026-03-13T19:20:34.753Z] [SEVERE] https://www.greencity.cx.ua/chunk-NUXSP4TM.js 10:45939 "ERROR" TypeError: Cannot read properties of null (reading 'setValue')
    at n.quillContentChanged (https://www.greencity.cx.ua/chunk-VNNOUBDJ.js:1:16043)
    at https://www.greencity.cx.ua/chunk-VNNOUBDJ.js:1:7223
    at eE (https://www.greencity.cx.ua/chunk-NUXSP4TM.js:11:76097)
    at Object.o [as next] (https://www.greencity.cx.ua/chunk-NUXSP4TM.js:11:76277)
    at bv.next (https://www.greencity.cx.ua/chunk-NUXSP4TM.js:7:3120)
    at Fr._next (https://www.greencity.cx.ua/chunk-NUXSP4TM.js:7:2803)
    at Fr.next (https://www.greencity.cx.ua/chunk-NUXSP4TM.js:7:2530)
    at https://www.greencity.cx.ua/chunk-NUXSP4TM.js:7:7848
    at Ac (https://www.greencity.cx.ua/chunk-NUXSP4TM.js:7:2222)
    at S0.next (https://www.greencity.cx.ua/chunk-NUXSP4TM.js:7:7687), [2026-03-13T19:20:34.756Z] [SEVERE] https://www.greencity.cx.ua/chunk-NUXSP4TM.js 10:45939 "ERROR" TypeError: Cannot read properties of null (reading 'setValue')
    at n.quillContentChanged (https://www.greencity.cx.ua/chunk-VNNOUBDJ.js:1:16043)
    at https://www.greencity.cx.ua/chunk-VNNOUBDJ.js:1:7223
    at eE (https://www.greencity.cx.ua/chunk-NUXSP4TM.js:11:76097)
    at Object.o [as next] (https://www.greencity.cx.ua/chunk-NUXSP4TM.js:11:76277)
    at bv.next (https://www.greencity.cx.ua/chunk-NUXSP4TM.js:7:3120)
    at Fr._next (https://www.greencity.cx.ua/chunk-NUXSP4TM.js:7:2803)
    at Fr.next (https://www.greencity.cx.ua/chunk-NUXSP4TM.js:7:2530)
    at https://www.greencity.cx.ua/chunk-NUXSP4TM.js:7:7848
    at Ac (https://www.greencity.cx.ua/chunk-NUXSP4TM.js:7:2222)
    at S0.next (https://www.greencity.cx.ua/chunk-NUXSP4TM.js:7:7687), [2026-03-13T19:20:34.758Z] [SEVERE] https://www.greencity.cx.ua/chunk-NUXSP4TM.js 10:45939 "ERROR" TypeError: Cannot read properties of null (reading 'setValue')
    at n.quillContentChanged (https://www.greencity.cx.ua/chunk-VNNOUBDJ.js:1:16043)
    at https://www.greencity.cx.ua/chunk-VNNOUBDJ.js:1:7223
    at eE (https://www.greencity.cx.ua/chunk-NUXSP4TM.js:11:76097)
    at Object.o [as next] (https://www.greencity.cx.ua/chunk-NUXSP4TM.js:11:76277)
    at bv.next (https://www.greencity.cx.ua/chunk-NUXSP4TM.js:7:3120)
    at Fr._next (https://www.greencity.cx.ua/chunk-NUXSP4TM.js:7:2803)
    at Fr.next (https://www.greencity.cx.ua/chunk-NUXSP4TM.js:7:2530)
    at https://www.greencity.cx.ua/chunk-NUXSP4TM.js:7:7848
    at Ac (https://www.greencity.cx.ua/chunk-NUXSP4TM.js:7:2222)
    at S0.next (https://www.greencity.cx.ua/chunk-NUXSP4TM.js:7:7687), [2026-03-13T19:20:34.761Z] [SEVERE] https://www.greencity.cx.ua/chunk-NUXSP4TM.js 10:45939 "ERROR" TypeError: Cannot read properties of null (reading 'setValue')
    at n.quillContentChanged (https://www.greencity.cx.ua/chunk-VNNOUBDJ.js:1:16043)
    at https://www.greencity.cx.ua/chunk-VNNOUBDJ.js:1:7223
    at eE (https://www.greencity.cx.ua/chunk-NUXSP4TM.js:11:76097)
    at Object.o [as next] (https://www.greencity.cx.ua/chunk-NUXSP4TM.js:11:76277)
    at bv.next (https://www.greencity.cx.ua/chunk-NUXSP4TM.js:7:3120)
    at Fr._next (https://www.greencity.cx.ua/chunk-NUXSP4TM.js:7:2803)
    at Fr.next (https://www.greencity.cx.ua/chunk-NUXSP4TM.js:7:2530)
    at https://www.greencity.cx.ua/chunk-NUXSP4TM.js:7:7848
    at Ac (https://www.greencity.cx.ua/chunk-NUXSP4TM.js:7:2222)
    at S0.next (https://www.greencity.cx.ua/chunk-NUXSP4TM.js:7:7687), [2026-03-13T19:20:34.763Z] [SEVERE] https://www.greencity.cx.ua/chunk-NUXSP4TM.js 10:45939 "ERROR" TypeError: Cannot read properties of null (reading 'setValue')
    at n.quillContentChanged (https://www.greencity.cx.ua/chunk-VNNOUBDJ.js:1:16043)
    at https://www.greencity.cx.ua/chunk-VNNOUBDJ.js:1:7223
    at eE (https://www.greencity.cx.ua/chunk-NUXSP4TM.js:11:76097)
    at Object.o [as next] (https://www.greencity.cx.ua/chunk-NUXSP4TM.js:11:76277)
    at bv.next (https://www.greencity.cx.ua/chunk-NUXSP4TM.js:7:3120)
    at Fr._next (https://www.greencity.cx.ua/chunk-NUXSP4TM.js:7:2803)
    at Fr.next (https://www.greencity.cx.ua/chunk-NUXSP4TM.js:7:2530)
    at https://www.greencity.cx.ua/chunk-NUXSP4TM.js:7:7848
    at Ac (https://www.greencity.cx.ua/chunk-NUXSP4TM.js:7:2222)
    at S0.next (https://www.greencity.cx.ua/chunk-NUXSP4TM.js:7:7687), [2026-03-13T19:20:34.766Z] [SEVERE] https://www.greencity.cx.ua/chunk-NUXSP4TM.js 10:45939 "ERROR" TypeError: Cannot read properties of null (reading 'setValue')
    at n.quillContentChanged (https://www.greencity.cx.ua/chunk-VNNOUBDJ.js:1:16043)
    at https://www.greencity.cx.ua/chunk-VNNOUBDJ.js:1:7223
    at eE (https://www.greencity.cx.ua/chunk-NUXSP4TM.js:11:76097)
    at Object.o [as next] (https://www.greencity.cx.ua/chunk-NUXSP4TM.js:11:76277)
    at bv.next (https://www.greencity.cx.ua/chunk-NUXSP4TM.js:7:3120)
    at Fr._next (https://www.greencity.cx.ua/chunk-NUXSP4TM.js:7:2803)
    at Fr.next (https://www.greencity.cx.ua/chunk-NUXSP4TM.js:7:2530)
    at https://www.greencity.cx.ua/chunk-NUXSP4TM.js:7:7848
    at Ac (https://www.greencity.cx.ua/chunk-NUXSP4TM.js:7:2222)
    at S0.next (https://www.greencity.cx.ua/chunk-NUXSP4TM.js:7:7687), [2026-03-13T19:20:34.768Z] [SEVERE] https://www.greencity.cx.ua/chunk-NUXSP4TM.js 10:45939 "ERROR" TypeError: Cannot read properties of null (reading 'setValue')
    at n.quillContentChanged (https://www.greencity.cx.ua/chunk-VNNOUBDJ.js:1:16043)
    at https://www.greencity.cx.ua/chunk-VNNOUBDJ.js:1:7223
    at eE (https://www.greencity.cx.ua/chunk-NUXSP4TM.js:11:76097)
    at Object.o [as next] (https://www.greencity.cx.ua/chunk-NUXSP4TM.js:11:76277)
    at bv.next (https://www.greencity.cx.ua/chunk-NUXSP4TM.js:7:3120)
    at Fr._next (https://www.greencity.cx.ua/chunk-NUXSP4TM.js:7:2803)
    at Fr.next (https://www.greencity.cx.ua/chunk-NUXSP4TM.js:7:2530)
    at https://www.greencity.cx.ua/chunk-NUXSP4TM.js:7:7848
    at Ac (https://www.greencity.cx.ua/chunk-NUXSP4TM.js:7:2222)
    at S0.next (https://www.greencity.cx.ua/chunk-NUXSP4TM.js:7:7687), [2026-03-13T19:20:34.771Z] [SEVERE] https://www.greencity.cx.ua/chunk-NUXSP4TM.js 10:45939 "ERROR" TypeError: Cannot read properties of null (reading 'setValue')
    at n.quillContentChanged (https://www.greencity.cx.ua/chunk-VNNOUBDJ.js:1:16043)
    at https://www.greencity.cx.ua/chunk-VNNOUBDJ.js:1:7223
    at eE (https://www.greencity.cx.ua/chunk-NUXSP4TM.js:11:76097)
    at Object.o [as next] (https://www.greencity.cx.ua/chunk-NUXSP4TM.js:11:76277)
    at bv.next (https://www.greencity.cx.ua/chunk-NUXSP4TM.js:7:3120)
    at Fr._next (https://www.greencity.cx.ua/chunk-NUXSP4TM.js:7:2803)
    at Fr.next (https://www.greencity.cx.ua/chunk-NUXSP4TM.js:7:2530)
    at https://www.greencity.cx.ua/chunk-NUXSP4TM.js:7:7848
    at Ac (https://www.greencity.cx.ua/chunk-NUXSP4TM.js:7:2222)
    at S0.next (https://www.greencity.cx.ua/chunk-NUXSP4TM.js:7:7687), [2026-03-13T19:20:34.773Z] [SEVERE] https://www.greencity.cx.ua/chunk-NUXSP4TM.js 10:45939 "ERROR" TypeError: Cannot read properties of null (reading 'setValue')
    at n.quillContentChanged (https://www.greencity.cx.ua/chunk-VNNOUBDJ.js:1:16043)
    at https://www.greencity.cx.ua/chunk-VNNOUBDJ.js:1:7223
    at eE (https://www.greencity.cx.ua/chunk-NUXSP4TM.js:11:76097)
    at Object.o [as next] (https://www.greencity.cx.ua/chunk-NUXSP4TM.js:11:76277)
    at bv.next (https://www.greencity.cx.ua/chunk-NUXSP4TM.js:7:3120)
    at Fr._next (https://www.greencity.cx.ua/chunk-NUXSP4TM.js:7:2803)
    at Fr.next (https://www.greencity.cx.ua/chunk-NUXSP4TM.js:7:2530)
    at https://www.greencity.cx.ua/chunk-NUXSP4TM.js:7:7848
    at Ac (https://www.greencity.cx.ua/chunk-NUXSP4TM.js:7:2222)
    at S0.next (https://www.greencity.cx.ua/chunk-NUXSP4TM.js:7:7687), [2026-03-13T19:20:34.776Z] [SEVERE] https://www.greencity.cx.ua/chunk-NUXSP4TM.js 10:45939 "ERROR" TypeError: Cannot read properties of null (reading 'setValue')
    at n.quillContentChanged (https://www.greencity.cx.ua/chunk-VNNOUBDJ.js:1:16043)
    at https://www.greencity.cx.ua/chunk-VNNOUBDJ.js:1:7223
    at eE (https://www.greencity.cx.ua/chunk-NUXSP4TM.js:11:76097)
    at Object.o [as next] (https://www.greencity.cx.ua/chunk-NUXSP4TM.js:11:76277)
    at bv.next (https://www.greencity.cx.ua/chunk-NUXSP4TM.js:7:3120)
    at Fr._next (https://www.greencity.cx.ua/chunk-NUXSP4TM.js:7:2803)
    at Fr.next (https://www.greencity.cx.ua/chunk-NUXSP4TM.js:7:2530)
    at https://www.greencity.cx.ua/chunk-NUXSP4TM.js:7:7848
    at Ac (https://www.greencity.cx.ua/chunk-NUXSP4TM.js:7:2222)
    at S0.next (https://www.greencity.cx.ua/chunk-NUXSP4TM.js:7:7687), [2026-03-13T19:20:34.778Z] [SEVERE] https://www.greencity.cx.ua/chunk-NUXSP4TM.js 10:45939 "ERROR" TypeError: Cannot read properties of null (reading 'setValue')
    at n.quillContentChanged (https://www.greencity.cx.ua/chunk-VNNOUBDJ.js:1:16043)
    at https://www.greencity.cx.ua/chunk-VNNOUBDJ.js:1:7223
    at eE (https://www.greencity.cx.ua/chunk-NUXSP4TM.js:11:76097)
    at Object.o [as next] (https://www.greencity.cx.ua/chunk-NUXSP4TM.js:11:76277)
    at bv.next (https://www.greencity.cx.ua/chunk-NUXSP4TM.js:7:3120)
    at Fr._next (https://www.greencity.cx.ua/chunk-NUXSP4TM.js:7:2803)
    at Fr.next (https://www.greencity.cx.ua/chunk-NUXSP4TM.js:7:2530)
    at https://www.greencity.cx.ua/chunk-NUXSP4TM.js:7:7848
    at Ac (https://www.greencity.cx.ua/chunk-NUXSP4TM.js:7:2222)
    at S0.next (https://www.greencity.cx.ua/chunk-NUXSP4TM.js:7:7687), [2026-03-13T19:20:34.781Z] [SEVERE] https://www.greencity.cx.ua/chunk-NUXSP4TM.js 10:45939 "ERROR" TypeError: Cannot read properties of null (reading 'setValue')
    at n.quillContentChanged (https://www.greencity.cx.ua/chunk-VNNOUBDJ.js:1:16043)
    at https://www.greencity.cx.ua/chunk-VNNOUBDJ.js:1:7223
    at eE (https://www.greencity.cx.ua/chunk-NUXSP4TM.js:11:76097)
    at Object.o [as next] (https://www.greencity.cx.ua/chunk-NUXSP4TM.js:11:76277)
    at bv.next (https://www.greencity.cx.ua/chunk-NUXSP4TM.js:7:3120)
    at Fr._next (https://www.greencity.cx.ua/chunk-NUXSP4TM.js:7:2803)
    at Fr.next (https://www.greencity.cx.ua/chunk-NUXSP4TM.js:7:2530)
    at https://www.greencity.cx.ua/chunk-NUXSP4TM.js:7:7848
    at Ac (https://www.greencity.cx.ua/chunk-NUXSP4TM.js:7:2222)
    at S0.next (https://www.greencity.cx.ua/chunk-NUXSP4TM.js:7:7687), [2026-03-13T19:20:34.784Z] [SEVERE] https://www.greencity.cx.ua/chunk-NUXSP4TM.js 10:45939 "ERROR" TypeError: Cannot read properties of null (reading 'setValue')
    at n.quillContentChanged (https://www.greencity.cx.ua/chunk-VNNOUBDJ.js:1:16043)
    at https://www.greencity.cx.ua/chunk-VNNOUBDJ.js:1:7223
    at eE (https://www.greencity.cx.ua/chunk-NUXSP4TM.js:11:76097)
    at Object.o [as next] (https://www.greencity.cx.ua/chunk-NUXSP4TM.js:11:76277)
    at bv.next (https://www.greencity.cx.ua/chunk-NUXSP4TM.js:7:3120)
    at Fr._next (https://www.greencity.cx.ua/chunk-NUXSP4TM.js:7:2803)
    at Fr.next (https://www.greencity.cx.ua/chunk-NUXSP4TM.js:7:2530)
    at https://www.greencity.cx.ua/chunk-NUXSP4TM.js:7:7848
    at Ac (https://www.greencity.cx.ua/chunk-NUXSP4TM.js:7:2222)
    at S0.next (https://www.greencity.cx.ua/chunk-NUXSP4TM.js:7:7687), [2026-03-13T19:20:34.786Z] [SEVERE] https://www.greencity.cx.ua/chunk-NUXSP4TM.js 10:45939 "ERROR" TypeError: Cannot read properties of null (reading 'setValue')
    at n.quillContentChanged (https://www.greencity.cx.ua/chunk-VNNOUBDJ.js:1:16043)
    at https://www.greencity.cx.ua/chunk-VNNOUBDJ.js:1:7223
    at eE (https://www.greencity.cx.ua/chunk-NUXSP4TM.js:11:76097)
    at Object.o [as next] (https://www.greencity.cx.ua/chunk-NUXSP4TM.js:11:76277)
    at bv.next (https://www.greencity.cx.ua/chunk-NUXSP4TM.js:7:3120)
    at Fr._next (https://www.greencity.cx.ua/chunk-NUXSP4TM.js:7:2803)
    at Fr.next (https://www.greencity.cx.ua/chunk-NUXSP4TM.js:7:2530)
    at https://www.greencity.cx.ua/chunk-NUXSP4TM.js:7:7848
    at Ac (https://www.greencity.cx.ua/chunk-NUXSP4TM.js:7:2222)
    at S0.next (https://www.greencity.cx.ua/chunk-NUXSP4TM.js:7:7687), [2026-03-13T19:20:34.789Z] [SEVERE] https://www.greencity.cx.ua/chunk-NUXSP4TM.js 10:45939 "ERROR" TypeError: Cannot read properties of null (reading 'setValue')
    at n.quillContentChanged (https://www.greencity.cx.ua/chunk-VNNOUBDJ.js:1:16043)
    at https://www.greencity.cx.ua/chunk-VNNOUBDJ.js:1:7223
    at eE (https://www.greencity.cx.ua/chunk-NUXSP4TM.js:11:76097)
    at Object.o [as next] (https://www.greencity.cx.ua/chunk-NUXSP4TM.js:11:76277)
    at bv.next (https://www.greencity.cx.ua/chunk-NUXSP4TM.js:7:3120)
    at Fr._next (https://www.greencity.cx.ua/chunk-NUXSP4TM.js:7:2803)
    at Fr.next (https://www.greencity.cx.ua/chunk-NUXSP4TM.js:7:2530)
    at https://www.greencity.cx.ua/chunk-NUXSP4TM.js:7:7848
    at Ac (https://www.greencity.cx.ua/chunk-NUXSP4TM.js:7:2222)
    at S0.next (https://www.greencity.cx.ua/chunk-NUXSP4TM.js:7:7687), [2026-03-13T19:20:34.792Z] [SEVERE] https://www.greencity.cx.ua/chunk-NUXSP4TM.js 10:45939 "ERROR" TypeError: Cannot read properties of null (reading 'setValue')
    at n.quillContentChanged (https://www.greencity.cx.ua/chunk-VNNOUBDJ.js:1:16043)
    at https://www.greencity.cx.ua/chunk-VNNOUBDJ.js:1:7223
    at eE (https://www.greencity.cx.ua/chunk-NUXSP4TM.js:11:76097)
    at Object.o [as next] (https://www.greencity.cx.ua/chunk-NUXSP4TM.js:11:76277)
    at bv.next (https://www.greencity.cx.ua/chunk-NUXSP4TM.js:7:3120)
    at Fr._next (https://www.greencity.cx.ua/chunk-NUXSP4TM.js:7:2803)
    at Fr.next (https://www.greencity.cx.ua/chunk-NUXSP4TM.js:7:2530)
    at https://www.greencity.cx.ua/chunk-NUXSP4TM.js:7:7848
    at Ac (https://www.greencity.cx.ua/chunk-NUXSP4TM.js:7:2222)
    at S0.next (https://www.greencity.cx.ua/chunk-NUXSP4TM.js:7:7687), [2026-03-13T19:20:34.798Z] [SEVERE] https://www.greencity.cx.ua/chunk-NUXSP4TM.js 10:45939 "ERROR" TypeError: Cannot read properties of null (reading 'setValue')
    at n.quillContentChanged (https://www.greencity.cx.ua/chunk-VNNOUBDJ.js:1:16043)
    at https://www.greencity.cx.ua/chunk-VNNOUBDJ.js:1:7223
    at eE (https://www.greencity.cx.ua/chunk-NUXSP4TM.js:11:76097)
    at Object.o [as next] (https://www.greencity.cx.ua/chunk-NUXSP4TM.js:11:76277)
    at bv.next (https://www.greencity.cx.ua/chunk-NUXSP4TM.js:7:3120)
    at Fr._next (https://www.greencity.cx.ua/chunk-NUXSP4TM.js:7:2803)
    at Fr.next (https://www.greencity.cx.ua/chunk-NUXSP4TM.js:7:2530)
    at https://www.greencity.cx.ua/chunk-NUXSP4TM.js:7:7848
    at Ac (https://www.greencity.cx.ua/chunk-NUXSP4TM.js:7:2222)
    at S0.next (https://www.greencity.cx.ua/chunk-NUXSP4TM.js:7:7687), [2026-03-13T19:20:34.799Z] [SEVERE] https://www.greencity.cx.ua/chunk-NUXSP4TM.js 10:45939 "ERROR" TypeError: Cannot read properties of null (reading 'setValue')
    at n.quillContentChanged (https://www.greencity.cx.ua/chunk-VNNOUBDJ.js:1:16043)
    at https://www.greencity.cx.ua/chunk-VNNOUBDJ.js:1:7223
    at eE (https://www.greencity.cx.ua/chunk-NUXSP4TM.js:11:76097)
    at Object.o [as next] (https://www.greencity.cx.ua/chunk-NUXSP4TM.js:11:76277)
    at bv.next (https://www.greencity.cx.ua/chunk-NUXSP4TM.js:7:3120)
    at Fr._next (https://www.greencity.cx.ua/chunk-NUXSP4TM.js:7:2803)
    at Fr.next (https://www.greencity.cx.ua/chunk-NUXSP4TM.js:7:2530)
    at https://www.greencity.cx.ua/chunk-NUXSP4TM.js:7:7848
    at Ac (https://www.greencity.cx.ua/chunk-NUXSP4TM.js:7:2222)
    at S0.next (https://www.greencity.cx.ua/chunk-NUXSP4TM.js:7:7687), [2026-03-13T19:20:34.804Z] [SEVERE] https://www.greencity.cx.ua/chunk-NUXSP4TM.js 10:45939 "ERROR" TypeError: Cannot read properties of null (reading 'setValue')
    at n.quillContentChanged (https://www.greencity.cx.ua/chunk-VNNOUBDJ.js:1:16043)
    at https://www.greencity.cx.ua/chunk-VNNOUBDJ.js:1:7223
    at eE (https://www.greencity.cx.ua/chunk-NUXSP4TM.js:11:76097)
    at Object.o [as next] (https://www.greencity.cx.ua/chunk-NUXSP4TM.js:11:76277)
    at bv.next (https://www.greencity.cx.ua/chunk-NUXSP4TM.js:7:3120)
    at Fr._next (https://www.greencity.cx.ua/chunk-NUXSP4TM.js:7:2803)
    at Fr.next (https://www.greencity.cx.ua/chunk-NUXSP4TM.js:7:2530)
    at https://www.greencity.cx.ua/chunk-NUXSP4TM.js:7:7848
    at Ac (https://www.greencity.cx.ua/chunk-NUXSP4TM.js:7:2222)
    at S0.next (https://www.greencity.cx.ua/chunk-NUXSP4TM.js:7:7687), [2026-03-13T19:20:34.804Z] [SEVERE] https://www.greencity.cx.ua/chunk-NUXSP4TM.js 10:45939 "ERROR" TypeError: Cannot read properties of null (reading 'setValue')
    at n.quillContentChanged (https://www.greencity.cx.ua/chunk-VNNOUBDJ.js:1:16043)
    at https://www.greencity.cx.ua/chunk-VNNOUBDJ.js:1:7223
    at eE (https://www.greencity.cx.ua/chunk-NUXSP4TM.js:11:76097)
    at Object.o [as next] (https://www.greencity.cx.ua/chunk-NUXSP4TM.js:11:76277)
    at bv.next (https://www.greencity.cx.ua/chunk-NUXSP4TM.js:7:3120)
    at Fr._next (https://www.greencity.cx.ua/chunk-NUXSP4TM.js:7:2803)
    at Fr.next (https://www.greencity.cx.ua/chunk-NUXSP4TM.js:7:2530)
    at https://www.greencity.cx.ua/chunk-NUXSP4TM.js:7:7848
    at Ac (https://www.greencity.cx.ua/chunk-NUXSP4TM.js:7:2222)
    at S0.next (https://www.greencity.cx.ua/chunk-NUXSP4TM.js:7:7687), [2026-03-13T19:20:34.806Z] [SEVERE] https://www.greencity.cx.ua/chunk-NUXSP4TM.js 10:45939 "ERROR" TypeError: Cannot read properties of null (reading 'setValue')
    at n.quillContentChanged (https://www.greencity.cx.ua/chunk-VNNOUBDJ.js:1:16043)
    at https://www.greencity.cx.ua/chunk-VNNOUBDJ.js:1:7223
    at eE (https://www.greencity.cx.ua/chunk-NUXSP4TM.js:11:76097)
    at Object.o [as next] (https://www.greencity.cx.ua/chunk-NUXSP4TM.js:11:76277)
    at bv.next (https://www.greencity.cx.ua/chunk-NUXSP4TM.js:7:3120)
    at Fr._next (https://www.greencity.cx.ua/chunk-NUXSP4TM.js:7:2803)
    at Fr.next (https://www.greencity.cx.ua/chunk-NUXSP4TM.js:7:2530)
    at https://www.greencity.cx.ua/chunk-NUXSP4TM.js:7:7848
    at Ac (https://www.greencity.cx.ua/chunk-NUXSP4TM.js:7:2222)
    at S0.next (https://www.greencity.cx.ua/chunk-NUXSP4TM.js:7:7687), [2026-03-13T19:20:34.811Z] [SEVERE] https://www.greencity.cx.ua/chunk-NUXSP4TM.js 10:45939 "ERROR" TypeError: Cannot read properties of null (reading 'setValue')
    at n.quillContentChanged (https://www.greencity.cx.ua/chunk-VNNOUBDJ.js:1:16043)
    at https://www.greencity.cx.ua/chunk-VNNOUBDJ.js:1:7223
    at eE (https://www.greencity.cx.ua/chunk-NUXSP4TM.js:11:76097)
    at Object.o [as next] (https://www.greencity.cx.ua/chunk-NUXSP4TM.js:11:76277)
    at bv.next (https://www.greencity.cx.ua/chunk-NUXSP4TM.js:7:3120)
    at Fr._next (https://www.greencity.cx.ua/chunk-NUXSP4TM.js:7:2803)
    at Fr.next (https://www.greencity.cx.ua/chunk-NUXSP4TM.js:7:2530)
    at https://www.greencity.cx.ua/chunk-NUXSP4TM.js:7:7848
    at Ac (https://www.greencity.cx.ua/chunk-NUXSP4TM.js:7:2222)
    at S0.next (https://www.greencity.cx.ua/chunk-NUXSP4TM.js:7:7687)]