[[2026-03-14T18:25:38.908Z] [SEVERE] https://www.greencity.cx.ua/#/greenCity - Not signed in with the identity provider., [2026-03-14T18:25:40.460Z] [SEVERE] https://accounts.google.com/gsi/client 81:88 "[GSI_LOGGER]: FedCM get() rejects with AbortError: signal is aborted without reason", [2026-03-14T18:25:41.464Z] [SEVERE] https://www.greencity.cx.ua/chunk-NUXSP4TM.js 10:45939 "ERROR" NullInjectorError: R3InjectorError(s)[e -> e -> e -> e]: 
  NullInjectorError: No provider for e!
    at Ip.get (https://www.greencity.cx.ua/chunk-NUXSP4TM.js:11:38580)
    at Op.get (https://www.greencity.cx.ua/chunk-NUXSP4TM.js:11:41619)
    at Op.get (https://www.greencity.cx.ua/chunk-NUXSP4TM.js:11:41619)
    at Op.get (https://www.greencity.cx.ua/chunk-NUXSP4TM.js:11:41619)
    at Op.get (https://www.greencity.cx.ua/chunk-NUXSP4TM.js:11:41619)
    at T0.get (https://www.greencity.cx.ua/chunk-NUXSP4TM.js:11:66384)
    at vI (https://www.greencity.cx.ua/chunk-NUXSP4TM.js:11:20405)
    at yI (https://www.greencity.cx.ua/chunk-NUXSP4TM.js:11:20645)
    at p (https://www.greencity.cx.ua/chunk-NUXSP4TM.js:11:52307)
    at fc.ɵfac [as factory] (https://www.greencity.cx.ua/chunk-R2CKRCT3.js:1:97963), [2026-03-14T18:25:41.464Z] [SEVERE] https://www.greencity.cx.ua/chunk-NUXSP4TM.js 10:45939 "ERROR" NullInjectorError: R3InjectorError(s)[e -> e -> e -> e]: 
  NullInjectorError: No provider for e!
    at Ip.get (https://www.greencity.cx.ua/chunk-NUXSP4TM.js:11:38580)
    at Op.get (https://www.greencity.cx.ua/chunk-NUXSP4TM.js:11:41619)
    at Op.get (https://www.greencity.cx.ua/chunk-NUXSP4TM.js:11:41619)
    at Op.get (https://www.greencity.cx.ua/chunk-NUXSP4TM.js:11:41619)
    at Op.get (https://www.greencity.cx.ua/chunk-NUXSP4TM.js:11:41619)
    at T0.get (https://www.greencity.cx.ua/chunk-NUXSP4TM.js:11:66384)
    at vI (https://www.greencity.cx.ua/chunk-NUXSP4TM.js:11:20405)
    at yI (https://www.greencity.cx.ua/chunk-NUXSP4TM.js:11:20645)
    at p (https://www.greencity.cx.ua/chunk-NUXSP4TM.js:11:52307)
    at fc.ɵfac [as factory] (https://www.greencity.cx.ua/chunk-R2CKRCT3.js:1:97963), [2026-03-14T18:25:43.590Z] [SEVERE] https://www.greencity.cx.ua/chunk-NUXSP4TM.js 10:45939 "ERROR" TypeError: Cannot read properties of null (reading 'setValue')
    at n.quillContentChanged (https://www.greencity.cx.ua/chunk-VNNOUBDJ.js:1:16043)
    at https://www.greencity.cx.ua/chunk-VNNOUBDJ.js:1:7223
    at eE (https://www.greencity.cx.ua/chunk-NUXSP4TM.js:11:76097)
    at Object.o [as next] (https://www.greencity.cx.ua/chunk-NUXSP4TM.js:11:76277)
    at bv.next (https://www.greencity.cx.ua/chunk-NUXSP4TM.js:7:3120)
    at Fr._next (https://www.greencity.cx.ua/chunk-NUXSP4TM.js:7:2803)
    at Fr.next (https://www.greencity.cx.ua/chunk-NUXSP4TM.js:7:2530)
    at https://www.greencity.cx.ua/chunk-NUXSP4TM.js:7:7848
    at Ac (https://www.greencity.cx.ua/chunk-NUXSP4TM.js:7:2222)
    at S0.next (https://www.greencity.cx.ua/chunk-NUXSP4TM.js:7:7687), [2026-03-14T18:25:43.590Z] [SEVERE] https://www.greencity.cx.ua/chunk-NUXSP4TM.js 10:45939 "ERROR" TypeError: Cannot read properties of null (reading 'setValue')
    at n.quillContentChanged (https://www.greencity.cx.ua/chunk-VNNOUBDJ.js:1:16043)
    at https://www.greencity.cx.ua/chunk-VNNOUBDJ.js:1:7223
    at eE (https://www.greencity.cx.ua/chunk-NUXSP4TM.js:11:76097)
    at Object.o [as next] (https://www.greencity.cx.ua/chunk-NUXSP4TM.js:11:76277)
    at bv.next (https://www.greencity.cx.ua/chunk-NUXSP4TM.js:7:3120)
    at Fr._next (https://www.greencity.cx.ua/chunk-NUXSP4TM.js:7:2803)
    at Fr.next (https://www.greencity.cx.ua/chunk-NUXSP4TM.js:7:2530)
    at https://www.greencity.cx.ua/chunk-NUXSP4TM.js:7:7848
    at Ac (https://www.greencity.cx.ua/chunk-NUXSP4TM.js:7:2222)
    at S0.next (https://www.greencity.cx.ua/chunk-NUXSP4TM.js:7:7687), [2026-03-14T18:25:43.591Z] [SEVERE] https://www.greencity.cx.ua/chunk-NUXSP4TM.js 10:45939 "ERROR" TypeError: Cannot read properties of null (reading 'setValue')
    at n.quillContentChanged (https://www.greencity.cx.ua/chunk-VNNOUBDJ.js:1:16043)
    at https://www.greencity.cx.ua/chunk-VNNOUBDJ.js:1:7223
    at eE (https://www.greencity.cx.ua/chunk-NUXSP4TM.js:11:76097)
    at Object.o [as next] (https://www.greencity.cx.ua/chunk-NUXSP4TM.js:11:76277)
    at bv.next (https://www.greencity.cx.ua/chunk-NUXSP4TM.js:7:3120)
    at Fr._next (https://www.greencity.cx.ua/chunk-NUXSP4TM.js:7:2803)
    at Fr.next (https://www.greencity.cx.ua/chunk-NUXSP4TM.js:7:2530)
    at https://www.greencity.cx.ua/chunk-NUXSP4TM.js:7:7848
    at Ac (https://www.greencity.cx.ua/chunk-NUXSP4TM.js:7:2222)
    at S0.next (https://www.greencity.cx.ua/chunk-NUXSP4TM.js:7:7687), [2026-03-14T18:25:43.591Z] [SEVERE] https://www.greencity.cx.ua/chunk-NUXSP4TM.js 10:45939 "ERROR" TypeError: Cannot read properties of null (reading 'setValue')
    at n.quillContentChanged (https://www.greencity.cx.ua/chunk-VNNOUBDJ.js:1:16043)
    at https://www.greencity.cx.ua/chunk-VNNOUBDJ.js:1:7223
    at eE (https://www.greencity.cx.ua/chunk-NUXSP4TM.js:11:76097)
    at Object.o [as next] (https://www.greencity.cx.ua/chunk-NUXSP4TM.js:11:76277)
    at bv.next (https://www.greencity.cx.ua/chunk-NUXSP4TM.js:7:3120)
    at Fr._next (https://www.greencity.cx.ua/chunk-NUXSP4TM.js:7:2803)
    at Fr.next (https://www.greencity.cx.ua/chunk-NUXSP4TM.js:7:2530)
    at https://www.greencity.cx.ua/chunk-NUXSP4TM.js:7:7848
    at Ac (https://www.greencity.cx.ua/chunk-NUXSP4TM.js:7:2222)
    at S0.next (https://www.greencity.cx.ua/chunk-NUXSP4TM.js:7:7687), [2026-03-14T18:25:43.591Z] [SEVERE] https://www.greencity.cx.ua/chunk-NUXSP4TM.js 10:45939 "ERROR" TypeError: Cannot read properties of null (reading 'setValue')
    at n.quillContentChanged (https://www.greencity.cx.ua/chunk-VNNOUBDJ.js:1:16043)
    at https://www.greencity.cx.ua/chunk-VNNOUBDJ.js:1:7223
    at eE (https://www.greencity.cx.ua/chunk-NUXSP4TM.js:11:76097)
    at Object.o [as next] (https://www.greencity.cx.ua/chunk-NUXSP4TM.js:11:76277)
    at bv.next (https://www.greencity.cx.ua/chunk-NUXSP4TM.js:7:3120)
    at Fr._next (https://www.greencity.cx.ua/chunk-NUXSP4TM.js:7:2803)
    at Fr.next (https://www.greencity.cx.ua/chunk-NUXSP4TM.js:7:2530)
    at https://www.greencity.cx.ua/chunk-NUXSP4TM.js:7:7848
    at Ac (https://www.greencity.cx.ua/chunk-NUXSP4TM.js:7:2222)
    at S0.next (https://www.greencity.cx.ua/chunk-NUXSP4TM.js:7:7687), [2026-03-14T18:25:43.591Z] [SEVERE] https://www.greencity.cx.ua/chunk-NUXSP4TM.js 10:45939 "ERROR" TypeError: Cannot read properties of null (reading 'setValue')
    at n.quillContentChanged (https://www.greencity.cx.ua/chunk-VNNOUBDJ.js:1:16043)
    at https://www.greencity.cx.ua/chunk-VNNOUBDJ.js:1:7223
    at eE (https://www.greencity.cx.ua/chunk-NUXSP4TM.js:11:76097)
    at Object.o [as next] (https://www.greencity.cx.ua/chunk-NUXSP4TM.js:11:76277)
    at bv.next (https://www.greencity.cx.ua/chunk-NUXSP4TM.js:7:3120)
    at Fr._next (https://www.greencity.cx.ua/chunk-NUXSP4TM.js:7:2803)
    at Fr.next (https://www.greencity.cx.ua/chunk-NUXSP4TM.js:7:2530)
    at https://www.greencity.cx.ua/chunk-NUXSP4TM.js:7:7848
    at Ac (https://www.greencity.cx.ua/chunk-NUXSP4TM.js:7:2222)
    at S0.next (https://www.greencity.cx.ua/chunk-NUXSP4TM.js:7:7687), [2026-03-14T18:25:43.591Z] [SEVERE] https://www.greencity.cx.ua/chunk-NUXSP4TM.js 10:45939 "ERROR" TypeError: Cannot read properties of null (reading 'setValue')
    at n.quillContentChanged (https://www.greencity.cx.ua/chunk-VNNOUBDJ.js:1:16043)
    at https://www.greencity.cx.ua/chunk-VNNOUBDJ.js:1:7223
    at eE (https://www.greencity.cx.ua/chunk-NUXSP4TM.js:11:76097)
    at Object.o [as next] (https://www.greencity.cx.ua/chunk-NUXSP4TM.js:11:76277)
    at bv.next (https://www.greencity.cx.ua/chunk-NUXSP4TM.js:7:3120)
    at Fr._next (https://www.greencity.cx.ua/chunk-NUXSP4TM.js:7:2803)
    at Fr.next (https://www.greencity.cx.ua/chunk-NUXSP4TM.js:7:2530)
    at https://www.greencity.cx.ua/chunk-NUXSP4TM.js:7:7848
    at Ac (https://www.greencity.cx.ua/chunk-NUXSP4TM.js:7:2222)
    at S0.next (https://www.greencity.cx.ua/chunk-NUXSP4TM.js:7:7687), [2026-03-14T18:25:43.591Z] [SEVERE] https://www.greencity.cx.ua/chunk-NUXSP4TM.js 10:45939 "ERROR" TypeError: Cannot read properties of null (reading 'setValue')
    at n.quillContentChanged (https://www.greencity.cx.ua/chunk-VNNOUBDJ.js:1:16043)
    at https://www.greencity.cx.ua/chunk-VNNOUBDJ.js:1:7223
    at eE (https://www.greencity.cx.ua/chunk-NUXSP4TM.js:11:76097)
    at Object.o [as next] (https://www.greencity.cx.ua/chunk-NUXSP4TM.js:11:76277)
    at bv.next (https://www.greencity.cx.ua/chunk-NUXSP4TM.js:7:3120)
    at Fr._next (https://www.greencity.cx.ua/chunk-NUXSP4TM.js:7:2803)
    at Fr.next (https://www.greencity.cx.ua/chunk-NUXSP4TM.js:7:2530)
    at https://www.greencity.cx.ua/chunk-NUXSP4TM.js:7:7848
    at Ac (https://www.greencity.cx.ua/chunk-NUXSP4TM.js:7:2222)
    at S0.next (https://www.greencity.cx.ua/chunk-NUXSP4TM.js:7:7687), [2026-03-14T18:25:43.591Z] [SEVERE] https://www.greencity.cx.ua/chunk-NUXSP4TM.js 10:45939 "ERROR" TypeError: Cannot read properties of null (reading 'setValue')
    at n.quillContentChanged (https://www.greencity.cx.ua/chunk-VNNOUBDJ.js:1:16043)
    at https://www.greencity.cx.ua/chunk-VNNOUBDJ.js:1:7223
    at eE (https://www.greencity.cx.ua/chunk-NUXSP4TM.js:11:76097)
    at Object.o [as next] (https://www.greencity.cx.ua/chunk-NUXSP4TM.js:11:76277)
    at bv.next (https://www.greencity.cx.ua/chunk-NUXSP4TM.js:7:3120)
    at Fr._next (https://www.greencity.cx.ua/chunk-NUXSP4TM.js:7:2803)
    at Fr.next (https://www.greencity.cx.ua/chunk-NUXSP4TM.js:7:2530)
    at https://www.greencity.cx.ua/chunk-NUXSP4TM.js:7:7848
    at Ac (https://www.greencity.cx.ua/chunk-NUXSP4TM.js:7:2222)
    at S0.next (https://www.greencity.cx.ua/chunk-NUXSP4TM.js:7:7687), [2026-03-14T18:25:43.592Z] [SEVERE] https://www.greencity.cx.ua/chunk-NUXSP4TM.js 10:45939 "ERROR" TypeError: Cannot read properties of null (reading 'setValue')
    at n.quillContentChanged (https://www.greencity.cx.ua/chunk-VNNOUBDJ.js:1:16043)
    at https://www.greencity.cx.ua/chunk-VNNOUBDJ.js:1:7223
    at eE (https://www.greencity.cx.ua/chunk-NUXSP4TM.js:11:76097)
    at Object.o [as next] (https://www.greencity.cx.ua/chunk-NUXSP4TM.js:11:76277)
    at bv.next (https://www.greencity.cx.ua/chunk-NUXSP4TM.js:7:3120)
    at Fr._next (https://www.greencity.cx.ua/chunk-NUXSP4TM.js:7:2803)
    at Fr.next (https://www.greencity.cx.ua/chunk-NUXSP4TM.js:7:2530)
    at https://www.greencity.cx.ua/chunk-NUXSP4TM.js:7:7848
    at Ac (https://www.greencity.cx.ua/chunk-NUXSP4TM.js:7:2222)
    at S0.next (https://www.greencity.cx.ua/chunk-NUXSP4TM.js:7:7687), [2026-03-14T18:25:43.592Z] [SEVERE] https://www.greencity.cx.ua/chunk-NUXSP4TM.js 10:45939 "ERROR" TypeError: Cannot read properties of null (reading 'setValue')
    at n.quillContentChanged (https://www.greencity.cx.ua/chunk-VNNOUBDJ.js:1:16043)
    at https://www.greencity.cx.ua/chunk-VNNOUBDJ.js:1:7223
    at eE (https://www.greencity.cx.ua/chunk-NUXSP4TM.js:11:76097)
    at Object.o [as next] (https://www.greencity.cx.ua/chunk-NUXSP4TM.js:11:76277)
    at bv.next (https://www.greencity.cx.ua/chunk-NUXSP4TM.js:7:3120)
    at Fr._next (https://www.greencity.cx.ua/chunk-NUXSP4TM.js:7:2803)
    at Fr.next (https://www.greencity.cx.ua/chunk-NUXSP4TM.js:7:2530)
    at https://www.greencity.cx.ua/chunk-NUXSP4TM.js:7:7848
    at Ac (https://www.greencity.cx.ua/chunk-NUXSP4TM.js:7:2222)
    at S0.next (https://www.greencity.cx.ua/chunk-NUXSP4TM.js:7:7687), [2026-03-14T18:25:43.592Z] [SEVERE] https://www.greencity.cx.ua/chunk-NUXSP4TM.js 10:45939 "ERROR" TypeError: Cannot read properties of null (reading 'setValue')
    at n.quillContentChanged (https://www.greencity.cx.ua/chunk-VNNOUBDJ.js:1:16043)
    at https://www.greencity.cx.ua/chunk-VNNOUBDJ.js:1:7223
    at eE (https://www.greencity.cx.ua/chunk-NUXSP4TM.js:11:76097)
    at Object.o [as next] (https://www.greencity.cx.ua/chunk-NUXSP4TM.js:11:76277)
    at bv.next (https://www.greencity.cx.ua/chunk-NUXSP4TM.js:7:3120)
    at Fr._next (https://www.greencity.cx.ua/chunk-NUXSP4TM.js:7:2803)
    at Fr.next (https://www.greencity.cx.ua/chunk-NUXSP4TM.js:7:2530)
    at https://www.greencity.cx.ua/chunk-NUXSP4TM.js:7:7848
    at Ac (https://www.greencity.cx.ua/chunk-NUXSP4TM.js:7:2222)
    at S0.next (https://www.greencity.cx.ua/chunk-NUXSP4TM.js:7:7687), [2026-03-14T18:25:43.592Z] [SEVERE] https://www.greencity.cx.ua/chunk-NUXSP4TM.js 10:45939 "ERROR" TypeError: Cannot read properties of null (reading 'setValue')
    at n.quillContentChanged (https://www.greencity.cx.ua/chunk-VNNOUBDJ.js:1:16043)
    at https://www.greencity.cx.ua/chunk-VNNOUBDJ.js:1:7223
    at eE (https://www.greencity.cx.ua/chunk-NUXSP4TM.js:11:76097)
    at Object.o [as next] (https://www.greencity.cx.ua/chunk-NUXSP4TM.js:11:76277)
    at bv.next (https://www.greencity.cx.ua/chunk-NUXSP4TM.js:7:3120)
    at Fr._next (https://www.greencity.cx.ua/chunk-NUXSP4TM.js:7:2803)
    at Fr.next (https://www.greencity.cx.ua/chunk-NUXSP4TM.js:7:2530)
    at https://www.greencity.cx.ua/chunk-NUXSP4TM.js:7:7848
    at Ac (https://www.greencity.cx.ua/chunk-NUXSP4TM.js:7:2222)
    at S0.next (https://www.greencity.cx.ua/chunk-NUXSP4TM.js:7:7687), [2026-03-14T18:25:43.592Z] [SEVERE] https://www.greencity.cx.ua/chunk-NUXSP4TM.js 10:45939 "ERROR" TypeError: Cannot read properties of null (reading 'setValue')
    at n.quillContentChanged (https://www.greencity.cx.ua/chunk-VNNOUBDJ.js:1:16043)
    at https://www.greencity.cx.ua/chunk-VNNOUBDJ.js:1:7223
    at eE (https://www.greencity.cx.ua/chunk-NUXSP4TM.js:11:76097)
    at Object.o [as next] (https://www.greencity.cx.ua/chunk-NUXSP4TM.js:11:76277)
    at bv.next (https://www.greencity.cx.ua/chunk-NUXSP4TM.js:7:3120)
    at Fr._next (https://www.greencity.cx.ua/chunk-NUXSP4TM.js:7:2803)
    at Fr.next (https://www.greencity.cx.ua/chunk-NUXSP4TM.js:7:2530)
    at https://www.greencity.cx.ua/chunk-NUXSP4TM.js:7:7848
    at Ac (https://www.greencity.cx.ua/chunk-NUXSP4TM.js:7:2222)
    at S0.next (https://www.greencity.cx.ua/chunk-NUXSP4TM.js:7:7687), [2026-03-14T18:25:43.592Z] [SEVERE] https://www.greencity.cx.ua/chunk-NUXSP4TM.js 10:45939 "ERROR" TypeError: Cannot read properties of null (reading 'setValue')
    at n.quillContentChanged (https://www.greencity.cx.ua/chunk-VNNOUBDJ.js:1:16043)
    at https://www.greencity.cx.ua/chunk-VNNOUBDJ.js:1:7223
    at eE (https://www.greencity.cx.ua/chunk-NUXSP4TM.js:11:76097)
    at Object.o [as next] (https://www.greencity.cx.ua/chunk-NUXSP4TM.js:11:76277)
    at bv.next (https://www.greencity.cx.ua/chunk-NUXSP4TM.js:7:3120)
    at Fr._next (https://www.greencity.cx.ua/chunk-NUXSP4TM.js:7:2803)
    at Fr.next (https://www.greencity.cx.ua/chunk-NUXSP4TM.js:7:2530)
    at https://www.greencity.cx.ua/chunk-NUXSP4TM.js:7:7848
    at Ac (https://www.greencity.cx.ua/chunk-NUXSP4TM.js:7:2222)
    at S0.next (https://www.greencity.cx.ua/chunk-NUXSP4TM.js:7:7687), [2026-03-14T18:25:43.592Z] [SEVERE] https://www.greencity.cx.ua/chunk-NUXSP4TM.js 10:45939 "ERROR" TypeError: Cannot read properties of null (reading 'setValue')
    at n.quillContentChanged (https://www.greencity.cx.ua/chunk-VNNOUBDJ.js:1:16043)
    at https://www.greencity.cx.ua/chunk-VNNOUBDJ.js:1:7223
    at eE (https://www.greencity.cx.ua/chunk-NUXSP4TM.js:11:76097)
    at Object.o [as next] (https://www.greencity.cx.ua/chunk-NUXSP4TM.js:11:76277)
    at bv.next (https://www.greencity.cx.ua/chunk-NUXSP4TM.js:7:3120)
    at Fr._next (https://www.greencity.cx.ua/chunk-NUXSP4TM.js:7:2803)
    at Fr.next (https://www.greencity.cx.ua/chunk-NUXSP4TM.js:7:2530)
    at https://www.greencity.cx.ua/chunk-NUXSP4TM.js:7:7848
    at Ac (https://www.greencity.cx.ua/chunk-NUXSP4TM.js:7:2222)
    at S0.next (https://www.greencity.cx.ua/chunk-NUXSP4TM.js:7:7687), [2026-03-14T18:25:43.592Z] [SEVERE] https://www.greencity.cx.ua/chunk-NUXSP4TM.js 10:45939 "ERROR" TypeError: Cannot read properties of null (reading 'setValue')
    at n.quillContentChanged (https://www.greencity.cx.ua/chunk-VNNOUBDJ.js:1:16043)
    at https://www.greencity.cx.ua/chunk-VNNOUBDJ.js:1:7223
    at eE (https://www.greencity.cx.ua/chunk-NUXSP4TM.js:11:76097)
    at Object.o [as next] (https://www.greencity.cx.ua/chunk-NUXSP4TM.js:11:76277)
    at bv.next (https://www.greencity.cx.ua/chunk-NUXSP4TM.js:7:3120)
    at Fr._next (https://www.greencity.cx.ua/chunk-NUXSP4TM.js:7:2803)
    at Fr.next (https://www.greencity.cx.ua/chunk-NUXSP4TM.js:7:2530)
    at https://www.greencity.cx.ua/chunk-NUXSP4TM.js:7:7848
    at Ac (https://www.greencity.cx.ua/chunk-NUXSP4TM.js:7:2222)
    at S0.next (https://www.greencity.cx.ua/chunk-NUXSP4TM.js:7:7687), [2026-03-14T18:25:43.592Z] [SEVERE] https://www.greencity.cx.ua/chunk-NUXSP4TM.js 10:45939 "ERROR" TypeError: Cannot read properties of null (reading 'setValue')
    at n.quillContentChanged (https://www.greencity.cx.ua/chunk-VNNOUBDJ.js:1:16043)
    at https://www.greencity.cx.ua/chunk-VNNOUBDJ.js:1:7223
    at eE (https://www.greencity.cx.ua/chunk-NUXSP4TM.js:11:76097)
    at Object.o [as next] (https://www.greencity.cx.ua/chunk-NUXSP4TM.js:11:76277)
    at bv.next (https://www.greencity.cx.ua/chunk-NUXSP4TM.js:7:3120)
    at Fr._next (https://www.greencity.cx.ua/chunk-NUXSP4TM.js:7:2803)
    at Fr.next (https://www.greencity.cx.ua/chunk-NUXSP4TM.js:7:2530)
    at https://www.greencity.cx.ua/chunk-NUXSP4TM.js:7:7848
    at Ac (https://www.greencity.cx.ua/chunk-NUXSP4TM.js:7:2222)
    at S0.next (https://www.greencity.cx.ua/chunk-NUXSP4TM.js:7:7687), [2026-03-14T18:25:43.592Z] [SEVERE] https://www.greencity.cx.ua/chunk-NUXSP4TM.js 10:45939 "ERROR" TypeError: Cannot read properties of null (reading 'setValue')
    at n.quillContentChanged (https://www.greencity.cx.ua/chunk-VNNOUBDJ.js:1:16043)
    at https://www.greencity.cx.ua/chunk-VNNOUBDJ.js:1:7223
    at eE (https://www.greencity.cx.ua/chunk-NUXSP4TM.js:11:76097)
    at Object.o [as next] (https://www.greencity.cx.ua/chunk-NUXSP4TM.js:11:76277)
    at bv.next (https://www.greencity.cx.ua/chunk-NUXSP4TM.js:7:3120)
    at Fr._next (https://www.greencity.cx.ua/chunk-NUXSP4TM.js:7:2803)
    at Fr.next (https://www.greencity.cx.ua/chunk-NUXSP4TM.js:7:2530)
    at https://www.greencity.cx.ua/chunk-NUXSP4TM.js:7:7848
    at Ac (https://www.greencity.cx.ua/chunk-NUXSP4TM.js:7:2222)
    at S0.next (https://www.greencity.cx.ua/chunk-NUXSP4TM.js:7:7687), [2026-03-14T18:25:43.592Z] [SEVERE] https://www.greencity.cx.ua/chunk-NUXSP4TM.js 10:45939 "ERROR" TypeError: Cannot read properties of null (reading 'setValue')
    at n.quillContentChanged (https://www.greencity.cx.ua/chunk-VNNOUBDJ.js:1:16043)
    at https://www.greencity.cx.ua/chunk-VNNOUBDJ.js:1:7223
    at eE (https://www.greencity.cx.ua/chunk-NUXSP4TM.js:11:76097)
    at Object.o [as next] (https://www.greencity.cx.ua/chunk-NUXSP4TM.js:11:76277)
    at bv.next (https://www.greencity.cx.ua/chunk-NUXSP4TM.js:7:3120)
    at Fr._next (https://www.greencity.cx.ua/chunk-NUXSP4TM.js:7:2803)
    at Fr.next (https://www.greencity.cx.ua/chunk-NUXSP4TM.js:7:2530)
    at https://www.greencity.cx.ua/chunk-NUXSP4TM.js:7:7848
    at Ac (https://www.greencity.cx.ua/chunk-NUXSP4TM.js:7:2222)
    at S0.next (https://www.greencity.cx.ua/chunk-NUXSP4TM.js:7:7687), [2026-03-14T18:25:43.593Z] [SEVERE] https://www.greencity.cx.ua/chunk-NUXSP4TM.js 10:45939 "ERROR" TypeError: Cannot read properties of null (reading 'setValue')
    at n.quillContentChanged (https://www.greencity.cx.ua/chunk-VNNOUBDJ.js:1:16043)
    at https://www.greencity.cx.ua/chunk-VNNOUBDJ.js:1:7223
    at eE (https://www.greencity.cx.ua/chunk-NUXSP4TM.js:11:76097)
    at Object.o [as next] (https://www.greencity.cx.ua/chunk-NUXSP4TM.js:11:76277)
    at bv.next (https://www.greencity.cx.ua/chunk-NUXSP4TM.js:7:3120)
    at Fr._next (https://www.greencity.cx.ua/chunk-NUXSP4TM.js:7:2803)
    at Fr.next (https://www.greencity.cx.ua/chunk-NUXSP4TM.js:7:2530)
    at https://www.greencity.cx.ua/chunk-NUXSP4TM.js:7:7848
    at Ac (https://www.greencity.cx.ua/chunk-NUXSP4TM.js:7:2222)
    at S0.next (https://www.greencity.cx.ua/chunk-NUXSP4TM.js:7:7687), [2026-03-14T18:25:43.593Z] [SEVERE] https://www.greencity.cx.ua/chunk-NUXSP4TM.js 10:45939 "ERROR" TypeError: Cannot read properties of null (reading 'setValue')
    at n.quillContentChanged (https://www.greencity.cx.ua/chunk-VNNOUBDJ.js:1:16043)
    at https://www.greencity.cx.ua/chunk-VNNOUBDJ.js:1:7223
    at eE (https://www.greencity.cx.ua/chunk-NUXSP4TM.js:11:76097)
    at Object.o [as next] (https://www.greencity.cx.ua/chunk-NUXSP4TM.js:11:76277)
    at bv.next (https://www.greencity.cx.ua/chunk-NUXSP4TM.js:7:3120)
    at Fr._next (https://www.greencity.cx.ua/chunk-NUXSP4TM.js:7:2803)
    at Fr.next (https://www.greencity.cx.ua/chunk-NUXSP4TM.js:7:2530)
    at https://www.greencity.cx.ua/chunk-NUXSP4TM.js:7:7848
    at Ac (https://www.greencity.cx.ua/chunk-NUXSP4TM.js:7:2222)
    at S0.next (https://www.greencity.cx.ua/chunk-NUXSP4TM.js:7:7687), [2026-03-14T18:25:43.593Z] [SEVERE] https://www.greencity.cx.ua/chunk-NUXSP4TM.js 10:45939 "ERROR" TypeError: Cannot read properties of null (reading 'setValue')
    at n.quillContentChanged (https://www.greencity.cx.ua/chunk-VNNOUBDJ.js:1:16043)
    at https://www.greencity.cx.ua/chunk-VNNOUBDJ.js:1:7223
    at eE (https://www.greencity.cx.ua/chunk-NUXSP4TM.js:11:76097)
    at Object.o [as next] (https://www.greencity.cx.ua/chunk-NUXSP4TM.js:11:76277)
    at bv.next (https://www.greencity.cx.ua/chunk-NUXSP4TM.js:7:3120)
    at Fr._next (https://www.greencity.cx.ua/chunk-NUXSP4TM.js:7:2803)
    at Fr.next (https://www.greencity.cx.ua/chunk-NUXSP4TM.js:7:2530)
    at https://www.greencity.cx.ua/chunk-NUXSP4TM.js:7:7848
    at Ac (https://www.greencity.cx.ua/chunk-NUXSP4TM.js:7:2222)
    at S0.next (https://www.greencity.cx.ua/chunk-NUXSP4TM.js:7:7687), [2026-03-14T18:25:43.593Z] [SEVERE] https://www.greencity.cx.ua/chunk-NUXSP4TM.js 10:45939 "ERROR" TypeError: Cannot read properties of null (reading 'setValue')
    at n.quillContentChanged (https://www.greencity.cx.ua/chunk-VNNOUBDJ.js:1:16043)
    at https://www.greencity.cx.ua/chunk-VNNOUBDJ.js:1:7223
    at eE (https://www.greencity.cx.ua/chunk-NUXSP4TM.js:11:76097)
    at Object.o [as next] (https://www.greencity.cx.ua/chunk-NUXSP4TM.js:11:76277)
    at bv.next (https://www.greencity.cx.ua/chunk-NUXSP4TM.js:7:3120)
    at Fr._next (https://www.greencity.cx.ua/chunk-NUXSP4TM.js:7:2803)
    at Fr.next (https://www.greencity.cx.ua/chunk-NUXSP4TM.js:7:2530)
    at https://www.greencity.cx.ua/chunk-NUXSP4TM.js:7:7848
    at Ac (https://www.greencity.cx.ua/chunk-NUXSP4TM.js:7:2222)
    at S0.next (https://www.greencity.cx.ua/chunk-NUXSP4TM.js:7:7687), [2026-03-14T18:25:43.593Z] [SEVERE] https://www.greencity.cx.ua/chunk-NUXSP4TM.js 10:45939 "ERROR" TypeError: Cannot read properties of null (reading 'setValue')
    at n.quillContentChanged (https://www.greencity.cx.ua/chunk-VNNOUBDJ.js:1:16043)
    at https://www.greencity.cx.ua/chunk-VNNOUBDJ.js:1:7223
    at eE (https://www.greencity.cx.ua/chunk-NUXSP4TM.js:11:76097)
    at Object.o [as next] (https://www.greencity.cx.ua/chunk-NUXSP4TM.js:11:76277)
    at bv.next (https://www.greencity.cx.ua/chunk-NUXSP4TM.js:7:3120)
    at Fr._next (https://www.greencity.cx.ua/chunk-NUXSP4TM.js:7:2803)
    at Fr.next (https://www.greencity.cx.ua/chunk-NUXSP4TM.js:7:2530)
    at https://www.greencity.cx.ua/chunk-NUXSP4TM.js:7:7848
    at Ac (https://www.greencity.cx.ua/chunk-NUXSP4TM.js:7:2222)
    at S0.next (https://www.greencity.cx.ua/chunk-NUXSP4TM.js:7:7687), [2026-03-14T18:25:43.593Z] [SEVERE] https://www.greencity.cx.ua/chunk-NUXSP4TM.js 10:45939 "ERROR" TypeError: Cannot read properties of null (reading 'setValue')
    at n.quillContentChanged (https://www.greencity.cx.ua/chunk-VNNOUBDJ.js:1:16043)
    at https://www.greencity.cx.ua/chunk-VNNOUBDJ.js:1:7223
    at eE (https://www.greencity.cx.ua/chunk-NUXSP4TM.js:11:76097)
    at Object.o [as next] (https://www.greencity.cx.ua/chunk-NUXSP4TM.js:11:76277)
    at bv.next (https://www.greencity.cx.ua/chunk-NUXSP4TM.js:7:3120)
    at Fr._next (https://www.greencity.cx.ua/chunk-NUXSP4TM.js:7:2803)
    at Fr.next (https://www.greencity.cx.ua/chunk-NUXSP4TM.js:7:2530)
    at https://www.greencity.cx.ua/chunk-NUXSP4TM.js:7:7848
    at Ac (https://www.greencity.cx.ua/chunk-NUXSP4TM.js:7:2222)
    at S0.next (https://www.greencity.cx.ua/chunk-NUXSP4TM.js:7:7687), [2026-03-14T18:25:43.593Z] [SEVERE] https://www.greencity.cx.ua/chunk-NUXSP4TM.js 10:45939 "ERROR" TypeError: Cannot read properties of null (reading 'setValue')
    at n.quillContentChanged (https://www.greencity.cx.ua/chunk-VNNOUBDJ.js:1:16043)
    at https://www.greencity.cx.ua/chunk-VNNOUBDJ.js:1:7223
    at eE (https://www.greencity.cx.ua/chunk-NUXSP4TM.js:11:76097)
    at Object.o [as next] (https://www.greencity.cx.ua/chunk-NUXSP4TM.js:11:76277)
    at bv.next (https://www.greencity.cx.ua/chunk-NUXSP4TM.js:7:3120)
    at Fr._next (https://www.greencity.cx.ua/chunk-NUXSP4TM.js:7:2803)
    at Fr.next (https://www.greencity.cx.ua/chunk-NUXSP4TM.js:7:2530)
    at https://www.greencity.cx.ua/chunk-NUXSP4TM.js:7:7848
    at Ac (https://www.greencity.cx.ua/chunk-NUXSP4TM.js:7:2222)
    at S0.next (https://www.greencity.cx.ua/chunk-NUXSP4TM.js:7:7687), [2026-03-14T18:25:43.593Z] [SEVERE] https://www.greencity.cx.ua/chunk-NUXSP4TM.js 10:45939 "ERROR" TypeError: Cannot read properties of null (reading 'setValue')
    at n.quillContentChanged (https://www.greencity.cx.ua/chunk-VNNOUBDJ.js:1:16043)
    at https://www.greencity.cx.ua/chunk-VNNOUBDJ.js:1:7223
    at eE (https://www.greencity.cx.ua/chunk-NUXSP4TM.js:11:76097)
    at Object.o [as next] (https://www.greencity.cx.ua/chunk-NUXSP4TM.js:11:76277)
    at bv.next (https://www.greencity.cx.ua/chunk-NUXSP4TM.js:7:3120)
    at Fr._next (https://www.greencity.cx.ua/chunk-NUXSP4TM.js:7:2803)
    at Fr.next (https://www.greencity.cx.ua/chunk-NUXSP4TM.js:7:2530)
    at https://www.greencity.cx.ua/chunk-NUXSP4TM.js:7:7848
    at Ac (https://www.greencity.cx.ua/chunk-NUXSP4TM.js:7:2222)
    at S0.next (https://www.greencity.cx.ua/chunk-NUXSP4TM.js:7:7687), [2026-03-14T18:25:43.593Z] [SEVERE] https://www.greencity.cx.ua/chunk-NUXSP4TM.js 10:45939 "ERROR" TypeError: Cannot read properties of null (reading 'setValue')
    at n.quillContentChanged (https://www.greencity.cx.ua/chunk-VNNOUBDJ.js:1:16043)
    at https://www.greencity.cx.ua/chunk-VNNOUBDJ.js:1:7223
    at eE (https://www.greencity.cx.ua/chunk-NUXSP4TM.js:11:76097)
    at Object.o [as next] (https://www.greencity.cx.ua/chunk-NUXSP4TM.js:11:76277)
    at bv.next (https://www.greencity.cx.ua/chunk-NUXSP4TM.js:7:3120)
    at Fr._next (https://www.greencity.cx.ua/chunk-NUXSP4TM.js:7:2803)
    at Fr.next (https://www.greencity.cx.ua/chunk-NUXSP4TM.js:7:2530)
    at https://www.greencity.cx.ua/chunk-NUXSP4TM.js:7:7848
    at Ac (https://www.greencity.cx.ua/chunk-NUXSP4TM.js:7:2222)
    at S0.next (https://www.greencity.cx.ua/chunk-NUXSP4TM.js:7:7687), [2026-03-14T18:25:43.593Z] [SEVERE] https://www.greencity.cx.ua/chunk-NUXSP4TM.js 10:45939 "ERROR" TypeError: Cannot read properties of null (reading 'setValue')
    at n.quillContentChanged (https://www.greencity.cx.ua/chunk-VNNOUBDJ.js:1:16043)
    at https://www.greencity.cx.ua/chunk-VNNOUBDJ.js:1:7223
    at eE (https://www.greencity.cx.ua/chunk-NUXSP4TM.js:11:76097)
    at Object.o [as next] (https://www.greencity.cx.ua/chunk-NUXSP4TM.js:11:76277)
    at bv.next (https://www.greencity.cx.ua/chunk-NUXSP4TM.js:7:3120)
    at Fr._next (https://www.greencity.cx.ua/chunk-NUXSP4TM.js:7:2803)
    at Fr.next (https://www.greencity.cx.ua/chunk-NUXSP4TM.js:7:2530)
    at https://www.greencity.cx.ua/chunk-NUXSP4TM.js:7:7848
    at Ac (https://www.greencity.cx.ua/chunk-NUXSP4TM.js:7:2222)
    at S0.next (https://www.greencity.cx.ua/chunk-NUXSP4TM.js:7:7687), [2026-03-14T18:25:43.594Z] [SEVERE] https://www.greencity.cx.ua/chunk-NUXSP4TM.js 10:45939 "ERROR" TypeError: Cannot read properties of null (reading 'setValue')
    at n.quillContentChanged (https://www.greencity.cx.ua/chunk-VNNOUBDJ.js:1:16043)
    at https://www.greencity.cx.ua/chunk-VNNOUBDJ.js:1:7223
    at eE (https://www.greencity.cx.ua/chunk-NUXSP4TM.js:11:76097)
    at Object.o [as next] (https://www.greencity.cx.ua/chunk-NUXSP4TM.js:11:76277)
    at bv.next (https://www.greencity.cx.ua/chunk-NUXSP4TM.js:7:3120)
    at Fr._next (https://www.greencity.cx.ua/chunk-NUXSP4TM.js:7:2803)
    at Fr.next (https://www.greencity.cx.ua/chunk-NUXSP4TM.js:7:2530)
    at https://www.greencity.cx.ua/chunk-NUXSP4TM.js:7:7848
    at Ac (https://www.greencity.cx.ua/chunk-NUXSP4TM.js:7:2222)
    at S0.next (https://www.greencity.cx.ua/chunk-NUXSP4TM.js:7:7687), [2026-03-14T18:25:43.594Z] [SEVERE] https://www.greencity.cx.ua/chunk-NUXSP4TM.js 10:45939 "ERROR" TypeError: Cannot read properties of null (reading 'setValue')
    at n.quillContentChanged (https://www.greencity.cx.ua/chunk-VNNOUBDJ.js:1:16043)
    at https://www.greencity.cx.ua/chunk-VNNOUBDJ.js:1:7223
    at eE (https://www.greencity.cx.ua/chunk-NUXSP4TM.js:11:76097)
    at Object.o [as next] (https://www.greencity.cx.ua/chunk-NUXSP4TM.js:11:76277)
    at bv.next (https://www.greencity.cx.ua/chunk-NUXSP4TM.js:7:3120)
    at Fr._next (https://www.greencity.cx.ua/chunk-NUXSP4TM.js:7:2803)
    at Fr.next (https://www.greencity.cx.ua/chunk-NUXSP4TM.js:7:2530)
    at https://www.greencity.cx.ua/chunk-NUXSP4TM.js:7:7848
    at Ac (https://www.greencity.cx.ua/chunk-NUXSP4TM.js:7:2222)
    at S0.next (https://www.greencity.cx.ua/chunk-NUXSP4TM.js:7:7687), [2026-03-14T18:25:43.594Z] [SEVERE] https://www.greencity.cx.ua/chunk-NUXSP4TM.js 10:45939 "ERROR" TypeError: Cannot read properties of null (reading 'setValue')
    at n.quillContentChanged (https://www.greencity.cx.ua/chunk-VNNOUBDJ.js:1:16043)
    at https://www.greencity.cx.ua/chunk-VNNOUBDJ.js:1:7223
    at eE (https://www.greencity.cx.ua/chunk-NUXSP4TM.js:11:76097)
    at Object.o [as next] (https://www.greencity.cx.ua/chunk-NUXSP4TM.js:11:76277)
    at bv.next (https://www.greencity.cx.ua/chunk-NUXSP4TM.js:7:3120)
    at Fr._next (https://www.greencity.cx.ua/chunk-NUXSP4TM.js:7:2803)
    at Fr.next (https://www.greencity.cx.ua/chunk-NUXSP4TM.js:7:2530)
    at https://www.greencity.cx.ua/chunk-NUXSP4TM.js:7:7848
    at Ac (https://www.greencity.cx.ua/chunk-NUXSP4TM.js:7:2222)
    at S0.next (https://www.greencity.cx.ua/chunk-NUXSP4TM.js:7:7687), [2026-03-14T18:25:43.594Z] [SEVERE] https://www.greencity.cx.ua/chunk-NUXSP4TM.js 10:45939 "ERROR" TypeError: Cannot read properties of null (reading 'setValue')
    at n.quillContentChanged (https://www.greencity.cx.ua/chunk-VNNOUBDJ.js:1:16043)
    at https://www.greencity.cx.ua/chunk-VNNOUBDJ.js:1:7223
    at eE (https://www.greencity.cx.ua/chunk-NUXSP4TM.js:11:76097)
    at Object.o [as next] (https://www.greencity.cx.ua/chunk-NUXSP4TM.js:11:76277)
    at bv.next (https://www.greencity.cx.ua/chunk-NUXSP4TM.js:7:3120)
    at Fr._next (https://www.greencity.cx.ua/chunk-NUXSP4TM.js:7:2803)
    at Fr.next (https://www.greencity.cx.ua/chunk-NUXSP4TM.js:7:2530)
    at https://www.greencity.cx.ua/chunk-NUXSP4TM.js:7:7848
    at Ac (https://www.greencity.cx.ua/chunk-NUXSP4TM.js:7:2222)
    at S0.next (https://www.greencity.cx.ua/chunk-NUXSP4TM.js:7:7687), [2026-03-14T18:25:43.594Z] [SEVERE] https://www.greencity.cx.ua/chunk-NUXSP4TM.js 10:45939 "ERROR" TypeError: Cannot read properties of null (reading 'setValue')
    at n.quillContentChanged (https://www.greencity.cx.ua/chunk-VNNOUBDJ.js:1:16043)
    at https://www.greencity.cx.ua/chunk-VNNOUBDJ.js:1:7223
    at eE (https://www.greencity.cx.ua/chunk-NUXSP4TM.js:11:76097)
    at Object.o [as next] (https://www.greencity.cx.ua/chunk-NUXSP4TM.js:11:76277)
    at bv.next (https://www.greencity.cx.ua/chunk-NUXSP4TM.js:7:3120)
    at Fr._next (https://www.greencity.cx.ua/chunk-NUXSP4TM.js:7:2803)
    at Fr.next (https://www.greencity.cx.ua/chunk-NUXSP4TM.js:7:2530)
    at https://www.greencity.cx.ua/chunk-NUXSP4TM.js:7:7848
    at Ac (https://www.greencity.cx.ua/chunk-NUXSP4TM.js:7:2222)
    at S0.next (https://www.greencity.cx.ua/chunk-NUXSP4TM.js:7:7687), [2026-03-14T18:25:43.594Z] [SEVERE] https://www.greencity.cx.ua/chunk-NUXSP4TM.js 10:45939 "ERROR" TypeError: Cannot read properties of null (reading 'setValue')
    at n.quillContentChanged (https://www.greencity.cx.ua/chunk-VNNOUBDJ.js:1:16043)
    at https://www.greencity.cx.ua/chunk-VNNOUBDJ.js:1:7223
    at eE (https://www.greencity.cx.ua/chunk-NUXSP4TM.js:11:76097)
    at Object.o [as next] (https://www.greencity.cx.ua/chunk-NUXSP4TM.js:11:76277)
    at bv.next (https://www.greencity.cx.ua/chunk-NUXSP4TM.js:7:3120)
    at Fr._next (https://www.greencity.cx.ua/chunk-NUXSP4TM.js:7:2803)
    at Fr.next (https://www.greencity.cx.ua/chunk-NUXSP4TM.js:7:2530)
    at https://www.greencity.cx.ua/chunk-NUXSP4TM.js:7:7848
    at Ac (https://www.greencity.cx.ua/chunk-NUXSP4TM.js:7:2222)
    at S0.next (https://www.greencity.cx.ua/chunk-NUXSP4TM.js:7:7687), [2026-03-14T18:25:43.594Z] [SEVERE] https://www.greencity.cx.ua/chunk-NUXSP4TM.js 10:45939 "ERROR" TypeError: Cannot read properties of null (reading 'setValue')
    at n.quillContentChanged (https://www.greencity.cx.ua/chunk-VNNOUBDJ.js:1:16043)
    at https://www.greencity.cx.ua/chunk-VNNOUBDJ.js:1:7223
    at eE (https://www.greencity.cx.ua/chunk-NUXSP4TM.js:11:76097)
    at Object.o [as next] (https://www.greencity.cx.ua/chunk-NUXSP4TM.js:11:76277)
    at bv.next (https://www.greencity.cx.ua/chunk-NUXSP4TM.js:7:3120)
    at Fr._next (https://www.greencity.cx.ua/chunk-NUXSP4TM.js:7:2803)
    at Fr.next (https://www.greencity.cx.ua/chunk-NUXSP4TM.js:7:2530)
    at https://www.greencity.cx.ua/chunk-NUXSP4TM.js:7:7848
    at Ac (https://www.greencity.cx.ua/chunk-NUXSP4TM.js:7:2222)
    at S0.next (https://www.greencity.cx.ua/chunk-NUXSP4TM.js:7:7687), [2026-03-14T18:25:43.594Z] [SEVERE] https://www.greencity.cx.ua/chunk-NUXSP4TM.js 10:45939 "ERROR" TypeError: Cannot read properties of null (reading 'setValue')
    at n.quillContentChanged (https://www.greencity.cx.ua/chunk-VNNOUBDJ.js:1:16043)
    at https://www.greencity.cx.ua/chunk-VNNOUBDJ.js:1:7223
    at eE (https://www.greencity.cx.ua/chunk-NUXSP4TM.js:11:76097)
    at Object.o [as next] (https://www.greencity.cx.ua/chunk-NUXSP4TM.js:11:76277)
    at bv.next (https://www.greencity.cx.ua/chunk-NUXSP4TM.js:7:3120)
    at Fr._next (https://www.greencity.cx.ua/chunk-NUXSP4TM.js:7:2803)
    at Fr.next (https://www.greencity.cx.ua/chunk-NUXSP4TM.js:7:2530)
    at https://www.greencity.cx.ua/chunk-NUXSP4TM.js:7:7848
    at Ac (https://www.greencity.cx.ua/chunk-NUXSP4TM.js:7:2222)
    at S0.next (https://www.greencity.cx.ua/chunk-NUXSP4TM.js:7:7687), [2026-03-14T18:25:43.594Z] [SEVERE] https://www.greencity.cx.ua/chunk-NUXSP4TM.js 10:45939 "ERROR" TypeError: Cannot read properties of null (reading 'setValue')
    at n.quillContentChanged (https://www.greencity.cx.ua/chunk-VNNOUBDJ.js:1:16043)
    at https://www.greencity.cx.ua/chunk-VNNOUBDJ.js:1:7223
    at eE (https://www.greencity.cx.ua/chunk-NUXSP4TM.js:11:76097)
    at Object.o [as next] (https://www.greencity.cx.ua/chunk-NUXSP4TM.js:11:76277)
    at bv.next (https://www.greencity.cx.ua/chunk-NUXSP4TM.js:7:3120)
    at Fr._next (https://www.greencity.cx.ua/chunk-NUXSP4TM.js:7:2803)
    at Fr.next (https://www.greencity.cx.ua/chunk-NUXSP4TM.js:7:2530)
    at https://www.greencity.cx.ua/chunk-NUXSP4TM.js:7:7848
    at Ac (https://www.greencity.cx.ua/chunk-NUXSP4TM.js:7:2222)
    at S0.next (https://www.greencity.cx.ua/chunk-NUXSP4TM.js:7:7687), [2026-03-14T18:25:43.594Z] [SEVERE] https://www.greencity.cx.ua/chunk-NUXSP4TM.js 10:45939 "ERROR" TypeError: Cannot read properties of null (reading 'setValue')
    at n.quillContentChanged (https://www.greencity.cx.ua/chunk-VNNOUBDJ.js:1:16043)
    at https://www.greencity.cx.ua/chunk-VNNOUBDJ.js:1:7223
    at eE (https://www.greencity.cx.ua/chunk-NUXSP4TM.js:11:76097)
    at Object.o [as next] (https://www.greencity.cx.ua/chunk-NUXSP4TM.js:11:76277)
    at bv.next (https://www.greencity.cx.ua/chunk-NUXSP4TM.js:7:3120)
    at Fr._next (https://www.greencity.cx.ua/chunk-NUXSP4TM.js:7:2803)
    at Fr.next (https://www.greencity.cx.ua/chunk-NUXSP4TM.js:7:2530)
    at https://www.greencity.cx.ua/chunk-NUXSP4TM.js:7:7848
    at Ac (https://www.greencity.cx.ua/chunk-NUXSP4TM.js:7:2222)
    at S0.next (https://www.greencity.cx.ua/chunk-NUXSP4TM.js:7:7687), [2026-03-14T18:25:43.594Z] [SEVERE] https://www.greencity.cx.ua/chunk-NUXSP4TM.js 10:45939 "ERROR" TypeError: Cannot read properties of null (reading 'setValue')
    at n.quillContentChanged (https://www.greencity.cx.ua/chunk-VNNOUBDJ.js:1:16043)
    at https://www.greencity.cx.ua/chunk-VNNOUBDJ.js:1:7223
    at eE (https://www.greencity.cx.ua/chunk-NUXSP4TM.js:11:76097)
    at Object.o [as next] (https://www.greencity.cx.ua/chunk-NUXSP4TM.js:11:76277)
    at bv.next (https://www.greencity.cx.ua/chunk-NUXSP4TM.js:7:3120)
    at Fr._next (https://www.greencity.cx.ua/chunk-NUXSP4TM.js:7:2803)
    at Fr.next (https://www.greencity.cx.ua/chunk-NUXSP4TM.js:7:2530)
    at https://www.greencity.cx.ua/chunk-NUXSP4TM.js:7:7848
    at Ac (https://www.greencity.cx.ua/chunk-NUXSP4TM.js:7:2222)
    at S0.next (https://www.greencity.cx.ua/chunk-NUXSP4TM.js:7:7687), [2026-03-14T18:25:43.594Z] [SEVERE] https://www.greencity.cx.ua/chunk-NUXSP4TM.js 10:45939 "ERROR" TypeError: Cannot read properties of null (reading 'setValue')
    at n.quillContentChanged (https://www.greencity.cx.ua/chunk-VNNOUBDJ.js:1:16043)
    at https://www.greencity.cx.ua/chunk-VNNOUBDJ.js:1:7223
    at eE (https://www.greencity.cx.ua/chunk-NUXSP4TM.js:11:76097)
    at Object.o [as next] (https://www.greencity.cx.ua/chunk-NUXSP4TM.js:11:76277)
    at bv.next (https://www.greencity.cx.ua/chunk-NUXSP4TM.js:7:3120)
    at Fr._next (https://www.greencity.cx.ua/chunk-NUXSP4TM.js:7:2803)
    at Fr.next (https://www.greencity.cx.ua/chunk-NUXSP4TM.js:7:2530)
    at https://www.greencity.cx.ua/chunk-NUXSP4TM.js:7:7848
    at Ac (https://www.greencity.cx.ua/chunk-NUXSP4TM.js:7:2222)
    at S0.next (https://www.greencity.cx.ua/chunk-NUXSP4TM.js:7:7687), [2026-03-14T18:25:43.594Z] [SEVERE] https://www.greencity.cx.ua/chunk-NUXSP4TM.js 10:45939 "ERROR" TypeError: Cannot read properties of null (reading 'setValue')
    at n.quillContentChanged (https://www.greencity.cx.ua/chunk-VNNOUBDJ.js:1:16043)
    at https://www.greencity.cx.ua/chunk-VNNOUBDJ.js:1:7223
    at eE (https://www.greencity.cx.ua/chunk-NUXSP4TM.js:11:76097)
    at Object.o [as next] (https://www.greencity.cx.ua/chunk-NUXSP4TM.js:11:76277)
    at bv.next (https://www.greencity.cx.ua/chunk-NUXSP4TM.js:7:3120)
    at Fr._next (https://www.greencity.cx.ua/chunk-NUXSP4TM.js:7:2803)
    at Fr.next (https://www.greencity.cx.ua/chunk-NUXSP4TM.js:7:2530)
    at https://www.greencity.cx.ua/chunk-NUXSP4TM.js:7:7848
    at Ac (https://www.greencity.cx.ua/chunk-NUXSP4TM.js:7:2222)
    at S0.next (https://www.greencity.cx.ua/chunk-NUXSP4TM.js:7:7687), [2026-03-14T18:25:43.595Z] [SEVERE] https://www.greencity.cx.ua/chunk-NUXSP4TM.js 10:45939 "ERROR" TypeError: Cannot read properties of null (reading 'setValue')
    at n.quillContentChanged (https://www.greencity.cx.ua/chunk-VNNOUBDJ.js:1:16043)
    at https://www.greencity.cx.ua/chunk-VNNOUBDJ.js:1:7223
    at eE (https://www.greencity.cx.ua/chunk-NUXSP4TM.js:11:76097)
    at Object.o [as next] (https://www.greencity.cx.ua/chunk-NUXSP4TM.js:11:76277)
    at bv.next (https://www.greencity.cx.ua/chunk-NUXSP4TM.js:7:3120)
    at Fr._next (https://www.greencity.cx.ua/chunk-NUXSP4TM.js:7:2803)
    at Fr.next (https://www.greencity.cx.ua/chunk-NUXSP4TM.js:7:2530)
    at https://www.greencity.cx.ua/chunk-NUXSP4TM.js:7:7848
    at Ac (https://www.greencity.cx.ua/chunk-NUXSP4TM.js:7:2222)
    at S0.next (https://www.greencity.cx.ua/chunk-NUXSP4TM.js:7:7687), [2026-03-14T18:25:43.595Z] [SEVERE] https://www.greencity.cx.ua/chunk-NUXSP4TM.js 10:45939 "ERROR" TypeError: Cannot read properties of null (reading 'setValue')
    at n.quillContentChanged (https://www.greencity.cx.ua/chunk-VNNOUBDJ.js:1:16043)
    at https://www.greencity.cx.ua/chunk-VNNOUBDJ.js:1:7223
    at eE (https://www.greencity.cx.ua/chunk-NUXSP4TM.js:11:76097)
    at Object.o [as next] (https://www.greencity.cx.ua/chunk-NUXSP4TM.js:11:76277)
    at bv.next (https://www.greencity.cx.ua/chunk-NUXSP4TM.js:7:3120)
    at Fr._next (https://www.greencity.cx.ua/chunk-NUXSP4TM.js:7:2803)
    at Fr.next (https://www.greencity.cx.ua/chunk-NUXSP4TM.js:7:2530)
    at https://www.greencity.cx.ua/chunk-NUXSP4TM.js:7:7848
    at Ac (https://www.greencity.cx.ua/chunk-NUXSP4TM.js:7:2222)
    at S0.next (https://www.greencity.cx.ua/chunk-NUXSP4TM.js:7:7687), [2026-03-14T18:25:43.595Z] [SEVERE] https://www.greencity.cx.ua/chunk-NUXSP4TM.js 10:45939 "ERROR" TypeError: Cannot read properties of null (reading 'setValue')
    at n.quillContentChanged (https://www.greencity.cx.ua/chunk-VNNOUBDJ.js:1:16043)
    at https://www.greencity.cx.ua/chunk-VNNOUBDJ.js:1:7223
    at eE (https://www.greencity.cx.ua/chunk-NUXSP4TM.js:11:76097)
    at Object.o [as next] (https://www.greencity.cx.ua/chunk-NUXSP4TM.js:11:76277)
    at bv.next (https://www.greencity.cx.ua/chunk-NUXSP4TM.js:7:3120)
    at Fr._next (https://www.greencity.cx.ua/chunk-NUXSP4TM.js:7:2803)
    at Fr.next (https://www.greencity.cx.ua/chunk-NUXSP4TM.js:7:2530)
    at https://www.greencity.cx.ua/chunk-NUXSP4TM.js:7:7848
    at Ac (https://www.greencity.cx.ua/chunk-NUXSP4TM.js:7:2222)
    at S0.next (https://www.greencity.cx.ua/chunk-NUXSP4TM.js:7:7687), [2026-03-14T18:25:43.595Z] [SEVERE] https://www.greencity.cx.ua/chunk-NUXSP4TM.js 10:45939 "ERROR" TypeError: Cannot read properties of null (reading 'setValue')
    at n.quillContentChanged (https://www.greencity.cx.ua/chunk-VNNOUBDJ.js:1:16043)
    at https://www.greencity.cx.ua/chunk-VNNOUBDJ.js:1:7223
    at eE (https://www.greencity.cx.ua/chunk-NUXSP4TM.js:11:76097)
    at Object.o [as next] (https://www.greencity.cx.ua/chunk-NUXSP4TM.js:11:76277)
    at bv.next (https://www.greencity.cx.ua/chunk-NUXSP4TM.js:7:3120)
    at Fr._next (https://www.greencity.cx.ua/chunk-NUXSP4TM.js:7:2803)
    at Fr.next (https://www.greencity.cx.ua/chunk-NUXSP4TM.js:7:2530)
    at https://www.greencity.cx.ua/chunk-NUXSP4TM.js:7:7848
    at Ac (https://www.greencity.cx.ua/chunk-NUXSP4TM.js:7:2222)
    at S0.next (https://www.greencity.cx.ua/chunk-NUXSP4TM.js:7:7687), [2026-03-14T18:25:43.595Z] [SEVERE] https://www.greencity.cx.ua/chunk-NUXSP4TM.js 10:45939 "ERROR" TypeError: Cannot read properties of null (reading 'setValue')
    at n.quillContentChanged (https://www.greencity.cx.ua/chunk-VNNOUBDJ.js:1:16043)
    at https://www.greencity.cx.ua/chunk-VNNOUBDJ.js:1:7223
    at eE (https://www.greencity.cx.ua/chunk-NUXSP4TM.js:11:76097)
    at Object.o [as next] (https://www.greencity.cx.ua/chunk-NUXSP4TM.js:11:76277)
    at bv.next (https://www.greencity.cx.ua/chunk-NUXSP4TM.js:7:3120)
    at Fr._next (https://www.greencity.cx.ua/chunk-NUXSP4TM.js:7:2803)
    at Fr.next (https://www.greencity.cx.ua/chunk-NUXSP4TM.js:7:2530)
    at https://www.greencity.cx.ua/chunk-NUXSP4TM.js:7:7848
    at Ac (https://www.greencity.cx.ua/chunk-NUXSP4TM.js:7:2222)
    at S0.next (https://www.greencity.cx.ua/chunk-NUXSP4TM.js:7:7687), [2026-03-14T18:25:43.595Z] [SEVERE] https://www.greencity.cx.ua/chunk-NUXSP4TM.js 10:45939 "ERROR" TypeError: Cannot read properties of null (reading 'setValue')
    at n.quillContentChanged (https://www.greencity.cx.ua/chunk-VNNOUBDJ.js:1:16043)
    at https://www.greencity.cx.ua/chunk-VNNOUBDJ.js:1:7223
    at eE (https://www.greencity.cx.ua/chunk-NUXSP4TM.js:11:76097)
    at Object.o [as next] (https://www.greencity.cx.ua/chunk-NUXSP4TM.js:11:76277)
    at bv.next (https://www.greencity.cx.ua/chunk-NUXSP4TM.js:7:3120)
    at Fr._next (https://www.greencity.cx.ua/chunk-NUXSP4TM.js:7:2803)
    at Fr.next (https://www.greencity.cx.ua/chunk-NUXSP4TM.js:7:2530)
    at https://www.greencity.cx.ua/chunk-NUXSP4TM.js:7:7848
    at Ac (https://www.greencity.cx.ua/chunk-NUXSP4TM.js:7:2222)
    at S0.next (https://www.greencity.cx.ua/chunk-NUXSP4TM.js:7:7687), [2026-03-14T18:25:43.595Z] [SEVERE] https://www.greencity.cx.ua/chunk-NUXSP4TM.js 10:45939 "ERROR" TypeError: Cannot read properties of null (reading 'setValue')
    at n.quillContentChanged (https://www.greencity.cx.ua/chunk-VNNOUBDJ.js:1:16043)
    at https://www.greencity.cx.ua/chunk-VNNOUBDJ.js:1:7223
    at eE (https://www.greencity.cx.ua/chunk-NUXSP4TM.js:11:76097)
    at Object.o [as next] (https://www.greencity.cx.ua/chunk-NUXSP4TM.js:11:76277)
    at bv.next (https://www.greencity.cx.ua/chunk-NUXSP4TM.js:7:3120)
    at Fr._next (https://www.greencity.cx.ua/chunk-NUXSP4TM.js:7:2803)
    at Fr.next (https://www.greencity.cx.ua/chunk-NUXSP4TM.js:7:2530)
    at https://www.greencity.cx.ua/chunk-NUXSP4TM.js:7:7848
    at Ac (https://www.greencity.cx.ua/chunk-NUXSP4TM.js:7:2222)
    at S0.next (https://www.greencity.cx.ua/chunk-NUXSP4TM.js:7:7687), [2026-03-14T18:25:43.595Z] [SEVERE] https://www.greencity.cx.ua/chunk-NUXSP4TM.js 10:45939 "ERROR" TypeError: Cannot read properties of null (reading 'setValue')
    at n.quillContentChanged (https://www.greencity.cx.ua/chunk-VNNOUBDJ.js:1:16043)
    at https://www.greencity.cx.ua/chunk-VNNOUBDJ.js:1:7223
    at eE (https://www.greencity.cx.ua/chunk-NUXSP4TM.js:11:76097)
    at Object.o [as next] (https://www.greencity.cx.ua/chunk-NUXSP4TM.js:11:76277)
    at bv.next (https://www.greencity.cx.ua/chunk-NUXSP4TM.js:7:3120)
    at Fr._next (https://www.greencity.cx.ua/chunk-NUXSP4TM.js:7:2803)
    at Fr.next (https://www.greencity.cx.ua/chunk-NUXSP4TM.js:7:2530)
    at https://www.greencity.cx.ua/chunk-NUXSP4TM.js:7:7848
    at Ac (https://www.greencity.cx.ua/chunk-NUXSP4TM.js:7:2222)
    at S0.next (https://www.greencity.cx.ua/chunk-NUXSP4TM.js:7:7687), [2026-03-14T18:25:43.595Z] [SEVERE] https://www.greencity.cx.ua/chunk-NUXSP4TM.js 10:45939 "ERROR" TypeError: Cannot read properties of null (reading 'setValue')
    at n.quillContentChanged (https://www.greencity.cx.ua/chunk-VNNOUBDJ.js:1:16043)
    at https://www.greencity.cx.ua/chunk-VNNOUBDJ.js:1:7223
    at eE (https://www.greencity.cx.ua/chunk-NUXSP4TM.js:11:76097)
    at Object.o [as next] (https://www.greencity.cx.ua/chunk-NUXSP4TM.js:11:76277)
    at bv.next (https://www.greencity.cx.ua/chunk-NUXSP4TM.js:7:3120)
    at Fr._next (https://www.greencity.cx.ua/chunk-NUXSP4TM.js:7:2803)
    at Fr.next (https://www.greencity.cx.ua/chunk-NUXSP4TM.js:7:2530)
    at https://www.greencity.cx.ua/chunk-NUXSP4TM.js:7:7848
    at Ac (https://www.greencity.cx.ua/chunk-NUXSP4TM.js:7:2222)
    at S0.next (https://www.greencity.cx.ua/chunk-NUXSP4TM.js:7:7687), [2026-03-14T18:25:43.595Z] [SEVERE] https://www.greencity.cx.ua/chunk-NUXSP4TM.js 10:45939 "ERROR" TypeError: Cannot read properties of null (reading 'setValue')
    at n.quillContentChanged (https://www.greencity.cx.ua/chunk-VNNOUBDJ.js:1:16043)
    at https://www.greencity.cx.ua/chunk-VNNOUBDJ.js:1:7223
    at eE (https://www.greencity.cx.ua/chunk-NUXSP4TM.js:11:76097)
    at Object.o [as next] (https://www.greencity.cx.ua/chunk-NUXSP4TM.js:11:76277)
    at bv.next (https://www.greencity.cx.ua/chunk-NUXSP4TM.js:7:3120)
    at Fr._next (https://www.greencity.cx.ua/chunk-NUXSP4TM.js:7:2803)
    at Fr.next (https://www.greencity.cx.ua/chunk-NUXSP4TM.js:7:2530)
    at https://www.greencity.cx.ua/chunk-NUXSP4TM.js:7:7848
    at Ac (https://www.greencity.cx.ua/chunk-NUXSP4TM.js:7:2222)
    at S0.next (https://www.greencity.cx.ua/chunk-NUXSP4TM.js:7:7687), [2026-03-14T18:25:43.596Z] [SEVERE] https://www.greencity.cx.ua/chunk-NUXSP4TM.js 10:45939 "ERROR" TypeError: Cannot read properties of null (reading 'setValue')
    at n.quillContentChanged (https://www.greencity.cx.ua/chunk-VNNOUBDJ.js:1:16043)
    at https://www.greencity.cx.ua/chunk-VNNOUBDJ.js:1:7223
    at eE (https://www.greencity.cx.ua/chunk-NUXSP4TM.js:11:76097)
    at Object.o [as next] (https://www.greencity.cx.ua/chunk-NUXSP4TM.js:11:76277)
    at bv.next (https://www.greencity.cx.ua/chunk-NUXSP4TM.js:7:3120)
    at Fr._next (https://www.greencity.cx.ua/chunk-NUXSP4TM.js:7:2803)
    at Fr.next (https://www.greencity.cx.ua/chunk-NUXSP4TM.js:7:2530)
    at https://www.greencity.cx.ua/chunk-NUXSP4TM.js:7:7848
    at Ac (https://www.greencity.cx.ua/chunk-NUXSP4TM.js:7:2222)
    at S0.next (https://www.greencity.cx.ua/chunk-NUXSP4TM.js:7:7687), [2026-03-14T18:25:43.596Z] [SEVERE] https://www.greencity.cx.ua/chunk-NUXSP4TM.js 10:45939 "ERROR" TypeError: Cannot read properties of null (reading 'setValue')
    at n.quillContentChanged (https://www.greencity.cx.ua/chunk-VNNOUBDJ.js:1:16043)
    at https://www.greencity.cx.ua/chunk-VNNOUBDJ.js:1:7223
    at eE (https://www.greencity.cx.ua/chunk-NUXSP4TM.js:11:76097)
    at Object.o [as next] (https://www.greencity.cx.ua/chunk-NUXSP4TM.js:11:76277)
    at bv.next (https://www.greencity.cx.ua/chunk-NUXSP4TM.js:7:3120)
    at Fr._next (https://www.greencity.cx.ua/chunk-NUXSP4TM.js:7:2803)
    at Fr.next (https://www.greencity.cx.ua/chunk-NUXSP4TM.js:7:2530)
    at https://www.greencity.cx.ua/chunk-NUXSP4TM.js:7:7848
    at Ac (https://www.greencity.cx.ua/chunk-NUXSP4TM.js:7:2222)
    at S0.next (https://www.greencity.cx.ua/chunk-NUXSP4TM.js:7:7687), [2026-03-14T18:25:43.596Z] [SEVERE] https://www.greencity.cx.ua/chunk-NUXSP4TM.js 10:45939 "ERROR" TypeError: Cannot read properties of null (reading 'setValue')
    at n.quillContentChanged (https://www.greencity.cx.ua/chunk-VNNOUBDJ.js:1:16043)
    at https://www.greencity.cx.ua/chunk-VNNOUBDJ.js:1:7223
    at eE (https://www.greencity.cx.ua/chunk-NUXSP4TM.js:11:76097)
    at Object.o [as next] (https://www.greencity.cx.ua/chunk-NUXSP4TM.js:11:76277)
    at bv.next (https://www.greencity.cx.ua/chunk-NUXSP4TM.js:7:3120)
    at Fr._next (https://www.greencity.cx.ua/chunk-NUXSP4TM.js:7:2803)
    at Fr.next (https://www.greencity.cx.ua/chunk-NUXSP4TM.js:7:2530)
    at https://www.greencity.cx.ua/chunk-NUXSP4TM.js:7:7848
    at Ac (https://www.greencity.cx.ua/chunk-NUXSP4TM.js:7:2222)
    at S0.next (https://www.greencity.cx.ua/chunk-NUXSP4TM.js:7:7687), [2026-03-14T18:25:43.596Z] [SEVERE] https://www.greencity.cx.ua/chunk-NUXSP4TM.js 10:45939 "ERROR" TypeError: Cannot read properties of null (reading 'setValue')
    at n.quillContentChanged (https://www.greencity.cx.ua/chunk-VNNOUBDJ.js:1:16043)
    at https://www.greencity.cx.ua/chunk-VNNOUBDJ.js:1:7223
    at eE (https://www.greencity.cx.ua/chunk-NUXSP4TM.js:11:76097)
    at Object.o [as next] (https://www.greencity.cx.ua/chunk-NUXSP4TM.js:11:76277)
    at bv.next (https://www.greencity.cx.ua/chunk-NUXSP4TM.js:7:3120)
    at Fr._next (https://www.greencity.cx.ua/chunk-NUXSP4TM.js:7:2803)
    at Fr.next (https://www.greencity.cx.ua/chunk-NUXSP4TM.js:7:2530)
    at https://www.greencity.cx.ua/chunk-NUXSP4TM.js:7:7848
    at Ac (https://www.greencity.cx.ua/chunk-NUXSP4TM.js:7:2222)
    at S0.next (https://www.greencity.cx.ua/chunk-NUXSP4TM.js:7:7687), [2026-03-14T18:25:43.596Z] [SEVERE] https://www.greencity.cx.ua/chunk-NUXSP4TM.js 10:45939 "ERROR" TypeError: Cannot read properties of null (reading 'setValue')
    at n.quillContentChanged (https://www.greencity.cx.ua/chunk-VNNOUBDJ.js:1:16043)
    at https://www.greencity.cx.ua/chunk-VNNOUBDJ.js:1:7223
    at eE (https://www.greencity.cx.ua/chunk-NUXSP4TM.js:11:76097)
    at Object.o [as next] (https://www.greencity.cx.ua/chunk-NUXSP4TM.js:11:76277)
    at bv.next (https://www.greencity.cx.ua/chunk-NUXSP4TM.js:7:3120)
    at Fr._next (https://www.greencity.cx.ua/chunk-NUXSP4TM.js:7:2803)
    at Fr.next (https://www.greencity.cx.ua/chunk-NUXSP4TM.js:7:2530)
    at https://www.greencity.cx.ua/chunk-NUXSP4TM.js:7:7848
    at Ac (https://www.greencity.cx.ua/chunk-NUXSP4TM.js:7:2222)
    at S0.next (https://www.greencity.cx.ua/chunk-NUXSP4TM.js:7:7687), [2026-03-14T18:25:43.596Z] [SEVERE] https://www.greencity.cx.ua/chunk-NUXSP4TM.js 10:45939 "ERROR" TypeError: Cannot read properties of null (reading 'setValue')
    at n.quillContentChanged (https://www.greencity.cx.ua/chunk-VNNOUBDJ.js:1:16043)
    at https://www.greencity.cx.ua/chunk-VNNOUBDJ.js:1:7223
    at eE (https://www.greencity.cx.ua/chunk-NUXSP4TM.js:11:76097)
    at Object.o [as next] (https://www.greencity.cx.ua/chunk-NUXSP4TM.js:11:76277)
    at bv.next (https://www.greencity.cx.ua/chunk-NUXSP4TM.js:7:3120)
    at Fr._next (https://www.greencity.cx.ua/chunk-NUXSP4TM.js:7:2803)
    at Fr.next (https://www.greencity.cx.ua/chunk-NUXSP4TM.js:7:2530)
    at https://www.greencity.cx.ua/chunk-NUXSP4TM.js:7:7848
    at Ac (https://www.greencity.cx.ua/chunk-NUXSP4TM.js:7:2222)
    at S0.next (https://www.greencity.cx.ua/chunk-NUXSP4TM.js:7:7687), [2026-03-14T18:25:43.596Z] [SEVERE] https://www.greencity.cx.ua/chunk-NUXSP4TM.js 10:45939 "ERROR" TypeError: Cannot read properties of null (reading 'setValue')
    at n.quillContentChanged (https://www.greencity.cx.ua/chunk-VNNOUBDJ.js:1:16043)
    at https://www.greencity.cx.ua/chunk-VNNOUBDJ.js:1:7223
    at eE (https://www.greencity.cx.ua/chunk-NUXSP4TM.js:11:76097)
    at Object.o [as next] (https://www.greencity.cx.ua/chunk-NUXSP4TM.js:11:76277)
    at bv.next (https://www.greencity.cx.ua/chunk-NUXSP4TM.js:7:3120)
    at Fr._next (https://www.greencity.cx.ua/chunk-NUXSP4TM.js:7:2803)
    at Fr.next (https://www.greencity.cx.ua/chunk-NUXSP4TM.js:7:2530)
    at https://www.greencity.cx.ua/chunk-NUXSP4TM.js:7:7848
    at Ac (https://www.greencity.cx.ua/chunk-NUXSP4TM.js:7:2222)
    at S0.next (https://www.greencity.cx.ua/chunk-NUXSP4TM.js:7:7687), [2026-03-14T18:25:43.596Z] [SEVERE] https://www.greencity.cx.ua/chunk-NUXSP4TM.js 10:45939 "ERROR" TypeError: Cannot read properties of null (reading 'setValue')
    at n.quillContentChanged (https://www.greencity.cx.ua/chunk-VNNOUBDJ.js:1:16043)
    at https://www.greencity.cx.ua/chunk-VNNOUBDJ.js:1:7223
    at eE (https://www.greencity.cx.ua/chunk-NUXSP4TM.js:11:76097)
    at Object.o [as next] (https://www.greencity.cx.ua/chunk-NUXSP4TM.js:11:76277)
    at bv.next (https://www.greencity.cx.ua/chunk-NUXSP4TM.js:7:3120)
    at Fr._next (https://www.greencity.cx.ua/chunk-NUXSP4TM.js:7:2803)
    at Fr.next (https://www.greencity.cx.ua/chunk-NUXSP4TM.js:7:2530)
    at https://www.greencity.cx.ua/chunk-NUXSP4TM.js:7:7848
    at Ac (https://www.greencity.cx.ua/chunk-NUXSP4TM.js:7:2222)
    at S0.next (https://www.greencity.cx.ua/chunk-NUXSP4TM.js:7:7687), [2026-03-14T18:25:43.596Z] [SEVERE] https://www.greencity.cx.ua/chunk-NUXSP4TM.js 10:45939 "ERROR" TypeError: Cannot read properties of null (reading 'setValue')
    at n.quillContentChanged (https://www.greencity.cx.ua/chunk-VNNOUBDJ.js:1:16043)
    at https://www.greencity.cx.ua/chunk-VNNOUBDJ.js:1:7223
    at eE (https://www.greencity.cx.ua/chunk-NUXSP4TM.js:11:76097)
    at Object.o [as next] (https://www.greencity.cx.ua/chunk-NUXSP4TM.js:11:76277)
    at bv.next (https://www.greencity.cx.ua/chunk-NUXSP4TM.js:7:3120)
    at Fr._next (https://www.greencity.cx.ua/chunk-NUXSP4TM.js:7:2803)
    at Fr.next (https://www.greencity.cx.ua/chunk-NUXSP4TM.js:7:2530)
    at https://www.greencity.cx.ua/chunk-NUXSP4TM.js:7:7848
    at Ac (https://www.greencity.cx.ua/chunk-NUXSP4TM.js:7:2222)
    at S0.next (https://www.greencity.cx.ua/chunk-NUXSP4TM.js:7:7687), [2026-03-14T18:25:43.596Z] [SEVERE] https://www.greencity.cx.ua/chunk-NUXSP4TM.js 10:45939 "ERROR" TypeError: Cannot read properties of null (reading 'setValue')
    at n.quillContentChanged (https://www.greencity.cx.ua/chunk-VNNOUBDJ.js:1:16043)
    at https://www.greencity.cx.ua/chunk-VNNOUBDJ.js:1:7223
    at eE (https://www.greencity.cx.ua/chunk-NUXSP4TM.js:11:76097)
    at Object.o [as next] (https://www.greencity.cx.ua/chunk-NUXSP4TM.js:11:76277)
    at bv.next (https://www.greencity.cx.ua/chunk-NUXSP4TM.js:7:3120)
    at Fr._next (https://www.greencity.cx.ua/chunk-NUXSP4TM.js:7:2803)
    at Fr.next (https://www.greencity.cx.ua/chunk-NUXSP4TM.js:7:2530)
    at https://www.greencity.cx.ua/chunk-NUXSP4TM.js:7:7848
    at Ac (https://www.greencity.cx.ua/chunk-NUXSP4TM.js:7:2222)
    at S0.next (https://www.greencity.cx.ua/chunk-NUXSP4TM.js:7:7687), [2026-03-14T18:25:43.596Z] [SEVERE] https://www.greencity.cx.ua/chunk-NUXSP4TM.js 10:45939 "ERROR" TypeError: Cannot read properties of null (reading 'setValue')
    at n.quillContentChanged (https://www.greencity.cx.ua/chunk-VNNOUBDJ.js:1:16043)
    at https://www.greencity.cx.ua/chunk-VNNOUBDJ.js:1:7223
    at eE (https://www.greencity.cx.ua/chunk-NUXSP4TM.js:11:76097)
    at Object.o [as next] (https://www.greencity.cx.ua/chunk-NUXSP4TM.js:11:76277)
    at bv.next (https://www.greencity.cx.ua/chunk-NUXSP4TM.js:7:3120)
    at Fr._next (https://www.greencity.cx.ua/chunk-NUXSP4TM.js:7:2803)
    at Fr.next (https://www.greencity.cx.ua/chunk-NUXSP4TM.js:7:2530)
    at https://www.greencity.cx.ua/chunk-NUXSP4TM.js:7:7848
    at Ac (https://www.greencity.cx.ua/chunk-NUXSP4TM.js:7:2222)
    at S0.next (https://www.greencity.cx.ua/chunk-NUXSP4TM.js:7:7687), [2026-03-14T18:25:43.596Z] [SEVERE] https://www.greencity.cx.ua/chunk-NUXSP4TM.js 10:45939 "ERROR" TypeError: Cannot read properties of null (reading 'setValue')
    at n.quillContentChanged (https://www.greencity.cx.ua/chunk-VNNOUBDJ.js:1:16043)
    at https://www.greencity.cx.ua/chunk-VNNOUBDJ.js:1:7223
    at eE (https://www.greencity.cx.ua/chunk-NUXSP4TM.js:11:76097)
    at Object.o [as next] (https://www.greencity.cx.ua/chunk-NUXSP4TM.js:11:76277)
    at bv.next (https://www.greencity.cx.ua/chunk-NUXSP4TM.js:7:3120)
    at Fr._next (https://www.greencity.cx.ua/chunk-NUXSP4TM.js:7:2803)
    at Fr.next (https://www.greencity.cx.ua/chunk-NUXSP4TM.js:7:2530)
    at https://www.greencity.cx.ua/chunk-NUXSP4TM.js:7:7848
    at Ac (https://www.greencity.cx.ua/chunk-NUXSP4TM.js:7:2222)
    at S0.next (https://www.greencity.cx.ua/chunk-NUXSP4TM.js:7:7687), [2026-03-14T18:25:43.596Z] [SEVERE] https://www.greencity.cx.ua/chunk-NUXSP4TM.js 10:45939 "ERROR" TypeError: Cannot read properties of null (reading 'setValue')
    at n.quillContentChanged (https://www.greencity.cx.ua/chunk-VNNOUBDJ.js:1:16043)
    at https://www.greencity.cx.ua/chunk-VNNOUBDJ.js:1:7223
    at eE (https://www.greencity.cx.ua/chunk-NUXSP4TM.js:11:76097)
    at Object.o [as next] (https://www.greencity.cx.ua/chunk-NUXSP4TM.js:11:76277)
    at bv.next (https://www.greencity.cx.ua/chunk-NUXSP4TM.js:7:3120)
    at Fr._next (https://www.greencity.cx.ua/chunk-NUXSP4TM.js:7:2803)
    at Fr.next (https://www.greencity.cx.ua/chunk-NUXSP4TM.js:7:2530)
    at https://www.greencity.cx.ua/chunk-NUXSP4TM.js:7:7848
    at Ac (https://www.greencity.cx.ua/chunk-NUXSP4TM.js:7:2222)
    at S0.next (https://www.greencity.cx.ua/chunk-NUXSP4TM.js:7:7687), [2026-03-14T18:25:43.597Z] [SEVERE] https://www.greencity.cx.ua/chunk-NUXSP4TM.js 10:45939 "ERROR" TypeError: Cannot read properties of null (reading 'setValue')
    at n.quillContentChanged (https://www.greencity.cx.ua/chunk-VNNOUBDJ.js:1:16043)
    at https://www.greencity.cx.ua/chunk-VNNOUBDJ.js:1:7223
    at eE (https://www.greencity.cx.ua/chunk-NUXSP4TM.js:11:76097)
    at Object.o [as next] (https://www.greencity.cx.ua/chunk-NUXSP4TM.js:11:76277)
    at bv.next (https://www.greencity.cx.ua/chunk-NUXSP4TM.js:7:3120)
    at Fr._next (https://www.greencity.cx.ua/chunk-NUXSP4TM.js:7:2803)
    at Fr.next (https://www.greencity.cx.ua/chunk-NUXSP4TM.js:7:2530)
    at https://www.greencity.cx.ua/chunk-NUXSP4TM.js:7:7848
    at Ac (https://www.greencity.cx.ua/chunk-NUXSP4TM.js:7:2222)
    at S0.next (https://www.greencity.cx.ua/chunk-NUXSP4TM.js:7:7687), [2026-03-14T18:25:43.597Z] [SEVERE] https://www.greencity.cx.ua/chunk-NUXSP4TM.js 10:45939 "ERROR" TypeError: Cannot read properties of null (reading 'setValue')
    at n.quillContentChanged (https://www.greencity.cx.ua/chunk-VNNOUBDJ.js:1:16043)
    at https://www.greencity.cx.ua/chunk-VNNOUBDJ.js:1:7223
    at eE (https://www.greencity.cx.ua/chunk-NUXSP4TM.js:11:76097)
    at Object.o [as next] (https://www.greencity.cx.ua/chunk-NUXSP4TM.js:11:76277)
    at bv.next (https://www.greencity.cx.ua/chunk-NUXSP4TM.js:7:3120)
    at Fr._next (https://www.greencity.cx.ua/chunk-NUXSP4TM.js:7:2803)
    at Fr.next (https://www.greencity.cx.ua/chunk-NUXSP4TM.js:7:2530)
    at https://www.greencity.cx.ua/chunk-NUXSP4TM.js:7:7848
    at Ac (https://www.greencity.cx.ua/chunk-NUXSP4TM.js:7:2222)
    at S0.next (https://www.greencity.cx.ua/chunk-NUXSP4TM.js:7:7687), [2026-03-14T18:25:43.597Z] [SEVERE] https://www.greencity.cx.ua/chunk-NUXSP4TM.js 10:45939 "ERROR" TypeError: Cannot read properties of null (reading 'setValue')
    at n.quillContentChanged (https://www.greencity.cx.ua/chunk-VNNOUBDJ.js:1:16043)
    at https://www.greencity.cx.ua/chunk-VNNOUBDJ.js:1:7223
    at eE (https://www.greencity.cx.ua/chunk-NUXSP4TM.js:11:76097)
    at Object.o [as next] (https://www.greencity.cx.ua/chunk-NUXSP4TM.js:11:76277)
    at bv.next (https://www.greencity.cx.ua/chunk-NUXSP4TM.js:7:3120)
    at Fr._next (https://www.greencity.cx.ua/chunk-NUXSP4TM.js:7:2803)
    at Fr.next (https://www.greencity.cx.ua/chunk-NUXSP4TM.js:7:2530)
    at https://www.greencity.cx.ua/chunk-NUXSP4TM.js:7:7848
    at Ac (https://www.greencity.cx.ua/chunk-NUXSP4TM.js:7:2222)
    at S0.next (https://www.greencity.cx.ua/chunk-NUXSP4TM.js:7:7687), [2026-03-14T18:25:43.597Z] [SEVERE] https://www.greencity.cx.ua/chunk-NUXSP4TM.js 10:45939 "ERROR" TypeError: Cannot read properties of null (reading 'setValue')
    at n.quillContentChanged (https://www.greencity.cx.ua/chunk-VNNOUBDJ.js:1:16043)
    at https://www.greencity.cx.ua/chunk-VNNOUBDJ.js:1:7223
    at eE (https://www.greencity.cx.ua/chunk-NUXSP4TM.js:11:76097)
    at Object.o [as next] (https://www.greencity.cx.ua/chunk-NUXSP4TM.js:11:76277)
    at bv.next (https://www.greencity.cx.ua/chunk-NUXSP4TM.js:7:3120)
    at Fr._next (https://www.greencity.cx.ua/chunk-NUXSP4TM.js:7:2803)
    at Fr.next (https://www.greencity.cx.ua/chunk-NUXSP4TM.js:7:2530)
    at https://www.greencity.cx.ua/chunk-NUXSP4TM.js:7:7848
    at Ac (https://www.greencity.cx.ua/chunk-NUXSP4TM.js:7:2222)
    at S0.next (https://www.greencity.cx.ua/chunk-NUXSP4TM.js:7:7687), [2026-03-14T18:25:43.597Z] [SEVERE] https://www.greencity.cx.ua/chunk-NUXSP4TM.js 10:45939 "ERROR" TypeError: Cannot read properties of null (reading 'setValue')
    at n.quillContentChanged (https://www.greencity.cx.ua/chunk-VNNOUBDJ.js:1:16043)
    at https://www.greencity.cx.ua/chunk-VNNOUBDJ.js:1:7223
    at eE (https://www.greencity.cx.ua/chunk-NUXSP4TM.js:11:76097)
    at Object.o [as next] (https://www.greencity.cx.ua/chunk-NUXSP4TM.js:11:76277)
    at bv.next (https://www.greencity.cx.ua/chunk-NUXSP4TM.js:7:3120)
    at Fr._next (https://www.greencity.cx.ua/chunk-NUXSP4TM.js:7:2803)
    at Fr.next (https://www.greencity.cx.ua/chunk-NUXSP4TM.js:7:2530)
    at https://www.greencity.cx.ua/chunk-NUXSP4TM.js:7:7848
    at Ac (https://www.greencity.cx.ua/chunk-NUXSP4TM.js:7:2222)
    at S0.next (https://www.greencity.cx.ua/chunk-NUXSP4TM.js:7:7687), [2026-03-14T18:25:43.597Z] [SEVERE] https://www.greencity.cx.ua/chunk-NUXSP4TM.js 10:45939 "ERROR" TypeError: Cannot read properties of null (reading 'setValue')
    at n.quillContentChanged (https://www.greencity.cx.ua/chunk-VNNOUBDJ.js:1:16043)
    at https://www.greencity.cx.ua/chunk-VNNOUBDJ.js:1:7223
    at eE (https://www.greencity.cx.ua/chunk-NUXSP4TM.js:11:76097)
    at Object.o [as next] (https://www.greencity.cx.ua/chunk-NUXSP4TM.js:11:76277)
    at bv.next (https://www.greencity.cx.ua/chunk-NUXSP4TM.js:7:3120)
    at Fr._next (https://www.greencity.cx.ua/chunk-NUXSP4TM.js:7:2803)
    at Fr.next (https://www.greencity.cx.ua/chunk-NUXSP4TM.js:7:2530)
    at https://www.greencity.cx.ua/chunk-NUXSP4TM.js:7:7848
    at Ac (https://www.greencity.cx.ua/chunk-NUXSP4TM.js:7:2222)
    at S0.next (https://www.greencity.cx.ua/chunk-NUXSP4TM.js:7:7687), [2026-03-14T18:25:43.597Z] [SEVERE] https://www.greencity.cx.ua/chunk-NUXSP4TM.js 10:45939 "ERROR" TypeError: Cannot read properties of null (reading 'setValue')
    at n.quillContentChanged (https://www.greencity.cx.ua/chunk-VNNOUBDJ.js:1:16043)
    at https://www.greencity.cx.ua/chunk-VNNOUBDJ.js:1:7223
    at eE (https://www.greencity.cx.ua/chunk-NUXSP4TM.js:11:76097)
    at Object.o [as next] (https://www.greencity.cx.ua/chunk-NUXSP4TM.js:11:76277)
    at bv.next (https://www.greencity.cx.ua/chunk-NUXSP4TM.js:7:3120)
    at Fr._next (https://www.greencity.cx.ua/chunk-NUXSP4TM.js:7:2803)
    at Fr.next (https://www.greencity.cx.ua/chunk-NUXSP4TM.js:7:2530)
    at https://www.greencity.cx.ua/chunk-NUXSP4TM.js:7:7848
    at Ac (https://www.greencity.cx.ua/chunk-NUXSP4TM.js:7:2222)
    at S0.next (https://www.greencity.cx.ua/chunk-NUXSP4TM.js:7:7687), [2026-03-14T18:25:43.597Z] [SEVERE] https://www.greencity.cx.ua/chunk-NUXSP4TM.js 10:45939 "ERROR" TypeError: Cannot read properties of null (reading 'setValue')
    at n.quillContentChanged (https://www.greencity.cx.ua/chunk-VNNOUBDJ.js:1:16043)
    at https://www.greencity.cx.ua/chunk-VNNOUBDJ.js:1:7223
    at eE (https://www.greencity.cx.ua/chunk-NUXSP4TM.js:11:76097)
    at Object.o [as next] (https://www.greencity.cx.ua/chunk-NUXSP4TM.js:11:76277)
    at bv.next (https://www.greencity.cx.ua/chunk-NUXSP4TM.js:7:3120)
    at Fr._next (https://www.greencity.cx.ua/chunk-NUXSP4TM.js:7:2803)
    at Fr.next (https://www.greencity.cx.ua/chunk-NUXSP4TM.js:7:2530)
    at https://www.greencity.cx.ua/chunk-NUXSP4TM.js:7:7848
    at Ac (https://www.greencity.cx.ua/chunk-NUXSP4TM.js:7:2222)
    at S0.next (https://www.greencity.cx.ua/chunk-NUXSP4TM.js:7:7687), [2026-03-14T18:25:43.597Z] [SEVERE] https://www.greencity.cx.ua/chunk-NUXSP4TM.js 10:45939 "ERROR" TypeError: Cannot read properties of null (reading 'setValue')
    at n.quillContentChanged (https://www.greencity.cx.ua/chunk-VNNOUBDJ.js:1:16043)
    at https://www.greencity.cx.ua/chunk-VNNOUBDJ.js:1:7223
    at eE (https://www.greencity.cx.ua/chunk-NUXSP4TM.js:11:76097)
    at Object.o [as next] (https://www.greencity.cx.ua/chunk-NUXSP4TM.js:11:76277)
    at bv.next (https://www.greencity.cx.ua/chunk-NUXSP4TM.js:7:3120)
    at Fr._next (https://www.greencity.cx.ua/chunk-NUXSP4TM.js:7:2803)
    at Fr.next (https://www.greencity.cx.ua/chunk-NUXSP4TM.js:7:2530)
    at https://www.greencity.cx.ua/chunk-NUXSP4TM.js:7:7848
    at Ac (https://www.greencity.cx.ua/chunk-NUXSP4TM.js:7:2222)
    at S0.next (https://www.greencity.cx.ua/chunk-NUXSP4TM.js:7:7687), [2026-03-14T18:25:43.597Z] [SEVERE] https://www.greencity.cx.ua/chunk-NUXSP4TM.js 10:45939 "ERROR" TypeError: Cannot read properties of null (reading 'setValue')
    at n.quillContentChanged (https://www.greencity.cx.ua/chunk-VNNOUBDJ.js:1:16043)
    at https://www.greencity.cx.ua/chunk-VNNOUBDJ.js:1:7223
    at eE (https://www.greencity.cx.ua/chunk-NUXSP4TM.js:11:76097)
    at Object.o [as next] (https://www.greencity.cx.ua/chunk-NUXSP4TM.js:11:76277)
    at bv.next (https://www.greencity.cx.ua/chunk-NUXSP4TM.js:7:3120)
    at Fr._next (https://www.greencity.cx.ua/chunk-NUXSP4TM.js:7:2803)
    at Fr.next (https://www.greencity.cx.ua/chunk-NUXSP4TM.js:7:2530)
    at https://www.greencity.cx.ua/chunk-NUXSP4TM.js:7:7848
    at Ac (https://www.greencity.cx.ua/chunk-NUXSP4TM.js:7:2222)
    at S0.next (https://www.greencity.cx.ua/chunk-NUXSP4TM.js:7:7687), [2026-03-14T18:25:43.597Z] [SEVERE] https://www.greencity.cx.ua/chunk-NUXSP4TM.js 10:45939 "ERROR" TypeError: Cannot read properties of null (reading 'setValue')
    at n.quillContentChanged (https://www.greencity.cx.ua/chunk-VNNOUBDJ.js:1:16043)
    at https://www.greencity.cx.ua/chunk-VNNOUBDJ.js:1:7223
    at eE (https://www.greencity.cx.ua/chunk-NUXSP4TM.js:11:76097)
    at Object.o [as next] (https://www.greencity.cx.ua/chunk-NUXSP4TM.js:11:76277)
    at bv.next (https://www.greencity.cx.ua/chunk-NUXSP4TM.js:7:3120)
    at Fr._next (https://www.greencity.cx.ua/chunk-NUXSP4TM.js:7:2803)
    at Fr.next (https://www.greencity.cx.ua/chunk-NUXSP4TM.js:7:2530)
    at https://www.greencity.cx.ua/chunk-NUXSP4TM.js:7:7848
    at Ac (https://www.greencity.cx.ua/chunk-NUXSP4TM.js:7:2222)
    at S0.next (https://www.greencity.cx.ua/chunk-NUXSP4TM.js:7:7687), [2026-03-14T18:25:43.598Z] [SEVERE] https://www.greencity.cx.ua/chunk-NUXSP4TM.js 10:45939 "ERROR" TypeError: Cannot read properties of null (reading 'setValue')
    at n.quillContentChanged (https://www.greencity.cx.ua/chunk-VNNOUBDJ.js:1:16043)
    at https://www.greencity.cx.ua/chunk-VNNOUBDJ.js:1:7223
    at eE (https://www.greencity.cx.ua/chunk-NUXSP4TM.js:11:76097)
    at Object.o [as next] (https://www.greencity.cx.ua/chunk-NUXSP4TM.js:11:76277)
    at bv.next (https://www.greencity.cx.ua/chunk-NUXSP4TM.js:7:3120)
    at Fr._next (https://www.greencity.cx.ua/chunk-NUXSP4TM.js:7:2803)
    at Fr.next (https://www.greencity.cx.ua/chunk-NUXSP4TM.js:7:2530)
    at https://www.greencity.cx.ua/chunk-NUXSP4TM.js:7:7848
    at Ac (https://www.greencity.cx.ua/chunk-NUXSP4TM.js:7:2222)
    at S0.next (https://www.greencity.cx.ua/chunk-NUXSP4TM.js:7:7687), [2026-03-14T18:25:43.598Z] [SEVERE] https://www.greencity.cx.ua/chunk-NUXSP4TM.js 10:45939 "ERROR" TypeError: Cannot read properties of null (reading 'setValue')
    at n.quillContentChanged (https://www.greencity.cx.ua/chunk-VNNOUBDJ.js:1:16043)
    at https://www.greencity.cx.ua/chunk-VNNOUBDJ.js:1:7223
    at eE (https://www.greencity.cx.ua/chunk-NUXSP4TM.js:11:76097)
    at Object.o [as next] (https://www.greencity.cx.ua/chunk-NUXSP4TM.js:11:76277)
    at bv.next (https://www.greencity.cx.ua/chunk-NUXSP4TM.js:7:3120)
    at Fr._next (https://www.greencity.cx.ua/chunk-NUXSP4TM.js:7:2803)
    at Fr.next (https://www.greencity.cx.ua/chunk-NUXSP4TM.js:7:2530)
    at https://www.greencity.cx.ua/chunk-NUXSP4TM.js:7:7848
    at Ac (https://www.greencity.cx.ua/chunk-NUXSP4TM.js:7:2222)
    at S0.next (https://www.greencity.cx.ua/chunk-NUXSP4TM.js:7:7687), [2026-03-14T18:25:43.598Z] [SEVERE] https://www.greencity.cx.ua/chunk-NUXSP4TM.js 10:45939 "ERROR" TypeError: Cannot read properties of null (reading 'setValue')
    at n.quillContentChanged (https://www.greencity.cx.ua/chunk-VNNOUBDJ.js:1:16043)
    at https://www.greencity.cx.ua/chunk-VNNOUBDJ.js:1:7223
    at eE (https://www.greencity.cx.ua/chunk-NUXSP4TM.js:11:76097)
    at Object.o [as next] (https://www.greencity.cx.ua/chunk-NUXSP4TM.js:11:76277)
    at bv.next (https://www.greencity.cx.ua/chunk-NUXSP4TM.js:7:3120)
    at Fr._next (https://www.greencity.cx.ua/chunk-NUXSP4TM.js:7:2803)
    at Fr.next (https://www.greencity.cx.ua/chunk-NUXSP4TM.js:7:2530)
    at https://www.greencity.cx.ua/chunk-NUXSP4TM.js:7:7848
    at Ac (https://www.greencity.cx.ua/chunk-NUXSP4TM.js:7:2222)
    at S0.next (https://www.greencity.cx.ua/chunk-NUXSP4TM.js:7:7687), [2026-03-14T18:25:43.598Z] [SEVERE] https://www.greencity.cx.ua/chunk-NUXSP4TM.js 10:45939 "ERROR" TypeError: Cannot read properties of null (reading 'setValue')
    at n.quillContentChanged (https://www.greencity.cx.ua/chunk-VNNOUBDJ.js:1:16043)
    at https://www.greencity.cx.ua/chunk-VNNOUBDJ.js:1:7223
    at eE (https://www.greencity.cx.ua/chunk-NUXSP4TM.js:11:76097)
    at Object.o [as next] (https://www.greencity.cx.ua/chunk-NUXSP4TM.js:11:76277)
    at bv.next (https://www.greencity.cx.ua/chunk-NUXSP4TM.js:7:3120)
    at Fr._next (https://www.greencity.cx.ua/chunk-NUXSP4TM.js:7:2803)
    at Fr.next (https://www.greencity.cx.ua/chunk-NUXSP4TM.js:7:2530)
    at https://www.greencity.cx.ua/chunk-NUXSP4TM.js:7:7848
    at Ac (https://www.greencity.cx.ua/chunk-NUXSP4TM.js:7:2222)
    at S0.next (https://www.greencity.cx.ua/chunk-NUXSP4TM.js:7:7687), [2026-03-14T18:25:43.598Z] [SEVERE] https://www.greencity.cx.ua/chunk-NUXSP4TM.js 10:45939 "ERROR" TypeError: Cannot read properties of null (reading 'setValue')
    at n.quillContentChanged (https://www.greencity.cx.ua/chunk-VNNOUBDJ.js:1:16043)
    at https://www.greencity.cx.ua/chunk-VNNOUBDJ.js:1:7223
    at eE (https://www.greencity.cx.ua/chunk-NUXSP4TM.js:11:76097)
    at Object.o [as next] (https://www.greencity.cx.ua/chunk-NUXSP4TM.js:11:76277)
    at bv.next (https://www.greencity.cx.ua/chunk-NUXSP4TM.js:7:3120)
    at Fr._next (https://www.greencity.cx.ua/chunk-NUXSP4TM.js:7:2803)
    at Fr.next (https://www.greencity.cx.ua/chunk-NUXSP4TM.js:7:2530)
    at https://www.greencity.cx.ua/chunk-NUXSP4TM.js:7:7848
    at Ac (https://www.greencity.cx.ua/chunk-NUXSP4TM.js:7:2222)
    at S0.next (https://www.greencity.cx.ua/chunk-NUXSP4TM.js:7:7687), [2026-03-14T18:25:43.598Z] [SEVERE] https://www.greencity.cx.ua/chunk-NUXSP4TM.js 10:45939 "ERROR" TypeError: Cannot read properties of null (reading 'setValue')
    at n.quillContentChanged (https://www.greencity.cx.ua/chunk-VNNOUBDJ.js:1:16043)
    at https://www.greencity.cx.ua/chunk-VNNOUBDJ.js:1:7223
    at eE (https://www.greencity.cx.ua/chunk-NUXSP4TM.js:11:76097)
    at Object.o [as next] (https://www.greencity.cx.ua/chunk-NUXSP4TM.js:11:76277)
    at bv.next (https://www.greencity.cx.ua/chunk-NUXSP4TM.js:7:3120)
    at Fr._next (https://www.greencity.cx.ua/chunk-NUXSP4TM.js:7:2803)
    at Fr.next (https://www.greencity.cx.ua/chunk-NUXSP4TM.js:7:2530)
    at https://www.greencity.cx.ua/chunk-NUXSP4TM.js:7:7848
    at Ac (https://www.greencity.cx.ua/chunk-NUXSP4TM.js:7:2222)
    at S0.next (https://www.greencity.cx.ua/chunk-NUXSP4TM.js:7:7687), [2026-03-14T18:25:43.598Z] [SEVERE] https://www.greencity.cx.ua/chunk-NUXSP4TM.js 10:45939 "ERROR" TypeError: Cannot read properties of null (reading 'setValue')
    at n.quillContentChanged (https://www.greencity.cx.ua/chunk-VNNOUBDJ.js:1:16043)
    at https://www.greencity.cx.ua/chunk-VNNOUBDJ.js:1:7223
    at eE (https://www.greencity.cx.ua/chunk-NUXSP4TM.js:11:76097)
    at Object.o [as next] (https://www.greencity.cx.ua/chunk-NUXSP4TM.js:11:76277)
    at bv.next (https://www.greencity.cx.ua/chunk-NUXSP4TM.js:7:3120)
    at Fr._next (https://www.greencity.cx.ua/chunk-NUXSP4TM.js:7:2803)
    at Fr.next (https://www.greencity.cx.ua/chunk-NUXSP4TM.js:7:2530)
    at https://www.greencity.cx.ua/chunk-NUXSP4TM.js:7:7848
    at Ac (https://www.greencity.cx.ua/chunk-NUXSP4TM.js:7:2222)
    at S0.next (https://www.greencity.cx.ua/chunk-NUXSP4TM.js:7:7687), [2026-03-14T18:25:43.598Z] [SEVERE] https://www.greencity.cx.ua/chunk-NUXSP4TM.js 10:45939 "ERROR" TypeError: Cannot read properties of null (reading 'setValue')
    at n.quillContentChanged (https://www.greencity.cx.ua/chunk-VNNOUBDJ.js:1:16043)
    at https://www.greencity.cx.ua/chunk-VNNOUBDJ.js:1:7223
    at eE (https://www.greencity.cx.ua/chunk-NUXSP4TM.js:11:76097)
    at Object.o [as next] (https://www.greencity.cx.ua/chunk-NUXSP4TM.js:11:76277)
    at bv.next (https://www.greencity.cx.ua/chunk-NUXSP4TM.js:7:3120)
    at Fr._next (https://www.greencity.cx.ua/chunk-NUXSP4TM.js:7:2803)
    at Fr.next (https://www.greencity.cx.ua/chunk-NUXSP4TM.js:7:2530)
    at https://www.greencity.cx.ua/chunk-NUXSP4TM.js:7:7848
    at Ac (https://www.greencity.cx.ua/chunk-NUXSP4TM.js:7:2222)
    at S0.next (https://www.greencity.cx.ua/chunk-NUXSP4TM.js:7:7687), [2026-03-14T18:25:43.598Z] [SEVERE] https://www.greencity.cx.ua/chunk-NUXSP4TM.js 10:45939 "ERROR" TypeError: Cannot read properties of null (reading 'setValue')
    at n.quillContentChanged (https://www.greencity.cx.ua/chunk-VNNOUBDJ.js:1:16043)
    at https://www.greencity.cx.ua/chunk-VNNOUBDJ.js:1:7223
    at eE (https://www.greencity.cx.ua/chunk-NUXSP4TM.js:11:76097)
    at Object.o [as next] (https://www.greencity.cx.ua/chunk-NUXSP4TM.js:11:76277)
    at bv.next (https://www.greencity.cx.ua/chunk-NUXSP4TM.js:7:3120)
    at Fr._next (https://www.greencity.cx.ua/chunk-NUXSP4TM.js:7:2803)
    at Fr.next (https://www.greencity.cx.ua/chunk-NUXSP4TM.js:7:2530)
    at https://www.greencity.cx.ua/chunk-NUXSP4TM.js:7:7848
    at Ac (https://www.greencity.cx.ua/chunk-NUXSP4TM.js:7:2222)
    at S0.next (https://www.greencity.cx.ua/chunk-NUXSP4TM.js:7:7687), [2026-03-14T18:25:43.599Z] [SEVERE] https://www.greencity.cx.ua/chunk-NUXSP4TM.js 10:45939 "ERROR" TypeError: Cannot read properties of null (reading 'setValue')
    at n.quillContentChanged (https://www.greencity.cx.ua/chunk-VNNOUBDJ.js:1:16043)
    at https://www.greencity.cx.ua/chunk-VNNOUBDJ.js:1:7223
    at eE (https://www.greencity.cx.ua/chunk-NUXSP4TM.js:11:76097)
    at Object.o [as next] (https://www.greencity.cx.ua/chunk-NUXSP4TM.js:11:76277)
    at bv.next (https://www.greencity.cx.ua/chunk-NUXSP4TM.js:7:3120)
    at Fr._next (https://www.greencity.cx.ua/chunk-NUXSP4TM.js:7:2803)
    at Fr.next (https://www.greencity.cx.ua/chunk-NUXSP4TM.js:7:2530)
    at https://www.greencity.cx.ua/chunk-NUXSP4TM.js:7:7848
    at Ac (https://www.greencity.cx.ua/chunk-NUXSP4TM.js:7:2222)
    at S0.next (https://www.greencity.cx.ua/chunk-NUXSP4TM.js:7:7687), [2026-03-14T18:25:43.599Z] [SEVERE] https://www.greencity.cx.ua/chunk-NUXSP4TM.js 10:45939 "ERROR" TypeError: Cannot read properties of null (reading 'setValue')
    at n.quillContentChanged (https://www.greencity.cx.ua/chunk-VNNOUBDJ.js:1:16043)
    at https://www.greencity.cx.ua/chunk-VNNOUBDJ.js:1:7223
    at eE (https://www.greencity.cx.ua/chunk-NUXSP4TM.js:11:76097)
    at Object.o [as next] (https://www.greencity.cx.ua/chunk-NUXSP4TM.js:11:76277)
    at bv.next (https://www.greencity.cx.ua/chunk-NUXSP4TM.js:7:3120)
    at Fr._next (https://www.greencity.cx.ua/chunk-NUXSP4TM.js:7:2803)
    at Fr.next (https://www.greencity.cx.ua/chunk-NUXSP4TM.js:7:2530)
    at https://www.greencity.cx.ua/chunk-NUXSP4TM.js:7:7848
    at Ac (https://www.greencity.cx.ua/chunk-NUXSP4TM.js:7:2222)
    at S0.next (https://www.greencity.cx.ua/chunk-NUXSP4TM.js:7:7687), [2026-03-14T18:25:43.599Z] [SEVERE] https://www.greencity.cx.ua/chunk-NUXSP4TM.js 10:45939 "ERROR" TypeError: Cannot read properties of null (reading 'setValue')
    at n.quillContentChanged (https://www.greencity.cx.ua/chunk-VNNOUBDJ.js:1:16043)
    at https://www.greencity.cx.ua/chunk-VNNOUBDJ.js:1:7223
    at eE (https://www.greencity.cx.ua/chunk-NUXSP4TM.js:11:76097)
    at Object.o [as next] (https://www.greencity.cx.ua/chunk-NUXSP4TM.js:11:76277)
    at bv.next (https://www.greencity.cx.ua/chunk-NUXSP4TM.js:7:3120)
    at Fr._next (https://www.greencity.cx.ua/chunk-NUXSP4TM.js:7:2803)
    at Fr.next (https://www.greencity.cx.ua/chunk-NUXSP4TM.js:7:2530)
    at https://www.greencity.cx.ua/chunk-NUXSP4TM.js:7:7848
    at Ac (https://www.greencity.cx.ua/chunk-NUXSP4TM.js:7:2222)
    at S0.next (https://www.greencity.cx.ua/chunk-NUXSP4TM.js:7:7687), [2026-03-14T18:25:43.599Z] [SEVERE] https://www.greencity.cx.ua/chunk-NUXSP4TM.js 10:45939 "ERROR" TypeError: Cannot read properties of null (reading 'setValue')
    at n.quillContentChanged (https://www.greencity.cx.ua/chunk-VNNOUBDJ.js:1:16043)
    at https://www.greencity.cx.ua/chunk-VNNOUBDJ.js:1:7223
    at eE (https://www.greencity.cx.ua/chunk-NUXSP4TM.js:11:76097)
    at Object.o [as next] (https://www.greencity.cx.ua/chunk-NUXSP4TM.js:11:76277)
    at bv.next (https://www.greencity.cx.ua/chunk-NUXSP4TM.js:7:3120)
    at Fr._next (https://www.greencity.cx.ua/chunk-NUXSP4TM.js:7:2803)
    at Fr.next (https://www.greencity.cx.ua/chunk-NUXSP4TM.js:7:2530)
    at https://www.greencity.cx.ua/chunk-NUXSP4TM.js:7:7848
    at Ac (https://www.greencity.cx.ua/chunk-NUXSP4TM.js:7:2222)
    at S0.next (https://www.greencity.cx.ua/chunk-NUXSP4TM.js:7:7687), [2026-03-14T18:25:43.599Z] [SEVERE] https://www.greencity.cx.ua/chunk-NUXSP4TM.js 10:45939 "ERROR" TypeError: Cannot read properties of null (reading 'setValue')
    at n.quillContentChanged (https://www.greencity.cx.ua/chunk-VNNOUBDJ.js:1:16043)
    at https://www.greencity.cx.ua/chunk-VNNOUBDJ.js:1:7223
    at eE (https://www.greencity.cx.ua/chunk-NUXSP4TM.js:11:76097)
    at Object.o [as next] (https://www.greencity.cx.ua/chunk-NUXSP4TM.js:11:76277)
    at bv.next (https://www.greencity.cx.ua/chunk-NUXSP4TM.js:7:3120)
    at Fr._next (https://www.greencity.cx.ua/chunk-NUXSP4TM.js:7:2803)
    at Fr.next (https://www.greencity.cx.ua/chunk-NUXSP4TM.js:7:2530)
    at https://www.greencity.cx.ua/chunk-NUXSP4TM.js:7:7848
    at Ac (https://www.greencity.cx.ua/chunk-NUXSP4TM.js:7:2222)
    at S0.next (https://www.greencity.cx.ua/chunk-NUXSP4TM.js:7:7687), [2026-03-14T18:25:43.599Z] [SEVERE] https://www.greencity.cx.ua/chunk-NUXSP4TM.js 10:45939 "ERROR" TypeError: Cannot read properties of null (reading 'setValue')
    at n.quillContentChanged (https://www.greencity.cx.ua/chunk-VNNOUBDJ.js:1:16043)
    at https://www.greencity.cx.ua/chunk-VNNOUBDJ.js:1:7223
    at eE (https://www.greencity.cx.ua/chunk-NUXSP4TM.js:11:76097)
    at Object.o [as next] (https://www.greencity.cx.ua/chunk-NUXSP4TM.js:11:76277)
    at bv.next (https://www.greencity.cx.ua/chunk-NUXSP4TM.js:7:3120)
    at Fr._next (https://www.greencity.cx.ua/chunk-NUXSP4TM.js:7:2803)
    at Fr.next (https://www.greencity.cx.ua/chunk-NUXSP4TM.js:7:2530)
    at https://www.greencity.cx.ua/chunk-NUXSP4TM.js:7:7848
    at Ac (https://www.greencity.cx.ua/chunk-NUXSP4TM.js:7:2222)
    at S0.next (https://www.greencity.cx.ua/chunk-NUXSP4TM.js:7:7687), [2026-03-14T18:25:43.599Z] [SEVERE] https://www.greencity.cx.ua/chunk-NUXSP4TM.js 10:45939 "ERROR" TypeError: Cannot read properties of null (reading 'setValue')
    at n.quillContentChanged (https://www.greencity.cx.ua/chunk-VNNOUBDJ.js:1:16043)
    at https://www.greencity.cx.ua/chunk-VNNOUBDJ.js:1:7223
    at eE (https://www.greencity.cx.ua/chunk-NUXSP4TM.js:11:76097)
    at Object.o [as next] (https://www.greencity.cx.ua/chunk-NUXSP4TM.js:11:76277)
    at bv.next (https://www.greencity.cx.ua/chunk-NUXSP4TM.js:7:3120)
    at Fr._next (https://www.greencity.cx.ua/chunk-NUXSP4TM.js:7:2803)
    at Fr.next (https://www.greencity.cx.ua/chunk-NUXSP4TM.js:7:2530)
    at https://www.greencity.cx.ua/chunk-NUXSP4TM.js:7:7848
    at Ac (https://www.greencity.cx.ua/chunk-NUXSP4TM.js:7:2222)
    at S0.next (https://www.greencity.cx.ua/chunk-NUXSP4TM.js:7:7687), [2026-03-14T18:25:43.599Z] [SEVERE] https://www.greencity.cx.ua/chunk-NUXSP4TM.js 10:45939 "ERROR" TypeError: Cannot read properties of null (reading 'setValue')
    at n.quillContentChanged (https://www.greencity.cx.ua/chunk-VNNOUBDJ.js:1:16043)
    at https://www.greencity.cx.ua/chunk-VNNOUBDJ.js:1:7223
    at eE (https://www.greencity.cx.ua/chunk-NUXSP4TM.js:11:76097)
    at Object.o [as next] (https://www.greencity.cx.ua/chunk-NUXSP4TM.js:11:76277)
    at bv.next (https://www.greencity.cx.ua/chunk-NUXSP4TM.js:7:3120)
    at Fr._next (https://www.greencity.cx.ua/chunk-NUXSP4TM.js:7:2803)
    at Fr.next (https://www.greencity.cx.ua/chunk-NUXSP4TM.js:7:2530)
    at https://www.greencity.cx.ua/chunk-NUXSP4TM.js:7:7848
    at Ac (https://www.greencity.cx.ua/chunk-NUXSP4TM.js:7:2222)
    at S0.next (https://www.greencity.cx.ua/chunk-NUXSP4TM.js:7:7687), [2026-03-14T18:25:43.599Z] [SEVERE] https://www.greencity.cx.ua/chunk-NUXSP4TM.js 10:45939 "ERROR" TypeError: Cannot read properties of null (reading 'setValue')
    at n.quillContentChanged (https://www.greencity.cx.ua/chunk-VNNOUBDJ.js:1:16043)
    at https://www.greencity.cx.ua/chunk-VNNOUBDJ.js:1:7223
    at eE (https://www.greencity.cx.ua/chunk-NUXSP4TM.js:11:76097)
    at Object.o [as next] (https://www.greencity.cx.ua/chunk-NUXSP4TM.js:11:76277)
    at bv.next (https://www.greencity.cx.ua/chunk-NUXSP4TM.js:7:3120)
    at Fr._next (https://www.greencity.cx.ua/chunk-NUXSP4TM.js:7:2803)
    at Fr.next (https://www.greencity.cx.ua/chunk-NUXSP4TM.js:7:2530)
    at https://www.greencity.cx.ua/chunk-NUXSP4TM.js:7:7848
    at Ac (https://www.greencity.cx.ua/chunk-NUXSP4TM.js:7:2222)
    at S0.next (https://www.greencity.cx.ua/chunk-NUXSP4TM.js:7:7687), [2026-03-14T18:25:43.599Z] [SEVERE] https://www.greencity.cx.ua/chunk-NUXSP4TM.js 10:45939 "ERROR" TypeError: Cannot read properties of null (reading 'setValue')
    at n.quillContentChanged (https://www.greencity.cx.ua/chunk-VNNOUBDJ.js:1:16043)
    at https://www.greencity.cx.ua/chunk-VNNOUBDJ.js:1:7223
    at eE (https://www.greencity.cx.ua/chunk-NUXSP4TM.js:11:76097)
    at Object.o [as next] (https://www.greencity.cx.ua/chunk-NUXSP4TM.js:11:76277)
    at bv.next (https://www.greencity.cx.ua/chunk-NUXSP4TM.js:7:3120)
    at Fr._next (https://www.greencity.cx.ua/chunk-NUXSP4TM.js:7:2803)
    at Fr.next (https://www.greencity.cx.ua/chunk-NUXSP4TM.js:7:2530)
    at https://www.greencity.cx.ua/chunk-NUXSP4TM.js:7:7848
    at Ac (https://www.greencity.cx.ua/chunk-NUXSP4TM.js:7:2222)
    at S0.next (https://www.greencity.cx.ua/chunk-NUXSP4TM.js:7:7687), [2026-03-14T18:25:43.599Z] [SEVERE] https://www.greencity.cx.ua/chunk-NUXSP4TM.js 10:45939 "ERROR" TypeError: Cannot read properties of null (reading 'setValue')
    at n.quillContentChanged (https://www.greencity.cx.ua/chunk-VNNOUBDJ.js:1:16043)
    at https://www.greencity.cx.ua/chunk-VNNOUBDJ.js:1:7223
    at eE (https://www.greencity.cx.ua/chunk-NUXSP4TM.js:11:76097)
    at Object.o [as next] (https://www.greencity.cx.ua/chunk-NUXSP4TM.js:11:76277)
    at bv.next (https://www.greencity.cx.ua/chunk-NUXSP4TM.js:7:3120)
    at Fr._next (https://www.greencity.cx.ua/chunk-NUXSP4TM.js:7:2803)
    at Fr.next (https://www.greencity.cx.ua/chunk-NUXSP4TM.js:7:2530)
    at https://www.greencity.cx.ua/chunk-NUXSP4TM.js:7:7848
    at Ac (https://www.greencity.cx.ua/chunk-NUXSP4TM.js:7:2222)
    at S0.next (https://www.greencity.cx.ua/chunk-NUXSP4TM.js:7:7687), [2026-03-14T18:25:43.599Z] [SEVERE] https://www.greencity.cx.ua/chunk-NUXSP4TM.js 10:45939 "ERROR" TypeError: Cannot read properties of null (reading 'setValue')
    at n.quillContentChanged (https://www.greencity.cx.ua/chunk-VNNOUBDJ.js:1:16043)
    at https://www.greencity.cx.ua/chunk-VNNOUBDJ.js:1:7223
    at eE (https://www.greencity.cx.ua/chunk-NUXSP4TM.js:11:76097)
    at Object.o [as next] (https://www.greencity.cx.ua/chunk-NUXSP4TM.js:11:76277)
    at bv.next (https://www.greencity.cx.ua/chunk-NUXSP4TM.js:7:3120)
    at Fr._next (https://www.greencity.cx.ua/chunk-NUXSP4TM.js:7:2803)
    at Fr.next (https://www.greencity.cx.ua/chunk-NUXSP4TM.js:7:2530)
    at https://www.greencity.cx.ua/chunk-NUXSP4TM.js:7:7848
    at Ac (https://www.greencity.cx.ua/chunk-NUXSP4TM.js:7:2222)
    at S0.next (https://www.greencity.cx.ua/chunk-NUXSP4TM.js:7:7687), [2026-03-14T18:25:43.599Z] [SEVERE] https://www.greencity.cx.ua/chunk-NUXSP4TM.js 10:45939 "ERROR" TypeError: Cannot read properties of null (reading 'setValue')
    at n.quillContentChanged (https://www.greencity.cx.ua/chunk-VNNOUBDJ.js:1:16043)
    at https://www.greencity.cx.ua/chunk-VNNOUBDJ.js:1:7223
    at eE (https://www.greencity.cx.ua/chunk-NUXSP4TM.js:11:76097)
    at Object.o [as next] (https://www.greencity.cx.ua/chunk-NUXSP4TM.js:11:76277)
    at bv.next (https://www.greencity.cx.ua/chunk-NUXSP4TM.js:7:3120)
    at Fr._next (https://www.greencity.cx.ua/chunk-NUXSP4TM.js:7:2803)
    at Fr.next (https://www.greencity.cx.ua/chunk-NUXSP4TM.js:7:2530)
    at https://www.greencity.cx.ua/chunk-NUXSP4TM.js:7:7848
    at Ac (https://www.greencity.cx.ua/chunk-NUXSP4TM.js:7:2222)
    at S0.next (https://www.greencity.cx.ua/chunk-NUXSP4TM.js:7:7687), [2026-03-14T18:25:43.600Z] [SEVERE] https://www.greencity.cx.ua/chunk-NUXSP4TM.js 10:45939 "ERROR" TypeError: Cannot read properties of null (reading 'setValue')
    at n.quillContentChanged (https://www.greencity.cx.ua/chunk-VNNOUBDJ.js:1:16043)
    at https://www.greencity.cx.ua/chunk-VNNOUBDJ.js:1:7223
    at eE (https://www.greencity.cx.ua/chunk-NUXSP4TM.js:11:76097)
    at Object.o [as next] (https://www.greencity.cx.ua/chunk-NUXSP4TM.js:11:76277)
    at bv.next (https://www.greencity.cx.ua/chunk-NUXSP4TM.js:7:3120)
    at Fr._next (https://www.greencity.cx.ua/chunk-NUXSP4TM.js:7:2803)
    at Fr.next (https://www.greencity.cx.ua/chunk-NUXSP4TM.js:7:2530)
    at https://www.greencity.cx.ua/chunk-NUXSP4TM.js:7:7848
    at Ac (https://www.greencity.cx.ua/chunk-NUXSP4TM.js:7:2222)
    at S0.next (https://www.greencity.cx.ua/chunk-NUXSP4TM.js:7:7687), [2026-03-14T18:25:43.600Z] [SEVERE] https://www.greencity.cx.ua/chunk-NUXSP4TM.js 10:45939 "ERROR" TypeError: Cannot read properties of null (reading 'setValue')
    at n.quillContentChanged (https://www.greencity.cx.ua/chunk-VNNOUBDJ.js:1:16043)
    at https://www.greencity.cx.ua/chunk-VNNOUBDJ.js:1:7223
    at eE (https://www.greencity.cx.ua/chunk-NUXSP4TM.js:11:76097)
    at Object.o [as next] (https://www.greencity.cx.ua/chunk-NUXSP4TM.js:11:76277)
    at bv.next (https://www.greencity.cx.ua/chunk-NUXSP4TM.js:7:3120)
    at Fr._next (https://www.greencity.cx.ua/chunk-NUXSP4TM.js:7:2803)
    at Fr.next (https://www.greencity.cx.ua/chunk-NUXSP4TM.js:7:2530)
    at https://www.greencity.cx.ua/chunk-NUXSP4TM.js:7:7848
    at Ac (https://www.greencity.cx.ua/chunk-NUXSP4TM.js:7:2222)
    at S0.next (https://www.greencity.cx.ua/chunk-NUXSP4TM.js:7:7687), [2026-03-14T18:25:43.600Z] [SEVERE] https://www.greencity.cx.ua/chunk-NUXSP4TM.js 10:45939 "ERROR" TypeError: Cannot read properties of null (reading 'setValue')
    at n.quillContentChanged (https://www.greencity.cx.ua/chunk-VNNOUBDJ.js:1:16043)
    at https://www.greencity.cx.ua/chunk-VNNOUBDJ.js:1:7223
    at eE (https://www.greencity.cx.ua/chunk-NUXSP4TM.js:11:76097)
    at Object.o [as next] (https://www.greencity.cx.ua/chunk-NUXSP4TM.js:11:76277)
    at bv.next (https://www.greencity.cx.ua/chunk-NUXSP4TM.js:7:3120)
    at Fr._next (https://www.greencity.cx.ua/chunk-NUXSP4TM.js:7:2803)
    at Fr.next (https://www.greencity.cx.ua/chunk-NUXSP4TM.js:7:2530)
    at https://www.greencity.cx.ua/chunk-NUXSP4TM.js:7:7848
    at Ac (https://www.greencity.cx.ua/chunk-NUXSP4TM.js:7:2222)
    at S0.next (https://www.greencity.cx.ua/chunk-NUXSP4TM.js:7:7687), [2026-03-14T18:25:43.600Z] [SEVERE] https://www.greencity.cx.ua/chunk-NUXSP4TM.js 10:45939 "ERROR" TypeError: Cannot read properties of null (reading 'setValue')
    at n.quillContentChanged (https://www.greencity.cx.ua/chunk-VNNOUBDJ.js:1:16043)
    at https://www.greencity.cx.ua/chunk-VNNOUBDJ.js:1:7223
    at eE (https://www.greencity.cx.ua/chunk-NUXSP4TM.js:11:76097)
    at Object.o [as next] (https://www.greencity.cx.ua/chunk-NUXSP4TM.js:11:76277)
    at bv.next (https://www.greencity.cx.ua/chunk-NUXSP4TM.js:7:3120)
    at Fr._next (https://www.greencity.cx.ua/chunk-NUXSP4TM.js:7:2803)
    at Fr.next (https://www.greencity.cx.ua/chunk-NUXSP4TM.js:7:2530)
    at https://www.greencity.cx.ua/chunk-NUXSP4TM.js:7:7848
    at Ac (https://www.greencity.cx.ua/chunk-NUXSP4TM.js:7:2222)
    at S0.next (https://www.greencity.cx.ua/chunk-NUXSP4TM.js:7:7687), [2026-03-14T18:25:43.600Z] [SEVERE] https://www.greencity.cx.ua/chunk-NUXSP4TM.js 10:45939 "ERROR" TypeError: Cannot read properties of null (reading 'setValue')
    at n.quillContentChanged (https://www.greencity.cx.ua/chunk-VNNOUBDJ.js:1:16043)
    at https://www.greencity.cx.ua/chunk-VNNOUBDJ.js:1:7223
    at eE (https://www.greencity.cx.ua/chunk-NUXSP4TM.js:11:76097)
    at Object.o [as next] (https://www.greencity.cx.ua/chunk-NUXSP4TM.js:11:76277)
    at bv.next (https://www.greencity.cx.ua/chunk-NUXSP4TM.js:7:3120)
    at Fr._next (https://www.greencity.cx.ua/chunk-NUXSP4TM.js:7:2803)
    at Fr.next (https://www.greencity.cx.ua/chunk-NUXSP4TM.js:7:2530)
    at https://www.greencity.cx.ua/chunk-NUXSP4TM.js:7:7848
    at Ac (https://www.greencity.cx.ua/chunk-NUXSP4TM.js:7:2222)
    at S0.next (https://www.greencity.cx.ua/chunk-NUXSP4TM.js:7:7687), [2026-03-14T18:25:43.600Z] [SEVERE] https://www.greencity.cx.ua/chunk-NUXSP4TM.js 10:45939 "ERROR" TypeError: Cannot read properties of null (reading 'setValue')
    at n.quillContentChanged (https://www.greencity.cx.ua/chunk-VNNOUBDJ.js:1:16043)
    at https://www.greencity.cx.ua/chunk-VNNOUBDJ.js:1:7223
    at eE (https://www.greencity.cx.ua/chunk-NUXSP4TM.js:11:76097)
    at Object.o [as next] (https://www.greencity.cx.ua/chunk-NUXSP4TM.js:11:76277)
    at bv.next (https://www.greencity.cx.ua/chunk-NUXSP4TM.js:7:3120)
    at Fr._next (https://www.greencity.cx.ua/chunk-NUXSP4TM.js:7:2803)
    at Fr.next (https://www.greencity.cx.ua/chunk-NUXSP4TM.js:7:2530)
    at https://www.greencity.cx.ua/chunk-NUXSP4TM.js:7:7848
    at Ac (https://www.greencity.cx.ua/chunk-NUXSP4TM.js:7:2222)
    at S0.next (https://www.greencity.cx.ua/chunk-NUXSP4TM.js:7:7687), [2026-03-14T18:25:43.600Z] [SEVERE] https://www.greencity.cx.ua/chunk-NUXSP4TM.js 10:45939 "ERROR" TypeError: Cannot read properties of null (reading 'setValue')
    at n.quillContentChanged (https://www.greencity.cx.ua/chunk-VNNOUBDJ.js:1:16043)
    at https://www.greencity.cx.ua/chunk-VNNOUBDJ.js:1:7223
    at eE (https://www.greencity.cx.ua/chunk-NUXSP4TM.js:11:76097)
    at Object.o [as next] (https://www.greencity.cx.ua/chunk-NUXSP4TM.js:11:76277)
    at bv.next (https://www.greencity.cx.ua/chunk-NUXSP4TM.js:7:3120)
    at Fr._next (https://www.greencity.cx.ua/chunk-NUXSP4TM.js:7:2803)
    at Fr.next (https://www.greencity.cx.ua/chunk-NUXSP4TM.js:7:2530)
    at https://www.greencity.cx.ua/chunk-NUXSP4TM.js:7:7848
    at Ac (https://www.greencity.cx.ua/chunk-NUXSP4TM.js:7:2222)
    at S0.next (https://www.greencity.cx.ua/chunk-NUXSP4TM.js:7:7687), [2026-03-14T18:25:43.600Z] [SEVERE] https://www.greencity.cx.ua/chunk-NUXSP4TM.js 10:45939 "ERROR" TypeError: Cannot read properties of null (reading 'setValue')
    at n.quillContentChanged (https://www.greencity.cx.ua/chunk-VNNOUBDJ.js:1:16043)
    at https://www.greencity.cx.ua/chunk-VNNOUBDJ.js:1:7223
    at eE (https://www.greencity.cx.ua/chunk-NUXSP4TM.js:11:76097)
    at Object.o [as next] (https://www.greencity.cx.ua/chunk-NUXSP4TM.js:11:76277)
    at bv.next (https://www.greencity.cx.ua/chunk-NUXSP4TM.js:7:3120)
    at Fr._next (https://www.greencity.cx.ua/chunk-NUXSP4TM.js:7:2803)
    at Fr.next (https://www.greencity.cx.ua/chunk-NUXSP4TM.js:7:2530)
    at https://www.greencity.cx.ua/chunk-NUXSP4TM.js:7:7848
    at Ac (https://www.greencity.cx.ua/chunk-NUXSP4TM.js:7:2222)
    at S0.next (https://www.greencity.cx.ua/chunk-NUXSP4TM.js:7:7687), [2026-03-14T18:25:43.601Z] [SEVERE] https://www.greencity.cx.ua/chunk-NUXSP4TM.js 10:45939 "ERROR" TypeError: Cannot read properties of null (reading 'setValue')
    at n.quillContentChanged (https://www.greencity.cx.ua/chunk-VNNOUBDJ.js:1:16043)
    at https://www.greencity.cx.ua/chunk-VNNOUBDJ.js:1:7223
    at eE (https://www.greencity.cx.ua/chunk-NUXSP4TM.js:11:76097)
    at Object.o [as next] (https://www.greencity.cx.ua/chunk-NUXSP4TM.js:11:76277)
    at bv.next (https://www.greencity.cx.ua/chunk-NUXSP4TM.js:7:3120)
    at Fr._next (https://www.greencity.cx.ua/chunk-NUXSP4TM.js:7:2803)
    at Fr.next (https://www.greencity.cx.ua/chunk-NUXSP4TM.js:7:2530)
    at https://www.greencity.cx.ua/chunk-NUXSP4TM.js:7:7848
    at Ac (https://www.greencity.cx.ua/chunk-NUXSP4TM.js:7:2222)
    at S0.next (https://www.greencity.cx.ua/chunk-NUXSP4TM.js:7:7687), [2026-03-14T18:25:43.601Z] [SEVERE] https://www.greencity.cx.ua/chunk-NUXSP4TM.js 10:45939 "ERROR" TypeError: Cannot read properties of null (reading 'setValue')
    at n.quillContentChanged (https://www.greencity.cx.ua/chunk-VNNOUBDJ.js:1:16043)
    at https://www.greencity.cx.ua/chunk-VNNOUBDJ.js:1:7223
    at eE (https://www.greencity.cx.ua/chunk-NUXSP4TM.js:11:76097)
    at Object.o [as next] (https://www.greencity.cx.ua/chunk-NUXSP4TM.js:11:76277)
    at bv.next (https://www.greencity.cx.ua/chunk-NUXSP4TM.js:7:3120)
    at Fr._next (https://www.greencity.cx.ua/chunk-NUXSP4TM.js:7:2803)
    at Fr.next (https://www.greencity.cx.ua/chunk-NUXSP4TM.js:7:2530)
    at https://www.greencity.cx.ua/chunk-NUXSP4TM.js:7:7848
    at Ac (https://www.greencity.cx.ua/chunk-NUXSP4TM.js:7:2222)
    at S0.next (https://www.greencity.cx.ua/chunk-NUXSP4TM.js:7:7687), [2026-03-14T18:25:43.601Z] [SEVERE] https://www.greencity.cx.ua/chunk-NUXSP4TM.js 10:45939 "ERROR" TypeError: Cannot read properties of null (reading 'setValue')
    at n.quillContentChanged (https://www.greencity.cx.ua/chunk-VNNOUBDJ.js:1:16043)
    at https://www.greencity.cx.ua/chunk-VNNOUBDJ.js:1:7223
    at eE (https://www.greencity.cx.ua/chunk-NUXSP4TM.js:11:76097)
    at Object.o [as next] (https://www.greencity.cx.ua/chunk-NUXSP4TM.js:11:76277)
    at bv.next (https://www.greencity.cx.ua/chunk-NUXSP4TM.js:7:3120)
    at Fr._next (https://www.greencity.cx.ua/chunk-NUXSP4TM.js:7:2803)
    at Fr.next (https://www.greencity.cx.ua/chunk-NUXSP4TM.js:7:2530)
    at https://www.greencity.cx.ua/chunk-NUXSP4TM.js:7:7848
    at Ac (https://www.greencity.cx.ua/chunk-NUXSP4TM.js:7:2222)
    at S0.next (https://www.greencity.cx.ua/chunk-NUXSP4TM.js:7:7687), [2026-03-14T18:25:43.601Z] [SEVERE] https://www.greencity.cx.ua/chunk-NUXSP4TM.js 10:45939 "ERROR" TypeError: Cannot read properties of null (reading 'setValue')
    at n.quillContentChanged (https://www.greencity.cx.ua/chunk-VNNOUBDJ.js:1:16043)
    at https://www.greencity.cx.ua/chunk-VNNOUBDJ.js:1:7223
    at eE (https://www.greencity.cx.ua/chunk-NUXSP4TM.js:11:76097)
    at Object.o [as next] (https://www.greencity.cx.ua/chunk-NUXSP4TM.js:11:76277)
    at bv.next (https://www.greencity.cx.ua/chunk-NUXSP4TM.js:7:3120)
    at Fr._next (https://www.greencity.cx.ua/chunk-NUXSP4TM.js:7:2803)
    at Fr.next (https://www.greencity.cx.ua/chunk-NUXSP4TM.js:7:2530)
    at https://www.greencity.cx.ua/chunk-NUXSP4TM.js:7:7848
    at Ac (https://www.greencity.cx.ua/chunk-NUXSP4TM.js:7:2222)
    at S0.next (https://www.greencity.cx.ua/chunk-NUXSP4TM.js:7:7687), [2026-03-14T18:25:43.601Z] [SEVERE] https://www.greencity.cx.ua/chunk-NUXSP4TM.js 10:45939 "ERROR" TypeError: Cannot read properties of null (reading 'setValue')
    at n.quillContentChanged (https://www.greencity.cx.ua/chunk-VNNOUBDJ.js:1:16043)
    at https://www.greencity.cx.ua/chunk-VNNOUBDJ.js:1:7223
    at eE (https://www.greencity.cx.ua/chunk-NUXSP4TM.js:11:76097)
    at Object.o [as next] (https://www.greencity.cx.ua/chunk-NUXSP4TM.js:11:76277)
    at bv.next (https://www.greencity.cx.ua/chunk-NUXSP4TM.js:7:3120)
    at Fr._next (https://www.greencity.cx.ua/chunk-NUXSP4TM.js:7:2803)
    at Fr.next (https://www.greencity.cx.ua/chunk-NUXSP4TM.js:7:2530)
    at https://www.greencity.cx.ua/chunk-NUXSP4TM.js:7:7848
    at Ac (https://www.greencity.cx.ua/chunk-NUXSP4TM.js:7:2222)
    at S0.next (https://www.greencity.cx.ua/chunk-NUXSP4TM.js:7:7687), [2026-03-14T18:25:43.601Z] [SEVERE] https://www.greencity.cx.ua/chunk-NUXSP4TM.js 10:45939 "ERROR" TypeError: Cannot read properties of null (reading 'setValue')
    at n.quillContentChanged (https://www.greencity.cx.ua/chunk-VNNOUBDJ.js:1:16043)
    at https://www.greencity.cx.ua/chunk-VNNOUBDJ.js:1:7223
    at eE (https://www.greencity.cx.ua/chunk-NUXSP4TM.js:11:76097)
    at Object.o [as next] (https://www.greencity.cx.ua/chunk-NUXSP4TM.js:11:76277)
    at bv.next (https://www.greencity.cx.ua/chunk-NUXSP4TM.js:7:3120)
    at Fr._next (https://www.greencity.cx.ua/chunk-NUXSP4TM.js:7:2803)
    at Fr.next (https://www.greencity.cx.ua/chunk-NUXSP4TM.js:7:2530)
    at https://www.greencity.cx.ua/chunk-NUXSP4TM.js:7:7848
    at Ac (https://www.greencity.cx.ua/chunk-NUXSP4TM.js:7:2222)
    at S0.next (https://www.greencity.cx.ua/chunk-NUXSP4TM.js:7:7687), [2026-03-14T18:25:43.601Z] [SEVERE] https://www.greencity.cx.ua/chunk-NUXSP4TM.js 10:45939 "ERROR" TypeError: Cannot read properties of null (reading 'setValue')
    at n.quillContentChanged (https://www.greencity.cx.ua/chunk-VNNOUBDJ.js:1:16043)
    at https://www.greencity.cx.ua/chunk-VNNOUBDJ.js:1:7223
    at eE (https://www.greencity.cx.ua/chunk-NUXSP4TM.js:11:76097)
    at Object.o [as next] (https://www.greencity.cx.ua/chunk-NUXSP4TM.js:11:76277)
    at bv.next (https://www.greencity.cx.ua/chunk-NUXSP4TM.js:7:3120)
    at Fr._next (https://www.greencity.cx.ua/chunk-NUXSP4TM.js:7:2803)
    at Fr.next (https://www.greencity.cx.ua/chunk-NUXSP4TM.js:7:2530)
    at https://www.greencity.cx.ua/chunk-NUXSP4TM.js:7:7848
    at Ac (https://www.greencity.cx.ua/chunk-NUXSP4TM.js:7:2222)
    at S0.next (https://www.greencity.cx.ua/chunk-NUXSP4TM.js:7:7687), [2026-03-14T18:25:43.601Z] [SEVERE] https://www.greencity.cx.ua/chunk-NUXSP4TM.js 10:45939 "ERROR" TypeError: Cannot read properties of null (reading 'setValue')
    at n.quillContentChanged (https://www.greencity.cx.ua/chunk-VNNOUBDJ.js:1:16043)
    at https://www.greencity.cx.ua/chunk-VNNOUBDJ.js:1:7223
    at eE (https://www.greencity.cx.ua/chunk-NUXSP4TM.js:11:76097)
    at Object.o [as next] (https://www.greencity.cx.ua/chunk-NUXSP4TM.js:11:76277)
    at bv.next (https://www.greencity.cx.ua/chunk-NUXSP4TM.js:7:3120)
    at Fr._next (https://www.greencity.cx.ua/chunk-NUXSP4TM.js:7:2803)
    at Fr.next (https://www.greencity.cx.ua/chunk-NUXSP4TM.js:7:2530)
    at https://www.greencity.cx.ua/chunk-NUXSP4TM.js:7:7848
    at Ac (https://www.greencity.cx.ua/chunk-NUXSP4TM.js:7:2222)
    at S0.next (https://www.greencity.cx.ua/chunk-NUXSP4TM.js:7:7687), [2026-03-14T18:25:43.601Z] [SEVERE] https://www.greencity.cx.ua/chunk-NUXSP4TM.js 10:45939 "ERROR" TypeError: Cannot read properties of null (reading 'setValue')
    at n.quillContentChanged (https://www.greencity.cx.ua/chunk-VNNOUBDJ.js:1:16043)
    at https://www.greencity.cx.ua/chunk-VNNOUBDJ.js:1:7223
    at eE (https://www.greencity.cx.ua/chunk-NUXSP4TM.js:11:76097)
    at Object.o [as next] (https://www.greencity.cx.ua/chunk-NUXSP4TM.js:11:76277)
    at bv.next (https://www.greencity.cx.ua/chunk-NUXSP4TM.js:7:3120)
    at Fr._next (https://www.greencity.cx.ua/chunk-NUXSP4TM.js:7:2803)
    at Fr.next (https://www.greencity.cx.ua/chunk-NUXSP4TM.js:7:2530)
    at https://www.greencity.cx.ua/chunk-NUXSP4TM.js:7:7848
    at Ac (https://www.greencity.cx.ua/chunk-NUXSP4TM.js:7:2222)
    at S0.next (https://www.greencity.cx.ua/chunk-NUXSP4TM.js:7:7687), [2026-03-14T18:25:43.601Z] [SEVERE] https://www.greencity.cx.ua/chunk-NUXSP4TM.js 10:45939 "ERROR" TypeError: Cannot read properties of null (reading 'setValue')
    at n.quillContentChanged (https://www.greencity.cx.ua/chunk-VNNOUBDJ.js:1:16043)
    at https://www.greencity.cx.ua/chunk-VNNOUBDJ.js:1:7223
    at eE (https://www.greencity.cx.ua/chunk-NUXSP4TM.js:11:76097)
    at Object.o [as next] (https://www.greencity.cx.ua/chunk-NUXSP4TM.js:11:76277)
    at bv.next (https://www.greencity.cx.ua/chunk-NUXSP4TM.js:7:3120)
    at Fr._next (https://www.greencity.cx.ua/chunk-NUXSP4TM.js:7:2803)
    at Fr.next (https://www.greencity.cx.ua/chunk-NUXSP4TM.js:7:2530)
    at https://www.greencity.cx.ua/chunk-NUXSP4TM.js:7:7848
    at Ac (https://www.greencity.cx.ua/chunk-NUXSP4TM.js:7:2222)
    at S0.next (https://www.greencity.cx.ua/chunk-NUXSP4TM.js:7:7687), [2026-03-14T18:25:43.601Z] [SEVERE] https://www.greencity.cx.ua/chunk-NUXSP4TM.js 10:45939 "ERROR" TypeError: Cannot read properties of null (reading 'setValue')
    at n.quillContentChanged (https://www.greencity.cx.ua/chunk-VNNOUBDJ.js:1:16043)
    at https://www.greencity.cx.ua/chunk-VNNOUBDJ.js:1:7223
    at eE (https://www.greencity.cx.ua/chunk-NUXSP4TM.js:11:76097)
    at Object.o [as next] (https://www.greencity.cx.ua/chunk-NUXSP4TM.js:11:76277)
    at bv.next (https://www.greencity.cx.ua/chunk-NUXSP4TM.js:7:3120)
    at Fr._next (https://www.greencity.cx.ua/chunk-NUXSP4TM.js:7:2803)
    at Fr.next (https://www.greencity.cx.ua/chunk-NUXSP4TM.js:7:2530)
    at https://www.greencity.cx.ua/chunk-NUXSP4TM.js:7:7848
    at Ac (https://www.greencity.cx.ua/chunk-NUXSP4TM.js:7:2222)
    at S0.next (https://www.greencity.cx.ua/chunk-NUXSP4TM.js:7:7687), [2026-03-14T18:25:43.601Z] [SEVERE] https://www.greencity.cx.ua/chunk-NUXSP4TM.js 10:45939 "ERROR" TypeError: Cannot read properties of null (reading 'setValue')
    at n.quillContentChanged (https://www.greencity.cx.ua/chunk-VNNOUBDJ.js:1:16043)
    at https://www.greencity.cx.ua/chunk-VNNOUBDJ.js:1:7223
    at eE (https://www.greencity.cx.ua/chunk-NUXSP4TM.js:11:76097)
    at Object.o [as next] (https://www.greencity.cx.ua/chunk-NUXSP4TM.js:11:76277)
    at bv.next (https://www.greencity.cx.ua/chunk-NUXSP4TM.js:7:3120)
    at Fr._next (https://www.greencity.cx.ua/chunk-NUXSP4TM.js:7:2803)
    at Fr.next (https://www.greencity.cx.ua/chunk-NUXSP4TM.js:7:2530)
    at https://www.greencity.cx.ua/chunk-NUXSP4TM.js:7:7848
    at Ac (https://www.greencity.cx.ua/chunk-NUXSP4TM.js:7:2222)
    at S0.next (https://www.greencity.cx.ua/chunk-NUXSP4TM.js:7:7687), [2026-03-14T18:25:43.601Z] [SEVERE] https://www.greencity.cx.ua/chunk-NUXSP4TM.js 10:45939 "ERROR" TypeError: Cannot read properties of null (reading 'setValue')
    at n.quillContentChanged (https://www.greencity.cx.ua/chunk-VNNOUBDJ.js:1:16043)
    at https://www.greencity.cx.ua/chunk-VNNOUBDJ.js:1:7223
    at eE (https://www.greencity.cx.ua/chunk-NUXSP4TM.js:11:76097)
    at Object.o [as next] (https://www.greencity.cx.ua/chunk-NUXSP4TM.js:11:76277)
    at bv.next (https://www.greencity.cx.ua/chunk-NUXSP4TM.js:7:3120)
    at Fr._next (https://www.greencity.cx.ua/chunk-NUXSP4TM.js:7:2803)
    at Fr.next (https://www.greencity.cx.ua/chunk-NUXSP4TM.js:7:2530)
    at https://www.greencity.cx.ua/chunk-NUXSP4TM.js:7:7848
    at Ac (https://www.greencity.cx.ua/chunk-NUXSP4TM.js:7:2222)
    at S0.next (https://www.greencity.cx.ua/chunk-NUXSP4TM.js:7:7687), [2026-03-14T18:25:43.602Z] [SEVERE] https://www.greencity.cx.ua/chunk-NUXSP4TM.js 10:45939 "ERROR" TypeError: Cannot read properties of null (reading 'setValue')
    at n.quillContentChanged (https://www.greencity.cx.ua/chunk-VNNOUBDJ.js:1:16043)
    at https://www.greencity.cx.ua/chunk-VNNOUBDJ.js:1:7223
    at eE (https://www.greencity.cx.ua/chunk-NUXSP4TM.js:11:76097)
    at Object.o [as next] (https://www.greencity.cx.ua/chunk-NUXSP4TM.js:11:76277)
    at bv.next (https://www.greencity.cx.ua/chunk-NUXSP4TM.js:7:3120)
    at Fr._next (https://www.greencity.cx.ua/chunk-NUXSP4TM.js:7:2803)
    at Fr.next (https://www.greencity.cx.ua/chunk-NUXSP4TM.js:7:2530)
    at https://www.greencity.cx.ua/chunk-NUXSP4TM.js:7:7848
    at Ac (https://www.greencity.cx.ua/chunk-NUXSP4TM.js:7:2222)
    at S0.next (https://www.greencity.cx.ua/chunk-NUXSP4TM.js:7:7687), [2026-03-14T18:25:43.602Z] [SEVERE] https://www.greencity.cx.ua/chunk-NUXSP4TM.js 10:45939 "ERROR" TypeError: Cannot read properties of null (reading 'setValue')
    at n.quillContentChanged (https://www.greencity.cx.ua/chunk-VNNOUBDJ.js:1:16043)
    at https://www.greencity.cx.ua/chunk-VNNOUBDJ.js:1:7223
    at eE (https://www.greencity.cx.ua/chunk-NUXSP4TM.js:11:76097)
    at Object.o [as next] (https://www.greencity.cx.ua/chunk-NUXSP4TM.js:11:76277)
    at bv.next (https://www.greencity.cx.ua/chunk-NUXSP4TM.js:7:3120)
    at Fr._next (https://www.greencity.cx.ua/chunk-NUXSP4TM.js:7:2803)
    at Fr.next (https://www.greencity.cx.ua/chunk-NUXSP4TM.js:7:2530)
    at https://www.greencity.cx.ua/chunk-NUXSP4TM.js:7:7848
    at Ac (https://www.greencity.cx.ua/chunk-NUXSP4TM.js:7:2222)
    at S0.next (https://www.greencity.cx.ua/chunk-NUXSP4TM.js:7:7687), [2026-03-14T18:25:43.602Z] [SEVERE] https://www.greencity.cx.ua/chunk-NUXSP4TM.js 10:45939 "ERROR" TypeError: Cannot read properties of null (reading 'setValue')
    at n.quillContentChanged (https://www.greencity.cx.ua/chunk-VNNOUBDJ.js:1:16043)
    at https://www.greencity.cx.ua/chunk-VNNOUBDJ.js:1:7223
    at eE (https://www.greencity.cx.ua/chunk-NUXSP4TM.js:11:76097)
    at Object.o [as next] (https://www.greencity.cx.ua/chunk-NUXSP4TM.js:11:76277)
    at bv.next (https://www.greencity.cx.ua/chunk-NUXSP4TM.js:7:3120)
    at Fr._next (https://www.greencity.cx.ua/chunk-NUXSP4TM.js:7:2803)
    at Fr.next (https://www.greencity.cx.ua/chunk-NUXSP4TM.js:7:2530)
    at https://www.greencity.cx.ua/chunk-NUXSP4TM.js:7:7848
    at Ac (https://www.greencity.cx.ua/chunk-NUXSP4TM.js:7:2222)
    at S0.next (https://www.greencity.cx.ua/chunk-NUXSP4TM.js:7:7687), [2026-03-14T18:25:43.602Z] [SEVERE] https://www.greencity.cx.ua/chunk-NUXSP4TM.js 10:45939 "ERROR" TypeError: Cannot read properties of null (reading 'setValue')
    at n.quillContentChanged (https://www.greencity.cx.ua/chunk-VNNOUBDJ.js:1:16043)
    at https://www.greencity.cx.ua/chunk-VNNOUBDJ.js:1:7223
    at eE (https://www.greencity.cx.ua/chunk-NUXSP4TM.js:11:76097)
    at Object.o [as next] (https://www.greencity.cx.ua/chunk-NUXSP4TM.js:11:76277)
    at bv.next (https://www.greencity.cx.ua/chunk-NUXSP4TM.js:7:3120)
    at Fr._next (https://www.greencity.cx.ua/chunk-NUXSP4TM.js:7:2803)
    at Fr.next (https://www.greencity.cx.ua/chunk-NUXSP4TM.js:7:2530)
    at https://www.greencity.cx.ua/chunk-NUXSP4TM.js:7:7848
    at Ac (https://www.greencity.cx.ua/chunk-NUXSP4TM.js:7:2222)
    at S0.next (https://www.greencity.cx.ua/chunk-NUXSP4TM.js:7:7687), [2026-03-14T18:25:43.602Z] [SEVERE] https://www.greencity.cx.ua/chunk-NUXSP4TM.js 10:45939 "ERROR" TypeError: Cannot read properties of null (reading 'setValue')
    at n.quillContentChanged (https://www.greencity.cx.ua/chunk-VNNOUBDJ.js:1:16043)
    at https://www.greencity.cx.ua/chunk-VNNOUBDJ.js:1:7223
    at eE (https://www.greencity.cx.ua/chunk-NUXSP4TM.js:11:76097)
    at Object.o [as next] (https://www.greencity.cx.ua/chunk-NUXSP4TM.js:11:76277)
    at bv.next (https://www.greencity.cx.ua/chunk-NUXSP4TM.js:7:3120)
    at Fr._next (https://www.greencity.cx.ua/chunk-NUXSP4TM.js:7:2803)
    at Fr.next (https://www.greencity.cx.ua/chunk-NUXSP4TM.js:7:2530)
    at https://www.greencity.cx.ua/chunk-NUXSP4TM.js:7:7848
    at Ac (https://www.greencity.cx.ua/chunk-NUXSP4TM.js:7:2222)
    at S0.next (https://www.greencity.cx.ua/chunk-NUXSP4TM.js:7:7687), [2026-03-14T18:25:43.602Z] [SEVERE] https://www.greencity.cx.ua/chunk-NUXSP4TM.js 10:45939 "ERROR" TypeError: Cannot read properties of null (reading 'setValue')
    at n.quillContentChanged (https://www.greencity.cx.ua/chunk-VNNOUBDJ.js:1:16043)
    at https://www.greencity.cx.ua/chunk-VNNOUBDJ.js:1:7223
    at eE (https://www.greencity.cx.ua/chunk-NUXSP4TM.js:11:76097)
    at Object.o [as next] (https://www.greencity.cx.ua/chunk-NUXSP4TM.js:11:76277)
    at bv.next (https://www.greencity.cx.ua/chunk-NUXSP4TM.js:7:3120)
    at Fr._next (https://www.greencity.cx.ua/chunk-NUXSP4TM.js:7:2803)
    at Fr.next (https://www.greencity.cx.ua/chunk-NUXSP4TM.js:7:2530)
    at https://www.greencity.cx.ua/chunk-NUXSP4TM.js:7:7848
    at Ac (https://www.greencity.cx.ua/chunk-NUXSP4TM.js:7:2222)
    at S0.next (https://www.greencity.cx.ua/chunk-NUXSP4TM.js:7:7687), [2026-03-14T18:25:43.602Z] [SEVERE] https://www.greencity.cx.ua/chunk-NUXSP4TM.js 10:45939 "ERROR" TypeError: Cannot read properties of null (reading 'setValue')
    at n.quillContentChanged (https://www.greencity.cx.ua/chunk-VNNOUBDJ.js:1:16043)
    at https://www.greencity.cx.ua/chunk-VNNOUBDJ.js:1:7223
    at eE (https://www.greencity.cx.ua/chunk-NUXSP4TM.js:11:76097)
    at Object.o [as next] (https://www.greencity.cx.ua/chunk-NUXSP4TM.js:11:76277)
    at bv.next (https://www.greencity.cx.ua/chunk-NUXSP4TM.js:7:3120)
    at Fr._next (https://www.greencity.cx.ua/chunk-NUXSP4TM.js:7:2803)
    at Fr.next (https://www.greencity.cx.ua/chunk-NUXSP4TM.js:7:2530)
    at https://www.greencity.cx.ua/chunk-NUXSP4TM.js:7:7848
    at Ac (https://www.greencity.cx.ua/chunk-NUXSP4TM.js:7:2222)
    at S0.next (https://www.greencity.cx.ua/chunk-NUXSP4TM.js:7:7687), [2026-03-14T18:25:43.602Z] [SEVERE] https://www.greencity.cx.ua/chunk-NUXSP4TM.js 10:45939 "ERROR" TypeError: Cannot read properties of null (reading 'setValue')
    at n.quillContentChanged (https://www.greencity.cx.ua/chunk-VNNOUBDJ.js:1:16043)
    at https://www.greencity.cx.ua/chunk-VNNOUBDJ.js:1:7223
    at eE (https://www.greencity.cx.ua/chunk-NUXSP4TM.js:11:76097)
    at Object.o [as next] (https://www.greencity.cx.ua/chunk-NUXSP4TM.js:11:76277)
    at bv.next (https://www.greencity.cx.ua/chunk-NUXSP4TM.js:7:3120)
    at Fr._next (https://www.greencity.cx.ua/chunk-NUXSP4TM.js:7:2803)
    at Fr.next (https://www.greencity.cx.ua/chunk-NUXSP4TM.js:7:2530)
    at https://www.greencity.cx.ua/chunk-NUXSP4TM.js:7:7848
    at Ac (https://www.greencity.cx.ua/chunk-NUXSP4TM.js:7:2222)
    at S0.next (https://www.greencity.cx.ua/chunk-NUXSP4TM.js:7:7687), [2026-03-14T18:25:43.602Z] [SEVERE] https://www.greencity.cx.ua/chunk-NUXSP4TM.js 10:45939 "ERROR" TypeError: Cannot read properties of null (reading 'setValue')
    at n.quillContentChanged (https://www.greencity.cx.ua/chunk-VNNOUBDJ.js:1:16043)
    at https://www.greencity.cx.ua/chunk-VNNOUBDJ.js:1:7223
    at eE (https://www.greencity.cx.ua/chunk-NUXSP4TM.js:11:76097)
    at Object.o [as next] (https://www.greencity.cx.ua/chunk-NUXSP4TM.js:11:76277)
    at bv.next (https://www.greencity.cx.ua/chunk-NUXSP4TM.js:7:3120)
    at Fr._next (https://www.greencity.cx.ua/chunk-NUXSP4TM.js:7:2803)
    at Fr.next (https://www.greencity.cx.ua/chunk-NUXSP4TM.js:7:2530)
    at https://www.greencity.cx.ua/chunk-NUXSP4TM.js:7:7848
    at Ac (https://www.greencity.cx.ua/chunk-NUXSP4TM.js:7:2222)
    at S0.next (https://www.greencity.cx.ua/chunk-NUXSP4TM.js:7:7687), [2026-03-14T18:25:43.603Z] [SEVERE] https://www.greencity.cx.ua/chunk-NUXSP4TM.js 10:45939 "ERROR" TypeError: Cannot read properties of null (reading 'setValue')
    at n.quillContentChanged (https://www.greencity.cx.ua/chunk-VNNOUBDJ.js:1:16043)
    at https://www.greencity.cx.ua/chunk-VNNOUBDJ.js:1:7223
    at eE (https://www.greencity.cx.ua/chunk-NUXSP4TM.js:11:76097)
    at Object.o [as next] (https://www.greencity.cx.ua/chunk-NUXSP4TM.js:11:76277)
    at bv.next (https://www.greencity.cx.ua/chunk-NUXSP4TM.js:7:3120)
    at Fr._next (https://www.greencity.cx.ua/chunk-NUXSP4TM.js:7:2803)
    at Fr.next (https://www.greencity.cx.ua/chunk-NUXSP4TM.js:7:2530)
    at https://www.greencity.cx.ua/chunk-NUXSP4TM.js:7:7848
    at Ac (https://www.greencity.cx.ua/chunk-NUXSP4TM.js:7:2222)
    at S0.next (https://www.greencity.cx.ua/chunk-NUXSP4TM.js:7:7687), [2026-03-14T18:25:43.603Z] [SEVERE] https://www.greencity.cx.ua/chunk-NUXSP4TM.js 10:45939 "ERROR" TypeError: Cannot read properties of null (reading 'setValue')
    at n.quillContentChanged (https://www.greencity.cx.ua/chunk-VNNOUBDJ.js:1:16043)
    at https://www.greencity.cx.ua/chunk-VNNOUBDJ.js:1:7223
    at eE (https://www.greencity.cx.ua/chunk-NUXSP4TM.js:11:76097)
    at Object.o [as next] (https://www.greencity.cx.ua/chunk-NUXSP4TM.js:11:76277)
    at bv.next (https://www.greencity.cx.ua/chunk-NUXSP4TM.js:7:3120)
    at Fr._next (https://www.greencity.cx.ua/chunk-NUXSP4TM.js:7:2803)
    at Fr.next (https://www.greencity.cx.ua/chunk-NUXSP4TM.js:7:2530)
    at https://www.greencity.cx.ua/chunk-NUXSP4TM.js:7:7848
    at Ac (https://www.greencity.cx.ua/chunk-NUXSP4TM.js:7:2222)
    at S0.next (https://www.greencity.cx.ua/chunk-NUXSP4TM.js:7:7687), [2026-03-14T18:25:43.603Z] [SEVERE] https://www.greencity.cx.ua/chunk-NUXSP4TM.js 10:45939 "ERROR" TypeError: Cannot read properties of null (reading 'setValue')
    at n.quillContentChanged (https://www.greencity.cx.ua/chunk-VNNOUBDJ.js:1:16043)
    at https://www.greencity.cx.ua/chunk-VNNOUBDJ.js:1:7223
    at eE (https://www.greencity.cx.ua/chunk-NUXSP4TM.js:11:76097)
    at Object.o [as next] (https://www.greencity.cx.ua/chunk-NUXSP4TM.js:11:76277)
    at bv.next (https://www.greencity.cx.ua/chunk-NUXSP4TM.js:7:3120)
    at Fr._next (https://www.greencity.cx.ua/chunk-NUXSP4TM.js:7:2803)
    at Fr.next (https://www.greencity.cx.ua/chunk-NUXSP4TM.js:7:2530)
    at https://www.greencity.cx.ua/chunk-NUXSP4TM.js:7:7848
    at Ac (https://www.greencity.cx.ua/chunk-NUXSP4TM.js:7:2222)
    at S0.next (https://www.greencity.cx.ua/chunk-NUXSP4TM.js:7:7687), [2026-03-14T18:25:43.603Z] [SEVERE] https://www.greencity.cx.ua/chunk-NUXSP4TM.js 10:45939 "ERROR" TypeError: Cannot read properties of null (reading 'setValue')
    at n.quillContentChanged (https://www.greencity.cx.ua/chunk-VNNOUBDJ.js:1:16043)
    at https://www.greencity.cx.ua/chunk-VNNOUBDJ.js:1:7223
    at eE (https://www.greencity.cx.ua/chunk-NUXSP4TM.js:11:76097)
    at Object.o [as next] (https://www.greencity.cx.ua/chunk-NUXSP4TM.js:11:76277)
    at bv.next (https://www.greencity.cx.ua/chunk-NUXSP4TM.js:7:3120)
    at Fr._next (https://www.greencity.cx.ua/chunk-NUXSP4TM.js:7:2803)
    at Fr.next (https://www.greencity.cx.ua/chunk-NUXSP4TM.js:7:2530)
    at https://www.greencity.cx.ua/chunk-NUXSP4TM.js:7:7848
    at Ac (https://www.greencity.cx.ua/chunk-NUXSP4TM.js:7:2222)
    at S0.next (https://www.greencity.cx.ua/chunk-NUXSP4TM.js:7:7687), [2026-03-14T18:25:43.603Z] [SEVERE] https://www.greencity.cx.ua/chunk-NUXSP4TM.js 10:45939 "ERROR" TypeError: Cannot read properties of null (reading 'setValue')
    at n.quillContentChanged (https://www.greencity.cx.ua/chunk-VNNOUBDJ.js:1:16043)
    at https://www.greencity.cx.ua/chunk-VNNOUBDJ.js:1:7223
    at eE (https://www.greencity.cx.ua/chunk-NUXSP4TM.js:11:76097)
    at Object.o [as next] (https://www.greencity.cx.ua/chunk-NUXSP4TM.js:11:76277)
    at bv.next (https://www.greencity.cx.ua/chunk-NUXSP4TM.js:7:3120)
    at Fr._next (https://www.greencity.cx.ua/chunk-NUXSP4TM.js:7:2803)
    at Fr.next (https://www.greencity.cx.ua/chunk-NUXSP4TM.js:7:2530)
    at https://www.greencity.cx.ua/chunk-NUXSP4TM.js:7:7848
    at Ac (https://www.greencity.cx.ua/chunk-NUXSP4TM.js:7:2222)
    at S0.next (https://www.greencity.cx.ua/chunk-NUXSP4TM.js:7:7687), [2026-03-14T18:25:43.603Z] [SEVERE] https://www.greencity.cx.ua/chunk-NUXSP4TM.js 10:45939 "ERROR" TypeError: Cannot read properties of null (reading 'setValue')
    at n.quillContentChanged (https://www.greencity.cx.ua/chunk-VNNOUBDJ.js:1:16043)
    at https://www.greencity.cx.ua/chunk-VNNOUBDJ.js:1:7223
    at eE (https://www.greencity.cx.ua/chunk-NUXSP4TM.js:11:76097)
    at Object.o [as next] (https://www.greencity.cx.ua/chunk-NUXSP4TM.js:11:76277)
    at bv.next (https://www.greencity.cx.ua/chunk-NUXSP4TM.js:7:3120)
    at Fr._next (https://www.greencity.cx.ua/chunk-NUXSP4TM.js:7:2803)
    at Fr.next (https://www.greencity.cx.ua/chunk-NUXSP4TM.js:7:2530)
    at https://www.greencity.cx.ua/chunk-NUXSP4TM.js:7:7848
    at Ac (https://www.greencity.cx.ua/chunk-NUXSP4TM.js:7:2222)
    at S0.next (https://www.greencity.cx.ua/chunk-NUXSP4TM.js:7:7687), [2026-03-14T18:25:43.603Z] [SEVERE] https://www.greencity.cx.ua/chunk-NUXSP4TM.js 10:45939 "ERROR" TypeError: Cannot read properties of null (reading 'setValue')
    at n.quillContentChanged (https://www.greencity.cx.ua/chunk-VNNOUBDJ.js:1:16043)
    at https://www.greencity.cx.ua/chunk-VNNOUBDJ.js:1:7223
    at eE (https://www.greencity.cx.ua/chunk-NUXSP4TM.js:11:76097)
    at Object.o [as next] (https://www.greencity.cx.ua/chunk-NUXSP4TM.js:11:76277)
    at bv.next (https://www.greencity.cx.ua/chunk-NUXSP4TM.js:7:3120)
    at Fr._next (https://www.greencity.cx.ua/chunk-NUXSP4TM.js:7:2803)
    at Fr.next (https://www.greencity.cx.ua/chunk-NUXSP4TM.js:7:2530)
    at https://www.greencity.cx.ua/chunk-NUXSP4TM.js:7:7848
    at Ac (https://www.greencity.cx.ua/chunk-NUXSP4TM.js:7:2222)
    at S0.next (https://www.greencity.cx.ua/chunk-NUXSP4TM.js:7:7687), [2026-03-14T18:25:43.603Z] [SEVERE] https://www.greencity.cx.ua/chunk-NUXSP4TM.js 10:45939 "ERROR" TypeError: Cannot read properties of null (reading 'setValue')
    at n.quillContentChanged (https://www.greencity.cx.ua/chunk-VNNOUBDJ.js:1:16043)
    at https://www.greencity.cx.ua/chunk-VNNOUBDJ.js:1:7223
    at eE (https://www.greencity.cx.ua/chunk-NUXSP4TM.js:11:76097)
    at Object.o [as next] (https://www.greencity.cx.ua/chunk-NUXSP4TM.js:11:76277)
    at bv.next (https://www.greencity.cx.ua/chunk-NUXSP4TM.js:7:3120)
    at Fr._next (https://www.greencity.cx.ua/chunk-NUXSP4TM.js:7:2803)
    at Fr.next (https://www.greencity.cx.ua/chunk-NUXSP4TM.js:7:2530)
    at https://www.greencity.cx.ua/chunk-NUXSP4TM.js:7:7848
    at Ac (https://www.greencity.cx.ua/chunk-NUXSP4TM.js:7:2222)
    at S0.next (https://www.greencity.cx.ua/chunk-NUXSP4TM.js:7:7687), [2026-03-14T18:25:43.603Z] [SEVERE] https://www.greencity.cx.ua/chunk-NUXSP4TM.js 10:45939 "ERROR" TypeError: Cannot read properties of null (reading 'setValue')
    at n.quillContentChanged (https://www.greencity.cx.ua/chunk-VNNOUBDJ.js:1:16043)
    at https://www.greencity.cx.ua/chunk-VNNOUBDJ.js:1:7223
    at eE (https://www.greencity.cx.ua/chunk-NUXSP4TM.js:11:76097)
    at Object.o [as next] (https://www.greencity.cx.ua/chunk-NUXSP4TM.js:11:76277)
    at bv.next (https://www.greencity.cx.ua/chunk-NUXSP4TM.js:7:3120)
    at Fr._next (https://www.greencity.cx.ua/chunk-NUXSP4TM.js:7:2803)
    at Fr.next (https://www.greencity.cx.ua/chunk-NUXSP4TM.js:7:2530)
    at https://www.greencity.cx.ua/chunk-NUXSP4TM.js:7:7848
    at Ac (https://www.greencity.cx.ua/chunk-NUXSP4TM.js:7:2222)
    at S0.next (https://www.greencity.cx.ua/chunk-NUXSP4TM.js:7:7687), [2026-03-14T18:25:43.603Z] [SEVERE] https://www.greencity.cx.ua/chunk-NUXSP4TM.js 10:45939 "ERROR" TypeError: Cannot read properties of null (reading 'setValue')
    at n.quillContentChanged (https://www.greencity.cx.ua/chunk-VNNOUBDJ.js:1:16043)
    at https://www.greencity.cx.ua/chunk-VNNOUBDJ.js:1:7223
    at eE (https://www.greencity.cx.ua/chunk-NUXSP4TM.js:11:76097)
    at Object.o [as next] (https://www.greencity.cx.ua/chunk-NUXSP4TM.js:11:76277)
    at bv.next (https://www.greencity.cx.ua/chunk-NUXSP4TM.js:7:3120)
    at Fr._next (https://www.greencity.cx.ua/chunk-NUXSP4TM.js:7:2803)
    at Fr.next (https://www.greencity.cx.ua/chunk-NUXSP4TM.js:7:2530)
    at https://www.greencity.cx.ua/chunk-NUXSP4TM.js:7:7848
    at Ac (https://www.greencity.cx.ua/chunk-NUXSP4TM.js:7:2222)
    at S0.next (https://www.greencity.cx.ua/chunk-NUXSP4TM.js:7:7687), [2026-03-14T18:25:43.604Z] [SEVERE] https://www.greencity.cx.ua/chunk-NUXSP4TM.js 10:45939 "ERROR" TypeError: Cannot read properties of null (reading 'setValue')
    at n.quillContentChanged (https://www.greencity.cx.ua/chunk-VNNOUBDJ.js:1:16043)
    at https://www.greencity.cx.ua/chunk-VNNOUBDJ.js:1:7223
    at eE (https://www.greencity.cx.ua/chunk-NUXSP4TM.js:11:76097)
    at Object.o [as next] (https://www.greencity.cx.ua/chunk-NUXSP4TM.js:11:76277)
    at bv.next (https://www.greencity.cx.ua/chunk-NUXSP4TM.js:7:3120)
    at Fr._next (https://www.greencity.cx.ua/chunk-NUXSP4TM.js:7:2803)
    at Fr.next (https://www.greencity.cx.ua/chunk-NUXSP4TM.js:7:2530)
    at https://www.greencity.cx.ua/chunk-NUXSP4TM.js:7:7848
    at Ac (https://www.greencity.cx.ua/chunk-NUXSP4TM.js:7:2222)
    at S0.next (https://www.greencity.cx.ua/chunk-NUXSP4TM.js:7:7687), [2026-03-14T18:25:43.604Z] [SEVERE] https://www.greencity.cx.ua/chunk-NUXSP4TM.js 10:45939 "ERROR" TypeError: Cannot read properties of null (reading 'setValue')
    at n.quillContentChanged (https://www.greencity.cx.ua/chunk-VNNOUBDJ.js:1:16043)
    at https://www.greencity.cx.ua/chunk-VNNOUBDJ.js:1:7223
    at eE (https://www.greencity.cx.ua/chunk-NUXSP4TM.js:11:76097)
    at Object.o [as next] (https://www.greencity.cx.ua/chunk-NUXSP4TM.js:11:76277)
    at bv.next (https://www.greencity.cx.ua/chunk-NUXSP4TM.js:7:3120)
    at Fr._next (https://www.greencity.cx.ua/chunk-NUXSP4TM.js:7:2803)
    at Fr.next (https://www.greencity.cx.ua/chunk-NUXSP4TM.js:7:2530)
    at https://www.greencity.cx.ua/chunk-NUXSP4TM.js:7:7848
    at Ac (https://www.greencity.cx.ua/chunk-NUXSP4TM.js:7:2222)
    at S0.next (https://www.greencity.cx.ua/chunk-NUXSP4TM.js:7:7687), [2026-03-14T18:25:43.604Z] [SEVERE] https://www.greencity.cx.ua/chunk-NUXSP4TM.js 10:45939 "ERROR" TypeError: Cannot read properties of null (reading 'setValue')
    at n.quillContentChanged (https://www.greencity.cx.ua/chunk-VNNOUBDJ.js:1:16043)
    at https://www.greencity.cx.ua/chunk-VNNOUBDJ.js:1:7223
    at eE (https://www.greencity.cx.ua/chunk-NUXSP4TM.js:11:76097)
    at Object.o [as next] (https://www.greencity.cx.ua/chunk-NUXSP4TM.js:11:76277)
    at bv.next (https://www.greencity.cx.ua/chunk-NUXSP4TM.js:7:3120)
    at Fr._next (https://www.greencity.cx.ua/chunk-NUXSP4TM.js:7:2803)
    at Fr.next (https://www.greencity.cx.ua/chunk-NUXSP4TM.js:7:2530)
    at https://www.greencity.cx.ua/chunk-NUXSP4TM.js:7:7848
    at Ac (https://www.greencity.cx.ua/chunk-NUXSP4TM.js:7:2222)
    at S0.next (https://www.greencity.cx.ua/chunk-NUXSP4TM.js:7:7687), [2026-03-14T18:25:43.604Z] [SEVERE] https://www.greencity.cx.ua/chunk-NUXSP4TM.js 10:45939 "ERROR" TypeError: Cannot read properties of null (reading 'setValue')
    at n.quillContentChanged (https://www.greencity.cx.ua/chunk-VNNOUBDJ.js:1:16043)
    at https://www.greencity.cx.ua/chunk-VNNOUBDJ.js:1:7223
    at eE (https://www.greencity.cx.ua/chunk-NUXSP4TM.js:11:76097)
    at Object.o [as next] (https://www.greencity.cx.ua/chunk-NUXSP4TM.js:11:76277)
    at bv.next (https://www.greencity.cx.ua/chunk-NUXSP4TM.js:7:3120)
    at Fr._next (https://www.greencity.cx.ua/chunk-NUXSP4TM.js:7:2803)
    at Fr.next (https://www.greencity.cx.ua/chunk-NUXSP4TM.js:7:2530)
    at https://www.greencity.cx.ua/chunk-NUXSP4TM.js:7:7848
    at Ac (https://www.greencity.cx.ua/chunk-NUXSP4TM.js:7:2222)
    at S0.next (https://www.greencity.cx.ua/chunk-NUXSP4TM.js:7:7687), [2026-03-14T18:25:43.604Z] [SEVERE] https://www.greencity.cx.ua/chunk-NUXSP4TM.js 10:45939 "ERROR" TypeError: Cannot read properties of null (reading 'setValue')
    at n.quillContentChanged (https://www.greencity.cx.ua/chunk-VNNOUBDJ.js:1:16043)
    at https://www.greencity.cx.ua/chunk-VNNOUBDJ.js:1:7223
    at eE (https://www.greencity.cx.ua/chunk-NUXSP4TM.js:11:76097)
    at Object.o [as next] (https://www.greencity.cx.ua/chunk-NUXSP4TM.js:11:76277)
    at bv.next (https://www.greencity.cx.ua/chunk-NUXSP4TM.js:7:3120)
    at Fr._next (https://www.greencity.cx.ua/chunk-NUXSP4TM.js:7:2803)
    at Fr.next (https://www.greencity.cx.ua/chunk-NUXSP4TM.js:7:2530)
    at https://www.greencity.cx.ua/chunk-NUXSP4TM.js:7:7848
    at Ac (https://www.greencity.cx.ua/chunk-NUXSP4TM.js:7:2222)
    at S0.next (https://www.greencity.cx.ua/chunk-NUXSP4TM.js:7:7687), [2026-03-14T18:25:43.604Z] [SEVERE] https://www.greencity.cx.ua/chunk-NUXSP4TM.js 10:45939 "ERROR" TypeError: Cannot read properties of null (reading 'setValue')
    at n.quillContentChanged (https://www.greencity.cx.ua/chunk-VNNOUBDJ.js:1:16043)
    at https://www.greencity.cx.ua/chunk-VNNOUBDJ.js:1:7223
    at eE (https://www.greencity.cx.ua/chunk-NUXSP4TM.js:11:76097)
    at Object.o [as next] (https://www.greencity.cx.ua/chunk-NUXSP4TM.js:11:76277)
    at bv.next (https://www.greencity.cx.ua/chunk-NUXSP4TM.js:7:3120)
    at Fr._next (https://www.greencity.cx.ua/chunk-NUXSP4TM.js:7:2803)
    at Fr.next (https://www.greencity.cx.ua/chunk-NUXSP4TM.js:7:2530)
    at https://www.greencity.cx.ua/chunk-NUXSP4TM.js:7:7848
    at Ac (https://www.greencity.cx.ua/chunk-NUXSP4TM.js:7:2222)
    at S0.next (https://www.greencity.cx.ua/chunk-NUXSP4TM.js:7:7687), [2026-03-14T18:25:43.604Z] [SEVERE] https://www.greencity.cx.ua/chunk-NUXSP4TM.js 10:45939 "ERROR" TypeError: Cannot read properties of null (reading 'setValue')
    at n.quillContentChanged (https://www.greencity.cx.ua/chunk-VNNOUBDJ.js:1:16043)
    at https://www.greencity.cx.ua/chunk-VNNOUBDJ.js:1:7223
    at eE (https://www.greencity.cx.ua/chunk-NUXSP4TM.js:11:76097)
    at Object.o [as next] (https://www.greencity.cx.ua/chunk-NUXSP4TM.js:11:76277)
    at bv.next (https://www.greencity.cx.ua/chunk-NUXSP4TM.js:7:3120)
    at Fr._next (https://www.greencity.cx.ua/chunk-NUXSP4TM.js:7:2803)
    at Fr.next (https://www.greencity.cx.ua/chunk-NUXSP4TM.js:7:2530)
    at https://www.greencity.cx.ua/chunk-NUXSP4TM.js:7:7848
    at Ac (https://www.greencity.cx.ua/chunk-NUXSP4TM.js:7:2222)
    at S0.next (https://www.greencity.cx.ua/chunk-NUXSP4TM.js:7:7687), [2026-03-14T18:25:43.604Z] [SEVERE] https://www.greencity.cx.ua/chunk-NUXSP4TM.js 10:45939 "ERROR" TypeError: Cannot read properties of null (reading 'setValue')
    at n.quillContentChanged (https://www.greencity.cx.ua/chunk-VNNOUBDJ.js:1:16043)
    at https://www.greencity.cx.ua/chunk-VNNOUBDJ.js:1:7223
    at eE (https://www.greencity.cx.ua/chunk-NUXSP4TM.js:11:76097)
    at Object.o [as next] (https://www.greencity.cx.ua/chunk-NUXSP4TM.js:11:76277)
    at bv.next (https://www.greencity.cx.ua/chunk-NUXSP4TM.js:7:3120)
    at Fr._next (https://www.greencity.cx.ua/chunk-NUXSP4TM.js:7:2803)
    at Fr.next (https://www.greencity.cx.ua/chunk-NUXSP4TM.js:7:2530)
    at https://www.greencity.cx.ua/chunk-NUXSP4TM.js:7:7848
    at Ac (https://www.greencity.cx.ua/chunk-NUXSP4TM.js:7:2222)
    at S0.next (https://www.greencity.cx.ua/chunk-NUXSP4TM.js:7:7687), [2026-03-14T18:25:43.604Z] [SEVERE] https://www.greencity.cx.ua/chunk-NUXSP4TM.js 10:45939 "ERROR" TypeError: Cannot read properties of null (reading 'setValue')
    at n.quillContentChanged (https://www.greencity.cx.ua/chunk-VNNOUBDJ.js:1:16043)
    at https://www.greencity.cx.ua/chunk-VNNOUBDJ.js:1:7223
    at eE (https://www.greencity.cx.ua/chunk-NUXSP4TM.js:11:76097)
    at Object.o [as next] (https://www.greencity.cx.ua/chunk-NUXSP4TM.js:11:76277)
    at bv.next (https://www.greencity.cx.ua/chunk-NUXSP4TM.js:7:3120)
    at Fr._next (https://www.greencity.cx.ua/chunk-NUXSP4TM.js:7:2803)
    at Fr.next (https://www.greencity.cx.ua/chunk-NUXSP4TM.js:7:2530)
    at https://www.greencity.cx.ua/chunk-NUXSP4TM.js:7:7848
    at Ac (https://www.greencity.cx.ua/chunk-NUXSP4TM.js:7:2222)
    at S0.next (https://www.greencity.cx.ua/chunk-NUXSP4TM.js:7:7687), [2026-03-14T18:25:43.604Z] [SEVERE] https://www.greencity.cx.ua/chunk-NUXSP4TM.js 10:45939 "ERROR" TypeError: Cannot read properties of null (reading 'setValue')
    at n.quillContentChanged (https://www.greencity.cx.ua/chunk-VNNOUBDJ.js:1:16043)
    at https://www.greencity.cx.ua/chunk-VNNOUBDJ.js:1:7223
    at eE (https://www.greencity.cx.ua/chunk-NUXSP4TM.js:11:76097)
    at Object.o [as next] (https://www.greencity.cx.ua/chunk-NUXSP4TM.js:11:76277)
    at bv.next (https://www.greencity.cx.ua/chunk-NUXSP4TM.js:7:3120)
    at Fr._next (https://www.greencity.cx.ua/chunk-NUXSP4TM.js:7:2803)
    at Fr.next (https://www.greencity.cx.ua/chunk-NUXSP4TM.js:7:2530)
    at https://www.greencity.cx.ua/chunk-NUXSP4TM.js:7:7848
    at Ac (https://www.greencity.cx.ua/chunk-NUXSP4TM.js:7:2222)
    at S0.next (https://www.greencity.cx.ua/chunk-NUXSP4TM.js:7:7687), [2026-03-14T18:25:43.604Z] [SEVERE] https://www.greencity.cx.ua/chunk-NUXSP4TM.js 10:45939 "ERROR" TypeError: Cannot read properties of null (reading 'setValue')
    at n.quillContentChanged (https://www.greencity.cx.ua/chunk-VNNOUBDJ.js:1:16043)
    at https://www.greencity.cx.ua/chunk-VNNOUBDJ.js:1:7223
    at eE (https://www.greencity.cx.ua/chunk-NUXSP4TM.js:11:76097)
    at Object.o [as next] (https://www.greencity.cx.ua/chunk-NUXSP4TM.js:11:76277)
    at bv.next (https://www.greencity.cx.ua/chunk-NUXSP4TM.js:7:3120)
    at Fr._next (https://www.greencity.cx.ua/chunk-NUXSP4TM.js:7:2803)
    at Fr.next (https://www.greencity.cx.ua/chunk-NUXSP4TM.js:7:2530)
    at https://www.greencity.cx.ua/chunk-NUXSP4TM.js:7:7848
    at Ac (https://www.greencity.cx.ua/chunk-NUXSP4TM.js:7:2222)
    at S0.next (https://www.greencity.cx.ua/chunk-NUXSP4TM.js:7:7687), [2026-03-14T18:25:43.604Z] [SEVERE] https://www.greencity.cx.ua/chunk-NUXSP4TM.js 10:45939 "ERROR" TypeError: Cannot read properties of null (reading 'setValue')
    at n.quillContentChanged (https://www.greencity.cx.ua/chunk-VNNOUBDJ.js:1:16043)
    at https://www.greencity.cx.ua/chunk-VNNOUBDJ.js:1:7223
    at eE (https://www.greencity.cx.ua/chunk-NUXSP4TM.js:11:76097)
    at Object.o [as next] (https://www.greencity.cx.ua/chunk-NUXSP4TM.js:11:76277)
    at bv.next (https://www.greencity.cx.ua/chunk-NUXSP4TM.js:7:3120)
    at Fr._next (https://www.greencity.cx.ua/chunk-NUXSP4TM.js:7:2803)
    at Fr.next (https://www.greencity.cx.ua/chunk-NUXSP4TM.js:7:2530)
    at https://www.greencity.cx.ua/chunk-NUXSP4TM.js:7:7848
    at Ac (https://www.greencity.cx.ua/chunk-NUXSP4TM.js:7:2222)
    at S0.next (https://www.greencity.cx.ua/chunk-NUXSP4TM.js:7:7687), [2026-03-14T18:25:43.605Z] [SEVERE] https://www.greencity.cx.ua/chunk-NUXSP4TM.js 10:45939 "ERROR" TypeError: Cannot read properties of null (reading 'setValue')
    at n.quillContentChanged (https://www.greencity.cx.ua/chunk-VNNOUBDJ.js:1:16043)
    at https://www.greencity.cx.ua/chunk-VNNOUBDJ.js:1:7223
    at eE (https://www.greencity.cx.ua/chunk-NUXSP4TM.js:11:76097)
    at Object.o [as next] (https://www.greencity.cx.ua/chunk-NUXSP4TM.js:11:76277)
    at bv.next (https://www.greencity.cx.ua/chunk-NUXSP4TM.js:7:3120)
    at Fr._next (https://www.greencity.cx.ua/chunk-NUXSP4TM.js:7:2803)
    at Fr.next (https://www.greencity.cx.ua/chunk-NUXSP4TM.js:7:2530)
    at https://www.greencity.cx.ua/chunk-NUXSP4TM.js:7:7848
    at Ac (https://www.greencity.cx.ua/chunk-NUXSP4TM.js:7:2222)
    at S0.next (https://www.greencity.cx.ua/chunk-NUXSP4TM.js:7:7687), [2026-03-14T18:25:43.605Z] [SEVERE] https://www.greencity.cx.ua/chunk-NUXSP4TM.js 10:45939 "ERROR" TypeError: Cannot read properties of null (reading 'setValue')
    at n.quillContentChanged (https://www.greencity.cx.ua/chunk-VNNOUBDJ.js:1:16043)
    at https://www.greencity.cx.ua/chunk-VNNOUBDJ.js:1:7223
    at eE (https://www.greencity.cx.ua/chunk-NUXSP4TM.js:11:76097)
    at Object.o [as next] (https://www.greencity.cx.ua/chunk-NUXSP4TM.js:11:76277)
    at bv.next (https://www.greencity.cx.ua/chunk-NUXSP4TM.js:7:3120)
    at Fr._next (https://www.greencity.cx.ua/chunk-NUXSP4TM.js:7:2803)
    at Fr.next (https://www.greencity.cx.ua/chunk-NUXSP4TM.js:7:2530)
    at https://www.greencity.cx.ua/chunk-NUXSP4TM.js:7:7848
    at Ac (https://www.greencity.cx.ua/chunk-NUXSP4TM.js:7:2222)
    at S0.next (https://www.greencity.cx.ua/chunk-NUXSP4TM.js:7:7687), [2026-03-14T18:25:43.605Z] [SEVERE] https://www.greencity.cx.ua/chunk-NUXSP4TM.js 10:45939 "ERROR" TypeError: Cannot read properties of null (reading 'setValue')
    at n.quillContentChanged (https://www.greencity.cx.ua/chunk-VNNOUBDJ.js:1:16043)
    at https://www.greencity.cx.ua/chunk-VNNOUBDJ.js:1:7223
    at eE (https://www.greencity.cx.ua/chunk-NUXSP4TM.js:11:76097)
    at Object.o [as next] (https://www.greencity.cx.ua/chunk-NUXSP4TM.js:11:76277)
    at bv.next (https://www.greencity.cx.ua/chunk-NUXSP4TM.js:7:3120)
    at Fr._next (https://www.greencity.cx.ua/chunk-NUXSP4TM.js:7:2803)
    at Fr.next (https://www.greencity.cx.ua/chunk-NUXSP4TM.js:7:2530)
    at https://www.greencity.cx.ua/chunk-NUXSP4TM.js:7:7848
    at Ac (https://www.greencity.cx.ua/chunk-NUXSP4TM.js:7:2222)
    at S0.next (https://www.greencity.cx.ua/chunk-NUXSP4TM.js:7:7687), [2026-03-14T18:25:43.605Z] [SEVERE] https://www.greencity.cx.ua/chunk-NUXSP4TM.js 10:45939 "ERROR" TypeError: Cannot read properties of null (reading 'setValue')
    at n.quillContentChanged (https://www.greencity.cx.ua/chunk-VNNOUBDJ.js:1:16043)
    at https://www.greencity.cx.ua/chunk-VNNOUBDJ.js:1:7223
    at eE (https://www.greencity.cx.ua/chunk-NUXSP4TM.js:11:76097)
    at Object.o [as next] (https://www.greencity.cx.ua/chunk-NUXSP4TM.js:11:76277)
    at bv.next (https://www.greencity.cx.ua/chunk-NUXSP4TM.js:7:3120)
    at Fr._next (https://www.greencity.cx.ua/chunk-NUXSP4TM.js:7:2803)
    at Fr.next (https://www.greencity.cx.ua/chunk-NUXSP4TM.js:7:2530)
    at https://www.greencity.cx.ua/chunk-NUXSP4TM.js:7:7848
    at Ac (https://www.greencity.cx.ua/chunk-NUXSP4TM.js:7:2222)
    at S0.next (https://www.greencity.cx.ua/chunk-NUXSP4TM.js:7:7687), [2026-03-14T18:25:43.605Z] [SEVERE] https://www.greencity.cx.ua/chunk-NUXSP4TM.js 10:45939 "ERROR" TypeError: Cannot read properties of null (reading 'setValue')
    at n.quillContentChanged (https://www.greencity.cx.ua/chunk-VNNOUBDJ.js:1:16043)
    at https://www.greencity.cx.ua/chunk-VNNOUBDJ.js:1:7223
    at eE (https://www.greencity.cx.ua/chunk-NUXSP4TM.js:11:76097)
    at Object.o [as next] (https://www.greencity.cx.ua/chunk-NUXSP4TM.js:11:76277)
    at bv.next (https://www.greencity.cx.ua/chunk-NUXSP4TM.js:7:3120)
    at Fr._next (https://www.greencity.cx.ua/chunk-NUXSP4TM.js:7:2803)
    at Fr.next (https://www.greencity.cx.ua/chunk-NUXSP4TM.js:7:2530)
    at https://www.greencity.cx.ua/chunk-NUXSP4TM.js:7:7848
    at Ac (https://www.greencity.cx.ua/chunk-NUXSP4TM.js:7:2222)
    at S0.next (https://www.greencity.cx.ua/chunk-NUXSP4TM.js:7:7687), [2026-03-14T18:25:43.605Z] [SEVERE] https://www.greencity.cx.ua/chunk-NUXSP4TM.js 10:45939 "ERROR" TypeError: Cannot read properties of null (reading 'setValue')
    at n.quillContentChanged (https://www.greencity.cx.ua/chunk-VNNOUBDJ.js:1:16043)
    at https://www.greencity.cx.ua/chunk-VNNOUBDJ.js:1:7223
    at eE (https://www.greencity.cx.ua/chunk-NUXSP4TM.js:11:76097)
    at Object.o [as next] (https://www.greencity.cx.ua/chunk-NUXSP4TM.js:11:76277)
    at bv.next (https://www.greencity.cx.ua/chunk-NUXSP4TM.js:7:3120)
    at Fr._next (https://www.greencity.cx.ua/chunk-NUXSP4TM.js:7:2803)
    at Fr.next (https://www.greencity.cx.ua/chunk-NUXSP4TM.js:7:2530)
    at https://www.greencity.cx.ua/chunk-NUXSP4TM.js:7:7848
    at Ac (https://www.greencity.cx.ua/chunk-NUXSP4TM.js:7:2222)
    at S0.next (https://www.greencity.cx.ua/chunk-NUXSP4TM.js:7:7687), [2026-03-14T18:25:43.605Z] [SEVERE] https://www.greencity.cx.ua/chunk-NUXSP4TM.js 10:45939 "ERROR" TypeError: Cannot read properties of null (reading 'setValue')
    at n.quillContentChanged (https://www.greencity.cx.ua/chunk-VNNOUBDJ.js:1:16043)
    at https://www.greencity.cx.ua/chunk-VNNOUBDJ.js:1:7223
    at eE (https://www.greencity.cx.ua/chunk-NUXSP4TM.js:11:76097)
    at Object.o [as next] (https://www.greencity.cx.ua/chunk-NUXSP4TM.js:11:76277)
    at bv.next (https://www.greencity.cx.ua/chunk-NUXSP4TM.js:7:3120)
    at Fr._next (https://www.greencity.cx.ua/chunk-NUXSP4TM.js:7:2803)
    at Fr.next (https://www.greencity.cx.ua/chunk-NUXSP4TM.js:7:2530)
    at https://www.greencity.cx.ua/chunk-NUXSP4TM.js:7:7848
    at Ac (https://www.greencity.cx.ua/chunk-NUXSP4TM.js:7:2222)
    at S0.next (https://www.greencity.cx.ua/chunk-NUXSP4TM.js:7:7687), [2026-03-14T18:25:43.605Z] [SEVERE] https://www.greencity.cx.ua/chunk-NUXSP4TM.js 10:45939 "ERROR" TypeError: Cannot read properties of null (reading 'setValue')
    at n.quillContentChanged (https://www.greencity.cx.ua/chunk-VNNOUBDJ.js:1:16043)
    at https://www.greencity.cx.ua/chunk-VNNOUBDJ.js:1:7223
    at eE (https://www.greencity.cx.ua/chunk-NUXSP4TM.js:11:76097)
    at Object.o [as next] (https://www.greencity.cx.ua/chunk-NUXSP4TM.js:11:76277)
    at bv.next (https://www.greencity.cx.ua/chunk-NUXSP4TM.js:7:3120)
    at Fr._next (https://www.greencity.cx.ua/chunk-NUXSP4TM.js:7:2803)
    at Fr.next (https://www.greencity.cx.ua/chunk-NUXSP4TM.js:7:2530)
    at https://www.greencity.cx.ua/chunk-NUXSP4TM.js:7:7848
    at Ac (https://www.greencity.cx.ua/chunk-NUXSP4TM.js:7:2222)
    at S0.next (https://www.greencity.cx.ua/chunk-NUXSP4TM.js:7:7687), [2026-03-14T18:25:43.606Z] [SEVERE] https://www.greencity.cx.ua/chunk-NUXSP4TM.js 10:45939 "ERROR" TypeError: Cannot read properties of null (reading 'setValue')
    at n.quillContentChanged (https://www.greencity.cx.ua/chunk-VNNOUBDJ.js:1:16043)
    at https://www.greencity.cx.ua/chunk-VNNOUBDJ.js:1:7223
    at eE (https://www.greencity.cx.ua/chunk-NUXSP4TM.js:11:76097)
    at Object.o [as next] (https://www.greencity.cx.ua/chunk-NUXSP4TM.js:11:76277)
    at bv.next (https://www.greencity.cx.ua/chunk-NUXSP4TM.js:7:3120)
    at Fr._next (https://www.greencity.cx.ua/chunk-NUXSP4TM.js:7:2803)
    at Fr.next (https://www.greencity.cx.ua/chunk-NUXSP4TM.js:7:2530)
    at https://www.greencity.cx.ua/chunk-NUXSP4TM.js:7:7848
    at Ac (https://www.greencity.cx.ua/chunk-NUXSP4TM.js:7:2222)
    at S0.next (https://www.greencity.cx.ua/chunk-NUXSP4TM.js:7:7687), [2026-03-14T18:25:43.606Z] [SEVERE] https://www.greencity.cx.ua/chunk-NUXSP4TM.js 10:45939 "ERROR" TypeError: Cannot read properties of null (reading 'setValue')
    at n.quillContentChanged (https://www.greencity.cx.ua/chunk-VNNOUBDJ.js:1:16043)
    at https://www.greencity.cx.ua/chunk-VNNOUBDJ.js:1:7223
    at eE (https://www.greencity.cx.ua/chunk-NUXSP4TM.js:11:76097)
    at Object.o [as next] (https://www.greencity.cx.ua/chunk-NUXSP4TM.js:11:76277)
    at bv.next (https://www.greencity.cx.ua/chunk-NUXSP4TM.js:7:3120)
    at Fr._next (https://www.greencity.cx.ua/chunk-NUXSP4TM.js:7:2803)
    at Fr.next (https://www.greencity.cx.ua/chunk-NUXSP4TM.js:7:2530)
    at https://www.greencity.cx.ua/chunk-NUXSP4TM.js:7:7848
    at Ac (https://www.greencity.cx.ua/chunk-NUXSP4TM.js:7:2222)
    at S0.next (https://www.greencity.cx.ua/chunk-NUXSP4TM.js:7:7687), [2026-03-14T18:25:43.606Z] [SEVERE] https://www.greencity.cx.ua/chunk-NUXSP4TM.js 10:45939 "ERROR" TypeError: Cannot read properties of null (reading 'setValue')
    at n.quillContentChanged (https://www.greencity.cx.ua/chunk-VNNOUBDJ.js:1:16043)
    at https://www.greencity.cx.ua/chunk-VNNOUBDJ.js:1:7223
    at eE (https://www.greencity.cx.ua/chunk-NUXSP4TM.js:11:76097)
    at Object.o [as next] (https://www.greencity.cx.ua/chunk-NUXSP4TM.js:11:76277)
    at bv.next (https://www.greencity.cx.ua/chunk-NUXSP4TM.js:7:3120)
    at Fr._next (https://www.greencity.cx.ua/chunk-NUXSP4TM.js:7:2803)
    at Fr.next (https://www.greencity.cx.ua/chunk-NUXSP4TM.js:7:2530)
    at https://www.greencity.cx.ua/chunk-NUXSP4TM.js:7:7848
    at Ac (https://www.greencity.cx.ua/chunk-NUXSP4TM.js:7:2222)
    at S0.next (https://www.greencity.cx.ua/chunk-NUXSP4TM.js:7:7687), [2026-03-14T18:25:43.606Z] [SEVERE] https://www.greencity.cx.ua/chunk-NUXSP4TM.js 10:45939 "ERROR" TypeError: Cannot read properties of null (reading 'setValue')
    at n.quillContentChanged (https://www.greencity.cx.ua/chunk-VNNOUBDJ.js:1:16043)
    at https://www.greencity.cx.ua/chunk-VNNOUBDJ.js:1:7223
    at eE (https://www.greencity.cx.ua/chunk-NUXSP4TM.js:11:76097)
    at Object.o [as next] (https://www.greencity.cx.ua/chunk-NUXSP4TM.js:11:76277)
    at bv.next (https://www.greencity.cx.ua/chunk-NUXSP4TM.js:7:3120)
    at Fr._next (https://www.greencity.cx.ua/chunk-NUXSP4TM.js:7:2803)
    at Fr.next (https://www.greencity.cx.ua/chunk-NUXSP4TM.js:7:2530)
    at https://www.greencity.cx.ua/chunk-NUXSP4TM.js:7:7848
    at Ac (https://www.greencity.cx.ua/chunk-NUXSP4TM.js:7:2222)
    at S0.next (https://www.greencity.cx.ua/chunk-NUXSP4TM.js:7:7687), [2026-03-14T18:25:43.608Z] [SEVERE] https://www.greencity.cx.ua/chunk-NUXSP4TM.js 10:45939 "ERROR" TypeError: Cannot read properties of null (reading 'setValue')
    at n.quillContentChanged (https://www.greencity.cx.ua/chunk-VNNOUBDJ.js:1:16043)
    at https://www.greencity.cx.ua/chunk-VNNOUBDJ.js:1:7223
    at eE (https://www.greencity.cx.ua/chunk-NUXSP4TM.js:11:76097)
    at Object.o [as next] (https://www.greencity.cx.ua/chunk-NUXSP4TM.js:11:76277)
    at bv.next (https://www.greencity.cx.ua/chunk-NUXSP4TM.js:7:3120)
    at Fr._next (https://www.greencity.cx.ua/chunk-NUXSP4TM.js:7:2803)
    at Fr.next (https://www.greencity.cx.ua/chunk-NUXSP4TM.js:7:2530)
    at https://www.greencity.cx.ua/chunk-NUXSP4TM.js:7:7848
    at Ac (https://www.greencity.cx.ua/chunk-NUXSP4TM.js:7:2222)
    at S0.next (https://www.greencity.cx.ua/chunk-NUXSP4TM.js:7:7687), [2026-03-14T18:25:43.610Z] [SEVERE] https://www.greencity.cx.ua/chunk-NUXSP4TM.js 10:45939 "ERROR" TypeError: Cannot read properties of null (reading 'setValue')
    at n.quillContentChanged (https://www.greencity.cx.ua/chunk-VNNOUBDJ.js:1:16043)
    at https://www.greencity.cx.ua/chunk-VNNOUBDJ.js:1:7223
    at eE (https://www.greencity.cx.ua/chunk-NUXSP4TM.js:11:76097)
    at Object.o [as next] (https://www.greencity.cx.ua/chunk-NUXSP4TM.js:11:76277)
    at bv.next (https://www.greencity.cx.ua/chunk-NUXSP4TM.js:7:3120)
    at Fr._next (https://www.greencity.cx.ua/chunk-NUXSP4TM.js:7:2803)
    at Fr.next (https://www.greencity.cx.ua/chunk-NUXSP4TM.js:7:2530)
    at https://www.greencity.cx.ua/chunk-NUXSP4TM.js:7:7848
    at Ac (https://www.greencity.cx.ua/chunk-NUXSP4TM.js:7:2222)
    at S0.next (https://www.greencity.cx.ua/chunk-NUXSP4TM.js:7:7687), [2026-03-14T18:25:43.612Z] [SEVERE] https://www.greencity.cx.ua/chunk-NUXSP4TM.js 10:45939 "ERROR" TypeError: Cannot read properties of null (reading 'setValue')
    at n.quillContentChanged (https://www.greencity.cx.ua/chunk-VNNOUBDJ.js:1:16043)
    at https://www.greencity.cx.ua/chunk-VNNOUBDJ.js:1:7223
    at eE (https://www.greencity.cx.ua/chunk-NUXSP4TM.js:11:76097)
    at Object.o [as next] (https://www.greencity.cx.ua/chunk-NUXSP4TM.js:11:76277)
    at bv.next (https://www.greencity.cx.ua/chunk-NUXSP4TM.js:7:3120)
    at Fr._next (https://www.greencity.cx.ua/chunk-NUXSP4TM.js:7:2803)
    at Fr.next (https://www.greencity.cx.ua/chunk-NUXSP4TM.js:7:2530)
    at https://www.greencity.cx.ua/chunk-NUXSP4TM.js:7:7848
    at Ac (https://www.greencity.cx.ua/chunk-NUXSP4TM.js:7:2222)
    at S0.next (https://www.greencity.cx.ua/chunk-NUXSP4TM.js:7:7687), [2026-03-14T18:25:43.615Z] [SEVERE] https://www.greencity.cx.ua/chunk-NUXSP4TM.js 10:45939 "ERROR" TypeError: Cannot read properties of null (reading 'setValue')
    at n.quillContentChanged (https://www.greencity.cx.ua/chunk-VNNOUBDJ.js:1:16043)
    at https://www.greencity.cx.ua/chunk-VNNOUBDJ.js:1:7223
    at eE (https://www.greencity.cx.ua/chunk-NUXSP4TM.js:11:76097)
    at Object.o [as next] (https://www.greencity.cx.ua/chunk-NUXSP4TM.js:11:76277)
    at bv.next (https://www.greencity.cx.ua/chunk-NUXSP4TM.js:7:3120)
    at Fr._next (https://www.greencity.cx.ua/chunk-NUXSP4TM.js:7:2803)
    at Fr.next (https://www.greencity.cx.ua/chunk-NUXSP4TM.js:7:2530)
    at https://www.greencity.cx.ua/chunk-NUXSP4TM.js:7:7848
    at Ac (https://www.greencity.cx.ua/chunk-NUXSP4TM.js:7:2222)
    at S0.next (https://www.greencity.cx.ua/chunk-NUXSP4TM.js:7:7687), [2026-03-14T18:25:43.617Z] [SEVERE] https://www.greencity.cx.ua/chunk-NUXSP4TM.js 10:45939 "ERROR" TypeError: Cannot read properties of null (reading 'setValue')
    at n.quillContentChanged (https://www.greencity.cx.ua/chunk-VNNOUBDJ.js:1:16043)
    at https://www.greencity.cx.ua/chunk-VNNOUBDJ.js:1:7223
    at eE (https://www.greencity.cx.ua/chunk-NUXSP4TM.js:11:76097)
    at Object.o [as next] (https://www.greencity.cx.ua/chunk-NUXSP4TM.js:11:76277)
    at bv.next (https://www.greencity.cx.ua/chunk-NUXSP4TM.js:7:3120)
    at Fr._next (https://www.greencity.cx.ua/chunk-NUXSP4TM.js:7:2803)
    at Fr.next (https://www.greencity.cx.ua/chunk-NUXSP4TM.js:7:2530)
    at https://www.greencity.cx.ua/chunk-NUXSP4TM.js:7:7848
    at Ac (https://www.greencity.cx.ua/chunk-NUXSP4TM.js:7:2222)
    at S0.next (https://www.greencity.cx.ua/chunk-NUXSP4TM.js:7:7687), [2026-03-14T18:25:43.620Z] [SEVERE] https://www.greencity.cx.ua/chunk-NUXSP4TM.js 10:45939 "ERROR" TypeError: Cannot read properties of null (reading 'setValue')
    at n.quillContentChanged (https://www.greencity.cx.ua/chunk-VNNOUBDJ.js:1:16043)
    at https://www.greencity.cx.ua/chunk-VNNOUBDJ.js:1:7223
    at eE (https://www.greencity.cx.ua/chunk-NUXSP4TM.js:11:76097)
    at Object.o [as next] (https://www.greencity.cx.ua/chunk-NUXSP4TM.js:11:76277)
    at bv.next (https://www.greencity.cx.ua/chunk-NUXSP4TM.js:7:3120)
    at Fr._next (https://www.greencity.cx.ua/chunk-NUXSP4TM.js:7:2803)
    at Fr.next (https://www.greencity.cx.ua/chunk-NUXSP4TM.js:7:2530)
    at https://www.greencity.cx.ua/chunk-NUXSP4TM.js:7:7848
    at Ac (https://www.greencity.cx.ua/chunk-NUXSP4TM.js:7:2222)
    at S0.next (https://www.greencity.cx.ua/chunk-NUXSP4TM.js:7:7687), [2026-03-14T18:25:43.623Z] [SEVERE] https://www.greencity.cx.ua/chunk-NUXSP4TM.js 10:45939 "ERROR" TypeError: Cannot read properties of null (reading 'setValue')
    at n.quillContentChanged (https://www.greencity.cx.ua/chunk-VNNOUBDJ.js:1:16043)
    at https://www.greencity.cx.ua/chunk-VNNOUBDJ.js:1:7223
    at eE (https://www.greencity.cx.ua/chunk-NUXSP4TM.js:11:76097)
    at Object.o [as next] (https://www.greencity.cx.ua/chunk-NUXSP4TM.js:11:76277)
    at bv.next (https://www.greencity.cx.ua/chunk-NUXSP4TM.js:7:3120)
    at Fr._next (https://www.greencity.cx.ua/chunk-NUXSP4TM.js:7:2803)
    at Fr.next (https://www.greencity.cx.ua/chunk-NUXSP4TM.js:7:2530)
    at https://www.greencity.cx.ua/chunk-NUXSP4TM.js:7:7848
    at Ac (https://www.greencity.cx.ua/chunk-NUXSP4TM.js:7:2222)
    at S0.next (https://www.greencity.cx.ua/chunk-NUXSP4TM.js:7:7687), [2026-03-14T18:25:43.625Z] [SEVERE] https://www.greencity.cx.ua/chunk-NUXSP4TM.js 10:45939 "ERROR" TypeError: Cannot read properties of null (reading 'setValue')
    at n.quillContentChanged (https://www.greencity.cx.ua/chunk-VNNOUBDJ.js:1:16043)
    at https://www.greencity.cx.ua/chunk-VNNOUBDJ.js:1:7223
    at eE (https://www.greencity.cx.ua/chunk-NUXSP4TM.js:11:76097)
    at Object.o [as next] (https://www.greencity.cx.ua/chunk-NUXSP4TM.js:11:76277)
    at bv.next (https://www.greencity.cx.ua/chunk-NUXSP4TM.js:7:3120)
    at Fr._next (https://www.greencity.cx.ua/chunk-NUXSP4TM.js:7:2803)
    at Fr.next (https://www.greencity.cx.ua/chunk-NUXSP4TM.js:7:2530)
    at https://www.greencity.cx.ua/chunk-NUXSP4TM.js:7:7848
    at Ac (https://www.greencity.cx.ua/chunk-NUXSP4TM.js:7:2222)
    at S0.next (https://www.greencity.cx.ua/chunk-NUXSP4TM.js:7:7687), [2026-03-14T18:25:43.627Z] [SEVERE] https://www.greencity.cx.ua/chunk-NUXSP4TM.js 10:45939 "ERROR" TypeError: Cannot read properties of null (reading 'setValue')
    at n.quillContentChanged (https://www.greencity.cx.ua/chunk-VNNOUBDJ.js:1:16043)
    at https://www.greencity.cx.ua/chunk-VNNOUBDJ.js:1:7223
    at eE (https://www.greencity.cx.ua/chunk-NUXSP4TM.js:11:76097)
    at Object.o [as next] (https://www.greencity.cx.ua/chunk-NUXSP4TM.js:11:76277)
    at bv.next (https://www.greencity.cx.ua/chunk-NUXSP4TM.js:7:3120)
    at Fr._next (https://www.greencity.cx.ua/chunk-NUXSP4TM.js:7:2803)
    at Fr.next (https://www.greencity.cx.ua/chunk-NUXSP4TM.js:7:2530)
    at https://www.greencity.cx.ua/chunk-NUXSP4TM.js:7:7848
    at Ac (https://www.greencity.cx.ua/chunk-NUXSP4TM.js:7:2222)
    at S0.next (https://www.greencity.cx.ua/chunk-NUXSP4TM.js:7:7687), [2026-03-14T18:25:43.630Z] [SEVERE] https://www.greencity.cx.ua/chunk-NUXSP4TM.js 10:45939 "ERROR" TypeError: Cannot read properties of null (reading 'setValue')
    at n.quillContentChanged (https://www.greencity.cx.ua/chunk-VNNOUBDJ.js:1:16043)
    at https://www.greencity.cx.ua/chunk-VNNOUBDJ.js:1:7223
    at eE (https://www.greencity.cx.ua/chunk-NUXSP4TM.js:11:76097)
    at Object.o [as next] (https://www.greencity.cx.ua/chunk-NUXSP4TM.js:11:76277)
    at bv.next (https://www.greencity.cx.ua/chunk-NUXSP4TM.js:7:3120)
    at Fr._next (https://www.greencity.cx.ua/chunk-NUXSP4TM.js:7:2803)
    at Fr.next (https://www.greencity.cx.ua/chunk-NUXSP4TM.js:7:2530)
    at https://www.greencity.cx.ua/chunk-NUXSP4TM.js:7:7848
    at Ac (https://www.greencity.cx.ua/chunk-NUXSP4TM.js:7:2222)
    at S0.next (https://www.greencity.cx.ua/chunk-NUXSP4TM.js:7:7687), [2026-03-14T18:25:43.632Z] [SEVERE] https://www.greencity.cx.ua/chunk-NUXSP4TM.js 10:45939 "ERROR" TypeError: Cannot read properties of null (reading 'setValue')
    at n.quillContentChanged (https://www.greencity.cx.ua/chunk-VNNOUBDJ.js:1:16043)
    at https://www.greencity.cx.ua/chunk-VNNOUBDJ.js:1:7223
    at eE (https://www.greencity.cx.ua/chunk-NUXSP4TM.js:11:76097)
    at Object.o [as next] (https://www.greencity.cx.ua/chunk-NUXSP4TM.js:11:76277)
    at bv.next (https://www.greencity.cx.ua/chunk-NUXSP4TM.js:7:3120)
    at Fr._next (https://www.greencity.cx.ua/chunk-NUXSP4TM.js:7:2803)
    at Fr.next (https://www.greencity.cx.ua/chunk-NUXSP4TM.js:7:2530)
    at https://www.greencity.cx.ua/chunk-NUXSP4TM.js:7:7848
    at Ac (https://www.greencity.cx.ua/chunk-NUXSP4TM.js:7:2222)
    at S0.next (https://www.greencity.cx.ua/chunk-NUXSP4TM.js:7:7687), [2026-03-14T18:25:43.635Z] [SEVERE] https://www.greencity.cx.ua/chunk-NUXSP4TM.js 10:45939 "ERROR" TypeError: Cannot read properties of null (reading 'setValue')
    at n.quillContentChanged (https://www.greencity.cx.ua/chunk-VNNOUBDJ.js:1:16043)
    at https://www.greencity.cx.ua/chunk-VNNOUBDJ.js:1:7223
    at eE (https://www.greencity.cx.ua/chunk-NUXSP4TM.js:11:76097)
    at Object.o [as next] (https://www.greencity.cx.ua/chunk-NUXSP4TM.js:11:76277)
    at bv.next (https://www.greencity.cx.ua/chunk-NUXSP4TM.js:7:3120)
    at Fr._next (https://www.greencity.cx.ua/chunk-NUXSP4TM.js:7:2803)
    at Fr.next (https://www.greencity.cx.ua/chunk-NUXSP4TM.js:7:2530)
    at https://www.greencity.cx.ua/chunk-NUXSP4TM.js:7:7848
    at Ac (https://www.greencity.cx.ua/chunk-NUXSP4TM.js:7:2222)
    at S0.next (https://www.greencity.cx.ua/chunk-NUXSP4TM.js:7:7687), [2026-03-14T18:25:43.637Z] [SEVERE] https://www.greencity.cx.ua/chunk-NUXSP4TM.js 10:45939 "ERROR" TypeError: Cannot read properties of null (reading 'setValue')
    at n.quillContentChanged (https://www.greencity.cx.ua/chunk-VNNOUBDJ.js:1:16043)
    at https://www.greencity.cx.ua/chunk-VNNOUBDJ.js:1:7223
    at eE (https://www.greencity.cx.ua/chunk-NUXSP4TM.js:11:76097)
    at Object.o [as next] (https://www.greencity.cx.ua/chunk-NUXSP4TM.js:11:76277)
    at bv.next (https://www.greencity.cx.ua/chunk-NUXSP4TM.js:7:3120)
    at Fr._next (https://www.greencity.cx.ua/chunk-NUXSP4TM.js:7:2803)
    at Fr.next (https://www.greencity.cx.ua/chunk-NUXSP4TM.js:7:2530)
    at https://www.greencity.cx.ua/chunk-NUXSP4TM.js:7:7848
    at Ac (https://www.greencity.cx.ua/chunk-NUXSP4TM.js:7:2222)
    at S0.next (https://www.greencity.cx.ua/chunk-NUXSP4TM.js:7:7687), [2026-03-14T18:25:43.639Z] [SEVERE] https://www.greencity.cx.ua/chunk-NUXSP4TM.js 10:45939 "ERROR" TypeError: Cannot read properties of null (reading 'setValue')
    at n.quillContentChanged (https://www.greencity.cx.ua/chunk-VNNOUBDJ.js:1:16043)
    at https://www.greencity.cx.ua/chunk-VNNOUBDJ.js:1:7223
    at eE (https://www.greencity.cx.ua/chunk-NUXSP4TM.js:11:76097)
    at Object.o [as next] (https://www.greencity.cx.ua/chunk-NUXSP4TM.js:11:76277)
    at bv.next (https://www.greencity.cx.ua/chunk-NUXSP4TM.js:7:3120)
    at Fr._next (https://www.greencity.cx.ua/chunk-NUXSP4TM.js:7:2803)
    at Fr.next (https://www.greencity.cx.ua/chunk-NUXSP4TM.js:7:2530)
    at https://www.greencity.cx.ua/chunk-NUXSP4TM.js:7:7848
    at Ac (https://www.greencity.cx.ua/chunk-NUXSP4TM.js:7:2222)
    at S0.next (https://www.greencity.cx.ua/chunk-NUXSP4TM.js:7:7687), [2026-03-14T18:25:43.641Z] [SEVERE] https://www.greencity.cx.ua/chunk-NUXSP4TM.js 10:45939 "ERROR" TypeError: Cannot read properties of null (reading 'setValue')
    at n.quillContentChanged (https://www.greencity.cx.ua/chunk-VNNOUBDJ.js:1:16043)
    at https://www.greencity.cx.ua/chunk-VNNOUBDJ.js:1:7223
    at eE (https://www.greencity.cx.ua/chunk-NUXSP4TM.js:11:76097)
    at Object.o [as next] (https://www.greencity.cx.ua/chunk-NUXSP4TM.js:11:76277)
    at bv.next (https://www.greencity.cx.ua/chunk-NUXSP4TM.js:7:3120)
    at Fr._next (https://www.greencity.cx.ua/chunk-NUXSP4TM.js:7:2803)
    at Fr.next (https://www.greencity.cx.ua/chunk-NUXSP4TM.js:7:2530)
    at https://www.greencity.cx.ua/chunk-NUXSP4TM.js:7:7848
    at Ac (https://www.greencity.cx.ua/chunk-NUXSP4TM.js:7:2222)
    at S0.next (https://www.greencity.cx.ua/chunk-NUXSP4TM.js:7:7687), [2026-03-14T18:25:43.644Z] [SEVERE] https://www.greencity.cx.ua/chunk-NUXSP4TM.js 10:45939 "ERROR" TypeError: Cannot read properties of null (reading 'setValue')
    at n.quillContentChanged (https://www.greencity.cx.ua/chunk-VNNOUBDJ.js:1:16043)
    at https://www.greencity.cx.ua/chunk-VNNOUBDJ.js:1:7223
    at eE (https://www.greencity.cx.ua/chunk-NUXSP4TM.js:11:76097)
    at Object.o [as next] (https://www.greencity.cx.ua/chunk-NUXSP4TM.js:11:76277)
    at bv.next (https://www.greencity.cx.ua/chunk-NUXSP4TM.js:7:3120)
    at Fr._next (https://www.greencity.cx.ua/chunk-NUXSP4TM.js:7:2803)
    at Fr.next (https://www.greencity.cx.ua/chunk-NUXSP4TM.js:7:2530)
    at https://www.greencity.cx.ua/chunk-NUXSP4TM.js:7:7848
    at Ac (https://www.greencity.cx.ua/chunk-NUXSP4TM.js:7:2222)
    at S0.next (https://www.greencity.cx.ua/chunk-NUXSP4TM.js:7:7687), [2026-03-14T18:25:43.646Z] [SEVERE] https://www.greencity.cx.ua/chunk-NUXSP4TM.js 10:45939 "ERROR" TypeError: Cannot read properties of null (reading 'setValue')
    at n.quillContentChanged (https://www.greencity.cx.ua/chunk-VNNOUBDJ.js:1:16043)
    at https://www.greencity.cx.ua/chunk-VNNOUBDJ.js:1:7223
    at eE (https://www.greencity.cx.ua/chunk-NUXSP4TM.js:11:76097)
    at Object.o [as next] (https://www.greencity.cx.ua/chunk-NUXSP4TM.js:11:76277)
    at bv.next (https://www.greencity.cx.ua/chunk-NUXSP4TM.js:7:3120)
    at Fr._next (https://www.greencity.cx.ua/chunk-NUXSP4TM.js:7:2803)
    at Fr.next (https://www.greencity.cx.ua/chunk-NUXSP4TM.js:7:2530)
    at https://www.greencity.cx.ua/chunk-NUXSP4TM.js:7:7848
    at Ac (https://www.greencity.cx.ua/chunk-NUXSP4TM.js:7:2222)
    at S0.next (https://www.greencity.cx.ua/chunk-NUXSP4TM.js:7:7687), [2026-03-14T18:25:43.648Z] [SEVERE] https://www.greencity.cx.ua/chunk-NUXSP4TM.js 10:45939 "ERROR" TypeError: Cannot read properties of null (reading 'setValue')
    at n.quillContentChanged (https://www.greencity.cx.ua/chunk-VNNOUBDJ.js:1:16043)
    at https://www.greencity.cx.ua/chunk-VNNOUBDJ.js:1:7223
    at eE (https://www.greencity.cx.ua/chunk-NUXSP4TM.js:11:76097)
    at Object.o [as next] (https://www.greencity.cx.ua/chunk-NUXSP4TM.js:11:76277)
    at bv.next (https://www.greencity.cx.ua/chunk-NUXSP4TM.js:7:3120)
    at Fr._next (https://www.greencity.cx.ua/chunk-NUXSP4TM.js:7:2803)
    at Fr.next (https://www.greencity.cx.ua/chunk-NUXSP4TM.js:7:2530)
    at https://www.greencity.cx.ua/chunk-NUXSP4TM.js:7:7848
    at Ac (https://www.greencity.cx.ua/chunk-NUXSP4TM.js:7:2222)
    at S0.next (https://www.greencity.cx.ua/chunk-NUXSP4TM.js:7:7687), [2026-03-14T18:25:43.650Z] [SEVERE] https://www.greencity.cx.ua/chunk-NUXSP4TM.js 10:45939 "ERROR" TypeError: Cannot read properties of null (reading 'setValue')
    at n.quillContentChanged (https://www.greencity.cx.ua/chunk-VNNOUBDJ.js:1:16043)
    at https://www.greencity.cx.ua/chunk-VNNOUBDJ.js:1:7223
    at eE (https://www.greencity.cx.ua/chunk-NUXSP4TM.js:11:76097)
    at Object.o [as next] (https://www.greencity.cx.ua/chunk-NUXSP4TM.js:11:76277)
    at bv.next (https://www.greencity.cx.ua/chunk-NUXSP4TM.js:7:3120)
    at Fr._next (https://www.greencity.cx.ua/chunk-NUXSP4TM.js:7:2803)
    at Fr.next (https://www.greencity.cx.ua/chunk-NUXSP4TM.js:7:2530)
    at https://www.greencity.cx.ua/chunk-NUXSP4TM.js:7:7848
    at Ac (https://www.greencity.cx.ua/chunk-NUXSP4TM.js:7:2222)
    at S0.next (https://www.greencity.cx.ua/chunk-NUXSP4TM.js:7:7687), [2026-03-14T18:25:43.653Z] [SEVERE] https://www.greencity.cx.ua/chunk-NUXSP4TM.js 10:45939 "ERROR" TypeError: Cannot read properties of null (reading 'setValue')
    at n.quillContentChanged (https://www.greencity.cx.ua/chunk-VNNOUBDJ.js:1:16043)
    at https://www.greencity.cx.ua/chunk-VNNOUBDJ.js:1:7223
    at eE (https://www.greencity.cx.ua/chunk-NUXSP4TM.js:11:76097)
    at Object.o [as next] (https://www.greencity.cx.ua/chunk-NUXSP4TM.js:11:76277)
    at bv.next (https://www.greencity.cx.ua/chunk-NUXSP4TM.js:7:3120)
    at Fr._next (https://www.greencity.cx.ua/chunk-NUXSP4TM.js:7:2803)
    at Fr.next (https://www.greencity.cx.ua/chunk-NUXSP4TM.js:7:2530)
    at https://www.greencity.cx.ua/chunk-NUXSP4TM.js:7:7848
    at Ac (https://www.greencity.cx.ua/chunk-NUXSP4TM.js:7:2222)
    at S0.next (https://www.greencity.cx.ua/chunk-NUXSP4TM.js:7:7687), [2026-03-14T18:25:43.655Z] [SEVERE] https://www.greencity.cx.ua/chunk-NUXSP4TM.js 10:45939 "ERROR" TypeError: Cannot read properties of null (reading 'setValue')
    at n.quillContentChanged (https://www.greencity.cx.ua/chunk-VNNOUBDJ.js:1:16043)
    at https://www.greencity.cx.ua/chunk-VNNOUBDJ.js:1:7223
    at eE (https://www.greencity.cx.ua/chunk-NUXSP4TM.js:11:76097)
    at Object.o [as next] (https://www.greencity.cx.ua/chunk-NUXSP4TM.js:11:76277)
    at bv.next (https://www.greencity.cx.ua/chunk-NUXSP4TM.js:7:3120)
    at Fr._next (https://www.greencity.cx.ua/chunk-NUXSP4TM.js:7:2803)
    at Fr.next (https://www.greencity.cx.ua/chunk-NUXSP4TM.js:7:2530)
    at https://www.greencity.cx.ua/chunk-NUXSP4TM.js:7:7848
    at Ac (https://www.greencity.cx.ua/chunk-NUXSP4TM.js:7:2222)
    at S0.next (https://www.greencity.cx.ua/chunk-NUXSP4TM.js:7:7687), [2026-03-14T18:25:43.658Z] [SEVERE] https://www.greencity.cx.ua/chunk-NUXSP4TM.js 10:45939 "ERROR" TypeError: Cannot read properties of null (reading 'setValue')
    at n.quillContentChanged (https://www.greencity.cx.ua/chunk-VNNOUBDJ.js:1:16043)
    at https://www.greencity.cx.ua/chunk-VNNOUBDJ.js:1:7223
    at eE (https://www.greencity.cx.ua/chunk-NUXSP4TM.js:11:76097)
    at Object.o [as next] (https://www.greencity.cx.ua/chunk-NUXSP4TM.js:11:76277)
    at bv.next (https://www.greencity.cx.ua/chunk-NUXSP4TM.js:7:3120)
    at Fr._next (https://www.greencity.cx.ua/chunk-NUXSP4TM.js:7:2803)
    at Fr.next (https://www.greencity.cx.ua/chunk-NUXSP4TM.js:7:2530)
    at https://www.greencity.cx.ua/chunk-NUXSP4TM.js:7:7848
    at Ac (https://www.greencity.cx.ua/chunk-NUXSP4TM.js:7:2222)
    at S0.next (https://www.greencity.cx.ua/chunk-NUXSP4TM.js:7:7687), [2026-03-14T18:25:43.660Z] [SEVERE] https://www.greencity.cx.ua/chunk-NUXSP4TM.js 10:45939 "ERROR" TypeError: Cannot read properties of null (reading 'setValue')
    at n.quillContentChanged (https://www.greencity.cx.ua/chunk-VNNOUBDJ.js:1:16043)
    at https://www.greencity.cx.ua/chunk-VNNOUBDJ.js:1:7223
    at eE (https://www.greencity.cx.ua/chunk-NUXSP4TM.js:11:76097)
    at Object.o [as next] (https://www.greencity.cx.ua/chunk-NUXSP4TM.js:11:76277)
    at bv.next (https://www.greencity.cx.ua/chunk-NUXSP4TM.js:7:3120)
    at Fr._next (https://www.greencity.cx.ua/chunk-NUXSP4TM.js:7:2803)
    at Fr.next (https://www.greencity.cx.ua/chunk-NUXSP4TM.js:7:2530)
    at https://www.greencity.cx.ua/chunk-NUXSP4TM.js:7:7848
    at Ac (https://www.greencity.cx.ua/chunk-NUXSP4TM.js:7:2222)
    at S0.next (https://www.greencity.cx.ua/chunk-NUXSP4TM.js:7:7687), [2026-03-14T18:25:43.662Z] [SEVERE] https://www.greencity.cx.ua/chunk-NUXSP4TM.js 10:45939 "ERROR" TypeError: Cannot read properties of null (reading 'setValue')
    at n.quillContentChanged (https://www.greencity.cx.ua/chunk-VNNOUBDJ.js:1:16043)
    at https://www.greencity.cx.ua/chunk-VNNOUBDJ.js:1:7223
    at eE (https://www.greencity.cx.ua/chunk-NUXSP4TM.js:11:76097)
    at Object.o [as next] (https://www.greencity.cx.ua/chunk-NUXSP4TM.js:11:76277)
    at bv.next (https://www.greencity.cx.ua/chunk-NUXSP4TM.js:7:3120)
    at Fr._next (https://www.greencity.cx.ua/chunk-NUXSP4TM.js:7:2803)
    at Fr.next (https://www.greencity.cx.ua/chunk-NUXSP4TM.js:7:2530)
    at https://www.greencity.cx.ua/chunk-NUXSP4TM.js:7:7848
    at Ac (https://www.greencity.cx.ua/chunk-NUXSP4TM.js:7:2222)
    at S0.next (https://www.greencity.cx.ua/chunk-NUXSP4TM.js:7:7687), [2026-03-14T18:25:43.664Z] [SEVERE] https://www.greencity.cx.ua/chunk-NUXSP4TM.js 10:45939 "ERROR" TypeError: Cannot read properties of null (reading 'setValue')
    at n.quillContentChanged (https://www.greencity.cx.ua/chunk-VNNOUBDJ.js:1:16043)
    at https://www.greencity.cx.ua/chunk-VNNOUBDJ.js:1:7223
    at eE (https://www.greencity.cx.ua/chunk-NUXSP4TM.js:11:76097)
    at Object.o [as next] (https://www.greencity.cx.ua/chunk-NUXSP4TM.js:11:76277)
    at bv.next (https://www.greencity.cx.ua/chunk-NUXSP4TM.js:7:3120)
    at Fr._next (https://www.greencity.cx.ua/chunk-NUXSP4TM.js:7:2803)
    at Fr.next (https://www.greencity.cx.ua/chunk-NUXSP4TM.js:7:2530)
    at https://www.greencity.cx.ua/chunk-NUXSP4TM.js:7:7848
    at Ac (https://www.greencity.cx.ua/chunk-NUXSP4TM.js:7:2222)
    at S0.next (https://www.greencity.cx.ua/chunk-NUXSP4TM.js:7:7687), [2026-03-14T18:25:43.666Z] [SEVERE] https://www.greencity.cx.ua/chunk-NUXSP4TM.js 10:45939 "ERROR" TypeError: Cannot read properties of null (reading 'setValue')
    at n.quillContentChanged (https://www.greencity.cx.ua/chunk-VNNOUBDJ.js:1:16043)
    at https://www.greencity.cx.ua/chunk-VNNOUBDJ.js:1:7223
    at eE (https://www.greencity.cx.ua/chunk-NUXSP4TM.js:11:76097)
    at Object.o [as next] (https://www.greencity.cx.ua/chunk-NUXSP4TM.js:11:76277)
    at bv.next (https://www.greencity.cx.ua/chunk-NUXSP4TM.js:7:3120)
    at Fr._next (https://www.greencity.cx.ua/chunk-NUXSP4TM.js:7:2803)
    at Fr.next (https://www.greencity.cx.ua/chunk-NUXSP4TM.js:7:2530)
    at https://www.greencity.cx.ua/chunk-NUXSP4TM.js:7:7848
    at Ac (https://www.greencity.cx.ua/chunk-NUXSP4TM.js:7:2222)
    at S0.next (https://www.greencity.cx.ua/chunk-NUXSP4TM.js:7:7687), [2026-03-14T18:25:43.669Z] [SEVERE] https://www.greencity.cx.ua/chunk-NUXSP4TM.js 10:45939 "ERROR" TypeError: Cannot read properties of null (reading 'setValue')
    at n.quillContentChanged (https://www.greencity.cx.ua/chunk-VNNOUBDJ.js:1:16043)
    at https://www.greencity.cx.ua/chunk-VNNOUBDJ.js:1:7223
    at eE (https://www.greencity.cx.ua/chunk-NUXSP4TM.js:11:76097)
    at Object.o [as next] (https://www.greencity.cx.ua/chunk-NUXSP4TM.js:11:76277)
    at bv.next (https://www.greencity.cx.ua/chunk-NUXSP4TM.js:7:3120)
    at Fr._next (https://www.greencity.cx.ua/chunk-NUXSP4TM.js:7:2803)
    at Fr.next (https://www.greencity.cx.ua/chunk-NUXSP4TM.js:7:2530)
    at https://www.greencity.cx.ua/chunk-NUXSP4TM.js:7:7848
    at Ac (https://www.greencity.cx.ua/chunk-NUXSP4TM.js:7:2222)
    at S0.next (https://www.greencity.cx.ua/chunk-NUXSP4TM.js:7:7687), [2026-03-14T18:25:43.671Z] [SEVERE] https://www.greencity.cx.ua/chunk-NUXSP4TM.js 10:45939 "ERROR" TypeError: Cannot read properties of null (reading 'setValue')
    at n.quillContentChanged (https://www.greencity.cx.ua/chunk-VNNOUBDJ.js:1:16043)
    at https://www.greencity.cx.ua/chunk-VNNOUBDJ.js:1:7223
    at eE (https://www.greencity.cx.ua/chunk-NUXSP4TM.js:11:76097)
    at Object.o [as next] (https://www.greencity.cx.ua/chunk-NUXSP4TM.js:11:76277)
    at bv.next (https://www.greencity.cx.ua/chunk-NUXSP4TM.js:7:3120)
    at Fr._next (https://www.greencity.cx.ua/chunk-NUXSP4TM.js:7:2803)
    at Fr.next (https://www.greencity.cx.ua/chunk-NUXSP4TM.js:7:2530)
    at https://www.greencity.cx.ua/chunk-NUXSP4TM.js:7:7848
    at Ac (https://www.greencity.cx.ua/chunk-NUXSP4TM.js:7:2222)
    at S0.next (https://www.greencity.cx.ua/chunk-NUXSP4TM.js:7:7687), [2026-03-14T18:25:43.673Z] [SEVERE] https://www.greencity.cx.ua/chunk-NUXSP4TM.js 10:45939 "ERROR" TypeError: Cannot read properties of null (reading 'setValue')
    at n.quillContentChanged (https://www.greencity.cx.ua/chunk-VNNOUBDJ.js:1:16043)
    at https://www.greencity.cx.ua/chunk-VNNOUBDJ.js:1:7223
    at eE (https://www.greencity.cx.ua/chunk-NUXSP4TM.js:11:76097)
    at Object.o [as next] (https://www.greencity.cx.ua/chunk-NUXSP4TM.js:11:76277)
    at bv.next (https://www.greencity.cx.ua/chunk-NUXSP4TM.js:7:3120)
    at Fr._next (https://www.greencity.cx.ua/chunk-NUXSP4TM.js:7:2803)
    at Fr.next (https://www.greencity.cx.ua/chunk-NUXSP4TM.js:7:2530)
    at https://www.greencity.cx.ua/chunk-NUXSP4TM.js:7:7848
    at Ac (https://www.greencity.cx.ua/chunk-NUXSP4TM.js:7:2222)
    at S0.next (https://www.greencity.cx.ua/chunk-NUXSP4TM.js:7:7687), [2026-03-14T18:25:43.675Z] [SEVERE] https://www.greencity.cx.ua/chunk-NUXSP4TM.js 10:45939 "ERROR" TypeError: Cannot read properties of null (reading 'setValue')
    at n.quillContentChanged (https://www.greencity.cx.ua/chunk-VNNOUBDJ.js:1:16043)
    at https://www.greencity.cx.ua/chunk-VNNOUBDJ.js:1:7223
    at eE (https://www.greencity.cx.ua/chunk-NUXSP4TM.js:11:76097)
    at Object.o [as next] (https://www.greencity.cx.ua/chunk-NUXSP4TM.js:11:76277)
    at bv.next (https://www.greencity.cx.ua/chunk-NUXSP4TM.js:7:3120)
    at Fr._next (https://www.greencity.cx.ua/chunk-NUXSP4TM.js:7:2803)
    at Fr.next (https://www.greencity.cx.ua/chunk-NUXSP4TM.js:7:2530)
    at https://www.greencity.cx.ua/chunk-NUXSP4TM.js:7:7848
    at Ac (https://www.greencity.cx.ua/chunk-NUXSP4TM.js:7:2222)
    at S0.next (https://www.greencity.cx.ua/chunk-NUXSP4TM.js:7:7687), [2026-03-14T18:25:43.678Z] [SEVERE] https://www.greencity.cx.ua/chunk-NUXSP4TM.js 10:45939 "ERROR" TypeError: Cannot read properties of null (reading 'setValue')
    at n.quillContentChanged (https://www.greencity.cx.ua/chunk-VNNOUBDJ.js:1:16043)
    at https://www.greencity.cx.ua/chunk-VNNOUBDJ.js:1:7223
    at eE (https://www.greencity.cx.ua/chunk-NUXSP4TM.js:11:76097)
    at Object.o [as next] (https://www.greencity.cx.ua/chunk-NUXSP4TM.js:11:76277)
    at bv.next (https://www.greencity.cx.ua/chunk-NUXSP4TM.js:7:3120)
    at Fr._next (https://www.greencity.cx.ua/chunk-NUXSP4TM.js:7:2803)
    at Fr.next (https://www.greencity.cx.ua/chunk-NUXSP4TM.js:7:2530)
    at https://www.greencity.cx.ua/chunk-NUXSP4TM.js:7:7848
    at Ac (https://www.greencity.cx.ua/chunk-NUXSP4TM.js:7:2222)
    at S0.next (https://www.greencity.cx.ua/chunk-NUXSP4TM.js:7:7687), [2026-03-14T18:25:43.680Z] [SEVERE] https://www.greencity.cx.ua/chunk-NUXSP4TM.js 10:45939 "ERROR" TypeError: Cannot read properties of null (reading 'setValue')
    at n.quillContentChanged (https://www.greencity.cx.ua/chunk-VNNOUBDJ.js:1:16043)
    at https://www.greencity.cx.ua/chunk-VNNOUBDJ.js:1:7223
    at eE (https://www.greencity.cx.ua/chunk-NUXSP4TM.js:11:76097)
    at Object.o [as next] (https://www.greencity.cx.ua/chunk-NUXSP4TM.js:11:76277)
    at bv.next (https://www.greencity.cx.ua/chunk-NUXSP4TM.js:7:3120)
    at Fr._next (https://www.greencity.cx.ua/chunk-NUXSP4TM.js:7:2803)
    at Fr.next (https://www.greencity.cx.ua/chunk-NUXSP4TM.js:7:2530)
    at https://www.greencity.cx.ua/chunk-NUXSP4TM.js:7:7848
    at Ac (https://www.greencity.cx.ua/chunk-NUXSP4TM.js:7:2222)
    at S0.next (https://www.greencity.cx.ua/chunk-NUXSP4TM.js:7:7687), [2026-03-14T18:25:43.682Z] [SEVERE] https://www.greencity.cx.ua/chunk-NUXSP4TM.js 10:45939 "ERROR" TypeError: Cannot read properties of null (reading 'setValue')
    at n.quillContentChanged (https://www.greencity.cx.ua/chunk-VNNOUBDJ.js:1:16043)
    at https://www.greencity.cx.ua/chunk-VNNOUBDJ.js:1:7223
    at eE (https://www.greencity.cx.ua/chunk-NUXSP4TM.js:11:76097)
    at Object.o [as next] (https://www.greencity.cx.ua/chunk-NUXSP4TM.js:11:76277)
    at bv.next (https://www.greencity.cx.ua/chunk-NUXSP4TM.js:7:3120)
    at Fr._next (https://www.greencity.cx.ua/chunk-NUXSP4TM.js:7:2803)
    at Fr.next (https://www.greencity.cx.ua/chunk-NUXSP4TM.js:7:2530)
    at https://www.greencity.cx.ua/chunk-NUXSP4TM.js:7:7848
    at Ac (https://www.greencity.cx.ua/chunk-NUXSP4TM.js:7:2222)
    at S0.next (https://www.greencity.cx.ua/chunk-NUXSP4TM.js:7:7687), [2026-03-14T18:25:43.684Z] [SEVERE] https://www.greencity.cx.ua/chunk-NUXSP4TM.js 10:45939 "ERROR" TypeError: Cannot read properties of null (reading 'setValue')
    at n.quillContentChanged (https://www.greencity.cx.ua/chunk-VNNOUBDJ.js:1:16043)
    at https://www.greencity.cx.ua/chunk-VNNOUBDJ.js:1:7223
    at eE (https://www.greencity.cx.ua/chunk-NUXSP4TM.js:11:76097)
    at Object.o [as next] (https://www.greencity.cx.ua/chunk-NUXSP4TM.js:11:76277)
    at bv.next (https://www.greencity.cx.ua/chunk-NUXSP4TM.js:7:3120)
    at Fr._next (https://www.greencity.cx.ua/chunk-NUXSP4TM.js:7:2803)
    at Fr.next (https://www.greencity.cx.ua/chunk-NUXSP4TM.js:7:2530)
    at https://www.greencity.cx.ua/chunk-NUXSP4TM.js:7:7848
    at Ac (https://www.greencity.cx.ua/chunk-NUXSP4TM.js:7:2222)
    at S0.next (https://www.greencity.cx.ua/chunk-NUXSP4TM.js:7:7687), [2026-03-14T18:25:43.687Z] [SEVERE] https://www.greencity.cx.ua/chunk-NUXSP4TM.js 10:45939 "ERROR" TypeError: Cannot read properties of null (reading 'setValue')
    at n.quillContentChanged (https://www.greencity.cx.ua/chunk-VNNOUBDJ.js:1:16043)
    at https://www.greencity.cx.ua/chunk-VNNOUBDJ.js:1:7223
    at eE (https://www.greencity.cx.ua/chunk-NUXSP4TM.js:11:76097)
    at Object.o [as next] (https://www.greencity.cx.ua/chunk-NUXSP4TM.js:11:76277)
    at bv.next (https://www.greencity.cx.ua/chunk-NUXSP4TM.js:7:3120)
    at Fr._next (https://www.greencity.cx.ua/chunk-NUXSP4TM.js:7:2803)
    at Fr.next (https://www.greencity.cx.ua/chunk-NUXSP4TM.js:7:2530)
    at https://www.greencity.cx.ua/chunk-NUXSP4TM.js:7:7848
    at Ac (https://www.greencity.cx.ua/chunk-NUXSP4TM.js:7:2222)
    at S0.next (https://www.greencity.cx.ua/chunk-NUXSP4TM.js:7:7687), [2026-03-14T18:25:43.689Z] [SEVERE] https://www.greencity.cx.ua/chunk-NUXSP4TM.js 10:45939 "ERROR" TypeError: Cannot read properties of null (reading 'setValue')
    at n.quillContentChanged (https://www.greencity.cx.ua/chunk-VNNOUBDJ.js:1:16043)
    at https://www.greencity.cx.ua/chunk-VNNOUBDJ.js:1:7223
    at eE (https://www.greencity.cx.ua/chunk-NUXSP4TM.js:11:76097)
    at Object.o [as next] (https://www.greencity.cx.ua/chunk-NUXSP4TM.js:11:76277)
    at bv.next (https://www.greencity.cx.ua/chunk-NUXSP4TM.js:7:3120)
    at Fr._next (https://www.greencity.cx.ua/chunk-NUXSP4TM.js:7:2803)
    at Fr.next (https://www.greencity.cx.ua/chunk-NUXSP4TM.js:7:2530)
    at https://www.greencity.cx.ua/chunk-NUXSP4TM.js:7:7848
    at Ac (https://www.greencity.cx.ua/chunk-NUXSP4TM.js:7:2222)
    at S0.next (https://www.greencity.cx.ua/chunk-NUXSP4TM.js:7:7687), [2026-03-14T18:25:43.692Z] [SEVERE] https://www.greencity.cx.ua/chunk-NUXSP4TM.js 10:45939 "ERROR" TypeError: Cannot read properties of null (reading 'setValue')
    at n.quillContentChanged (https://www.greencity.cx.ua/chunk-VNNOUBDJ.js:1:16043)
    at https://www.greencity.cx.ua/chunk-VNNOUBDJ.js:1:7223
    at eE (https://www.greencity.cx.ua/chunk-NUXSP4TM.js:11:76097)
    at Object.o [as next] (https://www.greencity.cx.ua/chunk-NUXSP4TM.js:11:76277)
    at bv.next (https://www.greencity.cx.ua/chunk-NUXSP4TM.js:7:3120)
    at Fr._next (https://www.greencity.cx.ua/chunk-NUXSP4TM.js:7:2803)
    at Fr.next (https://www.greencity.cx.ua/chunk-NUXSP4TM.js:7:2530)
    at https://www.greencity.cx.ua/chunk-NUXSP4TM.js:7:7848
    at Ac (https://www.greencity.cx.ua/chunk-NUXSP4TM.js:7:2222)
    at S0.next (https://www.greencity.cx.ua/chunk-NUXSP4TM.js:7:7687), [2026-03-14T18:25:43.694Z] [SEVERE] https://www.greencity.cx.ua/chunk-NUXSP4TM.js 10:45939 "ERROR" TypeError: Cannot read properties of null (reading 'setValue')
    at n.quillContentChanged (https://www.greencity.cx.ua/chunk-VNNOUBDJ.js:1:16043)
    at https://www.greencity.cx.ua/chunk-VNNOUBDJ.js:1:7223
    at eE (https://www.greencity.cx.ua/chunk-NUXSP4TM.js:11:76097)
    at Object.o [as next] (https://www.greencity.cx.ua/chunk-NUXSP4TM.js:11:76277)
    at bv.next (https://www.greencity.cx.ua/chunk-NUXSP4TM.js:7:3120)
    at Fr._next (https://www.greencity.cx.ua/chunk-NUXSP4TM.js:7:2803)
    at Fr.next (https://www.greencity.cx.ua/chunk-NUXSP4TM.js:7:2530)
    at https://www.greencity.cx.ua/chunk-NUXSP4TM.js:7:7848
    at Ac (https://www.greencity.cx.ua/chunk-NUXSP4TM.js:7:2222)
    at S0.next (https://www.greencity.cx.ua/chunk-NUXSP4TM.js:7:7687), [2026-03-14T18:25:43.696Z] [SEVERE] https://www.greencity.cx.ua/chunk-NUXSP4TM.js 10:45939 "ERROR" TypeError: Cannot read properties of null (reading 'setValue')
    at n.quillContentChanged (https://www.greencity.cx.ua/chunk-VNNOUBDJ.js:1:16043)
    at https://www.greencity.cx.ua/chunk-VNNOUBDJ.js:1:7223
    at eE (https://www.greencity.cx.ua/chunk-NUXSP4TM.js:11:76097)
    at Object.o [as next] (https://www.greencity.cx.ua/chunk-NUXSP4TM.js:11:76277)
    at bv.next (https://www.greencity.cx.ua/chunk-NUXSP4TM.js:7:3120)
    at Fr._next (https://www.greencity.cx.ua/chunk-NUXSP4TM.js:7:2803)
    at Fr.next (https://www.greencity.cx.ua/chunk-NUXSP4TM.js:7:2530)
    at https://www.greencity.cx.ua/chunk-NUXSP4TM.js:7:7848
    at Ac (https://www.greencity.cx.ua/chunk-NUXSP4TM.js:7:2222)
    at S0.next (https://www.greencity.cx.ua/chunk-NUXSP4TM.js:7:7687), [2026-03-14T18:25:43.699Z] [SEVERE] https://www.greencity.cx.ua/chunk-NUXSP4TM.js 10:45939 "ERROR" TypeError: Cannot read properties of null (reading 'setValue')
    at n.quillContentChanged (https://www.greencity.cx.ua/chunk-VNNOUBDJ.js:1:16043)
    at https://www.greencity.cx.ua/chunk-VNNOUBDJ.js:1:7223
    at eE (https://www.greencity.cx.ua/chunk-NUXSP4TM.js:11:76097)
    at Object.o [as next] (https://www.greencity.cx.ua/chunk-NUXSP4TM.js:11:76277)
    at bv.next (https://www.greencity.cx.ua/chunk-NUXSP4TM.js:7:3120)
    at Fr._next (https://www.greencity.cx.ua/chunk-NUXSP4TM.js:7:2803)
    at Fr.next (https://www.greencity.cx.ua/chunk-NUXSP4TM.js:7:2530)
    at https://www.greencity.cx.ua/chunk-NUXSP4TM.js:7:7848
    at Ac (https://www.greencity.cx.ua/chunk-NUXSP4TM.js:7:2222)
    at S0.next (https://www.greencity.cx.ua/chunk-NUXSP4TM.js:7:7687), [2026-03-14T18:25:43.701Z] [SEVERE] https://www.greencity.cx.ua/chunk-NUXSP4TM.js 10:45939 "ERROR" TypeError: Cannot read properties of null (reading 'setValue')
    at n.quillContentChanged (https://www.greencity.cx.ua/chunk-VNNOUBDJ.js:1:16043)
    at https://www.greencity.cx.ua/chunk-VNNOUBDJ.js:1:7223
    at eE (https://www.greencity.cx.ua/chunk-NUXSP4TM.js:11:76097)
    at Object.o [as next] (https://www.greencity.cx.ua/chunk-NUXSP4TM.js:11:76277)
    at bv.next (https://www.greencity.cx.ua/chunk-NUXSP4TM.js:7:3120)
    at Fr._next (https://www.greencity.cx.ua/chunk-NUXSP4TM.js:7:2803)
    at Fr.next (https://www.greencity.cx.ua/chunk-NUXSP4TM.js:7:2530)
    at https://www.greencity.cx.ua/chunk-NUXSP4TM.js:7:7848
    at Ac (https://www.greencity.cx.ua/chunk-NUXSP4TM.js:7:2222)
    at S0.next (https://www.greencity.cx.ua/chunk-NUXSP4TM.js:7:7687), [2026-03-14T18:25:43.703Z] [SEVERE] https://www.greencity.cx.ua/chunk-NUXSP4TM.js 10:45939 "ERROR" TypeError: Cannot read properties of null (reading 'setValue')
    at n.quillContentChanged (https://www.greencity.cx.ua/chunk-VNNOUBDJ.js:1:16043)
    at https://www.greencity.cx.ua/chunk-VNNOUBDJ.js:1:7223
    at eE (https://www.greencity.cx.ua/chunk-NUXSP4TM.js:11:76097)
    at Object.o [as next] (https://www.greencity.cx.ua/chunk-NUXSP4TM.js:11:76277)
    at bv.next (https://www.greencity.cx.ua/chunk-NUXSP4TM.js:7:3120)
    at Fr._next (https://www.greencity.cx.ua/chunk-NUXSP4TM.js:7:2803)
    at Fr.next (https://www.greencity.cx.ua/chunk-NUXSP4TM.js:7:2530)
    at https://www.greencity.cx.ua/chunk-NUXSP4TM.js:7:7848
    at Ac (https://www.greencity.cx.ua/chunk-NUXSP4TM.js:7:2222)
    at S0.next (https://www.greencity.cx.ua/chunk-NUXSP4TM.js:7:7687), [2026-03-14T18:25:43.706Z] [SEVERE] https://www.greencity.cx.ua/chunk-NUXSP4TM.js 10:45939 "ERROR" TypeError: Cannot read properties of null (reading 'setValue')
    at n.quillContentChanged (https://www.greencity.cx.ua/chunk-VNNOUBDJ.js:1:16043)
    at https://www.greencity.cx.ua/chunk-VNNOUBDJ.js:1:7223
    at eE (https://www.greencity.cx.ua/chunk-NUXSP4TM.js:11:76097)
    at Object.o [as next] (https://www.greencity.cx.ua/chunk-NUXSP4TM.js:11:76277)
    at bv.next (https://www.greencity.cx.ua/chunk-NUXSP4TM.js:7:3120)
    at Fr._next (https://www.greencity.cx.ua/chunk-NUXSP4TM.js:7:2803)
    at Fr.next (https://www.greencity.cx.ua/chunk-NUXSP4TM.js:7:2530)
    at https://www.greencity.cx.ua/chunk-NUXSP4TM.js:7:7848
    at Ac (https://www.greencity.cx.ua/chunk-NUXSP4TM.js:7:2222)
    at S0.next (https://www.greencity.cx.ua/chunk-NUXSP4TM.js:7:7687), [2026-03-14T18:25:43.708Z] [SEVERE] https://www.greencity.cx.ua/chunk-NUXSP4TM.js 10:45939 "ERROR" TypeError: Cannot read properties of null (reading 'setValue')
    at n.quillContentChanged (https://www.greencity.cx.ua/chunk-VNNOUBDJ.js:1:16043)
    at https://www.greencity.cx.ua/chunk-VNNOUBDJ.js:1:7223
    at eE (https://www.greencity.cx.ua/chunk-NUXSP4TM.js:11:76097)
    at Object.o [as next] (https://www.greencity.cx.ua/chunk-NUXSP4TM.js:11:76277)
    at bv.next (https://www.greencity.cx.ua/chunk-NUXSP4TM.js:7:3120)
    at Fr._next (https://www.greencity.cx.ua/chunk-NUXSP4TM.js:7:2803)
    at Fr.next (https://www.greencity.cx.ua/chunk-NUXSP4TM.js:7:2530)
    at https://www.greencity.cx.ua/chunk-NUXSP4TM.js:7:7848
    at Ac (https://www.greencity.cx.ua/chunk-NUXSP4TM.js:7:2222)
    at S0.next (https://www.greencity.cx.ua/chunk-NUXSP4TM.js:7:7687), [2026-03-14T18:25:43.710Z] [SEVERE] https://www.greencity.cx.ua/chunk-NUXSP4TM.js 10:45939 "ERROR" TypeError: Cannot read properties of null (reading 'setValue')
    at n.quillContentChanged (https://www.greencity.cx.ua/chunk-VNNOUBDJ.js:1:16043)
    at https://www.greencity.cx.ua/chunk-VNNOUBDJ.js:1:7223
    at eE (https://www.greencity.cx.ua/chunk-NUXSP4TM.js:11:76097)
    at Object.o [as next] (https://www.greencity.cx.ua/chunk-NUXSP4TM.js:11:76277)
    at bv.next (https://www.greencity.cx.ua/chunk-NUXSP4TM.js:7:3120)
    at Fr._next (https://www.greencity.cx.ua/chunk-NUXSP4TM.js:7:2803)
    at Fr.next (https://www.greencity.cx.ua/chunk-NUXSP4TM.js:7:2530)
    at https://www.greencity.cx.ua/chunk-NUXSP4TM.js:7:7848
    at Ac (https://www.greencity.cx.ua/chunk-NUXSP4TM.js:7:2222)
    at S0.next (https://www.greencity.cx.ua/chunk-NUXSP4TM.js:7:7687), [2026-03-14T18:25:43.712Z] [SEVERE] https://www.greencity.cx.ua/chunk-NUXSP4TM.js 10:45939 "ERROR" TypeError: Cannot read properties of null (reading 'setValue')
    at n.quillContentChanged (https://www.greencity.cx.ua/chunk-VNNOUBDJ.js:1:16043)
    at https://www.greencity.cx.ua/chunk-VNNOUBDJ.js:1:7223
    at eE (https://www.greencity.cx.ua/chunk-NUXSP4TM.js:11:76097)
    at Object.o [as next] (https://www.greencity.cx.ua/chunk-NUXSP4TM.js:11:76277)
    at bv.next (https://www.greencity.cx.ua/chunk-NUXSP4TM.js:7:3120)
    at Fr._next (https://www.greencity.cx.ua/chunk-NUXSP4TM.js:7:2803)
    at Fr.next (https://www.greencity.cx.ua/chunk-NUXSP4TM.js:7:2530)
    at https://www.greencity.cx.ua/chunk-NUXSP4TM.js:7:7848
    at Ac (https://www.greencity.cx.ua/chunk-NUXSP4TM.js:7:2222)
    at S0.next (https://www.greencity.cx.ua/chunk-NUXSP4TM.js:7:7687), [2026-03-14T18:25:43.715Z] [SEVERE] https://www.greencity.cx.ua/chunk-NUXSP4TM.js 10:45939 "ERROR" TypeError: Cannot read properties of null (reading 'setValue')
    at n.quillContentChanged (https://www.greencity.cx.ua/chunk-VNNOUBDJ.js:1:16043)
    at https://www.greencity.cx.ua/chunk-VNNOUBDJ.js:1:7223
    at eE (https://www.greencity.cx.ua/chunk-NUXSP4TM.js:11:76097)
    at Object.o [as next] (https://www.greencity.cx.ua/chunk-NUXSP4TM.js:11:76277)
    at bv.next (https://www.greencity.cx.ua/chunk-NUXSP4TM.js:7:3120)
    at Fr._next (https://www.greencity.cx.ua/chunk-NUXSP4TM.js:7:2803)
    at Fr.next (https://www.greencity.cx.ua/chunk-NUXSP4TM.js:7:2530)
    at https://www.greencity.cx.ua/chunk-NUXSP4TM.js:7:7848
    at Ac (https://www.greencity.cx.ua/chunk-NUXSP4TM.js:7:2222)
    at S0.next (https://www.greencity.cx.ua/chunk-NUXSP4TM.js:7:7687), [2026-03-14T18:25:43.717Z] [SEVERE] https://www.greencity.cx.ua/chunk-NUXSP4TM.js 10:45939 "ERROR" TypeError: Cannot read properties of null (reading 'setValue')
    at n.quillContentChanged (https://www.greencity.cx.ua/chunk-VNNOUBDJ.js:1:16043)
    at https://www.greencity.cx.ua/chunk-VNNOUBDJ.js:1:7223
    at eE (https://www.greencity.cx.ua/chunk-NUXSP4TM.js:11:76097)
    at Object.o [as next] (https://www.greencity.cx.ua/chunk-NUXSP4TM.js:11:76277)
    at bv.next (https://www.greencity.cx.ua/chunk-NUXSP4TM.js:7:3120)
    at Fr._next (https://www.greencity.cx.ua/chunk-NUXSP4TM.js:7:2803)
    at Fr.next (https://www.greencity.cx.ua/chunk-NUXSP4TM.js:7:2530)
    at https://www.greencity.cx.ua/chunk-NUXSP4TM.js:7:7848
    at Ac (https://www.greencity.cx.ua/chunk-NUXSP4TM.js:7:2222)
    at S0.next (https://www.greencity.cx.ua/chunk-NUXSP4TM.js:7:7687), [2026-03-14T18:25:43.719Z] [SEVERE] https://www.greencity.cx.ua/chunk-NUXSP4TM.js 10:45939 "ERROR" TypeError: Cannot read properties of null (reading 'setValue')
    at n.quillContentChanged (https://www.greencity.cx.ua/chunk-VNNOUBDJ.js:1:16043)
    at https://www.greencity.cx.ua/chunk-VNNOUBDJ.js:1:7223
    at eE (https://www.greencity.cx.ua/chunk-NUXSP4TM.js:11:76097)
    at Object.o [as next] (https://www.greencity.cx.ua/chunk-NUXSP4TM.js:11:76277)
    at bv.next (https://www.greencity.cx.ua/chunk-NUXSP4TM.js:7:3120)
    at Fr._next (https://www.greencity.cx.ua/chunk-NUXSP4TM.js:7:2803)
    at Fr.next (https://www.greencity.cx.ua/chunk-NUXSP4TM.js:7:2530)
    at https://www.greencity.cx.ua/chunk-NUXSP4TM.js:7:7848
    at Ac (https://www.greencity.cx.ua/chunk-NUXSP4TM.js:7:2222)
    at S0.next (https://www.greencity.cx.ua/chunk-NUXSP4TM.js:7:7687), [2026-03-14T18:25:43.721Z] [SEVERE] https://www.greencity.cx.ua/chunk-NUXSP4TM.js 10:45939 "ERROR" TypeError: Cannot read properties of null (reading 'setValue')
    at n.quillContentChanged (https://www.greencity.cx.ua/chunk-VNNOUBDJ.js:1:16043)
    at https://www.greencity.cx.ua/chunk-VNNOUBDJ.js:1:7223
    at eE (https://www.greencity.cx.ua/chunk-NUXSP4TM.js:11:76097)
    at Object.o [as next] (https://www.greencity.cx.ua/chunk-NUXSP4TM.js:11:76277)
    at bv.next (https://www.greencity.cx.ua/chunk-NUXSP4TM.js:7:3120)
    at Fr._next (https://www.greencity.cx.ua/chunk-NUXSP4TM.js:7:2803)
    at Fr.next (https://www.greencity.cx.ua/chunk-NUXSP4TM.js:7:2530)
    at https://www.greencity.cx.ua/chunk-NUXSP4TM.js:7:7848
    at Ac (https://www.greencity.cx.ua/chunk-NUXSP4TM.js:7:2222)
    at S0.next (https://www.greencity.cx.ua/chunk-NUXSP4TM.js:7:7687), [2026-03-14T18:25:43.724Z] [SEVERE] https://www.greencity.cx.ua/chunk-NUXSP4TM.js 10:45939 "ERROR" TypeError: Cannot read properties of null (reading 'setValue')
    at n.quillContentChanged (https://www.greencity.cx.ua/chunk-VNNOUBDJ.js:1:16043)
    at https://www.greencity.cx.ua/chunk-VNNOUBDJ.js:1:7223
    at eE (https://www.greencity.cx.ua/chunk-NUXSP4TM.js:11:76097)
    at Object.o [as next] (https://www.greencity.cx.ua/chunk-NUXSP4TM.js:11:76277)
    at bv.next (https://www.greencity.cx.ua/chunk-NUXSP4TM.js:7:3120)
    at Fr._next (https://www.greencity.cx.ua/chunk-NUXSP4TM.js:7:2803)
    at Fr.next (https://www.greencity.cx.ua/chunk-NUXSP4TM.js:7:2530)
    at https://www.greencity.cx.ua/chunk-NUXSP4TM.js:7:7848
    at Ac (https://www.greencity.cx.ua/chunk-NUXSP4TM.js:7:2222)
    at S0.next (https://www.greencity.cx.ua/chunk-NUXSP4TM.js:7:7687), [2026-03-14T18:25:43.726Z] [SEVERE] https://www.greencity.cx.ua/chunk-NUXSP4TM.js 10:45939 "ERROR" TypeError: Cannot read properties of null (reading 'setValue')
    at n.quillContentChanged (https://www.greencity.cx.ua/chunk-VNNOUBDJ.js:1:16043)
    at https://www.greencity.cx.ua/chunk-VNNOUBDJ.js:1:7223
    at eE (https://www.greencity.cx.ua/chunk-NUXSP4TM.js:11:76097)
    at Object.o [as next] (https://www.greencity.cx.ua/chunk-NUXSP4TM.js:11:76277)
    at bv.next (https://www.greencity.cx.ua/chunk-NUXSP4TM.js:7:3120)
    at Fr._next (https://www.greencity.cx.ua/chunk-NUXSP4TM.js:7:2803)
    at Fr.next (https://www.greencity.cx.ua/chunk-NUXSP4TM.js:7:2530)
    at https://www.greencity.cx.ua/chunk-NUXSP4TM.js:7:7848
    at Ac (https://www.greencity.cx.ua/chunk-NUXSP4TM.js:7:2222)
    at S0.next (https://www.greencity.cx.ua/chunk-NUXSP4TM.js:7:7687), [2026-03-14T18:25:43.728Z] [SEVERE] https://www.greencity.cx.ua/chunk-NUXSP4TM.js 10:45939 "ERROR" TypeError: Cannot read properties of null (reading 'setValue')
    at n.quillContentChanged (https://www.greencity.cx.ua/chunk-VNNOUBDJ.js:1:16043)
    at https://www.greencity.cx.ua/chunk-VNNOUBDJ.js:1:7223
    at eE (https://www.greencity.cx.ua/chunk-NUXSP4TM.js:11:76097)
    at Object.o [as next] (https://www.greencity.cx.ua/chunk-NUXSP4TM.js:11:76277)
    at bv.next (https://www.greencity.cx.ua/chunk-NUXSP4TM.js:7:3120)
    at Fr._next (https://www.greencity.cx.ua/chunk-NUXSP4TM.js:7:2803)
    at Fr.next (https://www.greencity.cx.ua/chunk-NUXSP4TM.js:7:2530)
    at https://www.greencity.cx.ua/chunk-NUXSP4TM.js:7:7848
    at Ac (https://www.greencity.cx.ua/chunk-NUXSP4TM.js:7:2222)
    at S0.next (https://www.greencity.cx.ua/chunk-NUXSP4TM.js:7:7687), [2026-03-14T18:25:43.731Z] [SEVERE] https://www.greencity.cx.ua/chunk-NUXSP4TM.js 10:45939 "ERROR" TypeError: Cannot read properties of null (reading 'setValue')
    at n.quillContentChanged (https://www.greencity.cx.ua/chunk-VNNOUBDJ.js:1:16043)
    at https://www.greencity.cx.ua/chunk-VNNOUBDJ.js:1:7223
    at eE (https://www.greencity.cx.ua/chunk-NUXSP4TM.js:11:76097)
    at Object.o [as next] (https://www.greencity.cx.ua/chunk-NUXSP4TM.js:11:76277)
    at bv.next (https://www.greencity.cx.ua/chunk-NUXSP4TM.js:7:3120)
    at Fr._next (https://www.greencity.cx.ua/chunk-NUXSP4TM.js:7:2803)
    at Fr.next (https://www.greencity.cx.ua/chunk-NUXSP4TM.js:7:2530)
    at https://www.greencity.cx.ua/chunk-NUXSP4TM.js:7:7848
    at Ac (https://www.greencity.cx.ua/chunk-NUXSP4TM.js:7:2222)
    at S0.next (https://www.greencity.cx.ua/chunk-NUXSP4TM.js:7:7687), [2026-03-14T18:25:43.735Z] [SEVERE] https://www.greencity.cx.ua/chunk-NUXSP4TM.js 10:45939 "ERROR" TypeError: Cannot read properties of null (reading 'setValue')
    at n.quillContentChanged (https://www.greencity.cx.ua/chunk-VNNOUBDJ.js:1:16043)
    at https://www.greencity.cx.ua/chunk-VNNOUBDJ.js:1:7223
    at eE (https://www.greencity.cx.ua/chunk-NUXSP4TM.js:11:76097)
    at Object.o [as next] (https://www.greencity.cx.ua/chunk-NUXSP4TM.js:11:76277)
    at bv.next (https://www.greencity.cx.ua/chunk-NUXSP4TM.js:7:3120)
    at Fr._next (https://www.greencity.cx.ua/chunk-NUXSP4TM.js:7:2803)
    at Fr.next (https://www.greencity.cx.ua/chunk-NUXSP4TM.js:7:2530)
    at https://www.greencity.cx.ua/chunk-NUXSP4TM.js:7:7848
    at Ac (https://www.greencity.cx.ua/chunk-NUXSP4TM.js:7:2222)
    at S0.next (https://www.greencity.cx.ua/chunk-NUXSP4TM.js:7:7687), [2026-03-14T18:25:43.738Z] [SEVERE] https://www.greencity.cx.ua/chunk-NUXSP4TM.js 10:45939 "ERROR" TypeError: Cannot read properties of null (reading 'setValue')
    at n.quillContentChanged (https://www.greencity.cx.ua/chunk-VNNOUBDJ.js:1:16043)
    at https://www.greencity.cx.ua/chunk-VNNOUBDJ.js:1:7223
    at eE (https://www.greencity.cx.ua/chunk-NUXSP4TM.js:11:76097)
    at Object.o [as next] (https://www.greencity.cx.ua/chunk-NUXSP4TM.js:11:76277)
    at bv.next (https://www.greencity.cx.ua/chunk-NUXSP4TM.js:7:3120)
    at Fr._next (https://www.greencity.cx.ua/chunk-NUXSP4TM.js:7:2803)
    at Fr.next (https://www.greencity.cx.ua/chunk-NUXSP4TM.js:7:2530)
    at https://www.greencity.cx.ua/chunk-NUXSP4TM.js:7:7848
    at Ac (https://www.greencity.cx.ua/chunk-NUXSP4TM.js:7:2222)
    at S0.next (https://www.greencity.cx.ua/chunk-NUXSP4TM.js:7:7687), [2026-03-14T18:25:43.740Z] [SEVERE] https://www.greencity.cx.ua/chunk-NUXSP4TM.js 10:45939 "ERROR" TypeError: Cannot read properties of null (reading 'setValue')
    at n.quillContentChanged (https://www.greencity.cx.ua/chunk-VNNOUBDJ.js:1:16043)
    at https://www.greencity.cx.ua/chunk-VNNOUBDJ.js:1:7223
    at eE (https://www.greencity.cx.ua/chunk-NUXSP4TM.js:11:76097)
    at Object.o [as next] (https://www.greencity.cx.ua/chunk-NUXSP4TM.js:11:76277)
    at bv.next (https://www.greencity.cx.ua/chunk-NUXSP4TM.js:7:3120)
    at Fr._next (https://www.greencity.cx.ua/chunk-NUXSP4TM.js:7:2803)
    at Fr.next (https://www.greencity.cx.ua/chunk-NUXSP4TM.js:7:2530)
    at https://www.greencity.cx.ua/chunk-NUXSP4TM.js:7:7848
    at Ac (https://www.greencity.cx.ua/chunk-NUXSP4TM.js:7:2222)
    at S0.next (https://www.greencity.cx.ua/chunk-NUXSP4TM.js:7:7687), [2026-03-14T18:25:43.743Z] [SEVERE] https://www.greencity.cx.ua/chunk-NUXSP4TM.js 10:45939 "ERROR" TypeError: Cannot read properties of null (reading 'setValue')
    at n.quillContentChanged (https://www.greencity.cx.ua/chunk-VNNOUBDJ.js:1:16043)
    at https://www.greencity.cx.ua/chunk-VNNOUBDJ.js:1:7223
    at eE (https://www.greencity.cx.ua/chunk-NUXSP4TM.js:11:76097)
    at Object.o [as next] (https://www.greencity.cx.ua/chunk-NUXSP4TM.js:11:76277)
    at bv.next (https://www.greencity.cx.ua/chunk-NUXSP4TM.js:7:3120)
    at Fr._next (https://www.greencity.cx.ua/chunk-NUXSP4TM.js:7:2803)
    at Fr.next (https://www.greencity.cx.ua/chunk-NUXSP4TM.js:7:2530)
    at https://www.greencity.cx.ua/chunk-NUXSP4TM.js:7:7848
    at Ac (https://www.greencity.cx.ua/chunk-NUXSP4TM.js:7:2222)
    at S0.next (https://www.greencity.cx.ua/chunk-NUXSP4TM.js:7:7687), [2026-03-14T18:25:43.746Z] [SEVERE] https://www.greencity.cx.ua/chunk-NUXSP4TM.js 10:45939 "ERROR" TypeError: Cannot read properties of null (reading 'setValue')
    at n.quillContentChanged (https://www.greencity.cx.ua/chunk-VNNOUBDJ.js:1:16043)
    at https://www.greencity.cx.ua/chunk-VNNOUBDJ.js:1:7223
    at eE (https://www.greencity.cx.ua/chunk-NUXSP4TM.js:11:76097)
    at Object.o [as next] (https://www.greencity.cx.ua/chunk-NUXSP4TM.js:11:76277)
    at bv.next (https://www.greencity.cx.ua/chunk-NUXSP4TM.js:7:3120)
    at Fr._next (https://www.greencity.cx.ua/chunk-NUXSP4TM.js:7:2803)
    at Fr.next (https://www.greencity.cx.ua/chunk-NUXSP4TM.js:7:2530)
    at https://www.greencity.cx.ua/chunk-NUXSP4TM.js:7:7848
    at Ac (https://www.greencity.cx.ua/chunk-NUXSP4TM.js:7:2222)
    at S0.next (https://www.greencity.cx.ua/chunk-NUXSP4TM.js:7:7687), [2026-03-14T18:25:43.748Z] [SEVERE] https://www.greencity.cx.ua/chunk-NUXSP4TM.js 10:45939 "ERROR" TypeError: Cannot read properties of null (reading 'setValue')
    at n.quillContentChanged (https://www.greencity.cx.ua/chunk-VNNOUBDJ.js:1:16043)
    at https://www.greencity.cx.ua/chunk-VNNOUBDJ.js:1:7223
    at eE (https://www.greencity.cx.ua/chunk-NUXSP4TM.js:11:76097)
    at Object.o [as next] (https://www.greencity.cx.ua/chunk-NUXSP4TM.js:11:76277)
    at bv.next (https://www.greencity.cx.ua/chunk-NUXSP4TM.js:7:3120)
    at Fr._next (https://www.greencity.cx.ua/chunk-NUXSP4TM.js:7:2803)
    at Fr.next (https://www.greencity.cx.ua/chunk-NUXSP4TM.js:7:2530)
    at https://www.greencity.cx.ua/chunk-NUXSP4TM.js:7:7848
    at Ac (https://www.greencity.cx.ua/chunk-NUXSP4TM.js:7:2222)
    at S0.next (https://www.greencity.cx.ua/chunk-NUXSP4TM.js:7:7687), [2026-03-14T18:25:43.751Z] [SEVERE] https://www.greencity.cx.ua/chunk-NUXSP4TM.js 10:45939 "ERROR" TypeError: Cannot read properties of null (reading 'setValue')
    at n.quillContentChanged (https://www.greencity.cx.ua/chunk-VNNOUBDJ.js:1:16043)
    at https://www.greencity.cx.ua/chunk-VNNOUBDJ.js:1:7223
    at eE (https://www.greencity.cx.ua/chunk-NUXSP4TM.js:11:76097)
    at Object.o [as next] (https://www.greencity.cx.ua/chunk-NUXSP4TM.js:11:76277)
    at bv.next (https://www.greencity.cx.ua/chunk-NUXSP4TM.js:7:3120)
    at Fr._next (https://www.greencity.cx.ua/chunk-NUXSP4TM.js:7:2803)
    at Fr.next (https://www.greencity.cx.ua/chunk-NUXSP4TM.js:7:2530)
    at https://www.greencity.cx.ua/chunk-NUXSP4TM.js:7:7848
    at Ac (https://www.greencity.cx.ua/chunk-NUXSP4TM.js:7:2222)
    at S0.next (https://www.greencity.cx.ua/chunk-NUXSP4TM.js:7:7687), [2026-03-14T18:25:43.753Z] [SEVERE] https://www.greencity.cx.ua/chunk-NUXSP4TM.js 10:45939 "ERROR" TypeError: Cannot read properties of null (reading 'setValue')
    at n.quillContentChanged (https://www.greencity.cx.ua/chunk-VNNOUBDJ.js:1:16043)
    at https://www.greencity.cx.ua/chunk-VNNOUBDJ.js:1:7223
    at eE (https://www.greencity.cx.ua/chunk-NUXSP4TM.js:11:76097)
    at Object.o [as next] (https://www.greencity.cx.ua/chunk-NUXSP4TM.js:11:76277)
    at bv.next (https://www.greencity.cx.ua/chunk-NUXSP4TM.js:7:3120)
    at Fr._next (https://www.greencity.cx.ua/chunk-NUXSP4TM.js:7:2803)
    at Fr.next (https://www.greencity.cx.ua/chunk-NUXSP4TM.js:7:2530)
    at https://www.greencity.cx.ua/chunk-NUXSP4TM.js:7:7848
    at Ac (https://www.greencity.cx.ua/chunk-NUXSP4TM.js:7:2222)
    at S0.next (https://www.greencity.cx.ua/chunk-NUXSP4TM.js:7:7687), [2026-03-14T18:25:43.755Z] [SEVERE] https://www.greencity.cx.ua/chunk-NUXSP4TM.js 10:45939 "ERROR" TypeError: Cannot read properties of null (reading 'setValue')
    at n.quillContentChanged (https://www.greencity.cx.ua/chunk-VNNOUBDJ.js:1:16043)
    at https://www.greencity.cx.ua/chunk-VNNOUBDJ.js:1:7223
    at eE (https://www.greencity.cx.ua/chunk-NUXSP4TM.js:11:76097)
    at Object.o [as next] (https://www.greencity.cx.ua/chunk-NUXSP4TM.js:11:76277)
    at bv.next (https://www.greencity.cx.ua/chunk-NUXSP4TM.js:7:3120)
    at Fr._next (https://www.greencity.cx.ua/chunk-NUXSP4TM.js:7:2803)
    at Fr.next (https://www.greencity.cx.ua/chunk-NUXSP4TM.js:7:2530)
    at https://www.greencity.cx.ua/chunk-NUXSP4TM.js:7:7848
    at Ac (https://www.greencity.cx.ua/chunk-NUXSP4TM.js:7:2222)
    at S0.next (https://www.greencity.cx.ua/chunk-NUXSP4TM.js:7:7687), [2026-03-14T18:25:43.757Z] [SEVERE] https://www.greencity.cx.ua/chunk-NUXSP4TM.js 10:45939 "ERROR" TypeError: Cannot read properties of null (reading 'setValue')
    at n.quillContentChanged (https://www.greencity.cx.ua/chunk-VNNOUBDJ.js:1:16043)
    at https://www.greencity.cx.ua/chunk-VNNOUBDJ.js:1:7223
    at eE (https://www.greencity.cx.ua/chunk-NUXSP4TM.js:11:76097)
    at Object.o [as next] (https://www.greencity.cx.ua/chunk-NUXSP4TM.js:11:76277)
    at bv.next (https://www.greencity.cx.ua/chunk-NUXSP4TM.js:7:3120)
    at Fr._next (https://www.greencity.cx.ua/chunk-NUXSP4TM.js:7:2803)
    at Fr.next (https://www.greencity.cx.ua/chunk-NUXSP4TM.js:7:2530)
    at https://www.greencity.cx.ua/chunk-NUXSP4TM.js:7:7848
    at Ac (https://www.greencity.cx.ua/chunk-NUXSP4TM.js:7:2222)
    at S0.next (https://www.greencity.cx.ua/chunk-NUXSP4TM.js:7:7687), [2026-03-14T18:25:43.760Z] [SEVERE] https://www.greencity.cx.ua/chunk-NUXSP4TM.js 10:45939 "ERROR" TypeError: Cannot read properties of null (reading 'setValue')
    at n.quillContentChanged (https://www.greencity.cx.ua/chunk-VNNOUBDJ.js:1:16043)
    at https://www.greencity.cx.ua/chunk-VNNOUBDJ.js:1:7223
    at eE (https://www.greencity.cx.ua/chunk-NUXSP4TM.js:11:76097)
    at Object.o [as next] (https://www.greencity.cx.ua/chunk-NUXSP4TM.js:11:76277)
    at bv.next (https://www.greencity.cx.ua/chunk-NUXSP4TM.js:7:3120)
    at Fr._next (https://www.greencity.cx.ua/chunk-NUXSP4TM.js:7:2803)
    at Fr.next (https://www.greencity.cx.ua/chunk-NUXSP4TM.js:7:2530)
    at https://www.greencity.cx.ua/chunk-NUXSP4TM.js:7:7848
    at Ac (https://www.greencity.cx.ua/chunk-NUXSP4TM.js:7:2222)
    at S0.next (https://www.greencity.cx.ua/chunk-NUXSP4TM.js:7:7687), [2026-03-14T18:25:43.762Z] [SEVERE] https://www.greencity.cx.ua/chunk-NUXSP4TM.js 10:45939 "ERROR" TypeError: Cannot read properties of null (reading 'setValue')
    at n.quillContentChanged (https://www.greencity.cx.ua/chunk-VNNOUBDJ.js:1:16043)
    at https://www.greencity.cx.ua/chunk-VNNOUBDJ.js:1:7223
    at eE (https://www.greencity.cx.ua/chunk-NUXSP4TM.js:11:76097)
    at Object.o [as next] (https://www.greencity.cx.ua/chunk-NUXSP4TM.js:11:76277)
    at bv.next (https://www.greencity.cx.ua/chunk-NUXSP4TM.js:7:3120)
    at Fr._next (https://www.greencity.cx.ua/chunk-NUXSP4TM.js:7:2803)
    at Fr.next (https://www.greencity.cx.ua/chunk-NUXSP4TM.js:7:2530)
    at https://www.greencity.cx.ua/chunk-NUXSP4TM.js:7:7848
    at Ac (https://www.greencity.cx.ua/chunk-NUXSP4TM.js:7:2222)
    at S0.next (https://www.greencity.cx.ua/chunk-NUXSP4TM.js:7:7687), [2026-03-14T18:25:43.764Z] [SEVERE] https://www.greencity.cx.ua/chunk-NUXSP4TM.js 10:45939 "ERROR" TypeError: Cannot read properties of null (reading 'setValue')
    at n.quillContentChanged (https://www.greencity.cx.ua/chunk-VNNOUBDJ.js:1:16043)
    at https://www.greencity.cx.ua/chunk-VNNOUBDJ.js:1:7223
    at eE (https://www.greencity.cx.ua/chunk-NUXSP4TM.js:11:76097)
    at Object.o [as next] (https://www.greencity.cx.ua/chunk-NUXSP4TM.js:11:76277)
    at bv.next (https://www.greencity.cx.ua/chunk-NUXSP4TM.js:7:3120)
    at Fr._next (https://www.greencity.cx.ua/chunk-NUXSP4TM.js:7:2803)
    at Fr.next (https://www.greencity.cx.ua/chunk-NUXSP4TM.js:7:2530)
    at https://www.greencity.cx.ua/chunk-NUXSP4TM.js:7:7848
    at Ac (https://www.greencity.cx.ua/chunk-NUXSP4TM.js:7:2222)
    at S0.next (https://www.greencity.cx.ua/chunk-NUXSP4TM.js:7:7687), [2026-03-14T18:25:43.766Z] [SEVERE] https://www.greencity.cx.ua/chunk-NUXSP4TM.js 10:45939 "ERROR" TypeError: Cannot read properties of null (reading 'setValue')
    at n.quillContentChanged (https://www.greencity.cx.ua/chunk-VNNOUBDJ.js:1:16043)
    at https://www.greencity.cx.ua/chunk-VNNOUBDJ.js:1:7223
    at eE (https://www.greencity.cx.ua/chunk-NUXSP4TM.js:11:76097)
    at Object.o [as next] (https://www.greencity.cx.ua/chunk-NUXSP4TM.js:11:76277)
    at bv.next (https://www.greencity.cx.ua/chunk-NUXSP4TM.js:7:3120)
    at Fr._next (https://www.greencity.cx.ua/chunk-NUXSP4TM.js:7:2803)
    at Fr.next (https://www.greencity.cx.ua/chunk-NUXSP4TM.js:7:2530)
    at https://www.greencity.cx.ua/chunk-NUXSP4TM.js:7:7848
    at Ac (https://www.greencity.cx.ua/chunk-NUXSP4TM.js:7:2222)
    at S0.next (https://www.greencity.cx.ua/chunk-NUXSP4TM.js:7:7687), [2026-03-14T18:25:43.769Z] [SEVERE] https://www.greencity.cx.ua/chunk-NUXSP4TM.js 10:45939 "ERROR" TypeError: Cannot read properties of null (reading 'setValue')
    at n.quillContentChanged (https://www.greencity.cx.ua/chunk-VNNOUBDJ.js:1:16043)
    at https://www.greencity.cx.ua/chunk-VNNOUBDJ.js:1:7223
    at eE (https://www.greencity.cx.ua/chunk-NUXSP4TM.js:11:76097)
    at Object.o [as next] (https://www.greencity.cx.ua/chunk-NUXSP4TM.js:11:76277)
    at bv.next (https://www.greencity.cx.ua/chunk-NUXSP4TM.js:7:3120)
    at Fr._next (https://www.greencity.cx.ua/chunk-NUXSP4TM.js:7:2803)
    at Fr.next (https://www.greencity.cx.ua/chunk-NUXSP4TM.js:7:2530)
    at https://www.greencity.cx.ua/chunk-NUXSP4TM.js:7:7848
    at Ac (https://www.greencity.cx.ua/chunk-NUXSP4TM.js:7:2222)
    at S0.next (https://www.greencity.cx.ua/chunk-NUXSP4TM.js:7:7687), [2026-03-14T18:25:43.771Z] [SEVERE] https://www.greencity.cx.ua/chunk-NUXSP4TM.js 10:45939 "ERROR" TypeError: Cannot read properties of null (reading 'setValue')
    at n.quillContentChanged (https://www.greencity.cx.ua/chunk-VNNOUBDJ.js:1:16043)
    at https://www.greencity.cx.ua/chunk-VNNOUBDJ.js:1:7223
    at eE (https://www.greencity.cx.ua/chunk-NUXSP4TM.js:11:76097)
    at Object.o [as next] (https://www.greencity.cx.ua/chunk-NUXSP4TM.js:11:76277)
    at bv.next (https://www.greencity.cx.ua/chunk-NUXSP4TM.js:7:3120)
    at Fr._next (https://www.greencity.cx.ua/chunk-NUXSP4TM.js:7:2803)
    at Fr.next (https://www.greencity.cx.ua/chunk-NUXSP4TM.js:7:2530)
    at https://www.greencity.cx.ua/chunk-NUXSP4TM.js:7:7848
    at Ac (https://www.greencity.cx.ua/chunk-NUXSP4TM.js:7:2222)
    at S0.next (https://www.greencity.cx.ua/chunk-NUXSP4TM.js:7:7687), [2026-03-14T18:25:43.773Z] [SEVERE] https://www.greencity.cx.ua/chunk-NUXSP4TM.js 10:45939 "ERROR" TypeError: Cannot read properties of null (reading 'setValue')
    at n.quillContentChanged (https://www.greencity.cx.ua/chunk-VNNOUBDJ.js:1:16043)
    at https://www.greencity.cx.ua/chunk-VNNOUBDJ.js:1:7223
    at eE (https://www.greencity.cx.ua/chunk-NUXSP4TM.js:11:76097)
    at Object.o [as next] (https://www.greencity.cx.ua/chunk-NUXSP4TM.js:11:76277)
    at bv.next (https://www.greencity.cx.ua/chunk-NUXSP4TM.js:7:3120)
    at Fr._next (https://www.greencity.cx.ua/chunk-NUXSP4TM.js:7:2803)
    at Fr.next (https://www.greencity.cx.ua/chunk-NUXSP4TM.js:7:2530)
    at https://www.greencity.cx.ua/chunk-NUXSP4TM.js:7:7848
    at Ac (https://www.greencity.cx.ua/chunk-NUXSP4TM.js:7:2222)
    at S0.next (https://www.greencity.cx.ua/chunk-NUXSP4TM.js:7:7687), [2026-03-14T18:25:43.776Z] [SEVERE] https://www.greencity.cx.ua/chunk-NUXSP4TM.js 10:45939 "ERROR" TypeError: Cannot read properties of null (reading 'setValue')
    at n.quillContentChanged (https://www.greencity.cx.ua/chunk-VNNOUBDJ.js:1:16043)
    at https://www.greencity.cx.ua/chunk-VNNOUBDJ.js:1:7223
    at eE (https://www.greencity.cx.ua/chunk-NUXSP4TM.js:11:76097)
    at Object.o [as next] (https://www.greencity.cx.ua/chunk-NUXSP4TM.js:11:76277)
    at bv.next (https://www.greencity.cx.ua/chunk-NUXSP4TM.js:7:3120)
    at Fr._next (https://www.greencity.cx.ua/chunk-NUXSP4TM.js:7:2803)
    at Fr.next (https://www.greencity.cx.ua/chunk-NUXSP4TM.js:7:2530)
    at https://www.greencity.cx.ua/chunk-NUXSP4TM.js:7:7848
    at Ac (https://www.greencity.cx.ua/chunk-NUXSP4TM.js:7:2222)
    at S0.next (https://www.greencity.cx.ua/chunk-NUXSP4TM.js:7:7687), [2026-03-14T18:25:43.778Z] [SEVERE] https://www.greencity.cx.ua/chunk-NUXSP4TM.js 10:45939 "ERROR" TypeError: Cannot read properties of null (reading 'setValue')
    at n.quillContentChanged (https://www.greencity.cx.ua/chunk-VNNOUBDJ.js:1:16043)
    at https://www.greencity.cx.ua/chunk-VNNOUBDJ.js:1:7223
    at eE (https://www.greencity.cx.ua/chunk-NUXSP4TM.js:11:76097)
    at Object.o [as next] (https://www.greencity.cx.ua/chunk-NUXSP4TM.js:11:76277)
    at bv.next (https://www.greencity.cx.ua/chunk-NUXSP4TM.js:7:3120)
    at Fr._next (https://www.greencity.cx.ua/chunk-NUXSP4TM.js:7:2803)
    at Fr.next (https://www.greencity.cx.ua/chunk-NUXSP4TM.js:7:2530)
    at https://www.greencity.cx.ua/chunk-NUXSP4TM.js:7:7848
    at Ac (https://www.greencity.cx.ua/chunk-NUXSP4TM.js:7:2222)
    at S0.next (https://www.greencity.cx.ua/chunk-NUXSP4TM.js:7:7687), [2026-03-14T18:25:43.780Z] [SEVERE] https://www.greencity.cx.ua/chunk-NUXSP4TM.js 10:45939 "ERROR" TypeError: Cannot read properties of null (reading 'setValue')
    at n.quillContentChanged (https://www.greencity.cx.ua/chunk-VNNOUBDJ.js:1:16043)
    at https://www.greencity.cx.ua/chunk-VNNOUBDJ.js:1:7223
    at eE (https://www.greencity.cx.ua/chunk-NUXSP4TM.js:11:76097)
    at Object.o [as next] (https://www.greencity.cx.ua/chunk-NUXSP4TM.js:11:76277)
    at bv.next (https://www.greencity.cx.ua/chunk-NUXSP4TM.js:7:3120)
    at Fr._next (https://www.greencity.cx.ua/chunk-NUXSP4TM.js:7:2803)
    at Fr.next (https://www.greencity.cx.ua/chunk-NUXSP4TM.js:7:2530)
    at https://www.greencity.cx.ua/chunk-NUXSP4TM.js:7:7848
    at Ac (https://www.greencity.cx.ua/chunk-NUXSP4TM.js:7:2222)
    at S0.next (https://www.greencity.cx.ua/chunk-NUXSP4TM.js:7:7687), [2026-03-14T18:25:43.782Z] [SEVERE] https://www.greencity.cx.ua/chunk-NUXSP4TM.js 10:45939 "ERROR" TypeError: Cannot read properties of null (reading 'setValue')
    at n.quillContentChanged (https://www.greencity.cx.ua/chunk-VNNOUBDJ.js:1:16043)
    at https://www.greencity.cx.ua/chunk-VNNOUBDJ.js:1:7223
    at eE (https://www.greencity.cx.ua/chunk-NUXSP4TM.js:11:76097)
    at Object.o [as next] (https://www.greencity.cx.ua/chunk-NUXSP4TM.js:11:76277)
    at bv.next (https://www.greencity.cx.ua/chunk-NUXSP4TM.js:7:3120)
    at Fr._next (https://www.greencity.cx.ua/chunk-NUXSP4TM.js:7:2803)
    at Fr.next (https://www.greencity.cx.ua/chunk-NUXSP4TM.js:7:2530)
    at https://www.greencity.cx.ua/chunk-NUXSP4TM.js:7:7848
    at Ac (https://www.greencity.cx.ua/chunk-NUXSP4TM.js:7:2222)
    at S0.next (https://www.greencity.cx.ua/chunk-NUXSP4TM.js:7:7687), [2026-03-14T18:25:43.785Z] [SEVERE] https://www.greencity.cx.ua/chunk-NUXSP4TM.js 10:45939 "ERROR" TypeError: Cannot read properties of null (reading 'setValue')
    at n.quillContentChanged (https://www.greencity.cx.ua/chunk-VNNOUBDJ.js:1:16043)
    at https://www.greencity.cx.ua/chunk-VNNOUBDJ.js:1:7223
    at eE (https://www.greencity.cx.ua/chunk-NUXSP4TM.js:11:76097)
    at Object.o [as next] (https://www.greencity.cx.ua/chunk-NUXSP4TM.js:11:76277)
    at bv.next (https://www.greencity.cx.ua/chunk-NUXSP4TM.js:7:3120)
    at Fr._next (https://www.greencity.cx.ua/chunk-NUXSP4TM.js:7:2803)
    at Fr.next (https://www.greencity.cx.ua/chunk-NUXSP4TM.js:7:2530)
    at https://www.greencity.cx.ua/chunk-NUXSP4TM.js:7:7848
    at Ac (https://www.greencity.cx.ua/chunk-NUXSP4TM.js:7:2222)
    at S0.next (https://www.greencity.cx.ua/chunk-NUXSP4TM.js:7:7687), [2026-03-14T18:25:43.787Z] [SEVERE] https://www.greencity.cx.ua/chunk-NUXSP4TM.js 10:45939 "ERROR" TypeError: Cannot read properties of null (reading 'setValue')
    at n.quillContentChanged (https://www.greencity.cx.ua/chunk-VNNOUBDJ.js:1:16043)
    at https://www.greencity.cx.ua/chunk-VNNOUBDJ.js:1:7223
    at eE (https://www.greencity.cx.ua/chunk-NUXSP4TM.js:11:76097)
    at Object.o [as next] (https://www.greencity.cx.ua/chunk-NUXSP4TM.js:11:76277)
    at bv.next (https://www.greencity.cx.ua/chunk-NUXSP4TM.js:7:3120)
    at Fr._next (https://www.greencity.cx.ua/chunk-NUXSP4TM.js:7:2803)
    at Fr.next (https://www.greencity.cx.ua/chunk-NUXSP4TM.js:7:2530)
    at https://www.greencity.cx.ua/chunk-NUXSP4TM.js:7:7848
    at Ac (https://www.greencity.cx.ua/chunk-NUXSP4TM.js:7:2222)
    at S0.next (https://www.greencity.cx.ua/chunk-NUXSP4TM.js:7:7687), [2026-03-14T18:25:43.789Z] [SEVERE] https://www.greencity.cx.ua/chunk-NUXSP4TM.js 10:45939 "ERROR" TypeError: Cannot read properties of null (reading 'setValue')
    at n.quillContentChanged (https://www.greencity.cx.ua/chunk-VNNOUBDJ.js:1:16043)
    at https://www.greencity.cx.ua/chunk-VNNOUBDJ.js:1:7223
    at eE (https://www.greencity.cx.ua/chunk-NUXSP4TM.js:11:76097)
    at Object.o [as next] (https://www.greencity.cx.ua/chunk-NUXSP4TM.js:11:76277)
    at bv.next (https://www.greencity.cx.ua/chunk-NUXSP4TM.js:7:3120)
    at Fr._next (https://www.greencity.cx.ua/chunk-NUXSP4TM.js:7:2803)
    at Fr.next (https://www.greencity.cx.ua/chunk-NUXSP4TM.js:7:2530)
    at https://www.greencity.cx.ua/chunk-NUXSP4TM.js:7:7848
    at Ac (https://www.greencity.cx.ua/chunk-NUXSP4TM.js:7:2222)
    at S0.next (https://www.greencity.cx.ua/chunk-NUXSP4TM.js:7:7687), [2026-03-14T18:25:43.792Z] [SEVERE] https://www.greencity.cx.ua/chunk-NUXSP4TM.js 10:45939 "ERROR" TypeError: Cannot read properties of null (reading 'setValue')
    at n.quillContentChanged (https://www.greencity.cx.ua/chunk-VNNOUBDJ.js:1:16043)
    at https://www.greencity.cx.ua/chunk-VNNOUBDJ.js:1:7223
    at eE (https://www.greencity.cx.ua/chunk-NUXSP4TM.js:11:76097)
    at Object.o [as next] (https://www.greencity.cx.ua/chunk-NUXSP4TM.js:11:76277)
    at bv.next (https://www.greencity.cx.ua/chunk-NUXSP4TM.js:7:3120)
    at Fr._next (https://www.greencity.cx.ua/chunk-NUXSP4TM.js:7:2803)
    at Fr.next (https://www.greencity.cx.ua/chunk-NUXSP4TM.js:7:2530)
    at https://www.greencity.cx.ua/chunk-NUXSP4TM.js:7:7848
    at Ac (https://www.greencity.cx.ua/chunk-NUXSP4TM.js:7:2222)
    at S0.next (https://www.greencity.cx.ua/chunk-NUXSP4TM.js:7:7687), [2026-03-14T18:25:43.794Z] [SEVERE] https://www.greencity.cx.ua/chunk-NUXSP4TM.js 10:45939 "ERROR" TypeError: Cannot read properties of null (reading 'setValue')
    at n.quillContentChanged (https://www.greencity.cx.ua/chunk-VNNOUBDJ.js:1:16043)
    at https://www.greencity.cx.ua/chunk-VNNOUBDJ.js:1:7223
    at eE (https://www.greencity.cx.ua/chunk-NUXSP4TM.js:11:76097)
    at Object.o [as next] (https://www.greencity.cx.ua/chunk-NUXSP4TM.js:11:76277)
    at bv.next (https://www.greencity.cx.ua/chunk-NUXSP4TM.js:7:3120)
    at Fr._next (https://www.greencity.cx.ua/chunk-NUXSP4TM.js:7:2803)
    at Fr.next (https://www.greencity.cx.ua/chunk-NUXSP4TM.js:7:2530)
    at https://www.greencity.cx.ua/chunk-NUXSP4TM.js:7:7848
    at Ac (https://www.greencity.cx.ua/chunk-NUXSP4TM.js:7:2222)
    at S0.next (https://www.greencity.cx.ua/chunk-NUXSP4TM.js:7:7687), [2026-03-14T18:25:43.797Z] [SEVERE] https://www.greencity.cx.ua/chunk-NUXSP4TM.js 10:45939 "ERROR" TypeError: Cannot read properties of null (reading 'setValue')
    at n.quillContentChanged (https://www.greencity.cx.ua/chunk-VNNOUBDJ.js:1:16043)
    at https://www.greencity.cx.ua/chunk-VNNOUBDJ.js:1:7223
    at eE (https://www.greencity.cx.ua/chunk-NUXSP4TM.js:11:76097)
    at Object.o [as next] (https://www.greencity.cx.ua/chunk-NUXSP4TM.js:11:76277)
    at bv.next (https://www.greencity.cx.ua/chunk-NUXSP4TM.js:7:3120)
    at Fr._next (https://www.greencity.cx.ua/chunk-NUXSP4TM.js:7:2803)
    at Fr.next (https://www.greencity.cx.ua/chunk-NUXSP4TM.js:7:2530)
    at https://www.greencity.cx.ua/chunk-NUXSP4TM.js:7:7848
    at Ac (https://www.greencity.cx.ua/chunk-NUXSP4TM.js:7:2222)
    at S0.next (https://www.greencity.cx.ua/chunk-NUXSP4TM.js:7:7687), [2026-03-14T18:25:43.799Z] [SEVERE] https://www.greencity.cx.ua/chunk-NUXSP4TM.js 10:45939 "ERROR" TypeError: Cannot read properties of null (reading 'setValue')
    at n.quillContentChanged (https://www.greencity.cx.ua/chunk-VNNOUBDJ.js:1:16043)
    at https://www.greencity.cx.ua/chunk-VNNOUBDJ.js:1:7223
    at eE (https://www.greencity.cx.ua/chunk-NUXSP4TM.js:11:76097)
    at Object.o [as next] (https://www.greencity.cx.ua/chunk-NUXSP4TM.js:11:76277)
    at bv.next (https://www.greencity.cx.ua/chunk-NUXSP4TM.js:7:3120)
    at Fr._next (https://www.greencity.cx.ua/chunk-NUXSP4TM.js:7:2803)
    at Fr.next (https://www.greencity.cx.ua/chunk-NUXSP4TM.js:7:2530)
    at https://www.greencity.cx.ua/chunk-NUXSP4TM.js:7:7848
    at Ac (https://www.greencity.cx.ua/chunk-NUXSP4TM.js:7:2222)
    at S0.next (https://www.greencity.cx.ua/chunk-NUXSP4TM.js:7:7687), [2026-03-14T18:25:43.802Z] [SEVERE] https://www.greencity.cx.ua/chunk-NUXSP4TM.js 10:45939 "ERROR" TypeError: Cannot read properties of null (reading 'setValue')
    at n.quillContentChanged (https://www.greencity.cx.ua/chunk-VNNOUBDJ.js:1:16043)
    at https://www.greencity.cx.ua/chunk-VNNOUBDJ.js:1:7223
    at eE (https://www.greencity.cx.ua/chunk-NUXSP4TM.js:11:76097)
    at Object.o [as next] (https://www.greencity.cx.ua/chunk-NUXSP4TM.js:11:76277)
    at bv.next (https://www.greencity.cx.ua/chunk-NUXSP4TM.js:7:3120)
    at Fr._next (https://www.greencity.cx.ua/chunk-NUXSP4TM.js:7:2803)
    at Fr.next (https://www.greencity.cx.ua/chunk-NUXSP4TM.js:7:2530)
    at https://www.greencity.cx.ua/chunk-NUXSP4TM.js:7:7848
    at Ac (https://www.greencity.cx.ua/chunk-NUXSP4TM.js:7:2222)
    at S0.next (https://www.greencity.cx.ua/chunk-NUXSP4TM.js:7:7687), [2026-03-14T18:25:43.804Z] [SEVERE] https://www.greencity.cx.ua/chunk-NUXSP4TM.js 10:45939 "ERROR" TypeError: Cannot read properties of null (reading 'setValue')
    at n.quillContentChanged (https://www.greencity.cx.ua/chunk-VNNOUBDJ.js:1:16043)
    at https://www.greencity.cx.ua/chunk-VNNOUBDJ.js:1:7223
    at eE (https://www.greencity.cx.ua/chunk-NUXSP4TM.js:11:76097)
    at Object.o [as next] (https://www.greencity.cx.ua/chunk-NUXSP4TM.js:11:76277)
    at bv.next (https://www.greencity.cx.ua/chunk-NUXSP4TM.js:7:3120)
    at Fr._next (https://www.greencity.cx.ua/chunk-NUXSP4TM.js:7:2803)
    at Fr.next (https://www.greencity.cx.ua/chunk-NUXSP4TM.js:7:2530)
    at https://www.greencity.cx.ua/chunk-NUXSP4TM.js:7:7848
    at Ac (https://www.greencity.cx.ua/chunk-NUXSP4TM.js:7:2222)
    at S0.next (https://www.greencity.cx.ua/chunk-NUXSP4TM.js:7:7687), [2026-03-14T18:25:43.806Z] [SEVERE] https://www.greencity.cx.ua/chunk-NUXSP4TM.js 10:45939 "ERROR" TypeError: Cannot read properties of null (reading 'setValue')
    at n.quillContentChanged (https://www.greencity.cx.ua/chunk-VNNOUBDJ.js:1:16043)
    at https://www.greencity.cx.ua/chunk-VNNOUBDJ.js:1:7223
    at eE (https://www.greencity.cx.ua/chunk-NUXSP4TM.js:11:76097)
    at Object.o [as next] (https://www.greencity.cx.ua/chunk-NUXSP4TM.js:11:76277)
    at bv.next (https://www.greencity.cx.ua/chunk-NUXSP4TM.js:7:3120)
    at Fr._next (https://www.greencity.cx.ua/chunk-NUXSP4TM.js:7:2803)
    at Fr.next (https://www.greencity.cx.ua/chunk-NUXSP4TM.js:7:2530)
    at https://www.greencity.cx.ua/chunk-NUXSP4TM.js:7:7848
    at Ac (https://www.greencity.cx.ua/chunk-NUXSP4TM.js:7:2222)
    at S0.next (https://www.greencity.cx.ua/chunk-NUXSP4TM.js:7:7687), [2026-03-14T18:25:43.809Z] [SEVERE] https://www.greencity.cx.ua/chunk-NUXSP4TM.js 10:45939 "ERROR" TypeError: Cannot read properties of null (reading 'setValue')
    at n.quillContentChanged (https://www.greencity.cx.ua/chunk-VNNOUBDJ.js:1:16043)
    at https://www.greencity.cx.ua/chunk-VNNOUBDJ.js:1:7223
    at eE (https://www.greencity.cx.ua/chunk-NUXSP4TM.js:11:76097)
    at Object.o [as next] (https://www.greencity.cx.ua/chunk-NUXSP4TM.js:11:76277)
    at bv.next (https://www.greencity.cx.ua/chunk-NUXSP4TM.js:7:3120)
    at Fr._next (https://www.greencity.cx.ua/chunk-NUXSP4TM.js:7:2803)
    at Fr.next (https://www.greencity.cx.ua/chunk-NUXSP4TM.js:7:2530)
    at https://www.greencity.cx.ua/chunk-NUXSP4TM.js:7:7848
    at Ac (https://www.greencity.cx.ua/chunk-NUXSP4TM.js:7:2222)
    at S0.next (https://www.greencity.cx.ua/chunk-NUXSP4TM.js:7:7687), [2026-03-14T18:25:43.812Z] [SEVERE] https://www.greencity.cx.ua/chunk-NUXSP4TM.js 10:45939 "ERROR" TypeError: Cannot read properties of null (reading 'setValue')
    at n.quillContentChanged (https://www.greencity.cx.ua/chunk-VNNOUBDJ.js:1:16043)
    at https://www.greencity.cx.ua/chunk-VNNOUBDJ.js:1:7223
    at eE (https://www.greencity.cx.ua/chunk-NUXSP4TM.js:11:76097)
    at Object.o [as next] (https://www.greencity.cx.ua/chunk-NUXSP4TM.js:11:76277)
    at bv.next (https://www.greencity.cx.ua/chunk-NUXSP4TM.js:7:3120)
    at Fr._next (https://www.greencity.cx.ua/chunk-NUXSP4TM.js:7:2803)
    at Fr.next (https://www.greencity.cx.ua/chunk-NUXSP4TM.js:7:2530)
    at https://www.greencity.cx.ua/chunk-NUXSP4TM.js:7:7848
    at Ac (https://www.greencity.cx.ua/chunk-NUXSP4TM.js:7:2222)
    at S0.next (https://www.greencity.cx.ua/chunk-NUXSP4TM.js:7:7687), [2026-03-14T18:25:43.814Z] [SEVERE] https://www.greencity.cx.ua/chunk-NUXSP4TM.js 10:45939 "ERROR" TypeError: Cannot read properties of null (reading 'setValue')
    at n.quillContentChanged (https://www.greencity.cx.ua/chunk-VNNOUBDJ.js:1:16043)
    at https://www.greencity.cx.ua/chunk-VNNOUBDJ.js:1:7223
    at eE (https://www.greencity.cx.ua/chunk-NUXSP4TM.js:11:76097)
    at Object.o [as next] (https://www.greencity.cx.ua/chunk-NUXSP4TM.js:11:76277)
    at bv.next (https://www.greencity.cx.ua/chunk-NUXSP4TM.js:7:3120)
    at Fr._next (https://www.greencity.cx.ua/chunk-NUXSP4TM.js:7:2803)
    at Fr.next (https://www.greencity.cx.ua/chunk-NUXSP4TM.js:7:2530)
    at https://www.greencity.cx.ua/chunk-NUXSP4TM.js:7:7848
    at Ac (https://www.greencity.cx.ua/chunk-NUXSP4TM.js:7:2222)
    at S0.next (https://www.greencity.cx.ua/chunk-NUXSP4TM.js:7:7687), [2026-03-14T18:25:43.816Z] [SEVERE] https://www.greencity.cx.ua/chunk-NUXSP4TM.js 10:45939 "ERROR" TypeError: Cannot read properties of null (reading 'setValue')
    at n.quillContentChanged (https://www.greencity.cx.ua/chunk-VNNOUBDJ.js:1:16043)
    at https://www.greencity.cx.ua/chunk-VNNOUBDJ.js:1:7223
    at eE (https://www.greencity.cx.ua/chunk-NUXSP4TM.js:11:76097)
    at Object.o [as next] (https://www.greencity.cx.ua/chunk-NUXSP4TM.js:11:76277)
    at bv.next (https://www.greencity.cx.ua/chunk-NUXSP4TM.js:7:3120)
    at Fr._next (https://www.greencity.cx.ua/chunk-NUXSP4TM.js:7:2803)
    at Fr.next (https://www.greencity.cx.ua/chunk-NUXSP4TM.js:7:2530)
    at https://www.greencity.cx.ua/chunk-NUXSP4TM.js:7:7848
    at Ac (https://www.greencity.cx.ua/chunk-NUXSP4TM.js:7:2222)
    at S0.next (https://www.greencity.cx.ua/chunk-NUXSP4TM.js:7:7687), [2026-03-14T18:25:43.819Z] [SEVERE] https://www.greencity.cx.ua/chunk-NUXSP4TM.js 10:45939 "ERROR" TypeError: Cannot read properties of null (reading 'setValue')
    at n.quillContentChanged (https://www.greencity.cx.ua/chunk-VNNOUBDJ.js:1:16043)
    at https://www.greencity.cx.ua/chunk-VNNOUBDJ.js:1:7223
    at eE (https://www.greencity.cx.ua/chunk-NUXSP4TM.js:11:76097)
    at Object.o [as next] (https://www.greencity.cx.ua/chunk-NUXSP4TM.js:11:76277)
    at bv.next (https://www.greencity.cx.ua/chunk-NUXSP4TM.js:7:3120)
    at Fr._next (https://www.greencity.cx.ua/chunk-NUXSP4TM.js:7:2803)
    at Fr.next (https://www.greencity.cx.ua/chunk-NUXSP4TM.js:7:2530)
    at https://www.greencity.cx.ua/chunk-NUXSP4TM.js:7:7848
    at Ac (https://www.greencity.cx.ua/chunk-NUXSP4TM.js:7:2222)
    at S0.next (https://www.greencity.cx.ua/chunk-NUXSP4TM.js:7:7687), [2026-03-14T18:25:43.822Z] [SEVERE] https://www.greencity.cx.ua/chunk-NUXSP4TM.js 10:45939 "ERROR" TypeError: Cannot read properties of null (reading 'setValue')
    at n.quillContentChanged (https://www.greencity.cx.ua/chunk-VNNOUBDJ.js:1:16043)
    at https://www.greencity.cx.ua/chunk-VNNOUBDJ.js:1:7223
    at eE (https://www.greencity.cx.ua/chunk-NUXSP4TM.js:11:76097)
    at Object.o [as next] (https://www.greencity.cx.ua/chunk-NUXSP4TM.js:11:76277)
    at bv.next (https://www.greencity.cx.ua/chunk-NUXSP4TM.js:7:3120)
    at Fr._next (https://www.greencity.cx.ua/chunk-NUXSP4TM.js:7:2803)
    at Fr.next (https://www.greencity.cx.ua/chunk-NUXSP4TM.js:7:2530)
    at https://www.greencity.cx.ua/chunk-NUXSP4TM.js:7:7848
    at Ac (https://www.greencity.cx.ua/chunk-NUXSP4TM.js:7:2222)
    at S0.next (https://www.greencity.cx.ua/chunk-NUXSP4TM.js:7:7687), [2026-03-14T18:25:43.824Z] [SEVERE] https://www.greencity.cx.ua/chunk-NUXSP4TM.js 10:45939 "ERROR" TypeError: Cannot read properties of null (reading 'setValue')
    at n.quillContentChanged (https://www.greencity.cx.ua/chunk-VNNOUBDJ.js:1:16043)
    at https://www.greencity.cx.ua/chunk-VNNOUBDJ.js:1:7223
    at eE (https://www.greencity.cx.ua/chunk-NUXSP4TM.js:11:76097)
    at Object.o [as next] (https://www.greencity.cx.ua/chunk-NUXSP4TM.js:11:76277)
    at bv.next (https://www.greencity.cx.ua/chunk-NUXSP4TM.js:7:3120)
    at Fr._next (https://www.greencity.cx.ua/chunk-NUXSP4TM.js:7:2803)
    at Fr.next (https://www.greencity.cx.ua/chunk-NUXSP4TM.js:7:2530)
    at https://www.greencity.cx.ua/chunk-NUXSP4TM.js:7:7848
    at Ac (https://www.greencity.cx.ua/chunk-NUXSP4TM.js:7:2222)
    at S0.next (https://www.greencity.cx.ua/chunk-NUXSP4TM.js:7:7687), [2026-03-14T18:25:43.827Z] [SEVERE] https://www.greencity.cx.ua/chunk-NUXSP4TM.js 10:45939 "ERROR" TypeError: Cannot read properties of null (reading 'setValue')
    at n.quillContentChanged (https://www.greencity.cx.ua/chunk-VNNOUBDJ.js:1:16043)
    at https://www.greencity.cx.ua/chunk-VNNOUBDJ.js:1:7223
    at eE (https://www.greencity.cx.ua/chunk-NUXSP4TM.js:11:76097)
    at Object.o [as next] (https://www.greencity.cx.ua/chunk-NUXSP4TM.js:11:76277)
    at bv.next (https://www.greencity.cx.ua/chunk-NUXSP4TM.js:7:3120)
    at Fr._next (https://www.greencity.cx.ua/chunk-NUXSP4TM.js:7:2803)
    at Fr.next (https://www.greencity.cx.ua/chunk-NUXSP4TM.js:7:2530)
    at https://www.greencity.cx.ua/chunk-NUXSP4TM.js:7:7848
    at Ac (https://www.greencity.cx.ua/chunk-NUXSP4TM.js:7:2222)
    at S0.next (https://www.greencity.cx.ua/chunk-NUXSP4TM.js:7:7687), [2026-03-14T18:25:43.829Z] [SEVERE] https://www.greencity.cx.ua/chunk-NUXSP4TM.js 10:45939 "ERROR" TypeError: Cannot read properties of null (reading 'setValue')
    at n.quillContentChanged (https://www.greencity.cx.ua/chunk-VNNOUBDJ.js:1:16043)
    at https://www.greencity.cx.ua/chunk-VNNOUBDJ.js:1:7223
    at eE (https://www.greencity.cx.ua/chunk-NUXSP4TM.js:11:76097)
    at Object.o [as next] (https://www.greencity.cx.ua/chunk-NUXSP4TM.js:11:76277)
    at bv.next (https://www.greencity.cx.ua/chunk-NUXSP4TM.js:7:3120)
    at Fr._next (https://www.greencity.cx.ua/chunk-NUXSP4TM.js:7:2803)
    at Fr.next (https://www.greencity.cx.ua/chunk-NUXSP4TM.js:7:2530)
    at https://www.greencity.cx.ua/chunk-NUXSP4TM.js:7:7848
    at Ac (https://www.greencity.cx.ua/chunk-NUXSP4TM.js:7:2222)
    at S0.next (https://www.greencity.cx.ua/chunk-NUXSP4TM.js:7:7687), [2026-03-14T18:25:43.831Z] [SEVERE] https://www.greencity.cx.ua/chunk-NUXSP4TM.js 10:45939 "ERROR" TypeError: Cannot read properties of null (reading 'setValue')
    at n.quillContentChanged (https://www.greencity.cx.ua/chunk-VNNOUBDJ.js:1:16043)
    at https://www.greencity.cx.ua/chunk-VNNOUBDJ.js:1:7223
    at eE (https://www.greencity.cx.ua/chunk-NUXSP4TM.js:11:76097)
    at Object.o [as next] (https://www.greencity.cx.ua/chunk-NUXSP4TM.js:11:76277)
    at bv.next (https://www.greencity.cx.ua/chunk-NUXSP4TM.js:7:3120)
    at Fr._next (https://www.greencity.cx.ua/chunk-NUXSP4TM.js:7:2803)
    at Fr.next (https://www.greencity.cx.ua/chunk-NUXSP4TM.js:7:2530)
    at https://www.greencity.cx.ua/chunk-NUXSP4TM.js:7:7848
    at Ac (https://www.greencity.cx.ua/chunk-NUXSP4TM.js:7:2222)
    at S0.next (https://www.greencity.cx.ua/chunk-NUXSP4TM.js:7:7687), [2026-03-14T18:25:43.834Z] [SEVERE] https://www.greencity.cx.ua/chunk-NUXSP4TM.js 10:45939 "ERROR" TypeError: Cannot read properties of null (reading 'setValue')
    at n.quillContentChanged (https://www.greencity.cx.ua/chunk-VNNOUBDJ.js:1:16043)
    at https://www.greencity.cx.ua/chunk-VNNOUBDJ.js:1:7223
    at eE (https://www.greencity.cx.ua/chunk-NUXSP4TM.js:11:76097)
    at Object.o [as next] (https://www.greencity.cx.ua/chunk-NUXSP4TM.js:11:76277)
    at bv.next (https://www.greencity.cx.ua/chunk-NUXSP4TM.js:7:3120)
    at Fr._next (https://www.greencity.cx.ua/chunk-NUXSP4TM.js:7:2803)
    at Fr.next (https://www.greencity.cx.ua/chunk-NUXSP4TM.js:7:2530)
    at https://www.greencity.cx.ua/chunk-NUXSP4TM.js:7:7848
    at Ac (https://www.greencity.cx.ua/chunk-NUXSP4TM.js:7:2222)
    at S0.next (https://www.greencity.cx.ua/chunk-NUXSP4TM.js:7:7687), [2026-03-14T18:25:43.836Z] [SEVERE] https://www.greencity.cx.ua/chunk-NUXSP4TM.js 10:45939 "ERROR" TypeError: Cannot read properties of null (reading 'setValue')
    at n.quillContentChanged (https://www.greencity.cx.ua/chunk-VNNOUBDJ.js:1:16043)
    at https://www.greencity.cx.ua/chunk-VNNOUBDJ.js:1:7223
    at eE (https://www.greencity.cx.ua/chunk-NUXSP4TM.js:11:76097)
    at Object.o [as next] (https://www.greencity.cx.ua/chunk-NUXSP4TM.js:11:76277)
    at bv.next (https://www.greencity.cx.ua/chunk-NUXSP4TM.js:7:3120)
    at Fr._next (https://www.greencity.cx.ua/chunk-NUXSP4TM.js:7:2803)
    at Fr.next (https://www.greencity.cx.ua/chunk-NUXSP4TM.js:7:2530)
    at https://www.greencity.cx.ua/chunk-NUXSP4TM.js:7:7848
    at Ac (https://www.greencity.cx.ua/chunk-NUXSP4TM.js:7:2222)
    at S0.next (https://www.greencity.cx.ua/chunk-NUXSP4TM.js:7:7687), [2026-03-14T18:25:43.838Z] [SEVERE] https://www.greencity.cx.ua/chunk-NUXSP4TM.js 10:45939 "ERROR" TypeError: Cannot read properties of null (reading 'setValue')
    at n.quillContentChanged (https://www.greencity.cx.ua/chunk-VNNOUBDJ.js:1:16043)
    at https://www.greencity.cx.ua/chunk-VNNOUBDJ.js:1:7223
    at eE (https://www.greencity.cx.ua/chunk-NUXSP4TM.js:11:76097)
    at Object.o [as next] (https://www.greencity.cx.ua/chunk-NUXSP4TM.js:11:76277)
    at bv.next (https://www.greencity.cx.ua/chunk-NUXSP4TM.js:7:3120)
    at Fr._next (https://www.greencity.cx.ua/chunk-NUXSP4TM.js:7:2803)
    at Fr.next (https://www.greencity.cx.ua/chunk-NUXSP4TM.js:7:2530)
    at https://www.greencity.cx.ua/chunk-NUXSP4TM.js:7:7848
    at Ac (https://www.greencity.cx.ua/chunk-NUXSP4TM.js:7:2222)
    at S0.next (https://www.greencity.cx.ua/chunk-NUXSP4TM.js:7:7687), [2026-03-14T18:25:43.841Z] [SEVERE] https://www.greencity.cx.ua/chunk-NUXSP4TM.js 10:45939 "ERROR" TypeError: Cannot read properties of null (reading 'setValue')
    at n.quillContentChanged (https://www.greencity.cx.ua/chunk-VNNOUBDJ.js:1:16043)
    at https://www.greencity.cx.ua/chunk-VNNOUBDJ.js:1:7223
    at eE (https://www.greencity.cx.ua/chunk-NUXSP4TM.js:11:76097)
    at Object.o [as next] (https://www.greencity.cx.ua/chunk-NUXSP4TM.js:11:76277)
    at bv.next (https://www.greencity.cx.ua/chunk-NUXSP4TM.js:7:3120)
    at Fr._next (https://www.greencity.cx.ua/chunk-NUXSP4TM.js:7:2803)
    at Fr.next (https://www.greencity.cx.ua/chunk-NUXSP4TM.js:7:2530)
    at https://www.greencity.cx.ua/chunk-NUXSP4TM.js:7:7848
    at Ac (https://www.greencity.cx.ua/chunk-NUXSP4TM.js:7:2222)
    at S0.next (https://www.greencity.cx.ua/chunk-NUXSP4TM.js:7:7687), [2026-03-14T18:25:43.843Z] [SEVERE] https://www.greencity.cx.ua/chunk-NUXSP4TM.js 10:45939 "ERROR" TypeError: Cannot read properties of null (reading 'setValue')
    at n.quillContentChanged (https://www.greencity.cx.ua/chunk-VNNOUBDJ.js:1:16043)
    at https://www.greencity.cx.ua/chunk-VNNOUBDJ.js:1:7223
    at eE (https://www.greencity.cx.ua/chunk-NUXSP4TM.js:11:76097)
    at Object.o [as next] (https://www.greencity.cx.ua/chunk-NUXSP4TM.js:11:76277)
    at bv.next (https://www.greencity.cx.ua/chunk-NUXSP4TM.js:7:3120)
    at Fr._next (https://www.greencity.cx.ua/chunk-NUXSP4TM.js:7:2803)
    at Fr.next (https://www.greencity.cx.ua/chunk-NUXSP4TM.js:7:2530)
    at https://www.greencity.cx.ua/chunk-NUXSP4TM.js:7:7848
    at Ac (https://www.greencity.cx.ua/chunk-NUXSP4TM.js:7:2222)
    at S0.next (https://www.greencity.cx.ua/chunk-NUXSP4TM.js:7:7687), [2026-03-14T18:25:43.845Z] [SEVERE] https://www.greencity.cx.ua/chunk-NUXSP4TM.js 10:45939 "ERROR" TypeError: Cannot read properties of null (reading 'setValue')
    at n.quillContentChanged (https://www.greencity.cx.ua/chunk-VNNOUBDJ.js:1:16043)
    at https://www.greencity.cx.ua/chunk-VNNOUBDJ.js:1:7223
    at eE (https://www.greencity.cx.ua/chunk-NUXSP4TM.js:11:76097)
    at Object.o [as next] (https://www.greencity.cx.ua/chunk-NUXSP4TM.js:11:76277)
    at bv.next (https://www.greencity.cx.ua/chunk-NUXSP4TM.js:7:3120)
    at Fr._next (https://www.greencity.cx.ua/chunk-NUXSP4TM.js:7:2803)
    at Fr.next (https://www.greencity.cx.ua/chunk-NUXSP4TM.js:7:2530)
    at https://www.greencity.cx.ua/chunk-NUXSP4TM.js:7:7848
    at Ac (https://www.greencity.cx.ua/chunk-NUXSP4TM.js:7:2222)
    at S0.next (https://www.greencity.cx.ua/chunk-NUXSP4TM.js:7:7687), [2026-03-14T18:25:43.848Z] [SEVERE] https://www.greencity.cx.ua/chunk-NUXSP4TM.js 10:45939 "ERROR" TypeError: Cannot read properties of null (reading 'setValue')
    at n.quillContentChanged (https://www.greencity.cx.ua/chunk-VNNOUBDJ.js:1:16043)
    at https://www.greencity.cx.ua/chunk-VNNOUBDJ.js:1:7223
    at eE (https://www.greencity.cx.ua/chunk-NUXSP4TM.js:11:76097)
    at Object.o [as next] (https://www.greencity.cx.ua/chunk-NUXSP4TM.js:11:76277)
    at bv.next (https://www.greencity.cx.ua/chunk-NUXSP4TM.js:7:3120)
    at Fr._next (https://www.greencity.cx.ua/chunk-NUXSP4TM.js:7:2803)
    at Fr.next (https://www.greencity.cx.ua/chunk-NUXSP4TM.js:7:2530)
    at https://www.greencity.cx.ua/chunk-NUXSP4TM.js:7:7848
    at Ac (https://www.greencity.cx.ua/chunk-NUXSP4TM.js:7:2222)
    at S0.next (https://www.greencity.cx.ua/chunk-NUXSP4TM.js:7:7687), [2026-03-14T18:25:43.850Z] [SEVERE] https://www.greencity.cx.ua/chunk-NUXSP4TM.js 10:45939 "ERROR" TypeError: Cannot read properties of null (reading 'setValue')
    at n.quillContentChanged (https://www.greencity.cx.ua/chunk-VNNOUBDJ.js:1:16043)
    at https://www.greencity.cx.ua/chunk-VNNOUBDJ.js:1:7223
    at eE (https://www.greencity.cx.ua/chunk-NUXSP4TM.js:11:76097)
    at Object.o [as next] (https://www.greencity.cx.ua/chunk-NUXSP4TM.js:11:76277)
    at bv.next (https://www.greencity.cx.ua/chunk-NUXSP4TM.js:7:3120)
    at Fr._next (https://www.greencity.cx.ua/chunk-NUXSP4TM.js:7:2803)
    at Fr.next (https://www.greencity.cx.ua/chunk-NUXSP4TM.js:7:2530)
    at https://www.greencity.cx.ua/chunk-NUXSP4TM.js:7:7848
    at Ac (https://www.greencity.cx.ua/chunk-NUXSP4TM.js:7:2222)
    at S0.next (https://www.greencity.cx.ua/chunk-NUXSP4TM.js:7:7687), [2026-03-14T18:25:43.853Z] [SEVERE] https://www.greencity.cx.ua/chunk-NUXSP4TM.js 10:45939 "ERROR" TypeError: Cannot read properties of null (reading 'setValue')
    at n.quillContentChanged (https://www.greencity.cx.ua/chunk-VNNOUBDJ.js:1:16043)
    at https://www.greencity.cx.ua/chunk-VNNOUBDJ.js:1:7223
    at eE (https://www.greencity.cx.ua/chunk-NUXSP4TM.js:11:76097)
    at Object.o [as next] (https://www.greencity.cx.ua/chunk-NUXSP4TM.js:11:76277)
    at bv.next (https://www.greencity.cx.ua/chunk-NUXSP4TM.js:7:3120)
    at Fr._next (https://www.greencity.cx.ua/chunk-NUXSP4TM.js:7:2803)
    at Fr.next (https://www.greencity.cx.ua/chunk-NUXSP4TM.js:7:2530)
    at https://www.greencity.cx.ua/chunk-NUXSP4TM.js:7:7848
    at Ac (https://www.greencity.cx.ua/chunk-NUXSP4TM.js:7:2222)
    at S0.next (https://www.greencity.cx.ua/chunk-NUXSP4TM.js:7:7687), [2026-03-14T18:25:43.855Z] [SEVERE] https://www.greencity.cx.ua/chunk-NUXSP4TM.js 10:45939 "ERROR" TypeError: Cannot read properties of null (reading 'setValue')
    at n.quillContentChanged (https://www.greencity.cx.ua/chunk-VNNOUBDJ.js:1:16043)
    at https://www.greencity.cx.ua/chunk-VNNOUBDJ.js:1:7223
    at eE (https://www.greencity.cx.ua/chunk-NUXSP4TM.js:11:76097)
    at Object.o [as next] (https://www.greencity.cx.ua/chunk-NUXSP4TM.js:11:76277)
    at bv.next (https://www.greencity.cx.ua/chunk-NUXSP4TM.js:7:3120)
    at Fr._next (https://www.greencity.cx.ua/chunk-NUXSP4TM.js:7:2803)
    at Fr.next (https://www.greencity.cx.ua/chunk-NUXSP4TM.js:7:2530)
    at https://www.greencity.cx.ua/chunk-NUXSP4TM.js:7:7848
    at Ac (https://www.greencity.cx.ua/chunk-NUXSP4TM.js:7:2222)
    at S0.next (https://www.greencity.cx.ua/chunk-NUXSP4TM.js:7:7687), [2026-03-14T18:25:43.857Z] [SEVERE] https://www.greencity.cx.ua/chunk-NUXSP4TM.js 10:45939 "ERROR" TypeError: Cannot read properties of null (reading 'setValue')
    at n.quillContentChanged (https://www.greencity.cx.ua/chunk-VNNOUBDJ.js:1:16043)
    at https://www.greencity.cx.ua/chunk-VNNOUBDJ.js:1:7223
    at eE (https://www.greencity.cx.ua/chunk-NUXSP4TM.js:11:76097)
    at Object.o [as next] (https://www.greencity.cx.ua/chunk-NUXSP4TM.js:11:76277)
    at bv.next (https://www.greencity.cx.ua/chunk-NUXSP4TM.js:7:3120)
    at Fr._next (https://www.greencity.cx.ua/chunk-NUXSP4TM.js:7:2803)
    at Fr.next (https://www.greencity.cx.ua/chunk-NUXSP4TM.js:7:2530)
    at https://www.greencity.cx.ua/chunk-NUXSP4TM.js:7:7848
    at Ac (https://www.greencity.cx.ua/chunk-NUXSP4TM.js:7:2222)
    at S0.next (https://www.greencity.cx.ua/chunk-NUXSP4TM.js:7:7687), [2026-03-14T18:25:43.859Z] [SEVERE] https://www.greencity.cx.ua/chunk-NUXSP4TM.js 10:45939 "ERROR" TypeError: Cannot read properties of null (reading 'setValue')
    at n.quillContentChanged (https://www.greencity.cx.ua/chunk-VNNOUBDJ.js:1:16043)
    at https://www.greencity.cx.ua/chunk-VNNOUBDJ.js:1:7223
    at eE (https://www.greencity.cx.ua/chunk-NUXSP4TM.js:11:76097)
    at Object.o [as next] (https://www.greencity.cx.ua/chunk-NUXSP4TM.js:11:76277)
    at bv.next (https://www.greencity.cx.ua/chunk-NUXSP4TM.js:7:3120)
    at Fr._next (https://www.greencity.cx.ua/chunk-NUXSP4TM.js:7:2803)
    at Fr.next (https://www.greencity.cx.ua/chunk-NUXSP4TM.js:7:2530)
    at https://www.greencity.cx.ua/chunk-NUXSP4TM.js:7:7848
    at Ac (https://www.greencity.cx.ua/chunk-NUXSP4TM.js:7:2222)
    at S0.next (https://www.greencity.cx.ua/chunk-NUXSP4TM.js:7:7687), [2026-03-14T18:25:43.862Z] [SEVERE] https://www.greencity.cx.ua/chunk-NUXSP4TM.js 10:45939 "ERROR" TypeError: Cannot read properties of null (reading 'setValue')
    at n.quillContentChanged (https://www.greencity.cx.ua/chunk-VNNOUBDJ.js:1:16043)
    at https://www.greencity.cx.ua/chunk-VNNOUBDJ.js:1:7223
    at eE (https://www.greencity.cx.ua/chunk-NUXSP4TM.js:11:76097)
    at Object.o [as next] (https://www.greencity.cx.ua/chunk-NUXSP4TM.js:11:76277)
    at bv.next (https://www.greencity.cx.ua/chunk-NUXSP4TM.js:7:3120)
    at Fr._next (https://www.greencity.cx.ua/chunk-NUXSP4TM.js:7:2803)
    at Fr.next (https://www.greencity.cx.ua/chunk-NUXSP4TM.js:7:2530)
    at https://www.greencity.cx.ua/chunk-NUXSP4TM.js:7:7848
    at Ac (https://www.greencity.cx.ua/chunk-NUXSP4TM.js:7:2222)
    at S0.next (https://www.greencity.cx.ua/chunk-NUXSP4TM.js:7:7687), [2026-03-14T18:25:43.864Z] [SEVERE] https://www.greencity.cx.ua/chunk-NUXSP4TM.js 10:45939 "ERROR" TypeError: Cannot read properties of null (reading 'setValue')
    at n.quillContentChanged (https://www.greencity.cx.ua/chunk-VNNOUBDJ.js:1:16043)
    at https://www.greencity.cx.ua/chunk-VNNOUBDJ.js:1:7223
    at eE (https://www.greencity.cx.ua/chunk-NUXSP4TM.js:11:76097)
    at Object.o [as next] (https://www.greencity.cx.ua/chunk-NUXSP4TM.js:11:76277)
    at bv.next (https://www.greencity.cx.ua/chunk-NUXSP4TM.js:7:3120)
    at Fr._next (https://www.greencity.cx.ua/chunk-NUXSP4TM.js:7:2803)
    at Fr.next (https://www.greencity.cx.ua/chunk-NUXSP4TM.js:7:2530)
    at https://www.greencity.cx.ua/chunk-NUXSP4TM.js:7:7848
    at Ac (https://www.greencity.cx.ua/chunk-NUXSP4TM.js:7:2222)
    at S0.next (https://www.greencity.cx.ua/chunk-NUXSP4TM.js:7:7687), [2026-03-14T18:25:43.866Z] [SEVERE] https://www.greencity.cx.ua/chunk-NUXSP4TM.js 10:45939 "ERROR" TypeError: Cannot read properties of null (reading 'setValue')
    at n.quillContentChanged (https://www.greencity.cx.ua/chunk-VNNOUBDJ.js:1:16043)
    at https://www.greencity.cx.ua/chunk-VNNOUBDJ.js:1:7223
    at eE (https://www.greencity.cx.ua/chunk-NUXSP4TM.js:11:76097)
    at Object.o [as next] (https://www.greencity.cx.ua/chunk-NUXSP4TM.js:11:76277)
    at bv.next (https://www.greencity.cx.ua/chunk-NUXSP4TM.js:7:3120)
    at Fr._next (https://www.greencity.cx.ua/chunk-NUXSP4TM.js:7:2803)
    at Fr.next (https://www.greencity.cx.ua/chunk-NUXSP4TM.js:7:2530)
    at https://www.greencity.cx.ua/chunk-NUXSP4TM.js:7:7848
    at Ac (https://www.greencity.cx.ua/chunk-NUXSP4TM.js:7:2222)
    at S0.next (https://www.greencity.cx.ua/chunk-NUXSP4TM.js:7:7687), [2026-03-14T18:25:43.869Z] [SEVERE] https://www.greencity.cx.ua/chunk-NUXSP4TM.js 10:45939 "ERROR" TypeError: Cannot read properties of null (reading 'setValue')
    at n.quillContentChanged (https://www.greencity.cx.ua/chunk-VNNOUBDJ.js:1:16043)
    at https://www.greencity.cx.ua/chunk-VNNOUBDJ.js:1:7223
    at eE (https://www.greencity.cx.ua/chunk-NUXSP4TM.js:11:76097)
    at Object.o [as next] (https://www.greencity.cx.ua/chunk-NUXSP4TM.js:11:76277)
    at bv.next (https://www.greencity.cx.ua/chunk-NUXSP4TM.js:7:3120)
    at Fr._next (https://www.greencity.cx.ua/chunk-NUXSP4TM.js:7:2803)
    at Fr.next (https://www.greencity.cx.ua/chunk-NUXSP4TM.js:7:2530)
    at https://www.greencity.cx.ua/chunk-NUXSP4TM.js:7:7848
    at Ac (https://www.greencity.cx.ua/chunk-NUXSP4TM.js:7:2222)
    at S0.next (https://www.greencity.cx.ua/chunk-NUXSP4TM.js:7:7687), [2026-03-14T18:25:43.871Z] [SEVERE] https://www.greencity.cx.ua/chunk-NUXSP4TM.js 10:45939 "ERROR" TypeError: Cannot read properties of null (reading 'setValue')
    at n.quillContentChanged (https://www.greencity.cx.ua/chunk-VNNOUBDJ.js:1:16043)
    at https://www.greencity.cx.ua/chunk-VNNOUBDJ.js:1:7223
    at eE (https://www.greencity.cx.ua/chunk-NUXSP4TM.js:11:76097)
    at Object.o [as next] (https://www.greencity.cx.ua/chunk-NUXSP4TM.js:11:76277)
    at bv.next (https://www.greencity.cx.ua/chunk-NUXSP4TM.js:7:3120)
    at Fr._next (https://www.greencity.cx.ua/chunk-NUXSP4TM.js:7:2803)
    at Fr.next (https://www.greencity.cx.ua/chunk-NUXSP4TM.js:7:2530)
    at https://www.greencity.cx.ua/chunk-NUXSP4TM.js:7:7848
    at Ac (https://www.greencity.cx.ua/chunk-NUXSP4TM.js:7:2222)
    at S0.next (https://www.greencity.cx.ua/chunk-NUXSP4TM.js:7:7687), [2026-03-14T18:25:43.873Z] [SEVERE] https://www.greencity.cx.ua/chunk-NUXSP4TM.js 10:45939 "ERROR" TypeError: Cannot read properties of null (reading 'setValue')
    at n.quillContentChanged (https://www.greencity.cx.ua/chunk-VNNOUBDJ.js:1:16043)
    at https://www.greencity.cx.ua/chunk-VNNOUBDJ.js:1:7223
    at eE (https://www.greencity.cx.ua/chunk-NUXSP4TM.js:11:76097)
    at Object.o [as next] (https://www.greencity.cx.ua/chunk-NUXSP4TM.js:11:76277)
    at bv.next (https://www.greencity.cx.ua/chunk-NUXSP4TM.js:7:3120)
    at Fr._next (https://www.greencity.cx.ua/chunk-NUXSP4TM.js:7:2803)
    at Fr.next (https://www.greencity.cx.ua/chunk-NUXSP4TM.js:7:2530)
    at https://www.greencity.cx.ua/chunk-NUXSP4TM.js:7:7848
    at Ac (https://www.greencity.cx.ua/chunk-NUXSP4TM.js:7:2222)
    at S0.next (https://www.greencity.cx.ua/chunk-NUXSP4TM.js:7:7687), [2026-03-14T18:25:43.875Z] [SEVERE] https://www.greencity.cx.ua/chunk-NUXSP4TM.js 10:45939 "ERROR" TypeError: Cannot read properties of null (reading 'setValue')
    at n.quillContentChanged (https://www.greencity.cx.ua/chunk-VNNOUBDJ.js:1:16043)
    at https://www.greencity.cx.ua/chunk-VNNOUBDJ.js:1:7223
    at eE (https://www.greencity.cx.ua/chunk-NUXSP4TM.js:11:76097)
    at Object.o [as next] (https://www.greencity.cx.ua/chunk-NUXSP4TM.js:11:76277)
    at bv.next (https://www.greencity.cx.ua/chunk-NUXSP4TM.js:7:3120)
    at Fr._next (https://www.greencity.cx.ua/chunk-NUXSP4TM.js:7:2803)
    at Fr.next (https://www.greencity.cx.ua/chunk-NUXSP4TM.js:7:2530)
    at https://www.greencity.cx.ua/chunk-NUXSP4TM.js:7:7848
    at Ac (https://www.greencity.cx.ua/chunk-NUXSP4TM.js:7:2222)
    at S0.next (https://www.greencity.cx.ua/chunk-NUXSP4TM.js:7:7687), [2026-03-14T18:25:43.878Z] [SEVERE] https://www.greencity.cx.ua/chunk-NUXSP4TM.js 10:45939 "ERROR" TypeError: Cannot read properties of null (reading 'setValue')
    at n.quillContentChanged (https://www.greencity.cx.ua/chunk-VNNOUBDJ.js:1:16043)
    at https://www.greencity.cx.ua/chunk-VNNOUBDJ.js:1:7223
    at eE (https://www.greencity.cx.ua/chunk-NUXSP4TM.js:11:76097)
    at Object.o [as next] (https://www.greencity.cx.ua/chunk-NUXSP4TM.js:11:76277)
    at bv.next (https://www.greencity.cx.ua/chunk-NUXSP4TM.js:7:3120)
    at Fr._next (https://www.greencity.cx.ua/chunk-NUXSP4TM.js:7:2803)
    at Fr.next (https://www.greencity.cx.ua/chunk-NUXSP4TM.js:7:2530)
    at https://www.greencity.cx.ua/chunk-NUXSP4TM.js:7:7848
    at Ac (https://www.greencity.cx.ua/chunk-NUXSP4TM.js:7:2222)
    at S0.next (https://www.greencity.cx.ua/chunk-NUXSP4TM.js:7:7687), [2026-03-14T18:25:43.880Z] [SEVERE] https://www.greencity.cx.ua/chunk-NUXSP4TM.js 10:45939 "ERROR" TypeError: Cannot read properties of null (reading 'setValue')
    at n.quillContentChanged (https://www.greencity.cx.ua/chunk-VNNOUBDJ.js:1:16043)
    at https://www.greencity.cx.ua/chunk-VNNOUBDJ.js:1:7223
    at eE (https://www.greencity.cx.ua/chunk-NUXSP4TM.js:11:76097)
    at Object.o [as next] (https://www.greencity.cx.ua/chunk-NUXSP4TM.js:11:76277)
    at bv.next (https://www.greencity.cx.ua/chunk-NUXSP4TM.js:7:3120)
    at Fr._next (https://www.greencity.cx.ua/chunk-NUXSP4TM.js:7:2803)
    at Fr.next (https://www.greencity.cx.ua/chunk-NUXSP4TM.js:7:2530)
    at https://www.greencity.cx.ua/chunk-NUXSP4TM.js:7:7848
    at Ac (https://www.greencity.cx.ua/chunk-NUXSP4TM.js:7:2222)
    at S0.next (https://www.greencity.cx.ua/chunk-NUXSP4TM.js:7:7687), [2026-03-14T18:25:43.882Z] [SEVERE] https://www.greencity.cx.ua/chunk-NUXSP4TM.js 10:45939 "ERROR" TypeError: Cannot read properties of null (reading 'setValue')
    at n.quillContentChanged (https://www.greencity.cx.ua/chunk-VNNOUBDJ.js:1:16043)
    at https://www.greencity.cx.ua/chunk-VNNOUBDJ.js:1:7223
    at eE (https://www.greencity.cx.ua/chunk-NUXSP4TM.js:11:76097)
    at Object.o [as next] (https://www.greencity.cx.ua/chunk-NUXSP4TM.js:11:76277)
    at bv.next (https://www.greencity.cx.ua/chunk-NUXSP4TM.js:7:3120)
    at Fr._next (https://www.greencity.cx.ua/chunk-NUXSP4TM.js:7:2803)
    at Fr.next (https://www.greencity.cx.ua/chunk-NUXSP4TM.js:7:2530)
    at https://www.greencity.cx.ua/chunk-NUXSP4TM.js:7:7848
    at Ac (https://www.greencity.cx.ua/chunk-NUXSP4TM.js:7:2222)
    at S0.next (https://www.greencity.cx.ua/chunk-NUXSP4TM.js:7:7687), [2026-03-14T18:25:43.885Z] [SEVERE] https://www.greencity.cx.ua/chunk-NUXSP4TM.js 10:45939 "ERROR" TypeError: Cannot read properties of null (reading 'setValue')
    at n.quillContentChanged (https://www.greencity.cx.ua/chunk-VNNOUBDJ.js:1:16043)
    at https://www.greencity.cx.ua/chunk-VNNOUBDJ.js:1:7223
    at eE (https://www.greencity.cx.ua/chunk-NUXSP4TM.js:11:76097)
    at Object.o [as next] (https://www.greencity.cx.ua/chunk-NUXSP4TM.js:11:76277)
    at bv.next (https://www.greencity.cx.ua/chunk-NUXSP4TM.js:7:3120)
    at Fr._next (https://www.greencity.cx.ua/chunk-NUXSP4TM.js:7:2803)
    at Fr.next (https://www.greencity.cx.ua/chunk-NUXSP4TM.js:7:2530)
    at https://www.greencity.cx.ua/chunk-NUXSP4TM.js:7:7848
    at Ac (https://www.greencity.cx.ua/chunk-NUXSP4TM.js:7:2222)
    at S0.next (https://www.greencity.cx.ua/chunk-NUXSP4TM.js:7:7687), [2026-03-14T18:25:43.887Z] [SEVERE] https://www.greencity.cx.ua/chunk-NUXSP4TM.js 10:45939 "ERROR" TypeError: Cannot read properties of null (reading 'setValue')
    at n.quillContentChanged (https://www.greencity.cx.ua/chunk-VNNOUBDJ.js:1:16043)
    at https://www.greencity.cx.ua/chunk-VNNOUBDJ.js:1:7223
    at eE (https://www.greencity.cx.ua/chunk-NUXSP4TM.js:11:76097)
    at Object.o [as next] (https://www.greencity.cx.ua/chunk-NUXSP4TM.js:11:76277)
    at bv.next (https://www.greencity.cx.ua/chunk-NUXSP4TM.js:7:3120)
    at Fr._next (https://www.greencity.cx.ua/chunk-NUXSP4TM.js:7:2803)
    at Fr.next (https://www.greencity.cx.ua/chunk-NUXSP4TM.js:7:2530)
    at https://www.greencity.cx.ua/chunk-NUXSP4TM.js:7:7848
    at Ac (https://www.greencity.cx.ua/chunk-NUXSP4TM.js:7:2222)
    at S0.next (https://www.greencity.cx.ua/chunk-NUXSP4TM.js:7:7687), [2026-03-14T18:25:43.889Z] [SEVERE] https://www.greencity.cx.ua/chunk-NUXSP4TM.js 10:45939 "ERROR" TypeError: Cannot read properties of null (reading 'setValue')
    at n.quillContentChanged (https://www.greencity.cx.ua/chunk-VNNOUBDJ.js:1:16043)
    at https://www.greencity.cx.ua/chunk-VNNOUBDJ.js:1:7223
    at eE (https://www.greencity.cx.ua/chunk-NUXSP4TM.js:11:76097)
    at Object.o [as next] (https://www.greencity.cx.ua/chunk-NUXSP4TM.js:11:76277)
    at bv.next (https://www.greencity.cx.ua/chunk-NUXSP4TM.js:7:3120)
    at Fr._next (https://www.greencity.cx.ua/chunk-NUXSP4TM.js:7:2803)
    at Fr.next (https://www.greencity.cx.ua/chunk-NUXSP4TM.js:7:2530)
    at https://www.greencity.cx.ua/chunk-NUXSP4TM.js:7:7848
    at Ac (https://www.greencity.cx.ua/chunk-NUXSP4TM.js:7:2222)
    at S0.next (https://www.greencity.cx.ua/chunk-NUXSP4TM.js:7:7687), [2026-03-14T18:25:43.892Z] [SEVERE] https://www.greencity.cx.ua/chunk-NUXSP4TM.js 10:45939 "ERROR" TypeError: Cannot read properties of null (reading 'setValue')
    at n.quillContentChanged (https://www.greencity.cx.ua/chunk-VNNOUBDJ.js:1:16043)
    at https://www.greencity.cx.ua/chunk-VNNOUBDJ.js:1:7223
    at eE (https://www.greencity.cx.ua/chunk-NUXSP4TM.js:11:76097)
    at Object.o [as next] (https://www.greencity.cx.ua/chunk-NUXSP4TM.js:11:76277)
    at bv.next (https://www.greencity.cx.ua/chunk-NUXSP4TM.js:7:3120)
    at Fr._next (https://www.greencity.cx.ua/chunk-NUXSP4TM.js:7:2803)
    at Fr.next (https://www.greencity.cx.ua/chunk-NUXSP4TM.js:7:2530)
    at https://www.greencity.cx.ua/chunk-NUXSP4TM.js:7:7848
    at Ac (https://www.greencity.cx.ua/chunk-NUXSP4TM.js:7:2222)
    at S0.next (https://www.greencity.cx.ua/chunk-NUXSP4TM.js:7:7687), [2026-03-14T18:25:43.894Z] [SEVERE] https://www.greencity.cx.ua/chunk-NUXSP4TM.js 10:45939 "ERROR" TypeError: Cannot read properties of null (reading 'setValue')
    at n.quillContentChanged (https://www.greencity.cx.ua/chunk-VNNOUBDJ.js:1:16043)
    at https://www.greencity.cx.ua/chunk-VNNOUBDJ.js:1:7223
    at eE (https://www.greencity.cx.ua/chunk-NUXSP4TM.js:11:76097)
    at Object.o [as next] (https://www.greencity.cx.ua/chunk-NUXSP4TM.js:11:76277)
    at bv.next (https://www.greencity.cx.ua/chunk-NUXSP4TM.js:7:3120)
    at Fr._next (https://www.greencity.cx.ua/chunk-NUXSP4TM.js:7:2803)
    at Fr.next (https://www.greencity.cx.ua/chunk-NUXSP4TM.js:7:2530)
    at https://www.greencity.cx.ua/chunk-NUXSP4TM.js:7:7848
    at Ac (https://www.greencity.cx.ua/chunk-NUXSP4TM.js:7:2222)
    at S0.next (https://www.greencity.cx.ua/chunk-NUXSP4TM.js:7:7687), [2026-03-14T18:25:43.896Z] [SEVERE] https://www.greencity.cx.ua/chunk-NUXSP4TM.js 10:45939 "ERROR" TypeError: Cannot read properties of null (reading 'setValue')
    at n.quillContentChanged (https://www.greencity.cx.ua/chunk-VNNOUBDJ.js:1:16043)
    at https://www.greencity.cx.ua/chunk-VNNOUBDJ.js:1:7223
    at eE (https://www.greencity.cx.ua/chunk-NUXSP4TM.js:11:76097)
    at Object.o [as next] (https://www.greencity.cx.ua/chunk-NUXSP4TM.js:11:76277)
    at bv.next (https://www.greencity.cx.ua/chunk-NUXSP4TM.js:7:3120)
    at Fr._next (https://www.greencity.cx.ua/chunk-NUXSP4TM.js:7:2803)
    at Fr.next (https://www.greencity.cx.ua/chunk-NUXSP4TM.js:7:2530)
    at https://www.greencity.cx.ua/chunk-NUXSP4TM.js:7:7848
    at Ac (https://www.greencity.cx.ua/chunk-NUXSP4TM.js:7:2222)
    at S0.next (https://www.greencity.cx.ua/chunk-NUXSP4TM.js:7:7687), [2026-03-14T18:25:43.898Z] [SEVERE] https://www.greencity.cx.ua/chunk-NUXSP4TM.js 10:45939 "ERROR" TypeError: Cannot read properties of null (reading 'setValue')
    at n.quillContentChanged (https://www.greencity.cx.ua/chunk-VNNOUBDJ.js:1:16043)
    at https://www.greencity.cx.ua/chunk-VNNOUBDJ.js:1:7223
    at eE (https://www.greencity.cx.ua/chunk-NUXSP4TM.js:11:76097)
    at Object.o [as next] (https://www.greencity.cx.ua/chunk-NUXSP4TM.js:11:76277)
    at bv.next (https://www.greencity.cx.ua/chunk-NUXSP4TM.js:7:3120)
    at Fr._next (https://www.greencity.cx.ua/chunk-NUXSP4TM.js:7:2803)
    at Fr.next (https://www.greencity.cx.ua/chunk-NUXSP4TM.js:7:2530)
    at https://www.greencity.cx.ua/chunk-NUXSP4TM.js:7:7848
    at Ac (https://www.greencity.cx.ua/chunk-NUXSP4TM.js:7:2222)
    at S0.next (https://www.greencity.cx.ua/chunk-NUXSP4TM.js:7:7687), [2026-03-14T18:25:43.901Z] [SEVERE] https://www.greencity.cx.ua/chunk-NUXSP4TM.js 10:45939 "ERROR" TypeError: Cannot read properties of null (reading 'setValue')
    at n.quillContentChanged (https://www.greencity.cx.ua/chunk-VNNOUBDJ.js:1:16043)
    at https://www.greencity.cx.ua/chunk-VNNOUBDJ.js:1:7223
    at eE (https://www.greencity.cx.ua/chunk-NUXSP4TM.js:11:76097)
    at Object.o [as next] (https://www.greencity.cx.ua/chunk-NUXSP4TM.js:11:76277)
    at bv.next (https://www.greencity.cx.ua/chunk-NUXSP4TM.js:7:3120)
    at Fr._next (https://www.greencity.cx.ua/chunk-NUXSP4TM.js:7:2803)
    at Fr.next (https://www.greencity.cx.ua/chunk-NUXSP4TM.js:7:2530)
    at https://www.greencity.cx.ua/chunk-NUXSP4TM.js:7:7848
    at Ac (https://www.greencity.cx.ua/chunk-NUXSP4TM.js:7:2222)
    at S0.next (https://www.greencity.cx.ua/chunk-NUXSP4TM.js:7:7687), [2026-03-14T18:25:43.903Z] [SEVERE] https://www.greencity.cx.ua/chunk-NUXSP4TM.js 10:45939 "ERROR" TypeError: Cannot read properties of null (reading 'setValue')
    at n.quillContentChanged (https://www.greencity.cx.ua/chunk-VNNOUBDJ.js:1:16043)
    at https://www.greencity.cx.ua/chunk-VNNOUBDJ.js:1:7223
    at eE (https://www.greencity.cx.ua/chunk-NUXSP4TM.js:11:76097)
    at Object.o [as next] (https://www.greencity.cx.ua/chunk-NUXSP4TM.js:11:76277)
    at bv.next (https://www.greencity.cx.ua/chunk-NUXSP4TM.js:7:3120)
    at Fr._next (https://www.greencity.cx.ua/chunk-NUXSP4TM.js:7:2803)
    at Fr.next (https://www.greencity.cx.ua/chunk-NUXSP4TM.js:7:2530)
    at https://www.greencity.cx.ua/chunk-NUXSP4TM.js:7:7848
    at Ac (https://www.greencity.cx.ua/chunk-NUXSP4TM.js:7:2222)
    at S0.next (https://www.greencity.cx.ua/chunk-NUXSP4TM.js:7:7687), [2026-03-14T18:25:43.906Z] [SEVERE] https://www.greencity.cx.ua/chunk-NUXSP4TM.js 10:45939 "ERROR" TypeError: Cannot read properties of null (reading 'setValue')
    at n.quillContentChanged (https://www.greencity.cx.ua/chunk-VNNOUBDJ.js:1:16043)
    at https://www.greencity.cx.ua/chunk-VNNOUBDJ.js:1:7223
    at eE (https://www.greencity.cx.ua/chunk-NUXSP4TM.js:11:76097)
    at Object.o [as next] (https://www.greencity.cx.ua/chunk-NUXSP4TM.js:11:76277)
    at bv.next (https://www.greencity.cx.ua/chunk-NUXSP4TM.js:7:3120)
    at Fr._next (https://www.greencity.cx.ua/chunk-NUXSP4TM.js:7:2803)
    at Fr.next (https://www.greencity.cx.ua/chunk-NUXSP4TM.js:7:2530)
    at https://www.greencity.cx.ua/chunk-NUXSP4TM.js:7:7848
    at Ac (https://www.greencity.cx.ua/chunk-NUXSP4TM.js:7:2222)
    at S0.next (https://www.greencity.cx.ua/chunk-NUXSP4TM.js:7:7687), [2026-03-14T18:25:43.908Z] [SEVERE] https://www.greencity.cx.ua/chunk-NUXSP4TM.js 10:45939 "ERROR" TypeError: Cannot read properties of null (reading 'setValue')
    at n.quillContentChanged (https://www.greencity.cx.ua/chunk-VNNOUBDJ.js:1:16043)
    at https://www.greencity.cx.ua/chunk-VNNOUBDJ.js:1:7223
    at eE (https://www.greencity.cx.ua/chunk-NUXSP4TM.js:11:76097)
    at Object.o [as next] (https://www.greencity.cx.ua/chunk-NUXSP4TM.js:11:76277)
    at bv.next (https://www.greencity.cx.ua/chunk-NUXSP4TM.js:7:3120)
    at Fr._next (https://www.greencity.cx.ua/chunk-NUXSP4TM.js:7:2803)
    at Fr.next (https://www.greencity.cx.ua/chunk-NUXSP4TM.js:7:2530)
    at https://www.greencity.cx.ua/chunk-NUXSP4TM.js:7:7848
    at Ac (https://www.greencity.cx.ua/chunk-NUXSP4TM.js:7:2222)
    at S0.next (https://www.greencity.cx.ua/chunk-NUXSP4TM.js:7:7687), [2026-03-14T18:25:43.911Z] [SEVERE] https://www.greencity.cx.ua/chunk-NUXSP4TM.js 10:45939 "ERROR" TypeError: Cannot read properties of null (reading 'setValue')
    at n.quillContentChanged (https://www.greencity.cx.ua/chunk-VNNOUBDJ.js:1:16043)
    at https://www.greencity.cx.ua/chunk-VNNOUBDJ.js:1:7223
    at eE (https://www.greencity.cx.ua/chunk-NUXSP4TM.js:11:76097)
    at Object.o [as next] (https://www.greencity.cx.ua/chunk-NUXSP4TM.js:11:76277)
    at bv.next (https://www.greencity.cx.ua/chunk-NUXSP4TM.js:7:3120)
    at Fr._next (https://www.greencity.cx.ua/chunk-NUXSP4TM.js:7:2803)
    at Fr.next (https://www.greencity.cx.ua/chunk-NUXSP4TM.js:7:2530)
    at https://www.greencity.cx.ua/chunk-NUXSP4TM.js:7:7848
    at Ac (https://www.greencity.cx.ua/chunk-NUXSP4TM.js:7:2222)
    at S0.next (https://www.greencity.cx.ua/chunk-NUXSP4TM.js:7:7687), [2026-03-14T18:25:43.913Z] [SEVERE] https://www.greencity.cx.ua/chunk-NUXSP4TM.js 10:45939 "ERROR" TypeError: Cannot read properties of null (reading 'setValue')
    at n.quillContentChanged (https://www.greencity.cx.ua/chunk-VNNOUBDJ.js:1:16043)
    at https://www.greencity.cx.ua/chunk-VNNOUBDJ.js:1:7223
    at eE (https://www.greencity.cx.ua/chunk-NUXSP4TM.js:11:76097)
    at Object.o [as next] (https://www.greencity.cx.ua/chunk-NUXSP4TM.js:11:76277)
    at bv.next (https://www.greencity.cx.ua/chunk-NUXSP4TM.js:7:3120)
    at Fr._next (https://www.greencity.cx.ua/chunk-NUXSP4TM.js:7:2803)
    at Fr.next (https://www.greencity.cx.ua/chunk-NUXSP4TM.js:7:2530)
    at https://www.greencity.cx.ua/chunk-NUXSP4TM.js:7:7848
    at Ac (https://www.greencity.cx.ua/chunk-NUXSP4TM.js:7:2222)
    at S0.next (https://www.greencity.cx.ua/chunk-NUXSP4TM.js:7:7687), [2026-03-14T18:25:43.915Z] [SEVERE] https://www.greencity.cx.ua/chunk-NUXSP4TM.js 10:45939 "ERROR" TypeError: Cannot read properties of null (reading 'setValue')
    at n.quillContentChanged (https://www.greencity.cx.ua/chunk-VNNOUBDJ.js:1:16043)
    at https://www.greencity.cx.ua/chunk-VNNOUBDJ.js:1:7223
    at eE (https://www.greencity.cx.ua/chunk-NUXSP4TM.js:11:76097)
    at Object.o [as next] (https://www.greencity.cx.ua/chunk-NUXSP4TM.js:11:76277)
    at bv.next (https://www.greencity.cx.ua/chunk-NUXSP4TM.js:7:3120)
    at Fr._next (https://www.greencity.cx.ua/chunk-NUXSP4TM.js:7:2803)
    at Fr.next (https://www.greencity.cx.ua/chunk-NUXSP4TM.js:7:2530)
    at https://www.greencity.cx.ua/chunk-NUXSP4TM.js:7:7848
    at Ac (https://www.greencity.cx.ua/chunk-NUXSP4TM.js:7:2222)
    at S0.next (https://www.greencity.cx.ua/chunk-NUXSP4TM.js:7:7687), [2026-03-14T18:25:43.917Z] [SEVERE] https://www.greencity.cx.ua/chunk-NUXSP4TM.js 10:45939 "ERROR" TypeError: Cannot read properties of null (reading 'setValue')
    at n.quillContentChanged (https://www.greencity.cx.ua/chunk-VNNOUBDJ.js:1:16043)
    at https://www.greencity.cx.ua/chunk-VNNOUBDJ.js:1:7223
    at eE (https://www.greencity.cx.ua/chunk-NUXSP4TM.js:11:76097)
    at Object.o [as next] (https://www.greencity.cx.ua/chunk-NUXSP4TM.js:11:76277)
    at bv.next (https://www.greencity.cx.ua/chunk-NUXSP4TM.js:7:3120)
    at Fr._next (https://www.greencity.cx.ua/chunk-NUXSP4TM.js:7:2803)
    at Fr.next (https://www.greencity.cx.ua/chunk-NUXSP4TM.js:7:2530)
    at https://www.greencity.cx.ua/chunk-NUXSP4TM.js:7:7848
    at Ac (https://www.greencity.cx.ua/chunk-NUXSP4TM.js:7:2222)
    at S0.next (https://www.greencity.cx.ua/chunk-NUXSP4TM.js:7:7687), [2026-03-14T18:25:43.920Z] [SEVERE] https://www.greencity.cx.ua/chunk-NUXSP4TM.js 10:45939 "ERROR" TypeError: Cannot read properties of null (reading 'setValue')
    at n.quillContentChanged (https://www.greencity.cx.ua/chunk-VNNOUBDJ.js:1:16043)
    at https://www.greencity.cx.ua/chunk-VNNOUBDJ.js:1:7223
    at eE (https://www.greencity.cx.ua/chunk-NUXSP4TM.js:11:76097)
    at Object.o [as next] (https://www.greencity.cx.ua/chunk-NUXSP4TM.js:11:76277)
    at bv.next (https://www.greencity.cx.ua/chunk-NUXSP4TM.js:7:3120)
    at Fr._next (https://www.greencity.cx.ua/chunk-NUXSP4TM.js:7:2803)
    at Fr.next (https://www.greencity.cx.ua/chunk-NUXSP4TM.js:7:2530)
    at https://www.greencity.cx.ua/chunk-NUXSP4TM.js:7:7848
    at Ac (https://www.greencity.cx.ua/chunk-NUXSP4TM.js:7:2222)
    at S0.next (https://www.greencity.cx.ua/chunk-NUXSP4TM.js:7:7687), [2026-03-14T18:25:43.922Z] [SEVERE] https://www.greencity.cx.ua/chunk-NUXSP4TM.js 10:45939 "ERROR" TypeError: Cannot read properties of null (reading 'setValue')
    at n.quillContentChanged (https://www.greencity.cx.ua/chunk-VNNOUBDJ.js:1:16043)
    at https://www.greencity.cx.ua/chunk-VNNOUBDJ.js:1:7223
    at eE (https://www.greencity.cx.ua/chunk-NUXSP4TM.js:11:76097)
    at Object.o [as next] (https://www.greencity.cx.ua/chunk-NUXSP4TM.js:11:76277)
    at bv.next (https://www.greencity.cx.ua/chunk-NUXSP4TM.js:7:3120)
    at Fr._next (https://www.greencity.cx.ua/chunk-NUXSP4TM.js:7:2803)
    at Fr.next (https://www.greencity.cx.ua/chunk-NUXSP4TM.js:7:2530)
    at https://www.greencity.cx.ua/chunk-NUXSP4TM.js:7:7848
    at Ac (https://www.greencity.cx.ua/chunk-NUXSP4TM.js:7:2222)
    at S0.next (https://www.greencity.cx.ua/chunk-NUXSP4TM.js:7:7687), [2026-03-14T18:25:43.924Z] [SEVERE] https://www.greencity.cx.ua/chunk-NUXSP4TM.js 10:45939 "ERROR" TypeError: Cannot read properties of null (reading 'setValue')
    at n.quillContentChanged (https://www.greencity.cx.ua/chunk-VNNOUBDJ.js:1:16043)
    at https://www.greencity.cx.ua/chunk-VNNOUBDJ.js:1:7223
    at eE (https://www.greencity.cx.ua/chunk-NUXSP4TM.js:11:76097)
    at Object.o [as next] (https://www.greencity.cx.ua/chunk-NUXSP4TM.js:11:76277)
    at bv.next (https://www.greencity.cx.ua/chunk-NUXSP4TM.js:7:3120)
    at Fr._next (https://www.greencity.cx.ua/chunk-NUXSP4TM.js:7:2803)
    at Fr.next (https://www.greencity.cx.ua/chunk-NUXSP4TM.js:7:2530)
    at https://www.greencity.cx.ua/chunk-NUXSP4TM.js:7:7848
    at Ac (https://www.greencity.cx.ua/chunk-NUXSP4TM.js:7:2222)
    at S0.next (https://www.greencity.cx.ua/chunk-NUXSP4TM.js:7:7687), [2026-03-14T18:25:43.927Z] [SEVERE] https://www.greencity.cx.ua/chunk-NUXSP4TM.js 10:45939 "ERROR" TypeError: Cannot read properties of null (reading 'setValue')
    at n.quillContentChanged (https://www.greencity.cx.ua/chunk-VNNOUBDJ.js:1:16043)
    at https://www.greencity.cx.ua/chunk-VNNOUBDJ.js:1:7223
    at eE (https://www.greencity.cx.ua/chunk-NUXSP4TM.js:11:76097)
    at Object.o [as next] (https://www.greencity.cx.ua/chunk-NUXSP4TM.js:11:76277)
    at bv.next (https://www.greencity.cx.ua/chunk-NUXSP4TM.js:7:3120)
    at Fr._next (https://www.greencity.cx.ua/chunk-NUXSP4TM.js:7:2803)
    at Fr.next (https://www.greencity.cx.ua/chunk-NUXSP4TM.js:7:2530)
    at https://www.greencity.cx.ua/chunk-NUXSP4TM.js:7:7848
    at Ac (https://www.greencity.cx.ua/chunk-NUXSP4TM.js:7:2222)
    at S0.next (https://www.greencity.cx.ua/chunk-NUXSP4TM.js:7:7687), [2026-03-14T18:25:43.929Z] [SEVERE] https://www.greencity.cx.ua/chunk-NUXSP4TM.js 10:45939 "ERROR" TypeError: Cannot read properties of null (reading 'setValue')
    at n.quillContentChanged (https://www.greencity.cx.ua/chunk-VNNOUBDJ.js:1:16043)
    at https://www.greencity.cx.ua/chunk-VNNOUBDJ.js:1:7223
    at eE (https://www.greencity.cx.ua/chunk-NUXSP4TM.js:11:76097)
    at Object.o [as next] (https://www.greencity.cx.ua/chunk-NUXSP4TM.js:11:76277)
    at bv.next (https://www.greencity.cx.ua/chunk-NUXSP4TM.js:7:3120)
    at Fr._next (https://www.greencity.cx.ua/chunk-NUXSP4TM.js:7:2803)
    at Fr.next (https://www.greencity.cx.ua/chunk-NUXSP4TM.js:7:2530)
    at https://www.greencity.cx.ua/chunk-NUXSP4TM.js:7:7848
    at Ac (https://www.greencity.cx.ua/chunk-NUXSP4TM.js:7:2222)
    at S0.next (https://www.greencity.cx.ua/chunk-NUXSP4TM.js:7:7687), [2026-03-14T18:25:43.931Z] [SEVERE] https://www.greencity.cx.ua/chunk-NUXSP4TM.js 10:45939 "ERROR" TypeError: Cannot read properties of null (reading 'setValue')
    at n.quillContentChanged (https://www.greencity.cx.ua/chunk-VNNOUBDJ.js:1:16043)
    at https://www.greencity.cx.ua/chunk-VNNOUBDJ.js:1:7223
    at eE (https://www.greencity.cx.ua/chunk-NUXSP4TM.js:11:76097)
    at Object.o [as next] (https://www.greencity.cx.ua/chunk-NUXSP4TM.js:11:76277)
    at bv.next (https://www.greencity.cx.ua/chunk-NUXSP4TM.js:7:3120)
    at Fr._next (https://www.greencity.cx.ua/chunk-NUXSP4TM.js:7:2803)
    at Fr.next (https://www.greencity.cx.ua/chunk-NUXSP4TM.js:7:2530)
    at https://www.greencity.cx.ua/chunk-NUXSP4TM.js:7:7848
    at Ac (https://www.greencity.cx.ua/chunk-NUXSP4TM.js:7:2222)
    at S0.next (https://www.greencity.cx.ua/chunk-NUXSP4TM.js:7:7687), [2026-03-14T18:25:43.934Z] [SEVERE] https://www.greencity.cx.ua/chunk-NUXSP4TM.js 10:45939 "ERROR" TypeError: Cannot read properties of null (reading 'setValue')
    at n.quillContentChanged (https://www.greencity.cx.ua/chunk-VNNOUBDJ.js:1:16043)
    at https://www.greencity.cx.ua/chunk-VNNOUBDJ.js:1:7223
    at eE (https://www.greencity.cx.ua/chunk-NUXSP4TM.js:11:76097)
    at Object.o [as next] (https://www.greencity.cx.ua/chunk-NUXSP4TM.js:11:76277)
    at bv.next (https://www.greencity.cx.ua/chunk-NUXSP4TM.js:7:3120)
    at Fr._next (https://www.greencity.cx.ua/chunk-NUXSP4TM.js:7:2803)
    at Fr.next (https://www.greencity.cx.ua/chunk-NUXSP4TM.js:7:2530)
    at https://www.greencity.cx.ua/chunk-NUXSP4TM.js:7:7848
    at Ac (https://www.greencity.cx.ua/chunk-NUXSP4TM.js:7:2222)
    at S0.next (https://www.greencity.cx.ua/chunk-NUXSP4TM.js:7:7687), [2026-03-14T18:25:43.936Z] [SEVERE] https://www.greencity.cx.ua/chunk-NUXSP4TM.js 10:45939 "ERROR" TypeError: Cannot read properties of null (reading 'setValue')
    at n.quillContentChanged (https://www.greencity.cx.ua/chunk-VNNOUBDJ.js:1:16043)
    at https://www.greencity.cx.ua/chunk-VNNOUBDJ.js:1:7223
    at eE (https://www.greencity.cx.ua/chunk-NUXSP4TM.js:11:76097)
    at Object.o [as next] (https://www.greencity.cx.ua/chunk-NUXSP4TM.js:11:76277)
    at bv.next (https://www.greencity.cx.ua/chunk-NUXSP4TM.js:7:3120)
    at Fr._next (https://www.greencity.cx.ua/chunk-NUXSP4TM.js:7:2803)
    at Fr.next (https://www.greencity.cx.ua/chunk-NUXSP4TM.js:7:2530)
    at https://www.greencity.cx.ua/chunk-NUXSP4TM.js:7:7848
    at Ac (https://www.greencity.cx.ua/chunk-NUXSP4TM.js:7:2222)
    at S0.next (https://www.greencity.cx.ua/chunk-NUXSP4TM.js:7:7687), [2026-03-14T18:25:43.938Z] [SEVERE] https://www.greencity.cx.ua/chunk-NUXSP4TM.js 10:45939 "ERROR" TypeError: Cannot read properties of null (reading 'setValue')
    at n.quillContentChanged (https://www.greencity.cx.ua/chunk-VNNOUBDJ.js:1:16043)
    at https://www.greencity.cx.ua/chunk-VNNOUBDJ.js:1:7223
    at eE (https://www.greencity.cx.ua/chunk-NUXSP4TM.js:11:76097)
    at Object.o [as next] (https://www.greencity.cx.ua/chunk-NUXSP4TM.js:11:76277)
    at bv.next (https://www.greencity.cx.ua/chunk-NUXSP4TM.js:7:3120)
    at Fr._next (https://www.greencity.cx.ua/chunk-NUXSP4TM.js:7:2803)
    at Fr.next (https://www.greencity.cx.ua/chunk-NUXSP4TM.js:7:2530)
    at https://www.greencity.cx.ua/chunk-NUXSP4TM.js:7:7848
    at Ac (https://www.greencity.cx.ua/chunk-NUXSP4TM.js:7:2222)
    at S0.next (https://www.greencity.cx.ua/chunk-NUXSP4TM.js:7:7687), [2026-03-14T18:25:43.941Z] [SEVERE] https://www.greencity.cx.ua/chunk-NUXSP4TM.js 10:45939 "ERROR" TypeError: Cannot read properties of null (reading 'setValue')
    at n.quillContentChanged (https://www.greencity.cx.ua/chunk-VNNOUBDJ.js:1:16043)
    at https://www.greencity.cx.ua/chunk-VNNOUBDJ.js:1:7223
    at eE (https://www.greencity.cx.ua/chunk-NUXSP4TM.js:11:76097)
    at Object.o [as next] (https://www.greencity.cx.ua/chunk-NUXSP4TM.js:11:76277)
    at bv.next (https://www.greencity.cx.ua/chunk-NUXSP4TM.js:7:3120)
    at Fr._next (https://www.greencity.cx.ua/chunk-NUXSP4TM.js:7:2803)
    at Fr.next (https://www.greencity.cx.ua/chunk-NUXSP4TM.js:7:2530)
    at https://www.greencity.cx.ua/chunk-NUXSP4TM.js:7:7848
    at Ac (https://www.greencity.cx.ua/chunk-NUXSP4TM.js:7:2222)
    at S0.next (https://www.greencity.cx.ua/chunk-NUXSP4TM.js:7:7687), [2026-03-14T18:25:43.943Z] [SEVERE] https://www.greencity.cx.ua/chunk-NUXSP4TM.js 10:45939 "ERROR" TypeError: Cannot read properties of null (reading 'setValue')
    at n.quillContentChanged (https://www.greencity.cx.ua/chunk-VNNOUBDJ.js:1:16043)
    at https://www.greencity.cx.ua/chunk-VNNOUBDJ.js:1:7223
    at eE (https://www.greencity.cx.ua/chunk-NUXSP4TM.js:11:76097)
    at Object.o [as next] (https://www.greencity.cx.ua/chunk-NUXSP4TM.js:11:76277)
    at bv.next (https://www.greencity.cx.ua/chunk-NUXSP4TM.js:7:3120)
    at Fr._next (https://www.greencity.cx.ua/chunk-NUXSP4TM.js:7:2803)
    at Fr.next (https://www.greencity.cx.ua/chunk-NUXSP4TM.js:7:2530)
    at https://www.greencity.cx.ua/chunk-NUXSP4TM.js:7:7848
    at Ac (https://www.greencity.cx.ua/chunk-NUXSP4TM.js:7:2222)
    at S0.next (https://www.greencity.cx.ua/chunk-NUXSP4TM.js:7:7687), [2026-03-14T18:25:43.945Z] [SEVERE] https://www.greencity.cx.ua/chunk-NUXSP4TM.js 10:45939 "ERROR" TypeError: Cannot read properties of null (reading 'setValue')
    at n.quillContentChanged (https://www.greencity.cx.ua/chunk-VNNOUBDJ.js:1:16043)
    at https://www.greencity.cx.ua/chunk-VNNOUBDJ.js:1:7223
    at eE (https://www.greencity.cx.ua/chunk-NUXSP4TM.js:11:76097)
    at Object.o [as next] (https://www.greencity.cx.ua/chunk-NUXSP4TM.js:11:76277)
    at bv.next (https://www.greencity.cx.ua/chunk-NUXSP4TM.js:7:3120)
    at Fr._next (https://www.greencity.cx.ua/chunk-NUXSP4TM.js:7:2803)
    at Fr.next (https://www.greencity.cx.ua/chunk-NUXSP4TM.js:7:2530)
    at https://www.greencity.cx.ua/chunk-NUXSP4TM.js:7:7848
    at Ac (https://www.greencity.cx.ua/chunk-NUXSP4TM.js:7:2222)
    at S0.next (https://www.greencity.cx.ua/chunk-NUXSP4TM.js:7:7687), [2026-03-14T18:25:43.948Z] [SEVERE] https://www.greencity.cx.ua/chunk-NUXSP4TM.js 10:45939 "ERROR" TypeError: Cannot read properties of null (reading 'setValue')
    at n.quillContentChanged (https://www.greencity.cx.ua/chunk-VNNOUBDJ.js:1:16043)
    at https://www.greencity.cx.ua/chunk-VNNOUBDJ.js:1:7223
    at eE (https://www.greencity.cx.ua/chunk-NUXSP4TM.js:11:76097)
    at Object.o [as next] (https://www.greencity.cx.ua/chunk-NUXSP4TM.js:11:76277)
    at bv.next (https://www.greencity.cx.ua/chunk-NUXSP4TM.js:7:3120)
    at Fr._next (https://www.greencity.cx.ua/chunk-NUXSP4TM.js:7:2803)
    at Fr.next (https://www.greencity.cx.ua/chunk-NUXSP4TM.js:7:2530)
    at https://www.greencity.cx.ua/chunk-NUXSP4TM.js:7:7848
    at Ac (https://www.greencity.cx.ua/chunk-NUXSP4TM.js:7:2222)
    at S0.next (https://www.greencity.cx.ua/chunk-NUXSP4TM.js:7:7687), [2026-03-14T18:25:43.950Z] [SEVERE] https://www.greencity.cx.ua/chunk-NUXSP4TM.js 10:45939 "ERROR" TypeError: Cannot read properties of null (reading 'setValue')
    at n.quillContentChanged (https://www.greencity.cx.ua/chunk-VNNOUBDJ.js:1:16043)
    at https://www.greencity.cx.ua/chunk-VNNOUBDJ.js:1:7223
    at eE (https://www.greencity.cx.ua/chunk-NUXSP4TM.js:11:76097)
    at Object.o [as next] (https://www.greencity.cx.ua/chunk-NUXSP4TM.js:11:76277)
    at bv.next (https://www.greencity.cx.ua/chunk-NUXSP4TM.js:7:3120)
    at Fr._next (https://www.greencity.cx.ua/chunk-NUXSP4TM.js:7:2803)
    at Fr.next (https://www.greencity.cx.ua/chunk-NUXSP4TM.js:7:2530)
    at https://www.greencity.cx.ua/chunk-NUXSP4TM.js:7:7848
    at Ac (https://www.greencity.cx.ua/chunk-NUXSP4TM.js:7:2222)
    at S0.next (https://www.greencity.cx.ua/chunk-NUXSP4TM.js:7:7687), [2026-03-14T18:25:43.952Z] [SEVERE] https://www.greencity.cx.ua/chunk-NUXSP4TM.js 10:45939 "ERROR" TypeError: Cannot read properties of null (reading 'setValue')
    at n.quillContentChanged (https://www.greencity.cx.ua/chunk-VNNOUBDJ.js:1:16043)
    at https://www.greencity.cx.ua/chunk-VNNOUBDJ.js:1:7223
    at eE (https://www.greencity.cx.ua/chunk-NUXSP4TM.js:11:76097)
    at Object.o [as next] (https://www.greencity.cx.ua/chunk-NUXSP4TM.js:11:76277)
    at bv.next (https://www.greencity.cx.ua/chunk-NUXSP4TM.js:7:3120)
    at Fr._next (https://www.greencity.cx.ua/chunk-NUXSP4TM.js:7:2803)
    at Fr.next (https://www.greencity.cx.ua/chunk-NUXSP4TM.js:7:2530)
    at https://www.greencity.cx.ua/chunk-NUXSP4TM.js:7:7848
    at Ac (https://www.greencity.cx.ua/chunk-NUXSP4TM.js:7:2222)
    at S0.next (https://www.greencity.cx.ua/chunk-NUXSP4TM.js:7:7687), [2026-03-14T18:25:43.955Z] [SEVERE] https://www.greencity.cx.ua/chunk-NUXSP4TM.js 10:45939 "ERROR" TypeError: Cannot read properties of null (reading 'setValue')
    at n.quillContentChanged (https://www.greencity.cx.ua/chunk-VNNOUBDJ.js:1:16043)
    at https://www.greencity.cx.ua/chunk-VNNOUBDJ.js:1:7223
    at eE (https://www.greencity.cx.ua/chunk-NUXSP4TM.js:11:76097)
    at Object.o [as next] (https://www.greencity.cx.ua/chunk-NUXSP4TM.js:11:76277)
    at bv.next (https://www.greencity.cx.ua/chunk-NUXSP4TM.js:7:3120)
    at Fr._next (https://www.greencity.cx.ua/chunk-NUXSP4TM.js:7:2803)
    at Fr.next (https://www.greencity.cx.ua/chunk-NUXSP4TM.js:7:2530)
    at https://www.greencity.cx.ua/chunk-NUXSP4TM.js:7:7848
    at Ac (https://www.greencity.cx.ua/chunk-NUXSP4TM.js:7:2222)
    at S0.next (https://www.greencity.cx.ua/chunk-NUXSP4TM.js:7:7687), [2026-03-14T18:25:43.957Z] [SEVERE] https://www.greencity.cx.ua/chunk-NUXSP4TM.js 10:45939 "ERROR" TypeError: Cannot read properties of null (reading 'setValue')
    at n.quillContentChanged (https://www.greencity.cx.ua/chunk-VNNOUBDJ.js:1:16043)
    at https://www.greencity.cx.ua/chunk-VNNOUBDJ.js:1:7223
    at eE (https://www.greencity.cx.ua/chunk-NUXSP4TM.js:11:76097)
    at Object.o [as next] (https://www.greencity.cx.ua/chunk-NUXSP4TM.js:11:76277)
    at bv.next (https://www.greencity.cx.ua/chunk-NUXSP4TM.js:7:3120)
    at Fr._next (https://www.greencity.cx.ua/chunk-NUXSP4TM.js:7:2803)
    at Fr.next (https://www.greencity.cx.ua/chunk-NUXSP4TM.js:7:2530)
    at https://www.greencity.cx.ua/chunk-NUXSP4TM.js:7:7848
    at Ac (https://www.greencity.cx.ua/chunk-NUXSP4TM.js:7:2222)
    at S0.next (https://www.greencity.cx.ua/chunk-NUXSP4TM.js:7:7687), [2026-03-14T18:25:43.960Z] [SEVERE] https://www.greencity.cx.ua/chunk-NUXSP4TM.js 10:45939 "ERROR" TypeError: Cannot read properties of null (reading 'setValue')
    at n.quillContentChanged (https://www.greencity.cx.ua/chunk-VNNOUBDJ.js:1:16043)
    at https://www.greencity.cx.ua/chunk-VNNOUBDJ.js:1:7223
    at eE (https://www.greencity.cx.ua/chunk-NUXSP4TM.js:11:76097)
    at Object.o [as next] (https://www.greencity.cx.ua/chunk-NUXSP4TM.js:11:76277)
    at bv.next (https://www.greencity.cx.ua/chunk-NUXSP4TM.js:7:3120)
    at Fr._next (https://www.greencity.cx.ua/chunk-NUXSP4TM.js:7:2803)
    at Fr.next (https://www.greencity.cx.ua/chunk-NUXSP4TM.js:7:2530)
    at https://www.greencity.cx.ua/chunk-NUXSP4TM.js:7:7848
    at Ac (https://www.greencity.cx.ua/chunk-NUXSP4TM.js:7:2222)
    at S0.next (https://www.greencity.cx.ua/chunk-NUXSP4TM.js:7:7687), [2026-03-14T18:25:43.962Z] [SEVERE] https://www.greencity.cx.ua/chunk-NUXSP4TM.js 10:45939 "ERROR" TypeError: Cannot read properties of null (reading 'setValue')
    at n.quillContentChanged (https://www.greencity.cx.ua/chunk-VNNOUBDJ.js:1:16043)
    at https://www.greencity.cx.ua/chunk-VNNOUBDJ.js:1:7223
    at eE (https://www.greencity.cx.ua/chunk-NUXSP4TM.js:11:76097)
    at Object.o [as next] (https://www.greencity.cx.ua/chunk-NUXSP4TM.js:11:76277)
    at bv.next (https://www.greencity.cx.ua/chunk-NUXSP4TM.js:7:3120)
    at Fr._next (https://www.greencity.cx.ua/chunk-NUXSP4TM.js:7:2803)
    at Fr.next (https://www.greencity.cx.ua/chunk-NUXSP4TM.js:7:2530)
    at https://www.greencity.cx.ua/chunk-NUXSP4TM.js:7:7848
    at Ac (https://www.greencity.cx.ua/chunk-NUXSP4TM.js:7:2222)
    at S0.next (https://www.greencity.cx.ua/chunk-NUXSP4TM.js:7:7687), [2026-03-14T18:25:43.965Z] [SEVERE] https://www.greencity.cx.ua/chunk-NUXSP4TM.js 10:45939 "ERROR" TypeError: Cannot read properties of null (reading 'setValue')
    at n.quillContentChanged (https://www.greencity.cx.ua/chunk-VNNOUBDJ.js:1:16043)
    at https://www.greencity.cx.ua/chunk-VNNOUBDJ.js:1:7223
    at eE (https://www.greencity.cx.ua/chunk-NUXSP4TM.js:11:76097)
    at Object.o [as next] (https://www.greencity.cx.ua/chunk-NUXSP4TM.js:11:76277)
    at bv.next (https://www.greencity.cx.ua/chunk-NUXSP4TM.js:7:3120)
    at Fr._next (https://www.greencity.cx.ua/chunk-NUXSP4TM.js:7:2803)
    at Fr.next (https://www.greencity.cx.ua/chunk-NUXSP4TM.js:7:2530)
    at https://www.greencity.cx.ua/chunk-NUXSP4TM.js:7:7848
    at Ac (https://www.greencity.cx.ua/chunk-NUXSP4TM.js:7:2222)
    at S0.next (https://www.greencity.cx.ua/chunk-NUXSP4TM.js:7:7687), [2026-03-14T18:25:43.967Z] [SEVERE] https://www.greencity.cx.ua/chunk-NUXSP4TM.js 10:45939 "ERROR" TypeError: Cannot read properties of null (reading 'setValue')
    at n.quillContentChanged (https://www.greencity.cx.ua/chunk-VNNOUBDJ.js:1:16043)
    at https://www.greencity.cx.ua/chunk-VNNOUBDJ.js:1:7223
    at eE (https://www.greencity.cx.ua/chunk-NUXSP4TM.js:11:76097)
    at Object.o [as next] (https://www.greencity.cx.ua/chunk-NUXSP4TM.js:11:76277)
    at bv.next (https://www.greencity.cx.ua/chunk-NUXSP4TM.js:7:3120)
    at Fr._next (https://www.greencity.cx.ua/chunk-NUXSP4TM.js:7:2803)
    at Fr.next (https://www.greencity.cx.ua/chunk-NUXSP4TM.js:7:2530)
    at https://www.greencity.cx.ua/chunk-NUXSP4TM.js:7:7848
    at Ac (https://www.greencity.cx.ua/chunk-NUXSP4TM.js:7:2222)
    at S0.next (https://www.greencity.cx.ua/chunk-NUXSP4TM.js:7:7687), [2026-03-14T18:25:43.969Z] [SEVERE] https://www.greencity.cx.ua/chunk-NUXSP4TM.js 10:45939 "ERROR" TypeError: Cannot read properties of null (reading 'setValue')
    at n.quillContentChanged (https://www.greencity.cx.ua/chunk-VNNOUBDJ.js:1:16043)
    at https://www.greencity.cx.ua/chunk-VNNOUBDJ.js:1:7223
    at eE (https://www.greencity.cx.ua/chunk-NUXSP4TM.js:11:76097)
    at Object.o [as next] (https://www.greencity.cx.ua/chunk-NUXSP4TM.js:11:76277)
    at bv.next (https://www.greencity.cx.ua/chunk-NUXSP4TM.js:7:3120)
    at Fr._next (https://www.greencity.cx.ua/chunk-NUXSP4TM.js:7:2803)
    at Fr.next (https://www.greencity.cx.ua/chunk-NUXSP4TM.js:7:2530)
    at https://www.greencity.cx.ua/chunk-NUXSP4TM.js:7:7848
    at Ac (https://www.greencity.cx.ua/chunk-NUXSP4TM.js:7:2222)
    at S0.next (https://www.greencity.cx.ua/chunk-NUXSP4TM.js:7:7687), [2026-03-14T18:25:43.972Z] [SEVERE] https://www.greencity.cx.ua/chunk-NUXSP4TM.js 10:45939 "ERROR" TypeError: Cannot read properties of null (reading 'setValue')
    at n.quillContentChanged (https://www.greencity.cx.ua/chunk-VNNOUBDJ.js:1:16043)
    at https://www.greencity.cx.ua/chunk-VNNOUBDJ.js:1:7223
    at eE (https://www.greencity.cx.ua/chunk-NUXSP4TM.js:11:76097)
    at Object.o [as next] (https://www.greencity.cx.ua/chunk-NUXSP4TM.js:11:76277)
    at bv.next (https://www.greencity.cx.ua/chunk-NUXSP4TM.js:7:3120)
    at Fr._next (https://www.greencity.cx.ua/chunk-NUXSP4TM.js:7:2803)
    at Fr.next (https://www.greencity.cx.ua/chunk-NUXSP4TM.js:7:2530)
    at https://www.greencity.cx.ua/chunk-NUXSP4TM.js:7:7848
    at Ac (https://www.greencity.cx.ua/chunk-NUXSP4TM.js:7:2222)
    at S0.next (https://www.greencity.cx.ua/chunk-NUXSP4TM.js:7:7687), [2026-03-14T18:25:43.977Z] [SEVERE] https://www.greencity.cx.ua/chunk-NUXSP4TM.js 10:45939 "ERROR" TypeError: Cannot read properties of null (reading 'setValue')
    at n.quillContentChanged (https://www.greencity.cx.ua/chunk-VNNOUBDJ.js:1:16043)
    at https://www.greencity.cx.ua/chunk-VNNOUBDJ.js:1:7223
    at eE (https://www.greencity.cx.ua/chunk-NUXSP4TM.js:11:76097)
    at Object.o [as next] (https://www.greencity.cx.ua/chunk-NUXSP4TM.js:11:76277)
    at bv.next (https://www.greencity.cx.ua/chunk-NUXSP4TM.js:7:3120)
    at Fr._next (https://www.greencity.cx.ua/chunk-NUXSP4TM.js:7:2803)
    at Fr.next (https://www.greencity.cx.ua/chunk-NUXSP4TM.js:7:2530)
    at https://www.greencity.cx.ua/chunk-NUXSP4TM.js:7:7848
    at Ac (https://www.greencity.cx.ua/chunk-NUXSP4TM.js:7:2222)
    at S0.next (https://www.greencity.cx.ua/chunk-NUXSP4TM.js:7:7687), [2026-03-14T18:25:43.979Z] [SEVERE] https://www.greencity.cx.ua/chunk-NUXSP4TM.js 10:45939 "ERROR" TypeError: Cannot read properties of null (reading 'setValue')
    at n.quillContentChanged (https://www.greencity.cx.ua/chunk-VNNOUBDJ.js:1:16043)
    at https://www.greencity.cx.ua/chunk-VNNOUBDJ.js:1:7223
    at eE (https://www.greencity.cx.ua/chunk-NUXSP4TM.js:11:76097)
    at Object.o [as next] (https://www.greencity.cx.ua/chunk-NUXSP4TM.js:11:76277)
    at bv.next (https://www.greencity.cx.ua/chunk-NUXSP4TM.js:7:3120)
    at Fr._next (https://www.greencity.cx.ua/chunk-NUXSP4TM.js:7:2803)
    at Fr.next (https://www.greencity.cx.ua/chunk-NUXSP4TM.js:7:2530)
    at https://www.greencity.cx.ua/chunk-NUXSP4TM.js:7:7848
    at Ac (https://www.greencity.cx.ua/chunk-NUXSP4TM.js:7:2222)
    at S0.next (https://www.greencity.cx.ua/chunk-NUXSP4TM.js:7:7687), [2026-03-14T18:25:43.983Z] [SEVERE] https://www.greencity.cx.ua/chunk-NUXSP4TM.js 10:45939 "ERROR" TypeError: Cannot read properties of null (reading 'setValue')
    at n.quillContentChanged (https://www.greencity.cx.ua/chunk-VNNOUBDJ.js:1:16043)
    at https://www.greencity.cx.ua/chunk-VNNOUBDJ.js:1:7223
    at eE (https://www.greencity.cx.ua/chunk-NUXSP4TM.js:11:76097)
    at Object.o [as next] (https://www.greencity.cx.ua/chunk-NUXSP4TM.js:11:76277)
    at bv.next (https://www.greencity.cx.ua/chunk-NUXSP4TM.js:7:3120)
    at Fr._next (https://www.greencity.cx.ua/chunk-NUXSP4TM.js:7:2803)
    at Fr.next (https://www.greencity.cx.ua/chunk-NUXSP4TM.js:7:2530)
    at https://www.greencity.cx.ua/chunk-NUXSP4TM.js:7:7848
    at Ac (https://www.greencity.cx.ua/chunk-NUXSP4TM.js:7:2222)
    at S0.next (https://www.greencity.cx.ua/chunk-NUXSP4TM.js:7:7687), [2026-03-14T18:25:43.986Z] [SEVERE] https://www.greencity.cx.ua/chunk-NUXSP4TM.js 10:45939 "ERROR" TypeError: Cannot read properties of null (reading 'setValue')
    at n.quillContentChanged (https://www.greencity.cx.ua/chunk-VNNOUBDJ.js:1:16043)
    at https://www.greencity.cx.ua/chunk-VNNOUBDJ.js:1:7223
    at eE (https://www.greencity.cx.ua/chunk-NUXSP4TM.js:11:76097)
    at Object.o [as next] (https://www.greencity.cx.ua/chunk-NUXSP4TM.js:11:76277)
    at bv.next (https://www.greencity.cx.ua/chunk-NUXSP4TM.js:7:3120)
    at Fr._next (https://www.greencity.cx.ua/chunk-NUXSP4TM.js:7:2803)
    at Fr.next (https://www.greencity.cx.ua/chunk-NUXSP4TM.js:7:2530)
    at https://www.greencity.cx.ua/chunk-NUXSP4TM.js:7:7848
    at Ac (https://www.greencity.cx.ua/chunk-NUXSP4TM.js:7:2222)
    at S0.next (https://www.greencity.cx.ua/chunk-NUXSP4TM.js:7:7687), [2026-03-14T18:25:43.990Z] [SEVERE] https://www.greencity.cx.ua/chunk-NUXSP4TM.js 10:45939 "ERROR" TypeError: Cannot read properties of null (reading 'setValue')
    at n.quillContentChanged (https://www.greencity.cx.ua/chunk-VNNOUBDJ.js:1:16043)
    at https://www.greencity.cx.ua/chunk-VNNOUBDJ.js:1:7223
    at eE (https://www.greencity.cx.ua/chunk-NUXSP4TM.js:11:76097)
    at Object.o [as next] (https://www.greencity.cx.ua/chunk-NUXSP4TM.js:11:76277)
    at bv.next (https://www.greencity.cx.ua/chunk-NUXSP4TM.js:7:3120)
    at Fr._next (https://www.greencity.cx.ua/chunk-NUXSP4TM.js:7:2803)
    at Fr.next (https://www.greencity.cx.ua/chunk-NUXSP4TM.js:7:2530)
    at https://www.greencity.cx.ua/chunk-NUXSP4TM.js:7:7848
    at Ac (https://www.greencity.cx.ua/chunk-NUXSP4TM.js:7:2222)
    at S0.next (https://www.greencity.cx.ua/chunk-NUXSP4TM.js:7:7687), [2026-03-14T18:25:43.993Z] [SEVERE] https://www.greencity.cx.ua/chunk-NUXSP4TM.js 10:45939 "ERROR" TypeError: Cannot read properties of null (reading 'setValue')
    at n.quillContentChanged (https://www.greencity.cx.ua/chunk-VNNOUBDJ.js:1:16043)
    at https://www.greencity.cx.ua/chunk-VNNOUBDJ.js:1:7223
    at eE (https://www.greencity.cx.ua/chunk-NUXSP4TM.js:11:76097)
    at Object.o [as next] (https://www.greencity.cx.ua/chunk-NUXSP4TM.js:11:76277)
    at bv.next (https://www.greencity.cx.ua/chunk-NUXSP4TM.js:7:3120)
    at Fr._next (https://www.greencity.cx.ua/chunk-NUXSP4TM.js:7:2803)
    at Fr.next (https://www.greencity.cx.ua/chunk-NUXSP4TM.js:7:2530)
    at https://www.greencity.cx.ua/chunk-NUXSP4TM.js:7:7848
    at Ac (https://www.greencity.cx.ua/chunk-NUXSP4TM.js:7:2222)
    at S0.next (https://www.greencity.cx.ua/chunk-NUXSP4TM.js:7:7687), [2026-03-14T18:25:43.997Z] [SEVERE] https://www.greencity.cx.ua/chunk-NUXSP4TM.js 10:45939 "ERROR" TypeError: Cannot read properties of null (reading 'setValue')
    at n.quillContentChanged (https://www.greencity.cx.ua/chunk-VNNOUBDJ.js:1:16043)
    at https://www.greencity.cx.ua/chunk-VNNOUBDJ.js:1:7223
    at eE (https://www.greencity.cx.ua/chunk-NUXSP4TM.js:11:76097)
    at Object.o [as next] (https://www.greencity.cx.ua/chunk-NUXSP4TM.js:11:76277)
    at bv.next (https://www.greencity.cx.ua/chunk-NUXSP4TM.js:7:3120)
    at Fr._next (https://www.greencity.cx.ua/chunk-NUXSP4TM.js:7:2803)
    at Fr.next (https://www.greencity.cx.ua/chunk-NUXSP4TM.js:7:2530)
    at https://www.greencity.cx.ua/chunk-NUXSP4TM.js:7:7848
    at Ac (https://www.greencity.cx.ua/chunk-NUXSP4TM.js:7:2222)
    at S0.next (https://www.greencity.cx.ua/chunk-NUXSP4TM.js:7:7687), [2026-03-14T18:25:44Z] [SEVERE] https://www.greencity.cx.ua/chunk-NUXSP4TM.js 10:45939 "ERROR" TypeError: Cannot read properties of null (reading 'setValue')
    at n.quillContentChanged (https://www.greencity.cx.ua/chunk-VNNOUBDJ.js:1:16043)
    at https://www.greencity.cx.ua/chunk-VNNOUBDJ.js:1:7223
    at eE (https://www.greencity.cx.ua/chunk-NUXSP4TM.js:11:76097)
    at Object.o [as next] (https://www.greencity.cx.ua/chunk-NUXSP4TM.js:11:76277)
    at bv.next (https://www.greencity.cx.ua/chunk-NUXSP4TM.js:7:3120)
    at Fr._next (https://www.greencity.cx.ua/chunk-NUXSP4TM.js:7:2803)
    at Fr.next (https://www.greencity.cx.ua/chunk-NUXSP4TM.js:7:2530)
    at https://www.greencity.cx.ua/chunk-NUXSP4TM.js:7:7848
    at Ac (https://www.greencity.cx.ua/chunk-NUXSP4TM.js:7:2222)
    at S0.next (https://www.greencity.cx.ua/chunk-NUXSP4TM.js:7:7687), [2026-03-14T18:25:44.004Z] [SEVERE] https://www.greencity.cx.ua/chunk-NUXSP4TM.js 10:45939 "ERROR" TypeError: Cannot read properties of null (reading 'setValue')
    at n.quillContentChanged (https://www.greencity.cx.ua/chunk-VNNOUBDJ.js:1:16043)
    at https://www.greencity.cx.ua/chunk-VNNOUBDJ.js:1:7223
    at eE (https://www.greencity.cx.ua/chunk-NUXSP4TM.js:11:76097)
    at Object.o [as next] (https://www.greencity.cx.ua/chunk-NUXSP4TM.js:11:76277)
    at bv.next (https://www.greencity.cx.ua/chunk-NUXSP4TM.js:7:3120)
    at Fr._next (https://www.greencity.cx.ua/chunk-NUXSP4TM.js:7:2803)
    at Fr.next (https://www.greencity.cx.ua/chunk-NUXSP4TM.js:7:2530)
    at https://www.greencity.cx.ua/chunk-NUXSP4TM.js:7:7848
    at Ac (https://www.greencity.cx.ua/chunk-NUXSP4TM.js:7:2222)
    at S0.next (https://www.greencity.cx.ua/chunk-NUXSP4TM.js:7:7687), [2026-03-14T18:25:44.007Z] [SEVERE] https://www.greencity.cx.ua/chunk-NUXSP4TM.js 10:45939 "ERROR" TypeError: Cannot read properties of null (reading 'setValue')
    at n.quillContentChanged (https://www.greencity.cx.ua/chunk-VNNOUBDJ.js:1:16043)
    at https://www.greencity.cx.ua/chunk-VNNOUBDJ.js:1:7223
    at eE (https://www.greencity.cx.ua/chunk-NUXSP4TM.js:11:76097)
    at Object.o [as next] (https://www.greencity.cx.ua/chunk-NUXSP4TM.js:11:76277)
    at bv.next (https://www.greencity.cx.ua/chunk-NUXSP4TM.js:7:3120)
    at Fr._next (https://www.greencity.cx.ua/chunk-NUXSP4TM.js:7:2803)
    at Fr.next (https://www.greencity.cx.ua/chunk-NUXSP4TM.js:7:2530)
    at https://www.greencity.cx.ua/chunk-NUXSP4TM.js:7:7848
    at Ac (https://www.greencity.cx.ua/chunk-NUXSP4TM.js:7:2222)
    at S0.next (https://www.greencity.cx.ua/chunk-NUXSP4TM.js:7:7687), [2026-03-14T18:25:44.021Z] [SEVERE] https://www.greencity.cx.ua/chunk-NUXSP4TM.js 10:45939 "ERROR" TypeError: Cannot read properties of null (reading 'setValue')
    at n.quillContentChanged (https://www.greencity.cx.ua/chunk-VNNOUBDJ.js:1:16043)
    at https://www.greencity.cx.ua/chunk-VNNOUBDJ.js:1:7223
    at eE (https://www.greencity.cx.ua/chunk-NUXSP4TM.js:11:76097)
    at Object.o [as next] (https://www.greencity.cx.ua/chunk-NUXSP4TM.js:11:76277)
    at bv.next (https://www.greencity.cx.ua/chunk-NUXSP4TM.js:7:3120)
    at Fr._next (https://www.greencity.cx.ua/chunk-NUXSP4TM.js:7:2803)
    at Fr.next (https://www.greencity.cx.ua/chunk-NUXSP4TM.js:7:2530)
    at https://www.greencity.cx.ua/chunk-NUXSP4TM.js:7:7848
    at Ac (https://www.greencity.cx.ua/chunk-NUXSP4TM.js:7:2222)
    at S0.next (https://www.greencity.cx.ua/chunk-NUXSP4TM.js:7:7687), [2026-03-14T18:25:44.021Z] [SEVERE] https://www.greencity.cx.ua/chunk-NUXSP4TM.js 10:45939 "ERROR" TypeError: Cannot read properties of null (reading 'setValue')
    at n.quillContentChanged (https://www.greencity.cx.ua/chunk-VNNOUBDJ.js:1:16043)
    at https://www.greencity.cx.ua/chunk-VNNOUBDJ.js:1:7223
    at eE (https://www.greencity.cx.ua/chunk-NUXSP4TM.js:11:76097)
    at Object.o [as next] (https://www.greencity.cx.ua/chunk-NUXSP4TM.js:11:76277)
    at bv.next (https://www.greencity.cx.ua/chunk-NUXSP4TM.js:7:3120)
    at Fr._next (https://www.greencity.cx.ua/chunk-NUXSP4TM.js:7:2803)
    at Fr.next (https://www.greencity.cx.ua/chunk-NUXSP4TM.js:7:2530)
    at https://www.greencity.cx.ua/chunk-NUXSP4TM.js:7:7848
    at Ac (https://www.greencity.cx.ua/chunk-NUXSP4TM.js:7:2222)
    at S0.next (https://www.greencity.cx.ua/chunk-NUXSP4TM.js:7:7687), [2026-03-14T18:25:44.022Z] [SEVERE] https://www.greencity.cx.ua/chunk-NUXSP4TM.js 10:45939 "ERROR" TypeError: Cannot read properties of null (reading 'setValue')
    at n.quillContentChanged (https://www.greencity.cx.ua/chunk-VNNOUBDJ.js:1:16043)
    at https://www.greencity.cx.ua/chunk-VNNOUBDJ.js:1:7223
    at eE (https://www.greencity.cx.ua/chunk-NUXSP4TM.js:11:76097)
    at Object.o [as next] (https://www.greencity.cx.ua/chunk-NUXSP4TM.js:11:76277)
    at bv.next (https://www.greencity.cx.ua/chunk-NUXSP4TM.js:7:3120)
    at Fr._next (https://www.greencity.cx.ua/chunk-NUXSP4TM.js:7:2803)
    at Fr.next (https://www.greencity.cx.ua/chunk-NUXSP4TM.js:7:2530)
    at https://www.greencity.cx.ua/chunk-NUXSP4TM.js:7:7848
    at Ac (https://www.greencity.cx.ua/chunk-NUXSP4TM.js:7:2222)
    at S0.next (https://www.greencity.cx.ua/chunk-NUXSP4TM.js:7:7687), [2026-03-14T18:25:44.024Z] [SEVERE] https://www.greencity.cx.ua/chunk-NUXSP4TM.js 10:45939 "ERROR" TypeError: Cannot read properties of null (reading 'setValue')
    at n.quillContentChanged (https://www.greencity.cx.ua/chunk-VNNOUBDJ.js:1:16043)
    at https://www.greencity.cx.ua/chunk-VNNOUBDJ.js:1:7223
    at eE (https://www.greencity.cx.ua/chunk-NUXSP4TM.js:11:76097)
    at Object.o [as next] (https://www.greencity.cx.ua/chunk-NUXSP4TM.js:11:76277)
    at bv.next (https://www.greencity.cx.ua/chunk-NUXSP4TM.js:7:3120)
    at Fr._next (https://www.greencity.cx.ua/chunk-NUXSP4TM.js:7:2803)
    at Fr.next (https://www.greencity.cx.ua/chunk-NUXSP4TM.js:7:2530)
    at https://www.greencity.cx.ua/chunk-NUXSP4TM.js:7:7848
    at Ac (https://www.greencity.cx.ua/chunk-NUXSP4TM.js:7:2222)
    at S0.next (https://www.greencity.cx.ua/chunk-NUXSP4TM.js:7:7687), [2026-03-14T18:25:44.026Z] [SEVERE] https://www.greencity.cx.ua/chunk-NUXSP4TM.js 10:45939 "ERROR" TypeError: Cannot read properties of null (reading 'setValue')
    at n.quillContentChanged (https://www.greencity.cx.ua/chunk-VNNOUBDJ.js:1:16043)
    at https://www.greencity.cx.ua/chunk-VNNOUBDJ.js:1:7223
    at eE (https://www.greencity.cx.ua/chunk-NUXSP4TM.js:11:76097)
    at Object.o [as next] (https://www.greencity.cx.ua/chunk-NUXSP4TM.js:11:76277)
    at bv.next (https://www.greencity.cx.ua/chunk-NUXSP4TM.js:7:3120)
    at Fr._next (https://www.greencity.cx.ua/chunk-NUXSP4TM.js:7:2803)
    at Fr.next (https://www.greencity.cx.ua/chunk-NUXSP4TM.js:7:2530)
    at https://www.greencity.cx.ua/chunk-NUXSP4TM.js:7:7848
    at Ac (https://www.greencity.cx.ua/chunk-NUXSP4TM.js:7:2222)
    at S0.next (https://www.greencity.cx.ua/chunk-NUXSP4TM.js:7:7687), [2026-03-14T18:25:44.029Z] [SEVERE] https://www.greencity.cx.ua/chunk-NUXSP4TM.js 10:45939 "ERROR" TypeError: Cannot read properties of null (reading 'setValue')
    at n.quillContentChanged (https://www.greencity.cx.ua/chunk-VNNOUBDJ.js:1:16043)
    at https://www.greencity.cx.ua/chunk-VNNOUBDJ.js:1:7223
    at eE (https://www.greencity.cx.ua/chunk-NUXSP4TM.js:11:76097)
    at Object.o [as next] (https://www.greencity.cx.ua/chunk-NUXSP4TM.js:11:76277)
    at bv.next (https://www.greencity.cx.ua/chunk-NUXSP4TM.js:7:3120)
    at Fr._next (https://www.greencity.cx.ua/chunk-NUXSP4TM.js:7:2803)
    at Fr.next (https://www.greencity.cx.ua/chunk-NUXSP4TM.js:7:2530)
    at https://www.greencity.cx.ua/chunk-NUXSP4TM.js:7:7848
    at Ac (https://www.greencity.cx.ua/chunk-NUXSP4TM.js:7:2222)
    at S0.next (https://www.greencity.cx.ua/chunk-NUXSP4TM.js:7:7687), [2026-03-14T18:25:44.031Z] [SEVERE] https://www.greencity.cx.ua/chunk-NUXSP4TM.js 10:45939 "ERROR" TypeError: Cannot read properties of null (reading 'setValue')
    at n.quillContentChanged (https://www.greencity.cx.ua/chunk-VNNOUBDJ.js:1:16043)
    at https://www.greencity.cx.ua/chunk-VNNOUBDJ.js:1:7223
    at eE (https://www.greencity.cx.ua/chunk-NUXSP4TM.js:11:76097)
    at Object.o [as next] (https://www.greencity.cx.ua/chunk-NUXSP4TM.js:11:76277)
    at bv.next (https://www.greencity.cx.ua/chunk-NUXSP4TM.js:7:3120)
    at Fr._next (https://www.greencity.cx.ua/chunk-NUXSP4TM.js:7:2803)
    at Fr.next (https://www.greencity.cx.ua/chunk-NUXSP4TM.js:7:2530)
    at https://www.greencity.cx.ua/chunk-NUXSP4TM.js:7:7848
    at Ac (https://www.greencity.cx.ua/chunk-NUXSP4TM.js:7:2222)
    at S0.next (https://www.greencity.cx.ua/chunk-NUXSP4TM.js:7:7687), [2026-03-14T18:25:44.033Z] [SEVERE] https://www.greencity.cx.ua/chunk-NUXSP4TM.js 10:45939 "ERROR" TypeError: Cannot read properties of null (reading 'setValue')
    at n.quillContentChanged (https://www.greencity.cx.ua/chunk-VNNOUBDJ.js:1:16043)
    at https://www.greencity.cx.ua/chunk-VNNOUBDJ.js:1:7223
    at eE (https://www.greencity.cx.ua/chunk-NUXSP4TM.js:11:76097)
    at Object.o [as next] (https://www.greencity.cx.ua/chunk-NUXSP4TM.js:11:76277)
    at bv.next (https://www.greencity.cx.ua/chunk-NUXSP4TM.js:7:3120)
    at Fr._next (https://www.greencity.cx.ua/chunk-NUXSP4TM.js:7:2803)
    at Fr.next (https://www.greencity.cx.ua/chunk-NUXSP4TM.js:7:2530)
    at https://www.greencity.cx.ua/chunk-NUXSP4TM.js:7:7848
    at Ac (https://www.greencity.cx.ua/chunk-NUXSP4TM.js:7:2222)
    at S0.next (https://www.greencity.cx.ua/chunk-NUXSP4TM.js:7:7687), [2026-03-14T18:25:44.035Z] [SEVERE] https://www.greencity.cx.ua/chunk-NUXSP4TM.js 10:45939 "ERROR" TypeError: Cannot read properties of null (reading 'setValue')
    at n.quillContentChanged (https://www.greencity.cx.ua/chunk-VNNOUBDJ.js:1:16043)
    at https://www.greencity.cx.ua/chunk-VNNOUBDJ.js:1:7223
    at eE (https://www.greencity.cx.ua/chunk-NUXSP4TM.js:11:76097)
    at Object.o [as next] (https://www.greencity.cx.ua/chunk-NUXSP4TM.js:11:76277)
    at bv.next (https://www.greencity.cx.ua/chunk-NUXSP4TM.js:7:3120)
    at Fr._next (https://www.greencity.cx.ua/chunk-NUXSP4TM.js:7:2803)
    at Fr.next (https://www.greencity.cx.ua/chunk-NUXSP4TM.js:7:2530)
    at https://www.greencity.cx.ua/chunk-NUXSP4TM.js:7:7848
    at Ac (https://www.greencity.cx.ua/chunk-NUXSP4TM.js:7:2222)
    at S0.next (https://www.greencity.cx.ua/chunk-NUXSP4TM.js:7:7687), [2026-03-14T18:25:44.037Z] [SEVERE] https://www.greencity.cx.ua/chunk-NUXSP4TM.js 10:45939 "ERROR" TypeError: Cannot read properties of null (reading 'setValue')
    at n.quillContentChanged (https://www.greencity.cx.ua/chunk-VNNOUBDJ.js:1:16043)
    at https://www.greencity.cx.ua/chunk-VNNOUBDJ.js:1:7223
    at eE (https://www.greencity.cx.ua/chunk-NUXSP4TM.js:11:76097)
    at Object.o [as next] (https://www.greencity.cx.ua/chunk-NUXSP4TM.js:11:76277)
    at bv.next (https://www.greencity.cx.ua/chunk-NUXSP4TM.js:7:3120)
    at Fr._next (https://www.greencity.cx.ua/chunk-NUXSP4TM.js:7:2803)
    at Fr.next (https://www.greencity.cx.ua/chunk-NUXSP4TM.js:7:2530)
    at https://www.greencity.cx.ua/chunk-NUXSP4TM.js:7:7848
    at Ac (https://www.greencity.cx.ua/chunk-NUXSP4TM.js:7:2222)
    at S0.next (https://www.greencity.cx.ua/chunk-NUXSP4TM.js:7:7687), [2026-03-14T18:25:44.039Z] [SEVERE] https://www.greencity.cx.ua/chunk-NUXSP4TM.js 10:45939 "ERROR" TypeError: Cannot read properties of null (reading 'setValue')
    at n.quillContentChanged (https://www.greencity.cx.ua/chunk-VNNOUBDJ.js:1:16043)
    at https://www.greencity.cx.ua/chunk-VNNOUBDJ.js:1:7223
    at eE (https://www.greencity.cx.ua/chunk-NUXSP4TM.js:11:76097)
    at Object.o [as next] (https://www.greencity.cx.ua/chunk-NUXSP4TM.js:11:76277)
    at bv.next (https://www.greencity.cx.ua/chunk-NUXSP4TM.js:7:3120)
    at Fr._next (https://www.greencity.cx.ua/chunk-NUXSP4TM.js:7:2803)
    at Fr.next (https://www.greencity.cx.ua/chunk-NUXSP4TM.js:7:2530)
    at https://www.greencity.cx.ua/chunk-NUXSP4TM.js:7:7848
    at Ac (https://www.greencity.cx.ua/chunk-NUXSP4TM.js:7:2222)
    at S0.next (https://www.greencity.cx.ua/chunk-NUXSP4TM.js:7:7687), [2026-03-14T18:25:44.041Z] [SEVERE] https://www.greencity.cx.ua/chunk-NUXSP4TM.js 10:45939 "ERROR" TypeError: Cannot read properties of null (reading 'setValue')
    at n.quillContentChanged (https://www.greencity.cx.ua/chunk-VNNOUBDJ.js:1:16043)
    at https://www.greencity.cx.ua/chunk-VNNOUBDJ.js:1:7223
    at eE (https://www.greencity.cx.ua/chunk-NUXSP4TM.js:11:76097)
    at Object.o [as next] (https://www.greencity.cx.ua/chunk-NUXSP4TM.js:11:76277)
    at bv.next (https://www.greencity.cx.ua/chunk-NUXSP4TM.js:7:3120)
    at Fr._next (https://www.greencity.cx.ua/chunk-NUXSP4TM.js:7:2803)
    at Fr.next (https://www.greencity.cx.ua/chunk-NUXSP4TM.js:7:2530)
    at https://www.greencity.cx.ua/chunk-NUXSP4TM.js:7:7848
    at Ac (https://www.greencity.cx.ua/chunk-NUXSP4TM.js:7:2222)
    at S0.next (https://www.greencity.cx.ua/chunk-NUXSP4TM.js:7:7687), [2026-03-14T18:25:44.043Z] [SEVERE] https://www.greencity.cx.ua/chunk-NUXSP4TM.js 10:45939 "ERROR" TypeError: Cannot read properties of null (reading 'setValue')
    at n.quillContentChanged (https://www.greencity.cx.ua/chunk-VNNOUBDJ.js:1:16043)
    at https://www.greencity.cx.ua/chunk-VNNOUBDJ.js:1:7223
    at eE (https://www.greencity.cx.ua/chunk-NUXSP4TM.js:11:76097)
    at Object.o [as next] (https://www.greencity.cx.ua/chunk-NUXSP4TM.js:11:76277)
    at bv.next (https://www.greencity.cx.ua/chunk-NUXSP4TM.js:7:3120)
    at Fr._next (https://www.greencity.cx.ua/chunk-NUXSP4TM.js:7:2803)
    at Fr.next (https://www.greencity.cx.ua/chunk-NUXSP4TM.js:7:2530)
    at https://www.greencity.cx.ua/chunk-NUXSP4TM.js:7:7848
    at Ac (https://www.greencity.cx.ua/chunk-NUXSP4TM.js:7:2222)
    at S0.next (https://www.greencity.cx.ua/chunk-NUXSP4TM.js:7:7687), [2026-03-14T18:25:44.045Z] [SEVERE] https://www.greencity.cx.ua/chunk-NUXSP4TM.js 10:45939 "ERROR" TypeError: Cannot read properties of null (reading 'setValue')
    at n.quillContentChanged (https://www.greencity.cx.ua/chunk-VNNOUBDJ.js:1:16043)
    at https://www.greencity.cx.ua/chunk-VNNOUBDJ.js:1:7223
    at eE (https://www.greencity.cx.ua/chunk-NUXSP4TM.js:11:76097)
    at Object.o [as next] (https://www.greencity.cx.ua/chunk-NUXSP4TM.js:11:76277)
    at bv.next (https://www.greencity.cx.ua/chunk-NUXSP4TM.js:7:3120)
    at Fr._next (https://www.greencity.cx.ua/chunk-NUXSP4TM.js:7:2803)
    at Fr.next (https://www.greencity.cx.ua/chunk-NUXSP4TM.js:7:2530)
    at https://www.greencity.cx.ua/chunk-NUXSP4TM.js:7:7848
    at Ac (https://www.greencity.cx.ua/chunk-NUXSP4TM.js:7:2222)
    at S0.next (https://www.greencity.cx.ua/chunk-NUXSP4TM.js:7:7687), [2026-03-14T18:25:44.048Z] [SEVERE] https://www.greencity.cx.ua/chunk-NUXSP4TM.js 10:45939 "ERROR" TypeError: Cannot read properties of null (reading 'setValue')
    at n.quillContentChanged (https://www.greencity.cx.ua/chunk-VNNOUBDJ.js:1:16043)
    at https://www.greencity.cx.ua/chunk-VNNOUBDJ.js:1:7223
    at eE (https://www.greencity.cx.ua/chunk-NUXSP4TM.js:11:76097)
    at Object.o [as next] (https://www.greencity.cx.ua/chunk-NUXSP4TM.js:11:76277)
    at bv.next (https://www.greencity.cx.ua/chunk-NUXSP4TM.js:7:3120)
    at Fr._next (https://www.greencity.cx.ua/chunk-NUXSP4TM.js:7:2803)
    at Fr.next (https://www.greencity.cx.ua/chunk-NUXSP4TM.js:7:2530)
    at https://www.greencity.cx.ua/chunk-NUXSP4TM.js:7:7848
    at Ac (https://www.greencity.cx.ua/chunk-NUXSP4TM.js:7:2222)
    at S0.next (https://www.greencity.cx.ua/chunk-NUXSP4TM.js:7:7687), [2026-03-14T18:25:44.050Z] [SEVERE] https://www.greencity.cx.ua/chunk-NUXSP4TM.js 10:45939 "ERROR" TypeError: Cannot read properties of null (reading 'setValue')
    at n.quillContentChanged (https://www.greencity.cx.ua/chunk-VNNOUBDJ.js:1:16043)
    at https://www.greencity.cx.ua/chunk-VNNOUBDJ.js:1:7223
    at eE (https://www.greencity.cx.ua/chunk-NUXSP4TM.js:11:76097)
    at Object.o [as next] (https://www.greencity.cx.ua/chunk-NUXSP4TM.js:11:76277)
    at bv.next (https://www.greencity.cx.ua/chunk-NUXSP4TM.js:7:3120)
    at Fr._next (https://www.greencity.cx.ua/chunk-NUXSP4TM.js:7:2803)
    at Fr.next (https://www.greencity.cx.ua/chunk-NUXSP4TM.js:7:2530)
    at https://www.greencity.cx.ua/chunk-NUXSP4TM.js:7:7848
    at Ac (https://www.greencity.cx.ua/chunk-NUXSP4TM.js:7:2222)
    at S0.next (https://www.greencity.cx.ua/chunk-NUXSP4TM.js:7:7687), [2026-03-14T18:25:44.052Z] [SEVERE] https://www.greencity.cx.ua/chunk-NUXSP4TM.js 10:45939 "ERROR" TypeError: Cannot read properties of null (reading 'setValue')
    at n.quillContentChanged (https://www.greencity.cx.ua/chunk-VNNOUBDJ.js:1:16043)
    at https://www.greencity.cx.ua/chunk-VNNOUBDJ.js:1:7223
    at eE (https://www.greencity.cx.ua/chunk-NUXSP4TM.js:11:76097)
    at Object.o [as next] (https://www.greencity.cx.ua/chunk-NUXSP4TM.js:11:76277)
    at bv.next (https://www.greencity.cx.ua/chunk-NUXSP4TM.js:7:3120)
    at Fr._next (https://www.greencity.cx.ua/chunk-NUXSP4TM.js:7:2803)
    at Fr.next (https://www.greencity.cx.ua/chunk-NUXSP4TM.js:7:2530)
    at https://www.greencity.cx.ua/chunk-NUXSP4TM.js:7:7848
    at Ac (https://www.greencity.cx.ua/chunk-NUXSP4TM.js:7:2222)
    at S0.next (https://www.greencity.cx.ua/chunk-NUXSP4TM.js:7:7687), [2026-03-14T18:25:44.054Z] [SEVERE] https://www.greencity.cx.ua/chunk-NUXSP4TM.js 10:45939 "ERROR" TypeError: Cannot read properties of null (reading 'setValue')
    at n.quillContentChanged (https://www.greencity.cx.ua/chunk-VNNOUBDJ.js:1:16043)
    at https://www.greencity.cx.ua/chunk-VNNOUBDJ.js:1:7223
    at eE (https://www.greencity.cx.ua/chunk-NUXSP4TM.js:11:76097)
    at Object.o [as next] (https://www.greencity.cx.ua/chunk-NUXSP4TM.js:11:76277)
    at bv.next (https://www.greencity.cx.ua/chunk-NUXSP4TM.js:7:3120)
    at Fr._next (https://www.greencity.cx.ua/chunk-NUXSP4TM.js:7:2803)
    at Fr.next (https://www.greencity.cx.ua/chunk-NUXSP4TM.js:7:2530)
    at https://www.greencity.cx.ua/chunk-NUXSP4TM.js:7:7848
    at Ac (https://www.greencity.cx.ua/chunk-NUXSP4TM.js:7:2222)
    at S0.next (https://www.greencity.cx.ua/chunk-NUXSP4TM.js:7:7687), [2026-03-14T18:25:44.056Z] [SEVERE] https://www.greencity.cx.ua/chunk-NUXSP4TM.js 10:45939 "ERROR" TypeError: Cannot read properties of null (reading 'setValue')
    at n.quillContentChanged (https://www.greencity.cx.ua/chunk-VNNOUBDJ.js:1:16043)
    at https://www.greencity.cx.ua/chunk-VNNOUBDJ.js:1:7223
    at eE (https://www.greencity.cx.ua/chunk-NUXSP4TM.js:11:76097)
    at Object.o [as next] (https://www.greencity.cx.ua/chunk-NUXSP4TM.js:11:76277)
    at bv.next (https://www.greencity.cx.ua/chunk-NUXSP4TM.js:7:3120)
    at Fr._next (https://www.greencity.cx.ua/chunk-NUXSP4TM.js:7:2803)
    at Fr.next (https://www.greencity.cx.ua/chunk-NUXSP4TM.js:7:2530)
    at https://www.greencity.cx.ua/chunk-NUXSP4TM.js:7:7848
    at Ac (https://www.greencity.cx.ua/chunk-NUXSP4TM.js:7:2222)
    at S0.next (https://www.greencity.cx.ua/chunk-NUXSP4TM.js:7:7687), [2026-03-14T18:25:44.058Z] [SEVERE] https://www.greencity.cx.ua/chunk-NUXSP4TM.js 10:45939 "ERROR" TypeError: Cannot read properties of null (reading 'setValue')
    at n.quillContentChanged (https://www.greencity.cx.ua/chunk-VNNOUBDJ.js:1:16043)
    at https://www.greencity.cx.ua/chunk-VNNOUBDJ.js:1:7223
    at eE (https://www.greencity.cx.ua/chunk-NUXSP4TM.js:11:76097)
    at Object.o [as next] (https://www.greencity.cx.ua/chunk-NUXSP4TM.js:11:76277)
    at bv.next (https://www.greencity.cx.ua/chunk-NUXSP4TM.js:7:3120)
    at Fr._next (https://www.greencity.cx.ua/chunk-NUXSP4TM.js:7:2803)
    at Fr.next (https://www.greencity.cx.ua/chunk-NUXSP4TM.js:7:2530)
    at https://www.greencity.cx.ua/chunk-NUXSP4TM.js:7:7848
    at Ac (https://www.greencity.cx.ua/chunk-NUXSP4TM.js:7:2222)
    at S0.next (https://www.greencity.cx.ua/chunk-NUXSP4TM.js:7:7687), [2026-03-14T18:25:44.060Z] [SEVERE] https://www.greencity.cx.ua/chunk-NUXSP4TM.js 10:45939 "ERROR" TypeError: Cannot read properties of null (reading 'setValue')
    at n.quillContentChanged (https://www.greencity.cx.ua/chunk-VNNOUBDJ.js:1:16043)
    at https://www.greencity.cx.ua/chunk-VNNOUBDJ.js:1:7223
    at eE (https://www.greencity.cx.ua/chunk-NUXSP4TM.js:11:76097)
    at Object.o [as next] (https://www.greencity.cx.ua/chunk-NUXSP4TM.js:11:76277)
    at bv.next (https://www.greencity.cx.ua/chunk-NUXSP4TM.js:7:3120)
    at Fr._next (https://www.greencity.cx.ua/chunk-NUXSP4TM.js:7:2803)
    at Fr.next (https://www.greencity.cx.ua/chunk-NUXSP4TM.js:7:2530)
    at https://www.greencity.cx.ua/chunk-NUXSP4TM.js:7:7848
    at Ac (https://www.greencity.cx.ua/chunk-NUXSP4TM.js:7:2222)
    at S0.next (https://www.greencity.cx.ua/chunk-NUXSP4TM.js:7:7687), [2026-03-14T18:25:44.062Z] [SEVERE] https://www.greencity.cx.ua/chunk-NUXSP4TM.js 10:45939 "ERROR" TypeError: Cannot read properties of null (reading 'setValue')
    at n.quillContentChanged (https://www.greencity.cx.ua/chunk-VNNOUBDJ.js:1:16043)
    at https://www.greencity.cx.ua/chunk-VNNOUBDJ.js:1:7223
    at eE (https://www.greencity.cx.ua/chunk-NUXSP4TM.js:11:76097)
    at Object.o [as next] (https://www.greencity.cx.ua/chunk-NUXSP4TM.js:11:76277)
    at bv.next (https://www.greencity.cx.ua/chunk-NUXSP4TM.js:7:3120)
    at Fr._next (https://www.greencity.cx.ua/chunk-NUXSP4TM.js:7:2803)
    at Fr.next (https://www.greencity.cx.ua/chunk-NUXSP4TM.js:7:2530)
    at https://www.greencity.cx.ua/chunk-NUXSP4TM.js:7:7848
    at Ac (https://www.greencity.cx.ua/chunk-NUXSP4TM.js:7:2222)
    at S0.next (https://www.greencity.cx.ua/chunk-NUXSP4TM.js:7:7687), [2026-03-14T18:25:44.064Z] [SEVERE] https://www.greencity.cx.ua/chunk-NUXSP4TM.js 10:45939 "ERROR" TypeError: Cannot read properties of null (reading 'setValue')
    at n.quillContentChanged (https://www.greencity.cx.ua/chunk-VNNOUBDJ.js:1:16043)
    at https://www.greencity.cx.ua/chunk-VNNOUBDJ.js:1:7223
    at eE (https://www.greencity.cx.ua/chunk-NUXSP4TM.js:11:76097)
    at Object.o [as next] (https://www.greencity.cx.ua/chunk-NUXSP4TM.js:11:76277)
    at bv.next (https://www.greencity.cx.ua/chunk-NUXSP4TM.js:7:3120)
    at Fr._next (https://www.greencity.cx.ua/chunk-NUXSP4TM.js:7:2803)
    at Fr.next (https://www.greencity.cx.ua/chunk-NUXSP4TM.js:7:2530)
    at https://www.greencity.cx.ua/chunk-NUXSP4TM.js:7:7848
    at Ac (https://www.greencity.cx.ua/chunk-NUXSP4TM.js:7:2222)
    at S0.next (https://www.greencity.cx.ua/chunk-NUXSP4TM.js:7:7687), [2026-03-14T18:25:44.066Z] [SEVERE] https://www.greencity.cx.ua/chunk-NUXSP4TM.js 10:45939 "ERROR" TypeError: Cannot read properties of null (reading 'setValue')
    at n.quillContentChanged (https://www.greencity.cx.ua/chunk-VNNOUBDJ.js:1:16043)
    at https://www.greencity.cx.ua/chunk-VNNOUBDJ.js:1:7223
    at eE (https://www.greencity.cx.ua/chunk-NUXSP4TM.js:11:76097)
    at Object.o [as next] (https://www.greencity.cx.ua/chunk-NUXSP4TM.js:11:76277)
    at bv.next (https://www.greencity.cx.ua/chunk-NUXSP4TM.js:7:3120)
    at Fr._next (https://www.greencity.cx.ua/chunk-NUXSP4TM.js:7:2803)
    at Fr.next (https://www.greencity.cx.ua/chunk-NUXSP4TM.js:7:2530)
    at https://www.greencity.cx.ua/chunk-NUXSP4TM.js:7:7848
    at Ac (https://www.greencity.cx.ua/chunk-NUXSP4TM.js:7:2222)
    at S0.next (https://www.greencity.cx.ua/chunk-NUXSP4TM.js:7:7687), [2026-03-14T18:25:44.069Z] [SEVERE] https://www.greencity.cx.ua/chunk-NUXSP4TM.js 10:45939 "ERROR" TypeError: Cannot read properties of null (reading 'setValue')
    at n.quillContentChanged (https://www.greencity.cx.ua/chunk-VNNOUBDJ.js:1:16043)
    at https://www.greencity.cx.ua/chunk-VNNOUBDJ.js:1:7223
    at eE (https://www.greencity.cx.ua/chunk-NUXSP4TM.js:11:76097)
    at Object.o [as next] (https://www.greencity.cx.ua/chunk-NUXSP4TM.js:11:76277)
    at bv.next (https://www.greencity.cx.ua/chunk-NUXSP4TM.js:7:3120)
    at Fr._next (https://www.greencity.cx.ua/chunk-NUXSP4TM.js:7:2803)
    at Fr.next (https://www.greencity.cx.ua/chunk-NUXSP4TM.js:7:2530)
    at https://www.greencity.cx.ua/chunk-NUXSP4TM.js:7:7848
    at Ac (https://www.greencity.cx.ua/chunk-NUXSP4TM.js:7:2222)
    at S0.next (https://www.greencity.cx.ua/chunk-NUXSP4TM.js:7:7687), [2026-03-14T18:25:44.071Z] [SEVERE] https://www.greencity.cx.ua/chunk-NUXSP4TM.js 10:45939 "ERROR" TypeError: Cannot read properties of null (reading 'setValue')
    at n.quillContentChanged (https://www.greencity.cx.ua/chunk-VNNOUBDJ.js:1:16043)
    at https://www.greencity.cx.ua/chunk-VNNOUBDJ.js:1:7223
    at eE (https://www.greencity.cx.ua/chunk-NUXSP4TM.js:11:76097)
    at Object.o [as next] (https://www.greencity.cx.ua/chunk-NUXSP4TM.js:11:76277)
    at bv.next (https://www.greencity.cx.ua/chunk-NUXSP4TM.js:7:3120)
    at Fr._next (https://www.greencity.cx.ua/chunk-NUXSP4TM.js:7:2803)
    at Fr.next (https://www.greencity.cx.ua/chunk-NUXSP4TM.js:7:2530)
    at https://www.greencity.cx.ua/chunk-NUXSP4TM.js:7:7848
    at Ac (https://www.greencity.cx.ua/chunk-NUXSP4TM.js:7:2222)
    at S0.next (https://www.greencity.cx.ua/chunk-NUXSP4TM.js:7:7687), [2026-03-14T18:25:44.074Z] [SEVERE] https://www.greencity.cx.ua/chunk-NUXSP4TM.js 10:45939 "ERROR" TypeError: Cannot read properties of null (reading 'setValue')
    at n.quillContentChanged (https://www.greencity.cx.ua/chunk-VNNOUBDJ.js:1:16043)
    at https://www.greencity.cx.ua/chunk-VNNOUBDJ.js:1:7223
    at eE (https://www.greencity.cx.ua/chunk-NUXSP4TM.js:11:76097)
    at Object.o [as next] (https://www.greencity.cx.ua/chunk-NUXSP4TM.js:11:76277)
    at bv.next (https://www.greencity.cx.ua/chunk-NUXSP4TM.js:7:3120)
    at Fr._next (https://www.greencity.cx.ua/chunk-NUXSP4TM.js:7:2803)
    at Fr.next (https://www.greencity.cx.ua/chunk-NUXSP4TM.js:7:2530)
    at https://www.greencity.cx.ua/chunk-NUXSP4TM.js:7:7848
    at Ac (https://www.greencity.cx.ua/chunk-NUXSP4TM.js:7:2222)
    at S0.next (https://www.greencity.cx.ua/chunk-NUXSP4TM.js:7:7687), [2026-03-14T18:25:44.077Z] [SEVERE] https://www.greencity.cx.ua/chunk-NUXSP4TM.js 10:45939 "ERROR" TypeError: Cannot read properties of null (reading 'setValue')
    at n.quillContentChanged (https://www.greencity.cx.ua/chunk-VNNOUBDJ.js:1:16043)
    at https://www.greencity.cx.ua/chunk-VNNOUBDJ.js:1:7223
    at eE (https://www.greencity.cx.ua/chunk-NUXSP4TM.js:11:76097)
    at Object.o [as next] (https://www.greencity.cx.ua/chunk-NUXSP4TM.js:11:76277)
    at bv.next (https://www.greencity.cx.ua/chunk-NUXSP4TM.js:7:3120)
    at Fr._next (https://www.greencity.cx.ua/chunk-NUXSP4TM.js:7:2803)
    at Fr.next (https://www.greencity.cx.ua/chunk-NUXSP4TM.js:7:2530)
    at https://www.greencity.cx.ua/chunk-NUXSP4TM.js:7:7848
    at Ac (https://www.greencity.cx.ua/chunk-NUXSP4TM.js:7:2222)
    at S0.next (https://www.greencity.cx.ua/chunk-NUXSP4TM.js:7:7687), [2026-03-14T18:25:44.079Z] [SEVERE] https://www.greencity.cx.ua/chunk-NUXSP4TM.js 10:45939 "ERROR" TypeError: Cannot read properties of null (reading 'setValue')
    at n.quillContentChanged (https://www.greencity.cx.ua/chunk-VNNOUBDJ.js:1:16043)
    at https://www.greencity.cx.ua/chunk-VNNOUBDJ.js:1:7223
    at eE (https://www.greencity.cx.ua/chunk-NUXSP4TM.js:11:76097)
    at Object.o [as next] (https://www.greencity.cx.ua/chunk-NUXSP4TM.js:11:76277)
    at bv.next (https://www.greencity.cx.ua/chunk-NUXSP4TM.js:7:3120)
    at Fr._next (https://www.greencity.cx.ua/chunk-NUXSP4TM.js:7:2803)
    at Fr.next (https://www.greencity.cx.ua/chunk-NUXSP4TM.js:7:2530)
    at https://www.greencity.cx.ua/chunk-NUXSP4TM.js:7:7848
    at Ac (https://www.greencity.cx.ua/chunk-NUXSP4TM.js:7:2222)
    at S0.next (https://www.greencity.cx.ua/chunk-NUXSP4TM.js:7:7687), [2026-03-14T18:25:44.081Z] [SEVERE] https://www.greencity.cx.ua/chunk-NUXSP4TM.js 10:45939 "ERROR" TypeError: Cannot read properties of null (reading 'setValue')
    at n.quillContentChanged (https://www.greencity.cx.ua/chunk-VNNOUBDJ.js:1:16043)
    at https://www.greencity.cx.ua/chunk-VNNOUBDJ.js:1:7223
    at eE (https://www.greencity.cx.ua/chunk-NUXSP4TM.js:11:76097)
    at Object.o [as next] (https://www.greencity.cx.ua/chunk-NUXSP4TM.js:11:76277)
    at bv.next (https://www.greencity.cx.ua/chunk-NUXSP4TM.js:7:3120)
    at Fr._next (https://www.greencity.cx.ua/chunk-NUXSP4TM.js:7:2803)
    at Fr.next (https://www.greencity.cx.ua/chunk-NUXSP4TM.js:7:2530)
    at https://www.greencity.cx.ua/chunk-NUXSP4TM.js:7:7848
    at Ac (https://www.greencity.cx.ua/chunk-NUXSP4TM.js:7:2222)
    at S0.next (https://www.greencity.cx.ua/chunk-NUXSP4TM.js:7:7687), [2026-03-14T18:25:44.085Z] [SEVERE] https://www.greencity.cx.ua/chunk-NUXSP4TM.js 10:45939 "ERROR" TypeError: Cannot read properties of null (reading 'setValue')
    at n.quillContentChanged (https://www.greencity.cx.ua/chunk-VNNOUBDJ.js:1:16043)
    at https://www.greencity.cx.ua/chunk-VNNOUBDJ.js:1:7223
    at eE (https://www.greencity.cx.ua/chunk-NUXSP4TM.js:11:76097)
    at Object.o [as next] (https://www.greencity.cx.ua/chunk-NUXSP4TM.js:11:76277)
    at bv.next (https://www.greencity.cx.ua/chunk-NUXSP4TM.js:7:3120)
    at Fr._next (https://www.greencity.cx.ua/chunk-NUXSP4TM.js:7:2803)
    at Fr.next (https://www.greencity.cx.ua/chunk-NUXSP4TM.js:7:2530)
    at https://www.greencity.cx.ua/chunk-NUXSP4TM.js:7:7848
    at Ac (https://www.greencity.cx.ua/chunk-NUXSP4TM.js:7:2222)
    at S0.next (https://www.greencity.cx.ua/chunk-NUXSP4TM.js:7:7687), [2026-03-14T18:25:44.087Z] [SEVERE] https://www.greencity.cx.ua/chunk-NUXSP4TM.js 10:45939 "ERROR" TypeError: Cannot read properties of null (reading 'setValue')
    at n.quillContentChanged (https://www.greencity.cx.ua/chunk-VNNOUBDJ.js:1:16043)
    at https://www.greencity.cx.ua/chunk-VNNOUBDJ.js:1:7223
    at eE (https://www.greencity.cx.ua/chunk-NUXSP4TM.js:11:76097)
    at Object.o [as next] (https://www.greencity.cx.ua/chunk-NUXSP4TM.js:11:76277)
    at bv.next (https://www.greencity.cx.ua/chunk-NUXSP4TM.js:7:3120)
    at Fr._next (https://www.greencity.cx.ua/chunk-NUXSP4TM.js:7:2803)
    at Fr.next (https://www.greencity.cx.ua/chunk-NUXSP4TM.js:7:2530)
    at https://www.greencity.cx.ua/chunk-NUXSP4TM.js:7:7848
    at Ac (https://www.greencity.cx.ua/chunk-NUXSP4TM.js:7:2222)
    at S0.next (https://www.greencity.cx.ua/chunk-NUXSP4TM.js:7:7687), [2026-03-14T18:25:44.090Z] [SEVERE] https://www.greencity.cx.ua/chunk-NUXSP4TM.js 10:45939 "ERROR" TypeError: Cannot read properties of null (reading 'setValue')
    at n.quillContentChanged (https://www.greencity.cx.ua/chunk-VNNOUBDJ.js:1:16043)
    at https://www.greencity.cx.ua/chunk-VNNOUBDJ.js:1:7223
    at eE (https://www.greencity.cx.ua/chunk-NUXSP4TM.js:11:76097)
    at Object.o [as next] (https://www.greencity.cx.ua/chunk-NUXSP4TM.js:11:76277)
    at bv.next (https://www.greencity.cx.ua/chunk-NUXSP4TM.js:7:3120)
    at Fr._next (https://www.greencity.cx.ua/chunk-NUXSP4TM.js:7:2803)
    at Fr.next (https://www.greencity.cx.ua/chunk-NUXSP4TM.js:7:2530)
    at https://www.greencity.cx.ua/chunk-NUXSP4TM.js:7:7848
    at Ac (https://www.greencity.cx.ua/chunk-NUXSP4TM.js:7:2222)
    at S0.next (https://www.greencity.cx.ua/chunk-NUXSP4TM.js:7:7687), [2026-03-14T18:25:44.092Z] [SEVERE] https://www.greencity.cx.ua/chunk-NUXSP4TM.js 10:45939 "ERROR" TypeError: Cannot read properties of null (reading 'setValue')
    at n.quillContentChanged (https://www.greencity.cx.ua/chunk-VNNOUBDJ.js:1:16043)
    at https://www.greencity.cx.ua/chunk-VNNOUBDJ.js:1:7223
    at eE (https://www.greencity.cx.ua/chunk-NUXSP4TM.js:11:76097)
    at Object.o [as next] (https://www.greencity.cx.ua/chunk-NUXSP4TM.js:11:76277)
    at bv.next (https://www.greencity.cx.ua/chunk-NUXSP4TM.js:7:3120)
    at Fr._next (https://www.greencity.cx.ua/chunk-NUXSP4TM.js:7:2803)
    at Fr.next (https://www.greencity.cx.ua/chunk-NUXSP4TM.js:7:2530)
    at https://www.greencity.cx.ua/chunk-NUXSP4TM.js:7:7848
    at Ac (https://www.greencity.cx.ua/chunk-NUXSP4TM.js:7:2222)
    at S0.next (https://www.greencity.cx.ua/chunk-NUXSP4TM.js:7:7687), [2026-03-14T18:25:44.096Z] [SEVERE] https://www.greencity.cx.ua/chunk-NUXSP4TM.js 10:45939 "ERROR" TypeError: Cannot read properties of null (reading 'setValue')
    at n.quillContentChanged (https://www.greencity.cx.ua/chunk-VNNOUBDJ.js:1:16043)
    at https://www.greencity.cx.ua/chunk-VNNOUBDJ.js:1:7223
    at eE (https://www.greencity.cx.ua/chunk-NUXSP4TM.js:11:76097)
    at Object.o [as next] (https://www.greencity.cx.ua/chunk-NUXSP4TM.js:11:76277)
    at bv.next (https://www.greencity.cx.ua/chunk-NUXSP4TM.js:7:3120)
    at Fr._next (https://www.greencity.cx.ua/chunk-NUXSP4TM.js:7:2803)
    at Fr.next (https://www.greencity.cx.ua/chunk-NUXSP4TM.js:7:2530)
    at https://www.greencity.cx.ua/chunk-NUXSP4TM.js:7:7848
    at Ac (https://www.greencity.cx.ua/chunk-NUXSP4TM.js:7:2222)
    at S0.next (https://www.greencity.cx.ua/chunk-NUXSP4TM.js:7:7687), [2026-03-14T18:25:44.097Z] [SEVERE] https://www.greencity.cx.ua/chunk-NUXSP4TM.js 10:45939 "ERROR" TypeError: Cannot read properties of null (reading 'setValue')
    at n.quillContentChanged (https://www.greencity.cx.ua/chunk-VNNOUBDJ.js:1:16043)
    at https://www.greencity.cx.ua/chunk-VNNOUBDJ.js:1:7223
    at eE (https://www.greencity.cx.ua/chunk-NUXSP4TM.js:11:76097)
    at Object.o [as next] (https://www.greencity.cx.ua/chunk-NUXSP4TM.js:11:76277)
    at bv.next (https://www.greencity.cx.ua/chunk-NUXSP4TM.js:7:3120)
    at Fr._next (https://www.greencity.cx.ua/chunk-NUXSP4TM.js:7:2803)
    at Fr.next (https://www.greencity.cx.ua/chunk-NUXSP4TM.js:7:2530)
    at https://www.greencity.cx.ua/chunk-NUXSP4TM.js:7:7848
    at Ac (https://www.greencity.cx.ua/chunk-NUXSP4TM.js:7:2222)
    at S0.next (https://www.greencity.cx.ua/chunk-NUXSP4TM.js:7:7687), [2026-03-14T18:25:44.100Z] [SEVERE] https://www.greencity.cx.ua/chunk-NUXSP4TM.js 10:45939 "ERROR" TypeError: Cannot read properties of null (reading 'setValue')
    at n.quillContentChanged (https://www.greencity.cx.ua/chunk-VNNOUBDJ.js:1:16043)
    at https://www.greencity.cx.ua/chunk-VNNOUBDJ.js:1:7223
    at eE (https://www.greencity.cx.ua/chunk-NUXSP4TM.js:11:76097)
    at Object.o [as next] (https://www.greencity.cx.ua/chunk-NUXSP4TM.js:11:76277)
    at bv.next (https://www.greencity.cx.ua/chunk-NUXSP4TM.js:7:3120)
    at Fr._next (https://www.greencity.cx.ua/chunk-NUXSP4TM.js:7:2803)
    at Fr.next (https://www.greencity.cx.ua/chunk-NUXSP4TM.js:7:2530)
    at https://www.greencity.cx.ua/chunk-NUXSP4TM.js:7:7848
    at Ac (https://www.greencity.cx.ua/chunk-NUXSP4TM.js:7:2222)
    at S0.next (https://www.greencity.cx.ua/chunk-NUXSP4TM.js:7:7687), [2026-03-14T18:25:44.102Z] [SEVERE] https://www.greencity.cx.ua/chunk-NUXSP4TM.js 10:45939 "ERROR" TypeError: Cannot read properties of null (reading 'setValue')
    at n.quillContentChanged (https://www.greencity.cx.ua/chunk-VNNOUBDJ.js:1:16043)
    at https://www.greencity.cx.ua/chunk-VNNOUBDJ.js:1:7223
    at eE (https://www.greencity.cx.ua/chunk-NUXSP4TM.js:11:76097)
    at Object.o [as next] (https://www.greencity.cx.ua/chunk-NUXSP4TM.js:11:76277)
    at bv.next (https://www.greencity.cx.ua/chunk-NUXSP4TM.js:7:3120)
    at Fr._next (https://www.greencity.cx.ua/chunk-NUXSP4TM.js:7:2803)
    at Fr.next (https://www.greencity.cx.ua/chunk-NUXSP4TM.js:7:2530)
    at https://www.greencity.cx.ua/chunk-NUXSP4TM.js:7:7848
    at Ac (https://www.greencity.cx.ua/chunk-NUXSP4TM.js:7:2222)
    at S0.next (https://www.greencity.cx.ua/chunk-NUXSP4TM.js:7:7687), [2026-03-14T18:25:44.104Z] [SEVERE] https://www.greencity.cx.ua/chunk-NUXSP4TM.js 10:45939 "ERROR" TypeError: Cannot read properties of null (reading 'setValue')
    at n.quillContentChanged (https://www.greencity.cx.ua/chunk-VNNOUBDJ.js:1:16043)
    at https://www.greencity.cx.ua/chunk-VNNOUBDJ.js:1:7223
    at eE (https://www.greencity.cx.ua/chunk-NUXSP4TM.js:11:76097)
    at Object.o [as next] (https://www.greencity.cx.ua/chunk-NUXSP4TM.js:11:76277)
    at bv.next (https://www.greencity.cx.ua/chunk-NUXSP4TM.js:7:3120)
    at Fr._next (https://www.greencity.cx.ua/chunk-NUXSP4TM.js:7:2803)
    at Fr.next (https://www.greencity.cx.ua/chunk-NUXSP4TM.js:7:2530)
    at https://www.greencity.cx.ua/chunk-NUXSP4TM.js:7:7848
    at Ac (https://www.greencity.cx.ua/chunk-NUXSP4TM.js:7:2222)
    at S0.next (https://www.greencity.cx.ua/chunk-NUXSP4TM.js:7:7687), [2026-03-14T18:25:44.106Z] [SEVERE] https://www.greencity.cx.ua/chunk-NUXSP4TM.js 10:45939 "ERROR" TypeError: Cannot read properties of null (reading 'setValue')
    at n.quillContentChanged (https://www.greencity.cx.ua/chunk-VNNOUBDJ.js:1:16043)
    at https://www.greencity.cx.ua/chunk-VNNOUBDJ.js:1:7223
    at eE (https://www.greencity.cx.ua/chunk-NUXSP4TM.js:11:76097)
    at Object.o [as next] (https://www.greencity.cx.ua/chunk-NUXSP4TM.js:11:76277)
    at bv.next (https://www.greencity.cx.ua/chunk-NUXSP4TM.js:7:3120)
    at Fr._next (https://www.greencity.cx.ua/chunk-NUXSP4TM.js:7:2803)
    at Fr.next (https://www.greencity.cx.ua/chunk-NUXSP4TM.js:7:2530)
    at https://www.greencity.cx.ua/chunk-NUXSP4TM.js:7:7848
    at Ac (https://www.greencity.cx.ua/chunk-NUXSP4TM.js:7:2222)
    at S0.next (https://www.greencity.cx.ua/chunk-NUXSP4TM.js:7:7687), [2026-03-14T18:25:44.108Z] [SEVERE] https://www.greencity.cx.ua/chunk-NUXSP4TM.js 10:45939 "ERROR" TypeError: Cannot read properties of null (reading 'setValue')
    at n.quillContentChanged (https://www.greencity.cx.ua/chunk-VNNOUBDJ.js:1:16043)
    at https://www.greencity.cx.ua/chunk-VNNOUBDJ.js:1:7223
    at eE (https://www.greencity.cx.ua/chunk-NUXSP4TM.js:11:76097)
    at Object.o [as next] (https://www.greencity.cx.ua/chunk-NUXSP4TM.js:11:76277)
    at bv.next (https://www.greencity.cx.ua/chunk-NUXSP4TM.js:7:3120)
    at Fr._next (https://www.greencity.cx.ua/chunk-NUXSP4TM.js:7:2803)
    at Fr.next (https://www.greencity.cx.ua/chunk-NUXSP4TM.js:7:2530)
    at https://www.greencity.cx.ua/chunk-NUXSP4TM.js:7:7848
    at Ac (https://www.greencity.cx.ua/chunk-NUXSP4TM.js:7:2222)
    at S0.next (https://www.greencity.cx.ua/chunk-NUXSP4TM.js:7:7687), [2026-03-14T18:25:44.111Z] [SEVERE] https://www.greencity.cx.ua/chunk-NUXSP4TM.js 10:45939 "ERROR" TypeError: Cannot read properties of null (reading 'setValue')
    at n.quillContentChanged (https://www.greencity.cx.ua/chunk-VNNOUBDJ.js:1:16043)
    at https://www.greencity.cx.ua/chunk-VNNOUBDJ.js:1:7223
    at eE (https://www.greencity.cx.ua/chunk-NUXSP4TM.js:11:76097)
    at Object.o [as next] (https://www.greencity.cx.ua/chunk-NUXSP4TM.js:11:76277)
    at bv.next (https://www.greencity.cx.ua/chunk-NUXSP4TM.js:7:3120)
    at Fr._next (https://www.greencity.cx.ua/chunk-NUXSP4TM.js:7:2803)
    at Fr.next (https://www.greencity.cx.ua/chunk-NUXSP4TM.js:7:2530)
    at https://www.greencity.cx.ua/chunk-NUXSP4TM.js:7:7848
    at Ac (https://www.greencity.cx.ua/chunk-NUXSP4TM.js:7:2222)
    at S0.next (https://www.greencity.cx.ua/chunk-NUXSP4TM.js:7:7687), [2026-03-14T18:25:44.113Z] [SEVERE] https://www.greencity.cx.ua/chunk-NUXSP4TM.js 10:45939 "ERROR" TypeError: Cannot read properties of null (reading 'setValue')
    at n.quillContentChanged (https://www.greencity.cx.ua/chunk-VNNOUBDJ.js:1:16043)
    at https://www.greencity.cx.ua/chunk-VNNOUBDJ.js:1:7223
    at eE (https://www.greencity.cx.ua/chunk-NUXSP4TM.js:11:76097)
    at Object.o [as next] (https://www.greencity.cx.ua/chunk-NUXSP4TM.js:11:76277)
    at bv.next (https://www.greencity.cx.ua/chunk-NUXSP4TM.js:7:3120)
    at Fr._next (https://www.greencity.cx.ua/chunk-NUXSP4TM.js:7:2803)
    at Fr.next (https://www.greencity.cx.ua/chunk-NUXSP4TM.js:7:2530)
    at https://www.greencity.cx.ua/chunk-NUXSP4TM.js:7:7848
    at Ac (https://www.greencity.cx.ua/chunk-NUXSP4TM.js:7:2222)
    at S0.next (https://www.greencity.cx.ua/chunk-NUXSP4TM.js:7:7687), [2026-03-14T18:25:44.115Z] [SEVERE] https://www.greencity.cx.ua/chunk-NUXSP4TM.js 10:45939 "ERROR" TypeError: Cannot read properties of null (reading 'setValue')
    at n.quillContentChanged (https://www.greencity.cx.ua/chunk-VNNOUBDJ.js:1:16043)
    at https://www.greencity.cx.ua/chunk-VNNOUBDJ.js:1:7223
    at eE (https://www.greencity.cx.ua/chunk-NUXSP4TM.js:11:76097)
    at Object.o [as next] (https://www.greencity.cx.ua/chunk-NUXSP4TM.js:11:76277)
    at bv.next (https://www.greencity.cx.ua/chunk-NUXSP4TM.js:7:3120)
    at Fr._next (https://www.greencity.cx.ua/chunk-NUXSP4TM.js:7:2803)
    at Fr.next (https://www.greencity.cx.ua/chunk-NUXSP4TM.js:7:2530)
    at https://www.greencity.cx.ua/chunk-NUXSP4TM.js:7:7848
    at Ac (https://www.greencity.cx.ua/chunk-NUXSP4TM.js:7:2222)
    at S0.next (https://www.greencity.cx.ua/chunk-NUXSP4TM.js:7:7687), [2026-03-14T18:25:44.117Z] [SEVERE] https://www.greencity.cx.ua/chunk-NUXSP4TM.js 10:45939 "ERROR" TypeError: Cannot read properties of null (reading 'setValue')
    at n.quillContentChanged (https://www.greencity.cx.ua/chunk-VNNOUBDJ.js:1:16043)
    at https://www.greencity.cx.ua/chunk-VNNOUBDJ.js:1:7223
    at eE (https://www.greencity.cx.ua/chunk-NUXSP4TM.js:11:76097)
    at Object.o [as next] (https://www.greencity.cx.ua/chunk-NUXSP4TM.js:11:76277)
    at bv.next (https://www.greencity.cx.ua/chunk-NUXSP4TM.js:7:3120)
    at Fr._next (https://www.greencity.cx.ua/chunk-NUXSP4TM.js:7:2803)
    at Fr.next (https://www.greencity.cx.ua/chunk-NUXSP4TM.js:7:2530)
    at https://www.greencity.cx.ua/chunk-NUXSP4TM.js:7:7848
    at Ac (https://www.greencity.cx.ua/chunk-NUXSP4TM.js:7:2222)
    at S0.next (https://www.greencity.cx.ua/chunk-NUXSP4TM.js:7:7687), [2026-03-14T18:25:44.120Z] [SEVERE] https://www.greencity.cx.ua/chunk-NUXSP4TM.js 10:45939 "ERROR" TypeError: Cannot read properties of null (reading 'setValue')
    at n.quillContentChanged (https://www.greencity.cx.ua/chunk-VNNOUBDJ.js:1:16043)
    at https://www.greencity.cx.ua/chunk-VNNOUBDJ.js:1:7223
    at eE (https://www.greencity.cx.ua/chunk-NUXSP4TM.js:11:76097)
    at Object.o [as next] (https://www.greencity.cx.ua/chunk-NUXSP4TM.js:11:76277)
    at bv.next (https://www.greencity.cx.ua/chunk-NUXSP4TM.js:7:3120)
    at Fr._next (https://www.greencity.cx.ua/chunk-NUXSP4TM.js:7:2803)
    at Fr.next (https://www.greencity.cx.ua/chunk-NUXSP4TM.js:7:2530)
    at https://www.greencity.cx.ua/chunk-NUXSP4TM.js:7:7848
    at Ac (https://www.greencity.cx.ua/chunk-NUXSP4TM.js:7:2222)
    at S0.next (https://www.greencity.cx.ua/chunk-NUXSP4TM.js:7:7687), [2026-03-14T18:25:44.122Z] [SEVERE] https://www.greencity.cx.ua/chunk-NUXSP4TM.js 10:45939 "ERROR" TypeError: Cannot read properties of null (reading 'setValue')
    at n.quillContentChanged (https://www.greencity.cx.ua/chunk-VNNOUBDJ.js:1:16043)
    at https://www.greencity.cx.ua/chunk-VNNOUBDJ.js:1:7223
    at eE (https://www.greencity.cx.ua/chunk-NUXSP4TM.js:11:76097)
    at Object.o [as next] (https://www.greencity.cx.ua/chunk-NUXSP4TM.js:11:76277)
    at bv.next (https://www.greencity.cx.ua/chunk-NUXSP4TM.js:7:3120)
    at Fr._next (https://www.greencity.cx.ua/chunk-NUXSP4TM.js:7:2803)
    at Fr.next (https://www.greencity.cx.ua/chunk-NUXSP4TM.js:7:2530)
    at https://www.greencity.cx.ua/chunk-NUXSP4TM.js:7:7848
    at Ac (https://www.greencity.cx.ua/chunk-NUXSP4TM.js:7:2222)
    at S0.next (https://www.greencity.cx.ua/chunk-NUXSP4TM.js:7:7687), [2026-03-14T18:25:44.125Z] [SEVERE] https://www.greencity.cx.ua/chunk-NUXSP4TM.js 10:45939 "ERROR" TypeError: Cannot read properties of null (reading 'setValue')
    at n.quillContentChanged (https://www.greencity.cx.ua/chunk-VNNOUBDJ.js:1:16043)
    at https://www.greencity.cx.ua/chunk-VNNOUBDJ.js:1:7223
    at eE (https://www.greencity.cx.ua/chunk-NUXSP4TM.js:11:76097)
    at Object.o [as next] (https://www.greencity.cx.ua/chunk-NUXSP4TM.js:11:76277)
    at bv.next (https://www.greencity.cx.ua/chunk-NUXSP4TM.js:7:3120)
    at Fr._next (https://www.greencity.cx.ua/chunk-NUXSP4TM.js:7:2803)
    at Fr.next (https://www.greencity.cx.ua/chunk-NUXSP4TM.js:7:2530)
    at https://www.greencity.cx.ua/chunk-NUXSP4TM.js:7:7848
    at Ac (https://www.greencity.cx.ua/chunk-NUXSP4TM.js:7:2222)
    at S0.next (https://www.greencity.cx.ua/chunk-NUXSP4TM.js:7:7687), [2026-03-14T18:25:44.128Z] [SEVERE] https://www.greencity.cx.ua/chunk-NUXSP4TM.js 10:45939 "ERROR" TypeError: Cannot read properties of null (reading 'setValue')
    at n.quillContentChanged (https://www.greencity.cx.ua/chunk-VNNOUBDJ.js:1:16043)
    at https://www.greencity.cx.ua/chunk-VNNOUBDJ.js:1:7223
    at eE (https://www.greencity.cx.ua/chunk-NUXSP4TM.js:11:76097)
    at Object.o [as next] (https://www.greencity.cx.ua/chunk-NUXSP4TM.js:11:76277)
    at bv.next (https://www.greencity.cx.ua/chunk-NUXSP4TM.js:7:3120)
    at Fr._next (https://www.greencity.cx.ua/chunk-NUXSP4TM.js:7:2803)
    at Fr.next (https://www.greencity.cx.ua/chunk-NUXSP4TM.js:7:2530)
    at https://www.greencity.cx.ua/chunk-NUXSP4TM.js:7:7848
    at Ac (https://www.greencity.cx.ua/chunk-NUXSP4TM.js:7:2222)
    at S0.next (https://www.greencity.cx.ua/chunk-NUXSP4TM.js:7:7687), [2026-03-14T18:25:44.130Z] [SEVERE] https://www.greencity.cx.ua/chunk-NUXSP4TM.js 10:45939 "ERROR" TypeError: Cannot read properties of null (reading 'setValue')
    at n.quillContentChanged (https://www.greencity.cx.ua/chunk-VNNOUBDJ.js:1:16043)
    at https://www.greencity.cx.ua/chunk-VNNOUBDJ.js:1:7223
    at eE (https://www.greencity.cx.ua/chunk-NUXSP4TM.js:11:76097)
    at Object.o [as next] (https://www.greencity.cx.ua/chunk-NUXSP4TM.js:11:76277)
    at bv.next (https://www.greencity.cx.ua/chunk-NUXSP4TM.js:7:3120)
    at Fr._next (https://www.greencity.cx.ua/chunk-NUXSP4TM.js:7:2803)
    at Fr.next (https://www.greencity.cx.ua/chunk-NUXSP4TM.js:7:2530)
    at https://www.greencity.cx.ua/chunk-NUXSP4TM.js:7:7848
    at Ac (https://www.greencity.cx.ua/chunk-NUXSP4TM.js:7:2222)
    at S0.next (https://www.greencity.cx.ua/chunk-NUXSP4TM.js:7:7687), [2026-03-14T18:25:44.132Z] [SEVERE] https://www.greencity.cx.ua/chunk-NUXSP4TM.js 10:45939 "ERROR" TypeError: Cannot read properties of null (reading 'setValue')
    at n.quillContentChanged (https://www.greencity.cx.ua/chunk-VNNOUBDJ.js:1:16043)
    at https://www.greencity.cx.ua/chunk-VNNOUBDJ.js:1:7223
    at eE (https://www.greencity.cx.ua/chunk-NUXSP4TM.js:11:76097)
    at Object.o [as next] (https://www.greencity.cx.ua/chunk-NUXSP4TM.js:11:76277)
    at bv.next (https://www.greencity.cx.ua/chunk-NUXSP4TM.js:7:3120)
    at Fr._next (https://www.greencity.cx.ua/chunk-NUXSP4TM.js:7:2803)
    at Fr.next (https://www.greencity.cx.ua/chunk-NUXSP4TM.js:7:2530)
    at https://www.greencity.cx.ua/chunk-NUXSP4TM.js:7:7848
    at Ac (https://www.greencity.cx.ua/chunk-NUXSP4TM.js:7:2222)
    at S0.next (https://www.greencity.cx.ua/chunk-NUXSP4TM.js:7:7687), [2026-03-14T18:25:44.135Z] [SEVERE] https://www.greencity.cx.ua/chunk-NUXSP4TM.js 10:45939 "ERROR" TypeError: Cannot read properties of null (reading 'setValue')
    at n.quillContentChanged (https://www.greencity.cx.ua/chunk-VNNOUBDJ.js:1:16043)
    at https://www.greencity.cx.ua/chunk-VNNOUBDJ.js:1:7223
    at eE (https://www.greencity.cx.ua/chunk-NUXSP4TM.js:11:76097)
    at Object.o [as next] (https://www.greencity.cx.ua/chunk-NUXSP4TM.js:11:76277)
    at bv.next (https://www.greencity.cx.ua/chunk-NUXSP4TM.js:7:3120)
    at Fr._next (https://www.greencity.cx.ua/chunk-NUXSP4TM.js:7:2803)
    at Fr.next (https://www.greencity.cx.ua/chunk-NUXSP4TM.js:7:2530)
    at https://www.greencity.cx.ua/chunk-NUXSP4TM.js:7:7848
    at Ac (https://www.greencity.cx.ua/chunk-NUXSP4TM.js:7:2222)
    at S0.next (https://www.greencity.cx.ua/chunk-NUXSP4TM.js:7:7687), [2026-03-14T18:25:44.137Z] [SEVERE] https://www.greencity.cx.ua/chunk-NUXSP4TM.js 10:45939 "ERROR" TypeError: Cannot read properties of null (reading 'setValue')
    at n.quillContentChanged (https://www.greencity.cx.ua/chunk-VNNOUBDJ.js:1:16043)
    at https://www.greencity.cx.ua/chunk-VNNOUBDJ.js:1:7223
    at eE (https://www.greencity.cx.ua/chunk-NUXSP4TM.js:11:76097)
    at Object.o [as next] (https://www.greencity.cx.ua/chunk-NUXSP4TM.js:11:76277)
    at bv.next (https://www.greencity.cx.ua/chunk-NUXSP4TM.js:7:3120)
    at Fr._next (https://www.greencity.cx.ua/chunk-NUXSP4TM.js:7:2803)
    at Fr.next (https://www.greencity.cx.ua/chunk-NUXSP4TM.js:7:2530)
    at https://www.greencity.cx.ua/chunk-NUXSP4TM.js:7:7848
    at Ac (https://www.greencity.cx.ua/chunk-NUXSP4TM.js:7:2222)
    at S0.next (https://www.greencity.cx.ua/chunk-NUXSP4TM.js:7:7687), [2026-03-14T18:25:44.140Z] [SEVERE] https://www.greencity.cx.ua/chunk-NUXSP4TM.js 10:45939 "ERROR" TypeError: Cannot read properties of null (reading 'setValue')
    at n.quillContentChanged (https://www.greencity.cx.ua/chunk-VNNOUBDJ.js:1:16043)
    at https://www.greencity.cx.ua/chunk-VNNOUBDJ.js:1:7223
    at eE (https://www.greencity.cx.ua/chunk-NUXSP4TM.js:11:76097)
    at Object.o [as next] (https://www.greencity.cx.ua/chunk-NUXSP4TM.js:11:76277)
    at bv.next (https://www.greencity.cx.ua/chunk-NUXSP4TM.js:7:3120)
    at Fr._next (https://www.greencity.cx.ua/chunk-NUXSP4TM.js:7:2803)
    at Fr.next (https://www.greencity.cx.ua/chunk-NUXSP4TM.js:7:2530)
    at https://www.greencity.cx.ua/chunk-NUXSP4TM.js:7:7848
    at Ac (https://www.greencity.cx.ua/chunk-NUXSP4TM.js:7:2222)
    at S0.next (https://www.greencity.cx.ua/chunk-NUXSP4TM.js:7:7687), [2026-03-14T18:25:44.142Z] [SEVERE] https://www.greencity.cx.ua/chunk-NUXSP4TM.js 10:45939 "ERROR" TypeError: Cannot read properties of null (reading 'setValue')
    at n.quillContentChanged (https://www.greencity.cx.ua/chunk-VNNOUBDJ.js:1:16043)
    at https://www.greencity.cx.ua/chunk-VNNOUBDJ.js:1:7223
    at eE (https://www.greencity.cx.ua/chunk-NUXSP4TM.js:11:76097)
    at Object.o [as next] (https://www.greencity.cx.ua/chunk-NUXSP4TM.js:11:76277)
    at bv.next (https://www.greencity.cx.ua/chunk-NUXSP4TM.js:7:3120)
    at Fr._next (https://www.greencity.cx.ua/chunk-NUXSP4TM.js:7:2803)
    at Fr.next (https://www.greencity.cx.ua/chunk-NUXSP4TM.js:7:2530)
    at https://www.greencity.cx.ua/chunk-NUXSP4TM.js:7:7848
    at Ac (https://www.greencity.cx.ua/chunk-NUXSP4TM.js:7:2222)
    at S0.next (https://www.greencity.cx.ua/chunk-NUXSP4TM.js:7:7687), [2026-03-14T18:25:44.145Z] [SEVERE] https://www.greencity.cx.ua/chunk-NUXSP4TM.js 10:45939 "ERROR" TypeError: Cannot read properties of null (reading 'setValue')
    at n.quillContentChanged (https://www.greencity.cx.ua/chunk-VNNOUBDJ.js:1:16043)
    at https://www.greencity.cx.ua/chunk-VNNOUBDJ.js:1:7223
    at eE (https://www.greencity.cx.ua/chunk-NUXSP4TM.js:11:76097)
    at Object.o [as next] (https://www.greencity.cx.ua/chunk-NUXSP4TM.js:11:76277)
    at bv.next (https://www.greencity.cx.ua/chunk-NUXSP4TM.js:7:3120)
    at Fr._next (https://www.greencity.cx.ua/chunk-NUXSP4TM.js:7:2803)
    at Fr.next (https://www.greencity.cx.ua/chunk-NUXSP4TM.js:7:2530)
    at https://www.greencity.cx.ua/chunk-NUXSP4TM.js:7:7848
    at Ac (https://www.greencity.cx.ua/chunk-NUXSP4TM.js:7:2222)
    at S0.next (https://www.greencity.cx.ua/chunk-NUXSP4TM.js:7:7687), [2026-03-14T18:25:44.147Z] [SEVERE] https://www.greencity.cx.ua/chunk-NUXSP4TM.js 10:45939 "ERROR" TypeError: Cannot read properties of null (reading 'setValue')
    at n.quillContentChanged (https://www.greencity.cx.ua/chunk-VNNOUBDJ.js:1:16043)
    at https://www.greencity.cx.ua/chunk-VNNOUBDJ.js:1:7223
    at eE (https://www.greencity.cx.ua/chunk-NUXSP4TM.js:11:76097)
    at Object.o [as next] (https://www.greencity.cx.ua/chunk-NUXSP4TM.js:11:76277)
    at bv.next (https://www.greencity.cx.ua/chunk-NUXSP4TM.js:7:3120)
    at Fr._next (https://www.greencity.cx.ua/chunk-NUXSP4TM.js:7:2803)
    at Fr.next (https://www.greencity.cx.ua/chunk-NUXSP4TM.js:7:2530)
    at https://www.greencity.cx.ua/chunk-NUXSP4TM.js:7:7848
    at Ac (https://www.greencity.cx.ua/chunk-NUXSP4TM.js:7:2222)
    at S0.next (https://www.greencity.cx.ua/chunk-NUXSP4TM.js:7:7687), [2026-03-14T18:25:44.149Z] [SEVERE] https://www.greencity.cx.ua/chunk-NUXSP4TM.js 10:45939 "ERROR" TypeError: Cannot read properties of null (reading 'setValue')
    at n.quillContentChanged (https://www.greencity.cx.ua/chunk-VNNOUBDJ.js:1:16043)
    at https://www.greencity.cx.ua/chunk-VNNOUBDJ.js:1:7223
    at eE (https://www.greencity.cx.ua/chunk-NUXSP4TM.js:11:76097)
    at Object.o [as next] (https://www.greencity.cx.ua/chunk-NUXSP4TM.js:11:76277)
    at bv.next (https://www.greencity.cx.ua/chunk-NUXSP4TM.js:7:3120)
    at Fr._next (https://www.greencity.cx.ua/chunk-NUXSP4TM.js:7:2803)
    at Fr.next (https://www.greencity.cx.ua/chunk-NUXSP4TM.js:7:2530)
    at https://www.greencity.cx.ua/chunk-NUXSP4TM.js:7:7848
    at Ac (https://www.greencity.cx.ua/chunk-NUXSP4TM.js:7:2222)
    at S0.next (https://www.greencity.cx.ua/chunk-NUXSP4TM.js:7:7687), [2026-03-14T18:25:44.151Z] [SEVERE] https://www.greencity.cx.ua/chunk-NUXSP4TM.js 10:45939 "ERROR" TypeError: Cannot read properties of null (reading 'setValue')
    at n.quillContentChanged (https://www.greencity.cx.ua/chunk-VNNOUBDJ.js:1:16043)
    at https://www.greencity.cx.ua/chunk-VNNOUBDJ.js:1:7223
    at eE (https://www.greencity.cx.ua/chunk-NUXSP4TM.js:11:76097)
    at Object.o [as next] (https://www.greencity.cx.ua/chunk-NUXSP4TM.js:11:76277)
    at bv.next (https://www.greencity.cx.ua/chunk-NUXSP4TM.js:7:3120)
    at Fr._next (https://www.greencity.cx.ua/chunk-NUXSP4TM.js:7:2803)
    at Fr.next (https://www.greencity.cx.ua/chunk-NUXSP4TM.js:7:2530)
    at https://www.greencity.cx.ua/chunk-NUXSP4TM.js:7:7848
    at Ac (https://www.greencity.cx.ua/chunk-NUXSP4TM.js:7:2222)
    at S0.next (https://www.greencity.cx.ua/chunk-NUXSP4TM.js:7:7687), [2026-03-14T18:25:44.153Z] [SEVERE] https://www.greencity.cx.ua/chunk-NUXSP4TM.js 10:45939 "ERROR" TypeError: Cannot read properties of null (reading 'setValue')
    at n.quillContentChanged (https://www.greencity.cx.ua/chunk-VNNOUBDJ.js:1:16043)
    at https://www.greencity.cx.ua/chunk-VNNOUBDJ.js:1:7223
    at eE (https://www.greencity.cx.ua/chunk-NUXSP4TM.js:11:76097)
    at Object.o [as next] (https://www.greencity.cx.ua/chunk-NUXSP4TM.js:11:76277)
    at bv.next (https://www.greencity.cx.ua/chunk-NUXSP4TM.js:7:3120)
    at Fr._next (https://www.greencity.cx.ua/chunk-NUXSP4TM.js:7:2803)
    at Fr.next (https://www.greencity.cx.ua/chunk-NUXSP4TM.js:7:2530)
    at https://www.greencity.cx.ua/chunk-NUXSP4TM.js:7:7848
    at Ac (https://www.greencity.cx.ua/chunk-NUXSP4TM.js:7:2222)
    at S0.next (https://www.greencity.cx.ua/chunk-NUXSP4TM.js:7:7687), [2026-03-14T18:25:44.156Z] [SEVERE] https://www.greencity.cx.ua/chunk-NUXSP4TM.js 10:45939 "ERROR" TypeError: Cannot read properties of null (reading 'setValue')
    at n.quillContentChanged (https://www.greencity.cx.ua/chunk-VNNOUBDJ.js:1:16043)
    at https://www.greencity.cx.ua/chunk-VNNOUBDJ.js:1:7223
    at eE (https://www.greencity.cx.ua/chunk-NUXSP4TM.js:11:76097)
    at Object.o [as next] (https://www.greencity.cx.ua/chunk-NUXSP4TM.js:11:76277)
    at bv.next (https://www.greencity.cx.ua/chunk-NUXSP4TM.js:7:3120)
    at Fr._next (https://www.greencity.cx.ua/chunk-NUXSP4TM.js:7:2803)
    at Fr.next (https://www.greencity.cx.ua/chunk-NUXSP4TM.js:7:2530)
    at https://www.greencity.cx.ua/chunk-NUXSP4TM.js:7:7848
    at Ac (https://www.greencity.cx.ua/chunk-NUXSP4TM.js:7:2222)
    at S0.next (https://www.greencity.cx.ua/chunk-NUXSP4TM.js:7:7687), [2026-03-14T18:25:44.158Z] [SEVERE] https://www.greencity.cx.ua/chunk-NUXSP4TM.js 10:45939 "ERROR" TypeError: Cannot read properties of null (reading 'setValue')
    at n.quillContentChanged (https://www.greencity.cx.ua/chunk-VNNOUBDJ.js:1:16043)
    at https://www.greencity.cx.ua/chunk-VNNOUBDJ.js:1:7223
    at eE (https://www.greencity.cx.ua/chunk-NUXSP4TM.js:11:76097)
    at Object.o [as next] (https://www.greencity.cx.ua/chunk-NUXSP4TM.js:11:76277)
    at bv.next (https://www.greencity.cx.ua/chunk-NUXSP4TM.js:7:3120)
    at Fr._next (https://www.greencity.cx.ua/chunk-NUXSP4TM.js:7:2803)
    at Fr.next (https://www.greencity.cx.ua/chunk-NUXSP4TM.js:7:2530)
    at https://www.greencity.cx.ua/chunk-NUXSP4TM.js:7:7848
    at Ac (https://www.greencity.cx.ua/chunk-NUXSP4TM.js:7:2222)
    at S0.next (https://www.greencity.cx.ua/chunk-NUXSP4TM.js:7:7687), [2026-03-14T18:25:44.160Z] [SEVERE] https://www.greencity.cx.ua/chunk-NUXSP4TM.js 10:45939 "ERROR" TypeError: Cannot read properties of null (reading 'setValue')
    at n.quillContentChanged (https://www.greencity.cx.ua/chunk-VNNOUBDJ.js:1:16043)
    at https://www.greencity.cx.ua/chunk-VNNOUBDJ.js:1:7223
    at eE (https://www.greencity.cx.ua/chunk-NUXSP4TM.js:11:76097)
    at Object.o [as next] (https://www.greencity.cx.ua/chunk-NUXSP4TM.js:11:76277)
    at bv.next (https://www.greencity.cx.ua/chunk-NUXSP4TM.js:7:3120)
    at Fr._next (https://www.greencity.cx.ua/chunk-NUXSP4TM.js:7:2803)
    at Fr.next (https://www.greencity.cx.ua/chunk-NUXSP4TM.js:7:2530)
    at https://www.greencity.cx.ua/chunk-NUXSP4TM.js:7:7848
    at Ac (https://www.greencity.cx.ua/chunk-NUXSP4TM.js:7:2222)
    at S0.next (https://www.greencity.cx.ua/chunk-NUXSP4TM.js:7:7687), [2026-03-14T18:25:44.162Z] [SEVERE] https://www.greencity.cx.ua/chunk-NUXSP4TM.js 10:45939 "ERROR" TypeError: Cannot read properties of null (reading 'setValue')
    at n.quillContentChanged (https://www.greencity.cx.ua/chunk-VNNOUBDJ.js:1:16043)
    at https://www.greencity.cx.ua/chunk-VNNOUBDJ.js:1:7223
    at eE (https://www.greencity.cx.ua/chunk-NUXSP4TM.js:11:76097)
    at Object.o [as next] (https://www.greencity.cx.ua/chunk-NUXSP4TM.js:11:76277)
    at bv.next (https://www.greencity.cx.ua/chunk-NUXSP4TM.js:7:3120)
    at Fr._next (https://www.greencity.cx.ua/chunk-NUXSP4TM.js:7:2803)
    at Fr.next (https://www.greencity.cx.ua/chunk-NUXSP4TM.js:7:2530)
    at https://www.greencity.cx.ua/chunk-NUXSP4TM.js:7:7848
    at Ac (https://www.greencity.cx.ua/chunk-NUXSP4TM.js:7:2222)
    at S0.next (https://www.greencity.cx.ua/chunk-NUXSP4TM.js:7:7687), [2026-03-14T18:25:44.164Z] [SEVERE] https://www.greencity.cx.ua/chunk-NUXSP4TM.js 10:45939 "ERROR" TypeError: Cannot read properties of null (reading 'setValue')
    at n.quillContentChanged (https://www.greencity.cx.ua/chunk-VNNOUBDJ.js:1:16043)
    at https://www.greencity.cx.ua/chunk-VNNOUBDJ.js:1:7223
    at eE (https://www.greencity.cx.ua/chunk-NUXSP4TM.js:11:76097)
    at Object.o [as next] (https://www.greencity.cx.ua/chunk-NUXSP4TM.js:11:76277)
    at bv.next (https://www.greencity.cx.ua/chunk-NUXSP4TM.js:7:3120)
    at Fr._next (https://www.greencity.cx.ua/chunk-NUXSP4TM.js:7:2803)
    at Fr.next (https://www.greencity.cx.ua/chunk-NUXSP4TM.js:7:2530)
    at https://www.greencity.cx.ua/chunk-NUXSP4TM.js:7:7848
    at Ac (https://www.greencity.cx.ua/chunk-NUXSP4TM.js:7:2222)
    at S0.next (https://www.greencity.cx.ua/chunk-NUXSP4TM.js:7:7687), [2026-03-14T18:25:44.166Z] [SEVERE] https://www.greencity.cx.ua/chunk-NUXSP4TM.js 10:45939 "ERROR" TypeError: Cannot read properties of null (reading 'setValue')
    at n.quillContentChanged (https://www.greencity.cx.ua/chunk-VNNOUBDJ.js:1:16043)
    at https://www.greencity.cx.ua/chunk-VNNOUBDJ.js:1:7223
    at eE (https://www.greencity.cx.ua/chunk-NUXSP4TM.js:11:76097)
    at Object.o [as next] (https://www.greencity.cx.ua/chunk-NUXSP4TM.js:11:76277)
    at bv.next (https://www.greencity.cx.ua/chunk-NUXSP4TM.js:7:3120)
    at Fr._next (https://www.greencity.cx.ua/chunk-NUXSP4TM.js:7:2803)
    at Fr.next (https://www.greencity.cx.ua/chunk-NUXSP4TM.js:7:2530)
    at https://www.greencity.cx.ua/chunk-NUXSP4TM.js:7:7848
    at Ac (https://www.greencity.cx.ua/chunk-NUXSP4TM.js:7:2222)
    at S0.next (https://www.greencity.cx.ua/chunk-NUXSP4TM.js:7:7687), [2026-03-14T18:25:44.168Z] [SEVERE] https://www.greencity.cx.ua/chunk-NUXSP4TM.js 10:45939 "ERROR" TypeError: Cannot read properties of null (reading 'setValue')
    at n.quillContentChanged (https://www.greencity.cx.ua/chunk-VNNOUBDJ.js:1:16043)
    at https://www.greencity.cx.ua/chunk-VNNOUBDJ.js:1:7223
    at eE (https://www.greencity.cx.ua/chunk-NUXSP4TM.js:11:76097)
    at Object.o [as next] (https://www.greencity.cx.ua/chunk-NUXSP4TM.js:11:76277)
    at bv.next (https://www.greencity.cx.ua/chunk-NUXSP4TM.js:7:3120)
    at Fr._next (https://www.greencity.cx.ua/chunk-NUXSP4TM.js:7:2803)
    at Fr.next (https://www.greencity.cx.ua/chunk-NUXSP4TM.js:7:2530)
    at https://www.greencity.cx.ua/chunk-NUXSP4TM.js:7:7848
    at Ac (https://www.greencity.cx.ua/chunk-NUXSP4TM.js:7:2222)
    at S0.next (https://www.greencity.cx.ua/chunk-NUXSP4TM.js:7:7687), [2026-03-14T18:25:44.170Z] [SEVERE] https://www.greencity.cx.ua/chunk-NUXSP4TM.js 10:45939 "ERROR" TypeError: Cannot read properties of null (reading 'setValue')
    at n.quillContentChanged (https://www.greencity.cx.ua/chunk-VNNOUBDJ.js:1:16043)
    at https://www.greencity.cx.ua/chunk-VNNOUBDJ.js:1:7223
    at eE (https://www.greencity.cx.ua/chunk-NUXSP4TM.js:11:76097)
    at Object.o [as next] (https://www.greencity.cx.ua/chunk-NUXSP4TM.js:11:76277)
    at bv.next (https://www.greencity.cx.ua/chunk-NUXSP4TM.js:7:3120)
    at Fr._next (https://www.greencity.cx.ua/chunk-NUXSP4TM.js:7:2803)
    at Fr.next (https://www.greencity.cx.ua/chunk-NUXSP4TM.js:7:2530)
    at https://www.greencity.cx.ua/chunk-NUXSP4TM.js:7:7848
    at Ac (https://www.greencity.cx.ua/chunk-NUXSP4TM.js:7:2222)
    at S0.next (https://www.greencity.cx.ua/chunk-NUXSP4TM.js:7:7687), [2026-03-14T18:25:44.173Z] [SEVERE] https://www.greencity.cx.ua/chunk-NUXSP4TM.js 10:45939 "ERROR" TypeError: Cannot read properties of null (reading 'setValue')
    at n.quillContentChanged (https://www.greencity.cx.ua/chunk-VNNOUBDJ.js:1:16043)
    at https://www.greencity.cx.ua/chunk-VNNOUBDJ.js:1:7223
    at eE (https://www.greencity.cx.ua/chunk-NUXSP4TM.js:11:76097)
    at Object.o [as next] (https://www.greencity.cx.ua/chunk-NUXSP4TM.js:11:76277)
    at bv.next (https://www.greencity.cx.ua/chunk-NUXSP4TM.js:7:3120)
    at Fr._next (https://www.greencity.cx.ua/chunk-NUXSP4TM.js:7:2803)
    at Fr.next (https://www.greencity.cx.ua/chunk-NUXSP4TM.js:7:2530)
    at https://www.greencity.cx.ua/chunk-NUXSP4TM.js:7:7848
    at Ac (https://www.greencity.cx.ua/chunk-NUXSP4TM.js:7:2222)
    at S0.next (https://www.greencity.cx.ua/chunk-NUXSP4TM.js:7:7687), [2026-03-14T18:25:44.175Z] [SEVERE] https://www.greencity.cx.ua/chunk-NUXSP4TM.js 10:45939 "ERROR" TypeError: Cannot read properties of null (reading 'setValue')
    at n.quillContentChanged (https://www.greencity.cx.ua/chunk-VNNOUBDJ.js:1:16043)
    at https://www.greencity.cx.ua/chunk-VNNOUBDJ.js:1:7223
    at eE (https://www.greencity.cx.ua/chunk-NUXSP4TM.js:11:76097)
    at Object.o [as next] (https://www.greencity.cx.ua/chunk-NUXSP4TM.js:11:76277)
    at bv.next (https://www.greencity.cx.ua/chunk-NUXSP4TM.js:7:3120)
    at Fr._next (https://www.greencity.cx.ua/chunk-NUXSP4TM.js:7:2803)
    at Fr.next (https://www.greencity.cx.ua/chunk-NUXSP4TM.js:7:2530)
    at https://www.greencity.cx.ua/chunk-NUXSP4TM.js:7:7848
    at Ac (https://www.greencity.cx.ua/chunk-NUXSP4TM.js:7:2222)
    at S0.next (https://www.greencity.cx.ua/chunk-NUXSP4TM.js:7:7687), [2026-03-14T18:25:44.177Z] [SEVERE] https://www.greencity.cx.ua/chunk-NUXSP4TM.js 10:45939 "ERROR" TypeError: Cannot read properties of null (reading 'setValue')
    at n.quillContentChanged (https://www.greencity.cx.ua/chunk-VNNOUBDJ.js:1:16043)
    at https://www.greencity.cx.ua/chunk-VNNOUBDJ.js:1:7223
    at eE (https://www.greencity.cx.ua/chunk-NUXSP4TM.js:11:76097)
    at Object.o [as next] (https://www.greencity.cx.ua/chunk-NUXSP4TM.js:11:76277)
    at bv.next (https://www.greencity.cx.ua/chunk-NUXSP4TM.js:7:3120)
    at Fr._next (https://www.greencity.cx.ua/chunk-NUXSP4TM.js:7:2803)
    at Fr.next (https://www.greencity.cx.ua/chunk-NUXSP4TM.js:7:2530)
    at https://www.greencity.cx.ua/chunk-NUXSP4TM.js:7:7848
    at Ac (https://www.greencity.cx.ua/chunk-NUXSP4TM.js:7:2222)
    at S0.next (https://www.greencity.cx.ua/chunk-NUXSP4TM.js:7:7687), [2026-03-14T18:25:44.179Z] [SEVERE] https://www.greencity.cx.ua/chunk-NUXSP4TM.js 10:45939 "ERROR" TypeError: Cannot read properties of null (reading 'setValue')
    at n.quillContentChanged (https://www.greencity.cx.ua/chunk-VNNOUBDJ.js:1:16043)
    at https://www.greencity.cx.ua/chunk-VNNOUBDJ.js:1:7223
    at eE (https://www.greencity.cx.ua/chunk-NUXSP4TM.js:11:76097)
    at Object.o [as next] (https://www.greencity.cx.ua/chunk-NUXSP4TM.js:11:76277)
    at bv.next (https://www.greencity.cx.ua/chunk-NUXSP4TM.js:7:3120)
    at Fr._next (https://www.greencity.cx.ua/chunk-NUXSP4TM.js:7:2803)
    at Fr.next (https://www.greencity.cx.ua/chunk-NUXSP4TM.js:7:2530)
    at https://www.greencity.cx.ua/chunk-NUXSP4TM.js:7:7848
    at Ac (https://www.greencity.cx.ua/chunk-NUXSP4TM.js:7:2222)
    at S0.next (https://www.greencity.cx.ua/chunk-NUXSP4TM.js:7:7687), [2026-03-14T18:25:44.182Z] [SEVERE] https://www.greencity.cx.ua/chunk-NUXSP4TM.js 10:45939 "ERROR" TypeError: Cannot read properties of null (reading 'setValue')
    at n.quillContentChanged (https://www.greencity.cx.ua/chunk-VNNOUBDJ.js:1:16043)
    at https://www.greencity.cx.ua/chunk-VNNOUBDJ.js:1:7223
    at eE (https://www.greencity.cx.ua/chunk-NUXSP4TM.js:11:76097)
    at Object.o [as next] (https://www.greencity.cx.ua/chunk-NUXSP4TM.js:11:76277)
    at bv.next (https://www.greencity.cx.ua/chunk-NUXSP4TM.js:7:3120)
    at Fr._next (https://www.greencity.cx.ua/chunk-NUXSP4TM.js:7:2803)
    at Fr.next (https://www.greencity.cx.ua/chunk-NUXSP4TM.js:7:2530)
    at https://www.greencity.cx.ua/chunk-NUXSP4TM.js:7:7848
    at Ac (https://www.greencity.cx.ua/chunk-NUXSP4TM.js:7:2222)
    at S0.next (https://www.greencity.cx.ua/chunk-NUXSP4TM.js:7:7687), [2026-03-14T18:25:44.184Z] [SEVERE] https://www.greencity.cx.ua/chunk-NUXSP4TM.js 10:45939 "ERROR" TypeError: Cannot read properties of null (reading 'setValue')
    at n.quillContentChanged (https://www.greencity.cx.ua/chunk-VNNOUBDJ.js:1:16043)
    at https://www.greencity.cx.ua/chunk-VNNOUBDJ.js:1:7223
    at eE (https://www.greencity.cx.ua/chunk-NUXSP4TM.js:11:76097)
    at Object.o [as next] (https://www.greencity.cx.ua/chunk-NUXSP4TM.js:11:76277)
    at bv.next (https://www.greencity.cx.ua/chunk-NUXSP4TM.js:7:3120)
    at Fr._next (https://www.greencity.cx.ua/chunk-NUXSP4TM.js:7:2803)
    at Fr.next (https://www.greencity.cx.ua/chunk-NUXSP4TM.js:7:2530)
    at https://www.greencity.cx.ua/chunk-NUXSP4TM.js:7:7848
    at Ac (https://www.greencity.cx.ua/chunk-NUXSP4TM.js:7:2222)
    at S0.next (https://www.greencity.cx.ua/chunk-NUXSP4TM.js:7:7687), [2026-03-14T18:25:44.186Z] [SEVERE] https://www.greencity.cx.ua/chunk-NUXSP4TM.js 10:45939 "ERROR" TypeError: Cannot read properties of null (reading 'setValue')
    at n.quillContentChanged (https://www.greencity.cx.ua/chunk-VNNOUBDJ.js:1:16043)
    at https://www.greencity.cx.ua/chunk-VNNOUBDJ.js:1:7223
    at eE (https://www.greencity.cx.ua/chunk-NUXSP4TM.js:11:76097)
    at Object.o [as next] (https://www.greencity.cx.ua/chunk-NUXSP4TM.js:11:76277)
    at bv.next (https://www.greencity.cx.ua/chunk-NUXSP4TM.js:7:3120)
    at Fr._next (https://www.greencity.cx.ua/chunk-NUXSP4TM.js:7:2803)
    at Fr.next (https://www.greencity.cx.ua/chunk-NUXSP4TM.js:7:2530)
    at https://www.greencity.cx.ua/chunk-NUXSP4TM.js:7:7848
    at Ac (https://www.greencity.cx.ua/chunk-NUXSP4TM.js:7:2222)
    at S0.next (https://www.greencity.cx.ua/chunk-NUXSP4TM.js:7:7687), [2026-03-14T18:25:44.188Z] [SEVERE] https://www.greencity.cx.ua/chunk-NUXSP4TM.js 10:45939 "ERROR" TypeError: Cannot read properties of null (reading 'setValue')
    at n.quillContentChanged (https://www.greencity.cx.ua/chunk-VNNOUBDJ.js:1:16043)
    at https://www.greencity.cx.ua/chunk-VNNOUBDJ.js:1:7223
    at eE (https://www.greencity.cx.ua/chunk-NUXSP4TM.js:11:76097)
    at Object.o [as next] (https://www.greencity.cx.ua/chunk-NUXSP4TM.js:11:76277)
    at bv.next (https://www.greencity.cx.ua/chunk-NUXSP4TM.js:7:3120)
    at Fr._next (https://www.greencity.cx.ua/chunk-NUXSP4TM.js:7:2803)
    at Fr.next (https://www.greencity.cx.ua/chunk-NUXSP4TM.js:7:2530)
    at https://www.greencity.cx.ua/chunk-NUXSP4TM.js:7:7848
    at Ac (https://www.greencity.cx.ua/chunk-NUXSP4TM.js:7:2222)
    at S0.next (https://www.greencity.cx.ua/chunk-NUXSP4TM.js:7:7687), [2026-03-14T18:25:44.190Z] [SEVERE] https://www.greencity.cx.ua/chunk-NUXSP4TM.js 10:45939 "ERROR" TypeError: Cannot read properties of null (reading 'setValue')
    at n.quillContentChanged (https://www.greencity.cx.ua/chunk-VNNOUBDJ.js:1:16043)
    at https://www.greencity.cx.ua/chunk-VNNOUBDJ.js:1:7223
    at eE (https://www.greencity.cx.ua/chunk-NUXSP4TM.js:11:76097)
    at Object.o [as next] (https://www.greencity.cx.ua/chunk-NUXSP4TM.js:11:76277)
    at bv.next (https://www.greencity.cx.ua/chunk-NUXSP4TM.js:7:3120)
    at Fr._next (https://www.greencity.cx.ua/chunk-NUXSP4TM.js:7:2803)
    at Fr.next (https://www.greencity.cx.ua/chunk-NUXSP4TM.js:7:2530)
    at https://www.greencity.cx.ua/chunk-NUXSP4TM.js:7:7848
    at Ac (https://www.greencity.cx.ua/chunk-NUXSP4TM.js:7:2222)
    at S0.next (https://www.greencity.cx.ua/chunk-NUXSP4TM.js:7:7687), [2026-03-14T18:25:44.193Z] [SEVERE] https://www.greencity.cx.ua/chunk-NUXSP4TM.js 10:45939 "ERROR" TypeError: Cannot read properties of null (reading 'setValue')
    at n.quillContentChanged (https://www.greencity.cx.ua/chunk-VNNOUBDJ.js:1:16043)
    at https://www.greencity.cx.ua/chunk-VNNOUBDJ.js:1:7223
    at eE (https://www.greencity.cx.ua/chunk-NUXSP4TM.js:11:76097)
    at Object.o [as next] (https://www.greencity.cx.ua/chunk-NUXSP4TM.js:11:76277)
    at bv.next (https://www.greencity.cx.ua/chunk-NUXSP4TM.js:7:3120)
    at Fr._next (https://www.greencity.cx.ua/chunk-NUXSP4TM.js:7:2803)
    at Fr.next (https://www.greencity.cx.ua/chunk-NUXSP4TM.js:7:2530)
    at https://www.greencity.cx.ua/chunk-NUXSP4TM.js:7:7848
    at Ac (https://www.greencity.cx.ua/chunk-NUXSP4TM.js:7:2222)
    at S0.next (https://www.greencity.cx.ua/chunk-NUXSP4TM.js:7:7687), [2026-03-14T18:25:44.195Z] [SEVERE] https://www.greencity.cx.ua/chunk-NUXSP4TM.js 10:45939 "ERROR" TypeError: Cannot read properties of null (reading 'setValue')
    at n.quillContentChanged (https://www.greencity.cx.ua/chunk-VNNOUBDJ.js:1:16043)
    at https://www.greencity.cx.ua/chunk-VNNOUBDJ.js:1:7223
    at eE (https://www.greencity.cx.ua/chunk-NUXSP4TM.js:11:76097)
    at Object.o [as next] (https://www.greencity.cx.ua/chunk-NUXSP4TM.js:11:76277)
    at bv.next (https://www.greencity.cx.ua/chunk-NUXSP4TM.js:7:3120)
    at Fr._next (https://www.greencity.cx.ua/chunk-NUXSP4TM.js:7:2803)
    at Fr.next (https://www.greencity.cx.ua/chunk-NUXSP4TM.js:7:2530)
    at https://www.greencity.cx.ua/chunk-NUXSP4TM.js:7:7848
    at Ac (https://www.greencity.cx.ua/chunk-NUXSP4TM.js:7:2222)
    at S0.next (https://www.greencity.cx.ua/chunk-NUXSP4TM.js:7:7687), [2026-03-14T18:25:44.197Z] [SEVERE] https://www.greencity.cx.ua/chunk-NUXSP4TM.js 10:45939 "ERROR" TypeError: Cannot read properties of null (reading 'setValue')
    at n.quillContentChanged (https://www.greencity.cx.ua/chunk-VNNOUBDJ.js:1:16043)
    at https://www.greencity.cx.ua/chunk-VNNOUBDJ.js:1:7223
    at eE (https://www.greencity.cx.ua/chunk-NUXSP4TM.js:11:76097)
    at Object.o [as next] (https://www.greencity.cx.ua/chunk-NUXSP4TM.js:11:76277)
    at bv.next (https://www.greencity.cx.ua/chunk-NUXSP4TM.js:7:3120)
    at Fr._next (https://www.greencity.cx.ua/chunk-NUXSP4TM.js:7:2803)
    at Fr.next (https://www.greencity.cx.ua/chunk-NUXSP4TM.js:7:2530)
    at https://www.greencity.cx.ua/chunk-NUXSP4TM.js:7:7848
    at Ac (https://www.greencity.cx.ua/chunk-NUXSP4TM.js:7:2222)
    at S0.next (https://www.greencity.cx.ua/chunk-NUXSP4TM.js:7:7687), [2026-03-14T18:25:44.199Z] [SEVERE] https://www.greencity.cx.ua/chunk-NUXSP4TM.js 10:45939 "ERROR" TypeError: Cannot read properties of null (reading 'setValue')
    at n.quillContentChanged (https://www.greencity.cx.ua/chunk-VNNOUBDJ.js:1:16043)
    at https://www.greencity.cx.ua/chunk-VNNOUBDJ.js:1:7223
    at eE (https://www.greencity.cx.ua/chunk-NUXSP4TM.js:11:76097)
    at Object.o [as next] (https://www.greencity.cx.ua/chunk-NUXSP4TM.js:11:76277)
    at bv.next (https://www.greencity.cx.ua/chunk-NUXSP4TM.js:7:3120)
    at Fr._next (https://www.greencity.cx.ua/chunk-NUXSP4TM.js:7:2803)
    at Fr.next (https://www.greencity.cx.ua/chunk-NUXSP4TM.js:7:2530)
    at https://www.greencity.cx.ua/chunk-NUXSP4TM.js:7:7848
    at Ac (https://www.greencity.cx.ua/chunk-NUXSP4TM.js:7:2222)
    at S0.next (https://www.greencity.cx.ua/chunk-NUXSP4TM.js:7:7687), [2026-03-14T18:25:44.202Z] [SEVERE] https://www.greencity.cx.ua/chunk-NUXSP4TM.js 10:45939 "ERROR" TypeError: Cannot read properties of null (reading 'setValue')
    at n.quillContentChanged (https://www.greencity.cx.ua/chunk-VNNOUBDJ.js:1:16043)
    at https://www.greencity.cx.ua/chunk-VNNOUBDJ.js:1:7223
    at eE (https://www.greencity.cx.ua/chunk-NUXSP4TM.js:11:76097)
    at Object.o [as next] (https://www.greencity.cx.ua/chunk-NUXSP4TM.js:11:76277)
    at bv.next (https://www.greencity.cx.ua/chunk-NUXSP4TM.js:7:3120)
    at Fr._next (https://www.greencity.cx.ua/chunk-NUXSP4TM.js:7:2803)
    at Fr.next (https://www.greencity.cx.ua/chunk-NUXSP4TM.js:7:2530)
    at https://www.greencity.cx.ua/chunk-NUXSP4TM.js:7:7848
    at Ac (https://www.greencity.cx.ua/chunk-NUXSP4TM.js:7:2222)
    at S0.next (https://www.greencity.cx.ua/chunk-NUXSP4TM.js:7:7687), [2026-03-14T18:25:44.205Z] [SEVERE] https://www.greencity.cx.ua/chunk-NUXSP4TM.js 10:45939 "ERROR" TypeError: Cannot read properties of null (reading 'setValue')
    at n.quillContentChanged (https://www.greencity.cx.ua/chunk-VNNOUBDJ.js:1:16043)
    at https://www.greencity.cx.ua/chunk-VNNOUBDJ.js:1:7223
    at eE (https://www.greencity.cx.ua/chunk-NUXSP4TM.js:11:76097)
    at Object.o [as next] (https://www.greencity.cx.ua/chunk-NUXSP4TM.js:11:76277)
    at bv.next (https://www.greencity.cx.ua/chunk-NUXSP4TM.js:7:3120)
    at Fr._next (https://www.greencity.cx.ua/chunk-NUXSP4TM.js:7:2803)
    at Fr.next (https://www.greencity.cx.ua/chunk-NUXSP4TM.js:7:2530)
    at https://www.greencity.cx.ua/chunk-NUXSP4TM.js:7:7848
    at Ac (https://www.greencity.cx.ua/chunk-NUXSP4TM.js:7:2222)
    at S0.next (https://www.greencity.cx.ua/chunk-NUXSP4TM.js:7:7687), [2026-03-14T18:25:44.207Z] [SEVERE] https://www.greencity.cx.ua/chunk-NUXSP4TM.js 10:45939 "ERROR" TypeError: Cannot read properties of null (reading 'setValue')
    at n.quillContentChanged (https://www.greencity.cx.ua/chunk-VNNOUBDJ.js:1:16043)
    at https://www.greencity.cx.ua/chunk-VNNOUBDJ.js:1:7223
    at eE (https://www.greencity.cx.ua/chunk-NUXSP4TM.js:11:76097)
    at Object.o [as next] (https://www.greencity.cx.ua/chunk-NUXSP4TM.js:11:76277)
    at bv.next (https://www.greencity.cx.ua/chunk-NUXSP4TM.js:7:3120)
    at Fr._next (https://www.greencity.cx.ua/chunk-NUXSP4TM.js:7:2803)
    at Fr.next (https://www.greencity.cx.ua/chunk-NUXSP4TM.js:7:2530)
    at https://www.greencity.cx.ua/chunk-NUXSP4TM.js:7:7848
    at Ac (https://www.greencity.cx.ua/chunk-NUXSP4TM.js:7:2222)
    at S0.next (https://www.greencity.cx.ua/chunk-NUXSP4TM.js:7:7687), [2026-03-14T18:25:44.210Z] [SEVERE] https://www.greencity.cx.ua/chunk-NUXSP4TM.js 10:45939 "ERROR" TypeError: Cannot read properties of null (reading 'setValue')
    at n.quillContentChanged (https://www.greencity.cx.ua/chunk-VNNOUBDJ.js:1:16043)
    at https://www.greencity.cx.ua/chunk-VNNOUBDJ.js:1:7223
    at eE (https://www.greencity.cx.ua/chunk-NUXSP4TM.js:11:76097)
    at Object.o [as next] (https://www.greencity.cx.ua/chunk-NUXSP4TM.js:11:76277)
    at bv.next (https://www.greencity.cx.ua/chunk-NUXSP4TM.js:7:3120)
    at Fr._next (https://www.greencity.cx.ua/chunk-NUXSP4TM.js:7:2803)
    at Fr.next (https://www.greencity.cx.ua/chunk-NUXSP4TM.js:7:2530)
    at https://www.greencity.cx.ua/chunk-NUXSP4TM.js:7:7848
    at Ac (https://www.greencity.cx.ua/chunk-NUXSP4TM.js:7:2222)
    at S0.next (https://www.greencity.cx.ua/chunk-NUXSP4TM.js:7:7687), [2026-03-14T18:25:44.212Z] [SEVERE] https://www.greencity.cx.ua/chunk-NUXSP4TM.js 10:45939 "ERROR" TypeError: Cannot read properties of null (reading 'setValue')
    at n.quillContentChanged (https://www.greencity.cx.ua/chunk-VNNOUBDJ.js:1:16043)
    at https://www.greencity.cx.ua/chunk-VNNOUBDJ.js:1:7223
    at eE (https://www.greencity.cx.ua/chunk-NUXSP4TM.js:11:76097)
    at Object.o [as next] (https://www.greencity.cx.ua/chunk-NUXSP4TM.js:11:76277)
    at bv.next (https://www.greencity.cx.ua/chunk-NUXSP4TM.js:7:3120)
    at Fr._next (https://www.greencity.cx.ua/chunk-NUXSP4TM.js:7:2803)
    at Fr.next (https://www.greencity.cx.ua/chunk-NUXSP4TM.js:7:2530)
    at https://www.greencity.cx.ua/chunk-NUXSP4TM.js:7:7848
    at Ac (https://www.greencity.cx.ua/chunk-NUXSP4TM.js:7:2222)
    at S0.next (https://www.greencity.cx.ua/chunk-NUXSP4TM.js:7:7687), [2026-03-14T18:25:44.214Z] [SEVERE] https://www.greencity.cx.ua/chunk-NUXSP4TM.js 10:45939 "ERROR" TypeError: Cannot read properties of null (reading 'setValue')
    at n.quillContentChanged (https://www.greencity.cx.ua/chunk-VNNOUBDJ.js:1:16043)
    at https://www.greencity.cx.ua/chunk-VNNOUBDJ.js:1:7223
    at eE (https://www.greencity.cx.ua/chunk-NUXSP4TM.js:11:76097)
    at Object.o [as next] (https://www.greencity.cx.ua/chunk-NUXSP4TM.js:11:76277)
    at bv.next (https://www.greencity.cx.ua/chunk-NUXSP4TM.js:7:3120)
    at Fr._next (https://www.greencity.cx.ua/chunk-NUXSP4TM.js:7:2803)
    at Fr.next (https://www.greencity.cx.ua/chunk-NUXSP4TM.js:7:2530)
    at https://www.greencity.cx.ua/chunk-NUXSP4TM.js:7:7848
    at Ac (https://www.greencity.cx.ua/chunk-NUXSP4TM.js:7:2222)
    at S0.next (https://www.greencity.cx.ua/chunk-NUXSP4TM.js:7:7687), [2026-03-14T18:25:44.217Z] [SEVERE] https://www.greencity.cx.ua/chunk-NUXSP4TM.js 10:45939 "ERROR" TypeError: Cannot read properties of null (reading 'setValue')
    at n.quillContentChanged (https://www.greencity.cx.ua/chunk-VNNOUBDJ.js:1:16043)
    at https://www.greencity.cx.ua/chunk-VNNOUBDJ.js:1:7223
    at eE (https://www.greencity.cx.ua/chunk-NUXSP4TM.js:11:76097)
    at Object.o [as next] (https://www.greencity.cx.ua/chunk-NUXSP4TM.js:11:76277)
    at bv.next (https://www.greencity.cx.ua/chunk-NUXSP4TM.js:7:3120)
    at Fr._next (https://www.greencity.cx.ua/chunk-NUXSP4TM.js:7:2803)
    at Fr.next (https://www.greencity.cx.ua/chunk-NUXSP4TM.js:7:2530)
    at https://www.greencity.cx.ua/chunk-NUXSP4TM.js:7:7848
    at Ac (https://www.greencity.cx.ua/chunk-NUXSP4TM.js:7:2222)
    at S0.next (https://www.greencity.cx.ua/chunk-NUXSP4TM.js:7:7687), [2026-03-14T18:25:44.220Z] [SEVERE] https://www.greencity.cx.ua/chunk-NUXSP4TM.js 10:45939 "ERROR" TypeError: Cannot read properties of null (reading 'setValue')
    at n.quillContentChanged (https://www.greencity.cx.ua/chunk-VNNOUBDJ.js:1:16043)
    at https://www.greencity.cx.ua/chunk-VNNOUBDJ.js:1:7223
    at eE (https://www.greencity.cx.ua/chunk-NUXSP4TM.js:11:76097)
    at Object.o [as next] (https://www.greencity.cx.ua/chunk-NUXSP4TM.js:11:76277)
    at bv.next (https://www.greencity.cx.ua/chunk-NUXSP4TM.js:7:3120)
    at Fr._next (https://www.greencity.cx.ua/chunk-NUXSP4TM.js:7:2803)
    at Fr.next (https://www.greencity.cx.ua/chunk-NUXSP4TM.js:7:2530)
    at https://www.greencity.cx.ua/chunk-NUXSP4TM.js:7:7848
    at Ac (https://www.greencity.cx.ua/chunk-NUXSP4TM.js:7:2222)
    at S0.next (https://www.greencity.cx.ua/chunk-NUXSP4TM.js:7:7687), [2026-03-14T18:25:44.222Z] [SEVERE] https://www.greencity.cx.ua/chunk-NUXSP4TM.js 10:45939 "ERROR" TypeError: Cannot read properties of null (reading 'setValue')
    at n.quillContentChanged (https://www.greencity.cx.ua/chunk-VNNOUBDJ.js:1:16043)
    at https://www.greencity.cx.ua/chunk-VNNOUBDJ.js:1:7223
    at eE (https://www.greencity.cx.ua/chunk-NUXSP4TM.js:11:76097)
    at Object.o [as next] (https://www.greencity.cx.ua/chunk-NUXSP4TM.js:11:76277)
    at bv.next (https://www.greencity.cx.ua/chunk-NUXSP4TM.js:7:3120)
    at Fr._next (https://www.greencity.cx.ua/chunk-NUXSP4TM.js:7:2803)
    at Fr.next (https://www.greencity.cx.ua/chunk-NUXSP4TM.js:7:2530)
    at https://www.greencity.cx.ua/chunk-NUXSP4TM.js:7:7848
    at Ac (https://www.greencity.cx.ua/chunk-NUXSP4TM.js:7:2222)
    at S0.next (https://www.greencity.cx.ua/chunk-NUXSP4TM.js:7:7687), [2026-03-14T18:25:44.225Z] [SEVERE] https://www.greencity.cx.ua/chunk-NUXSP4TM.js 10:45939 "ERROR" TypeError: Cannot read properties of null (reading 'setValue')
    at n.quillContentChanged (https://www.greencity.cx.ua/chunk-VNNOUBDJ.js:1:16043)
    at https://www.greencity.cx.ua/chunk-VNNOUBDJ.js:1:7223
    at eE (https://www.greencity.cx.ua/chunk-NUXSP4TM.js:11:76097)
    at Object.o [as next] (https://www.greencity.cx.ua/chunk-NUXSP4TM.js:11:76277)
    at bv.next (https://www.greencity.cx.ua/chunk-NUXSP4TM.js:7:3120)
    at Fr._next (https://www.greencity.cx.ua/chunk-NUXSP4TM.js:7:2803)
    at Fr.next (https://www.greencity.cx.ua/chunk-NUXSP4TM.js:7:2530)
    at https://www.greencity.cx.ua/chunk-NUXSP4TM.js:7:7848
    at Ac (https://www.greencity.cx.ua/chunk-NUXSP4TM.js:7:2222)
    at S0.next (https://www.greencity.cx.ua/chunk-NUXSP4TM.js:7:7687), [2026-03-14T18:25:44.228Z] [SEVERE] https://www.greencity.cx.ua/chunk-NUXSP4TM.js 10:45939 "ERROR" TypeError: Cannot read properties of null (reading 'setValue')
    at n.quillContentChanged (https://www.greencity.cx.ua/chunk-VNNOUBDJ.js:1:16043)
    at https://www.greencity.cx.ua/chunk-VNNOUBDJ.js:1:7223
    at eE (https://www.greencity.cx.ua/chunk-NUXSP4TM.js:11:76097)
    at Object.o [as next] (https://www.greencity.cx.ua/chunk-NUXSP4TM.js:11:76277)
    at bv.next (https://www.greencity.cx.ua/chunk-NUXSP4TM.js:7:3120)
    at Fr._next (https://www.greencity.cx.ua/chunk-NUXSP4TM.js:7:2803)
    at Fr.next (https://www.greencity.cx.ua/chunk-NUXSP4TM.js:7:2530)
    at https://www.greencity.cx.ua/chunk-NUXSP4TM.js:7:7848
    at Ac (https://www.greencity.cx.ua/chunk-NUXSP4TM.js:7:2222)
    at S0.next (https://www.greencity.cx.ua/chunk-NUXSP4TM.js:7:7687), [2026-03-14T18:25:44.229Z] [SEVERE] https://www.greencity.cx.ua/chunk-NUXSP4TM.js 10:45939 "ERROR" TypeError: Cannot read properties of null (reading 'setValue')
    at n.quillContentChanged (https://www.greencity.cx.ua/chunk-VNNOUBDJ.js:1:16043)
    at https://www.greencity.cx.ua/chunk-VNNOUBDJ.js:1:7223
    at eE (https://www.greencity.cx.ua/chunk-NUXSP4TM.js:11:76097)
    at Object.o [as next] (https://www.greencity.cx.ua/chunk-NUXSP4TM.js:11:76277)
    at bv.next (https://www.greencity.cx.ua/chunk-NUXSP4TM.js:7:3120)
    at Fr._next (https://www.greencity.cx.ua/chunk-NUXSP4TM.js:7:2803)
    at Fr.next (https://www.greencity.cx.ua/chunk-NUXSP4TM.js:7:2530)
    at https://www.greencity.cx.ua/chunk-NUXSP4TM.js:7:7848
    at Ac (https://www.greencity.cx.ua/chunk-NUXSP4TM.js:7:2222)
    at S0.next (https://www.greencity.cx.ua/chunk-NUXSP4TM.js:7:7687), [2026-03-14T18:25:44.232Z] [SEVERE] https://www.greencity.cx.ua/chunk-NUXSP4TM.js 10:45939 "ERROR" TypeError: Cannot read properties of null (reading 'setValue')
    at n.quillContentChanged (https://www.greencity.cx.ua/chunk-VNNOUBDJ.js:1:16043)
    at https://www.greencity.cx.ua/chunk-VNNOUBDJ.js:1:7223
    at eE (https://www.greencity.cx.ua/chunk-NUXSP4TM.js:11:76097)
    at Object.o [as next] (https://www.greencity.cx.ua/chunk-NUXSP4TM.js:11:76277)
    at bv.next (https://www.greencity.cx.ua/chunk-NUXSP4TM.js:7:3120)
    at Fr._next (https://www.greencity.cx.ua/chunk-NUXSP4TM.js:7:2803)
    at Fr.next (https://www.greencity.cx.ua/chunk-NUXSP4TM.js:7:2530)
    at https://www.greencity.cx.ua/chunk-NUXSP4TM.js:7:7848
    at Ac (https://www.greencity.cx.ua/chunk-NUXSP4TM.js:7:2222)
    at S0.next (https://www.greencity.cx.ua/chunk-NUXSP4TM.js:7:7687), [2026-03-14T18:25:44.235Z] [SEVERE] https://www.greencity.cx.ua/chunk-NUXSP4TM.js 10:45939 "ERROR" TypeError: Cannot read properties of null (reading 'setValue')
    at n.quillContentChanged (https://www.greencity.cx.ua/chunk-VNNOUBDJ.js:1:16043)
    at https://www.greencity.cx.ua/chunk-VNNOUBDJ.js:1:7223
    at eE (https://www.greencity.cx.ua/chunk-NUXSP4TM.js:11:76097)
    at Object.o [as next] (https://www.greencity.cx.ua/chunk-NUXSP4TM.js:11:76277)
    at bv.next (https://www.greencity.cx.ua/chunk-NUXSP4TM.js:7:3120)
    at Fr._next (https://www.greencity.cx.ua/chunk-NUXSP4TM.js:7:2803)
    at Fr.next (https://www.greencity.cx.ua/chunk-NUXSP4TM.js:7:2530)
    at https://www.greencity.cx.ua/chunk-NUXSP4TM.js:7:7848
    at Ac (https://www.greencity.cx.ua/chunk-NUXSP4TM.js:7:2222)
    at S0.next (https://www.greencity.cx.ua/chunk-NUXSP4TM.js:7:7687), [2026-03-14T18:25:44.237Z] [SEVERE] https://www.greencity.cx.ua/chunk-NUXSP4TM.js 10:45939 "ERROR" TypeError: Cannot read properties of null (reading 'setValue')
    at n.quillContentChanged (https://www.greencity.cx.ua/chunk-VNNOUBDJ.js:1:16043)
    at https://www.greencity.cx.ua/chunk-VNNOUBDJ.js:1:7223
    at eE (https://www.greencity.cx.ua/chunk-NUXSP4TM.js:11:76097)
    at Object.o [as next] (https://www.greencity.cx.ua/chunk-NUXSP4TM.js:11:76277)
    at bv.next (https://www.greencity.cx.ua/chunk-NUXSP4TM.js:7:3120)
    at Fr._next (https://www.greencity.cx.ua/chunk-NUXSP4TM.js:7:2803)
    at Fr.next (https://www.greencity.cx.ua/chunk-NUXSP4TM.js:7:2530)
    at https://www.greencity.cx.ua/chunk-NUXSP4TM.js:7:7848
    at Ac (https://www.greencity.cx.ua/chunk-NUXSP4TM.js:7:2222)
    at S0.next (https://www.greencity.cx.ua/chunk-NUXSP4TM.js:7:7687), [2026-03-14T18:25:44.239Z] [SEVERE] https://www.greencity.cx.ua/chunk-NUXSP4TM.js 10:45939 "ERROR" TypeError: Cannot read properties of null (reading 'setValue')
    at n.quillContentChanged (https://www.greencity.cx.ua/chunk-VNNOUBDJ.js:1:16043)
    at https://www.greencity.cx.ua/chunk-VNNOUBDJ.js:1:7223
    at eE (https://www.greencity.cx.ua/chunk-NUXSP4TM.js:11:76097)
    at Object.o [as next] (https://www.greencity.cx.ua/chunk-NUXSP4TM.js:11:76277)
    at bv.next (https://www.greencity.cx.ua/chunk-NUXSP4TM.js:7:3120)
    at Fr._next (https://www.greencity.cx.ua/chunk-NUXSP4TM.js:7:2803)
    at Fr.next (https://www.greencity.cx.ua/chunk-NUXSP4TM.js:7:2530)
    at https://www.greencity.cx.ua/chunk-NUXSP4TM.js:7:7848
    at Ac (https://www.greencity.cx.ua/chunk-NUXSP4TM.js:7:2222)
    at S0.next (https://www.greencity.cx.ua/chunk-NUXSP4TM.js:7:7687), [2026-03-14T18:25:44.241Z] [SEVERE] https://www.greencity.cx.ua/chunk-NUXSP4TM.js 10:45939 "ERROR" TypeError: Cannot read properties of null (reading 'setValue')
    at n.quillContentChanged (https://www.greencity.cx.ua/chunk-VNNOUBDJ.js:1:16043)
    at https://www.greencity.cx.ua/chunk-VNNOUBDJ.js:1:7223
    at eE (https://www.greencity.cx.ua/chunk-NUXSP4TM.js:11:76097)
    at Object.o [as next] (https://www.greencity.cx.ua/chunk-NUXSP4TM.js:11:76277)
    at bv.next (https://www.greencity.cx.ua/chunk-NUXSP4TM.js:7:3120)
    at Fr._next (https://www.greencity.cx.ua/chunk-NUXSP4TM.js:7:2803)
    at Fr.next (https://www.greencity.cx.ua/chunk-NUXSP4TM.js:7:2530)
    at https://www.greencity.cx.ua/chunk-NUXSP4TM.js:7:7848
    at Ac (https://www.greencity.cx.ua/chunk-NUXSP4TM.js:7:2222)
    at S0.next (https://www.greencity.cx.ua/chunk-NUXSP4TM.js:7:7687), [2026-03-14T18:25:44.243Z] [SEVERE] https://www.greencity.cx.ua/chunk-NUXSP4TM.js 10:45939 "ERROR" TypeError: Cannot read properties of null (reading 'setValue')
    at n.quillContentChanged (https://www.greencity.cx.ua/chunk-VNNOUBDJ.js:1:16043)
    at https://www.greencity.cx.ua/chunk-VNNOUBDJ.js:1:7223
    at eE (https://www.greencity.cx.ua/chunk-NUXSP4TM.js:11:76097)
    at Object.o [as next] (https://www.greencity.cx.ua/chunk-NUXSP4TM.js:11:76277)
    at bv.next (https://www.greencity.cx.ua/chunk-NUXSP4TM.js:7:3120)
    at Fr._next (https://www.greencity.cx.ua/chunk-NUXSP4TM.js:7:2803)
    at Fr.next (https://www.greencity.cx.ua/chunk-NUXSP4TM.js:7:2530)
    at https://www.greencity.cx.ua/chunk-NUXSP4TM.js:7:7848
    at Ac (https://www.greencity.cx.ua/chunk-NUXSP4TM.js:7:2222)
    at S0.next (https://www.greencity.cx.ua/chunk-NUXSP4TM.js:7:7687), [2026-03-14T18:25:44.246Z] [SEVERE] https://www.greencity.cx.ua/chunk-NUXSP4TM.js 10:45939 "ERROR" TypeError: Cannot read properties of null (reading 'setValue')
    at n.quillContentChanged (https://www.greencity.cx.ua/chunk-VNNOUBDJ.js:1:16043)
    at https://www.greencity.cx.ua/chunk-VNNOUBDJ.js:1:7223
    at eE (https://www.greencity.cx.ua/chunk-NUXSP4TM.js:11:76097)
    at Object.o [as next] (https://www.greencity.cx.ua/chunk-NUXSP4TM.js:11:76277)
    at bv.next (https://www.greencity.cx.ua/chunk-NUXSP4TM.js:7:3120)
    at Fr._next (https://www.greencity.cx.ua/chunk-NUXSP4TM.js:7:2803)
    at Fr.next (https://www.greencity.cx.ua/chunk-NUXSP4TM.js:7:2530)
    at https://www.greencity.cx.ua/chunk-NUXSP4TM.js:7:7848
    at Ac (https://www.greencity.cx.ua/chunk-NUXSP4TM.js:7:2222)
    at S0.next (https://www.greencity.cx.ua/chunk-NUXSP4TM.js:7:7687), [2026-03-14T18:25:44.248Z] [SEVERE] https://www.greencity.cx.ua/chunk-NUXSP4TM.js 10:45939 "ERROR" TypeError: Cannot read properties of null (reading 'setValue')
    at n.quillContentChanged (https://www.greencity.cx.ua/chunk-VNNOUBDJ.js:1:16043)
    at https://www.greencity.cx.ua/chunk-VNNOUBDJ.js:1:7223
    at eE (https://www.greencity.cx.ua/chunk-NUXSP4TM.js:11:76097)
    at Object.o [as next] (https://www.greencity.cx.ua/chunk-NUXSP4TM.js:11:76277)
    at bv.next (https://www.greencity.cx.ua/chunk-NUXSP4TM.js:7:3120)
    at Fr._next (https://www.greencity.cx.ua/chunk-NUXSP4TM.js:7:2803)
    at Fr.next (https://www.greencity.cx.ua/chunk-NUXSP4TM.js:7:2530)
    at https://www.greencity.cx.ua/chunk-NUXSP4TM.js:7:7848
    at Ac (https://www.greencity.cx.ua/chunk-NUXSP4TM.js:7:2222)
    at S0.next (https://www.greencity.cx.ua/chunk-NUXSP4TM.js:7:7687), [2026-03-14T18:25:44.251Z] [SEVERE] https://www.greencity.cx.ua/chunk-NUXSP4TM.js 10:45939 "ERROR" TypeError: Cannot read properties of null (reading 'setValue')
    at n.quillContentChanged (https://www.greencity.cx.ua/chunk-VNNOUBDJ.js:1:16043)
    at https://www.greencity.cx.ua/chunk-VNNOUBDJ.js:1:7223
    at eE (https://www.greencity.cx.ua/chunk-NUXSP4TM.js:11:76097)
    at Object.o [as next] (https://www.greencity.cx.ua/chunk-NUXSP4TM.js:11:76277)
    at bv.next (https://www.greencity.cx.ua/chunk-NUXSP4TM.js:7:3120)
    at Fr._next (https://www.greencity.cx.ua/chunk-NUXSP4TM.js:7:2803)
    at Fr.next (https://www.greencity.cx.ua/chunk-NUXSP4TM.js:7:2530)
    at https://www.greencity.cx.ua/chunk-NUXSP4TM.js:7:7848
    at Ac (https://www.greencity.cx.ua/chunk-NUXSP4TM.js:7:2222)
    at S0.next (https://www.greencity.cx.ua/chunk-NUXSP4TM.js:7:7687), [2026-03-14T18:25:44.253Z] [SEVERE] https://www.greencity.cx.ua/chunk-NUXSP4TM.js 10:45939 "ERROR" TypeError: Cannot read properties of null (reading 'setValue')
    at n.quillContentChanged (https://www.greencity.cx.ua/chunk-VNNOUBDJ.js:1:16043)
    at https://www.greencity.cx.ua/chunk-VNNOUBDJ.js:1:7223
    at eE (https://www.greencity.cx.ua/chunk-NUXSP4TM.js:11:76097)
    at Object.o [as next] (https://www.greencity.cx.ua/chunk-NUXSP4TM.js:11:76277)
    at bv.next (https://www.greencity.cx.ua/chunk-NUXSP4TM.js:7:3120)
    at Fr._next (https://www.greencity.cx.ua/chunk-NUXSP4TM.js:7:2803)
    at Fr.next (https://www.greencity.cx.ua/chunk-NUXSP4TM.js:7:2530)
    at https://www.greencity.cx.ua/chunk-NUXSP4TM.js:7:7848
    at Ac (https://www.greencity.cx.ua/chunk-NUXSP4TM.js:7:2222)
    at S0.next (https://www.greencity.cx.ua/chunk-NUXSP4TM.js:7:7687), [2026-03-14T18:25:44.255Z] [SEVERE] https://www.greencity.cx.ua/chunk-NUXSP4TM.js 10:45939 "ERROR" TypeError: Cannot read properties of null (reading 'setValue')
    at n.quillContentChanged (https://www.greencity.cx.ua/chunk-VNNOUBDJ.js:1:16043)
    at https://www.greencity.cx.ua/chunk-VNNOUBDJ.js:1:7223
    at eE (https://www.greencity.cx.ua/chunk-NUXSP4TM.js:11:76097)
    at Object.o [as next] (https://www.greencity.cx.ua/chunk-NUXSP4TM.js:11:76277)
    at bv.next (https://www.greencity.cx.ua/chunk-NUXSP4TM.js:7:3120)
    at Fr._next (https://www.greencity.cx.ua/chunk-NUXSP4TM.js:7:2803)
    at Fr.next (https://www.greencity.cx.ua/chunk-NUXSP4TM.js:7:2530)
    at https://www.greencity.cx.ua/chunk-NUXSP4TM.js:7:7848
    at Ac (https://www.greencity.cx.ua/chunk-NUXSP4TM.js:7:2222)
    at S0.next (https://www.greencity.cx.ua/chunk-NUXSP4TM.js:7:7687), [2026-03-14T18:25:44.257Z] [SEVERE] https://www.greencity.cx.ua/chunk-NUXSP4TM.js 10:45939 "ERROR" TypeError: Cannot read properties of null (reading 'setValue')
    at n.quillContentChanged (https://www.greencity.cx.ua/chunk-VNNOUBDJ.js:1:16043)
    at https://www.greencity.cx.ua/chunk-VNNOUBDJ.js:1:7223
    at eE (https://www.greencity.cx.ua/chunk-NUXSP4TM.js:11:76097)
    at Object.o [as next] (https://www.greencity.cx.ua/chunk-NUXSP4TM.js:11:76277)
    at bv.next (https://www.greencity.cx.ua/chunk-NUXSP4TM.js:7:3120)
    at Fr._next (https://www.greencity.cx.ua/chunk-NUXSP4TM.js:7:2803)
    at Fr.next (https://www.greencity.cx.ua/chunk-NUXSP4TM.js:7:2530)
    at https://www.greencity.cx.ua/chunk-NUXSP4TM.js:7:7848
    at Ac (https://www.greencity.cx.ua/chunk-NUXSP4TM.js:7:2222)
    at S0.next (https://www.greencity.cx.ua/chunk-NUXSP4TM.js:7:7687), [2026-03-14T18:25:44.260Z] [SEVERE] https://www.greencity.cx.ua/chunk-NUXSP4TM.js 10:45939 "ERROR" TypeError: Cannot read properties of null (reading 'setValue')
    at n.quillContentChanged (https://www.greencity.cx.ua/chunk-VNNOUBDJ.js:1:16043)
    at https://www.greencity.cx.ua/chunk-VNNOUBDJ.js:1:7223
    at eE (https://www.greencity.cx.ua/chunk-NUXSP4TM.js:11:76097)
    at Object.o [as next] (https://www.greencity.cx.ua/chunk-NUXSP4TM.js:11:76277)
    at bv.next (https://www.greencity.cx.ua/chunk-NUXSP4TM.js:7:3120)
    at Fr._next (https://www.greencity.cx.ua/chunk-NUXSP4TM.js:7:2803)
    at Fr.next (https://www.greencity.cx.ua/chunk-NUXSP4TM.js:7:2530)
    at https://www.greencity.cx.ua/chunk-NUXSP4TM.js:7:7848
    at Ac (https://www.greencity.cx.ua/chunk-NUXSP4TM.js:7:2222)
    at S0.next (https://www.greencity.cx.ua/chunk-NUXSP4TM.js:7:7687), [2026-03-14T18:25:44.263Z] [SEVERE] https://www.greencity.cx.ua/chunk-NUXSP4TM.js 10:45939 "ERROR" TypeError: Cannot read properties of null (reading 'setValue')
    at n.quillContentChanged (https://www.greencity.cx.ua/chunk-VNNOUBDJ.js:1:16043)
    at https://www.greencity.cx.ua/chunk-VNNOUBDJ.js:1:7223
    at eE (https://www.greencity.cx.ua/chunk-NUXSP4TM.js:11:76097)
    at Object.o [as next] (https://www.greencity.cx.ua/chunk-NUXSP4TM.js:11:76277)
    at bv.next (https://www.greencity.cx.ua/chunk-NUXSP4TM.js:7:3120)
    at Fr._next (https://www.greencity.cx.ua/chunk-NUXSP4TM.js:7:2803)
    at Fr.next (https://www.greencity.cx.ua/chunk-NUXSP4TM.js:7:2530)
    at https://www.greencity.cx.ua/chunk-NUXSP4TM.js:7:7848
    at Ac (https://www.greencity.cx.ua/chunk-NUXSP4TM.js:7:2222)
    at S0.next (https://www.greencity.cx.ua/chunk-NUXSP4TM.js:7:7687), [2026-03-14T18:25:44.265Z] [SEVERE] https://www.greencity.cx.ua/chunk-NUXSP4TM.js 10:45939 "ERROR" TypeError: Cannot read properties of null (reading 'setValue')
    at n.quillContentChanged (https://www.greencity.cx.ua/chunk-VNNOUBDJ.js:1:16043)
    at https://www.greencity.cx.ua/chunk-VNNOUBDJ.js:1:7223
    at eE (https://www.greencity.cx.ua/chunk-NUXSP4TM.js:11:76097)
    at Object.o [as next] (https://www.greencity.cx.ua/chunk-NUXSP4TM.js:11:76277)
    at bv.next (https://www.greencity.cx.ua/chunk-NUXSP4TM.js:7:3120)
    at Fr._next (https://www.greencity.cx.ua/chunk-NUXSP4TM.js:7:2803)
    at Fr.next (https://www.greencity.cx.ua/chunk-NUXSP4TM.js:7:2530)
    at https://www.greencity.cx.ua/chunk-NUXSP4TM.js:7:7848
    at Ac (https://www.greencity.cx.ua/chunk-NUXSP4TM.js:7:2222)
    at S0.next (https://www.greencity.cx.ua/chunk-NUXSP4TM.js:7:7687), [2026-03-14T18:25:44.267Z] [SEVERE] https://www.greencity.cx.ua/chunk-NUXSP4TM.js 10:45939 "ERROR" TypeError: Cannot read properties of null (reading 'setValue')
    at n.quillContentChanged (https://www.greencity.cx.ua/chunk-VNNOUBDJ.js:1:16043)
    at https://www.greencity.cx.ua/chunk-VNNOUBDJ.js:1:7223
    at eE (https://www.greencity.cx.ua/chunk-NUXSP4TM.js:11:76097)
    at Object.o [as next] (https://www.greencity.cx.ua/chunk-NUXSP4TM.js:11:76277)
    at bv.next (https://www.greencity.cx.ua/chunk-NUXSP4TM.js:7:3120)
    at Fr._next (https://www.greencity.cx.ua/chunk-NUXSP4TM.js:7:2803)
    at Fr.next (https://www.greencity.cx.ua/chunk-NUXSP4TM.js:7:2530)
    at https://www.greencity.cx.ua/chunk-NUXSP4TM.js:7:7848
    at Ac (https://www.greencity.cx.ua/chunk-NUXSP4TM.js:7:2222)
    at S0.next (https://www.greencity.cx.ua/chunk-NUXSP4TM.js:7:7687), [2026-03-14T18:25:44.270Z] [SEVERE] https://www.greencity.cx.ua/chunk-NUXSP4TM.js 10:45939 "ERROR" TypeError: Cannot read properties of null (reading 'setValue')
    at n.quillContentChanged (https://www.greencity.cx.ua/chunk-VNNOUBDJ.js:1:16043)
    at https://www.greencity.cx.ua/chunk-VNNOUBDJ.js:1:7223
    at eE (https://www.greencity.cx.ua/chunk-NUXSP4TM.js:11:76097)
    at Object.o [as next] (https://www.greencity.cx.ua/chunk-NUXSP4TM.js:11:76277)
    at bv.next (https://www.greencity.cx.ua/chunk-NUXSP4TM.js:7:3120)
    at Fr._next (https://www.greencity.cx.ua/chunk-NUXSP4TM.js:7:2803)
    at Fr.next (https://www.greencity.cx.ua/chunk-NUXSP4TM.js:7:2530)
    at https://www.greencity.cx.ua/chunk-NUXSP4TM.js:7:7848
    at Ac (https://www.greencity.cx.ua/chunk-NUXSP4TM.js:7:2222)
    at S0.next (https://www.greencity.cx.ua/chunk-NUXSP4TM.js:7:7687), [2026-03-14T18:25:44.272Z] [SEVERE] https://www.greencity.cx.ua/chunk-NUXSP4TM.js 10:45939 "ERROR" TypeError: Cannot read properties of null (reading 'setValue')
    at n.quillContentChanged (https://www.greencity.cx.ua/chunk-VNNOUBDJ.js:1:16043)
    at https://www.greencity.cx.ua/chunk-VNNOUBDJ.js:1:7223
    at eE (https://www.greencity.cx.ua/chunk-NUXSP4TM.js:11:76097)
    at Object.o [as next] (https://www.greencity.cx.ua/chunk-NUXSP4TM.js:11:76277)
    at bv.next (https://www.greencity.cx.ua/chunk-NUXSP4TM.js:7:3120)
    at Fr._next (https://www.greencity.cx.ua/chunk-NUXSP4TM.js:7:2803)
    at Fr.next (https://www.greencity.cx.ua/chunk-NUXSP4TM.js:7:2530)
    at https://www.greencity.cx.ua/chunk-NUXSP4TM.js:7:7848
    at Ac (https://www.greencity.cx.ua/chunk-NUXSP4TM.js:7:2222)
    at S0.next (https://www.greencity.cx.ua/chunk-NUXSP4TM.js:7:7687), [2026-03-14T18:25:44.274Z] [SEVERE] https://www.greencity.cx.ua/chunk-NUXSP4TM.js 10:45939 "ERROR" TypeError: Cannot read properties of null (reading 'setValue')
    at n.quillContentChanged (https://www.greencity.cx.ua/chunk-VNNOUBDJ.js:1:16043)
    at https://www.greencity.cx.ua/chunk-VNNOUBDJ.js:1:7223
    at eE (https://www.greencity.cx.ua/chunk-NUXSP4TM.js:11:76097)
    at Object.o [as next] (https://www.greencity.cx.ua/chunk-NUXSP4TM.js:11:76277)
    at bv.next (https://www.greencity.cx.ua/chunk-NUXSP4TM.js:7:3120)
    at Fr._next (https://www.greencity.cx.ua/chunk-NUXSP4TM.js:7:2803)
    at Fr.next (https://www.greencity.cx.ua/chunk-NUXSP4TM.js:7:2530)
    at https://www.greencity.cx.ua/chunk-NUXSP4TM.js:7:7848
    at Ac (https://www.greencity.cx.ua/chunk-NUXSP4TM.js:7:2222)
    at S0.next (https://www.greencity.cx.ua/chunk-NUXSP4TM.js:7:7687), [2026-03-14T18:25:44.276Z] [SEVERE] https://www.greencity.cx.ua/chunk-NUXSP4TM.js 10:45939 "ERROR" TypeError: Cannot read properties of null (reading 'setValue')
    at n.quillContentChanged (https://www.greencity.cx.ua/chunk-VNNOUBDJ.js:1:16043)
    at https://www.greencity.cx.ua/chunk-VNNOUBDJ.js:1:7223
    at eE (https://www.greencity.cx.ua/chunk-NUXSP4TM.js:11:76097)
    at Object.o [as next] (https://www.greencity.cx.ua/chunk-NUXSP4TM.js:11:76277)
    at bv.next (https://www.greencity.cx.ua/chunk-NUXSP4TM.js:7:3120)
    at Fr._next (https://www.greencity.cx.ua/chunk-NUXSP4TM.js:7:2803)
    at Fr.next (https://www.greencity.cx.ua/chunk-NUXSP4TM.js:7:2530)
    at https://www.greencity.cx.ua/chunk-NUXSP4TM.js:7:7848
    at Ac (https://www.greencity.cx.ua/chunk-NUXSP4TM.js:7:2222)
    at S0.next (https://www.greencity.cx.ua/chunk-NUXSP4TM.js:7:7687), [2026-03-14T18:25:44.278Z] [SEVERE] https://www.greencity.cx.ua/chunk-NUXSP4TM.js 10:45939 "ERROR" TypeError: Cannot read properties of null (reading 'setValue')
    at n.quillContentChanged (https://www.greencity.cx.ua/chunk-VNNOUBDJ.js:1:16043)
    at https://www.greencity.cx.ua/chunk-VNNOUBDJ.js:1:7223
    at eE (https://www.greencity.cx.ua/chunk-NUXSP4TM.js:11:76097)
    at Object.o [as next] (https://www.greencity.cx.ua/chunk-NUXSP4TM.js:11:76277)
    at bv.next (https://www.greencity.cx.ua/chunk-NUXSP4TM.js:7:3120)
    at Fr._next (https://www.greencity.cx.ua/chunk-NUXSP4TM.js:7:2803)
    at Fr.next (https://www.greencity.cx.ua/chunk-NUXSP4TM.js:7:2530)
    at https://www.greencity.cx.ua/chunk-NUXSP4TM.js:7:7848
    at Ac (https://www.greencity.cx.ua/chunk-NUXSP4TM.js:7:2222)
    at S0.next (https://www.greencity.cx.ua/chunk-NUXSP4TM.js:7:7687), [2026-03-14T18:25:44.281Z] [SEVERE] https://www.greencity.cx.ua/chunk-NUXSP4TM.js 10:45939 "ERROR" TypeError: Cannot read properties of null (reading 'setValue')
    at n.quillContentChanged (https://www.greencity.cx.ua/chunk-VNNOUBDJ.js:1:16043)
    at https://www.greencity.cx.ua/chunk-VNNOUBDJ.js:1:7223
    at eE (https://www.greencity.cx.ua/chunk-NUXSP4TM.js:11:76097)
    at Object.o [as next] (https://www.greencity.cx.ua/chunk-NUXSP4TM.js:11:76277)
    at bv.next (https://www.greencity.cx.ua/chunk-NUXSP4TM.js:7:3120)
    at Fr._next (https://www.greencity.cx.ua/chunk-NUXSP4TM.js:7:2803)
    at Fr.next (https://www.greencity.cx.ua/chunk-NUXSP4TM.js:7:2530)
    at https://www.greencity.cx.ua/chunk-NUXSP4TM.js:7:7848
    at Ac (https://www.greencity.cx.ua/chunk-NUXSP4TM.js:7:2222)
    at S0.next (https://www.greencity.cx.ua/chunk-NUXSP4TM.js:7:7687), [2026-03-14T18:25:44.283Z] [SEVERE] https://www.greencity.cx.ua/chunk-NUXSP4TM.js 10:45939 "ERROR" TypeError: Cannot read properties of null (reading 'setValue')
    at n.quillContentChanged (https://www.greencity.cx.ua/chunk-VNNOUBDJ.js:1:16043)
    at https://www.greencity.cx.ua/chunk-VNNOUBDJ.js:1:7223
    at eE (https://www.greencity.cx.ua/chunk-NUXSP4TM.js:11:76097)
    at Object.o [as next] (https://www.greencity.cx.ua/chunk-NUXSP4TM.js:11:76277)
    at bv.next (https://www.greencity.cx.ua/chunk-NUXSP4TM.js:7:3120)
    at Fr._next (https://www.greencity.cx.ua/chunk-NUXSP4TM.js:7:2803)
    at Fr.next (https://www.greencity.cx.ua/chunk-NUXSP4TM.js:7:2530)
    at https://www.greencity.cx.ua/chunk-NUXSP4TM.js:7:7848
    at Ac (https://www.greencity.cx.ua/chunk-NUXSP4TM.js:7:2222)
    at S0.next (https://www.greencity.cx.ua/chunk-NUXSP4TM.js:7:7687), [2026-03-14T18:25:44.285Z] [SEVERE] https://www.greencity.cx.ua/chunk-NUXSP4TM.js 10:45939 "ERROR" TypeError: Cannot read properties of null (reading 'setValue')
    at n.quillContentChanged (https://www.greencity.cx.ua/chunk-VNNOUBDJ.js:1:16043)
    at https://www.greencity.cx.ua/chunk-VNNOUBDJ.js:1:7223
    at eE (https://www.greencity.cx.ua/chunk-NUXSP4TM.js:11:76097)
    at Object.o [as next] (https://www.greencity.cx.ua/chunk-NUXSP4TM.js:11:76277)
    at bv.next (https://www.greencity.cx.ua/chunk-NUXSP4TM.js:7:3120)
    at Fr._next (https://www.greencity.cx.ua/chunk-NUXSP4TM.js:7:2803)
    at Fr.next (https://www.greencity.cx.ua/chunk-NUXSP4TM.js:7:2530)
    at https://www.greencity.cx.ua/chunk-NUXSP4TM.js:7:7848
    at Ac (https://www.greencity.cx.ua/chunk-NUXSP4TM.js:7:2222)
    at S0.next (https://www.greencity.cx.ua/chunk-NUXSP4TM.js:7:7687), [2026-03-14T18:25:44.288Z] [SEVERE] https://www.greencity.cx.ua/chunk-NUXSP4TM.js 10:45939 "ERROR" TypeError: Cannot read properties of null (reading 'setValue')
    at n.quillContentChanged (https://www.greencity.cx.ua/chunk-VNNOUBDJ.js:1:16043)
    at https://www.greencity.cx.ua/chunk-VNNOUBDJ.js:1:7223
    at eE (https://www.greencity.cx.ua/chunk-NUXSP4TM.js:11:76097)
    at Object.o [as next] (https://www.greencity.cx.ua/chunk-NUXSP4TM.js:11:76277)
    at bv.next (https://www.greencity.cx.ua/chunk-NUXSP4TM.js:7:3120)
    at Fr._next (https://www.greencity.cx.ua/chunk-NUXSP4TM.js:7:2803)
    at Fr.next (https://www.greencity.cx.ua/chunk-NUXSP4TM.js:7:2530)
    at https://www.greencity.cx.ua/chunk-NUXSP4TM.js:7:7848
    at Ac (https://www.greencity.cx.ua/chunk-NUXSP4TM.js:7:2222)
    at S0.next (https://www.greencity.cx.ua/chunk-NUXSP4TM.js:7:7687), [2026-03-14T18:25:44.291Z] [SEVERE] https://www.greencity.cx.ua/chunk-NUXSP4TM.js 10:45939 "ERROR" TypeError: Cannot read properties of null (reading 'setValue')
    at n.quillContentChanged (https://www.greencity.cx.ua/chunk-VNNOUBDJ.js:1:16043)
    at https://www.greencity.cx.ua/chunk-VNNOUBDJ.js:1:7223
    at eE (https://www.greencity.cx.ua/chunk-NUXSP4TM.js:11:76097)
    at Object.o [as next] (https://www.greencity.cx.ua/chunk-NUXSP4TM.js:11:76277)
    at bv.next (https://www.greencity.cx.ua/chunk-NUXSP4TM.js:7:3120)
    at Fr._next (https://www.greencity.cx.ua/chunk-NUXSP4TM.js:7:2803)
    at Fr.next (https://www.greencity.cx.ua/chunk-NUXSP4TM.js:7:2530)
    at https://www.greencity.cx.ua/chunk-NUXSP4TM.js:7:7848
    at Ac (https://www.greencity.cx.ua/chunk-NUXSP4TM.js:7:2222)
    at S0.next (https://www.greencity.cx.ua/chunk-NUXSP4TM.js:7:7687), [2026-03-14T18:25:44.294Z] [SEVERE] https://www.greencity.cx.ua/chunk-NUXSP4TM.js 10:45939 "ERROR" TypeError: Cannot read properties of null (reading 'setValue')
    at n.quillContentChanged (https://www.greencity.cx.ua/chunk-VNNOUBDJ.js:1:16043)
    at https://www.greencity.cx.ua/chunk-VNNOUBDJ.js:1:7223
    at eE (https://www.greencity.cx.ua/chunk-NUXSP4TM.js:11:76097)
    at Object.o [as next] (https://www.greencity.cx.ua/chunk-NUXSP4TM.js:11:76277)
    at bv.next (https://www.greencity.cx.ua/chunk-NUXSP4TM.js:7:3120)
    at Fr._next (https://www.greencity.cx.ua/chunk-NUXSP4TM.js:7:2803)
    at Fr.next (https://www.greencity.cx.ua/chunk-NUXSP4TM.js:7:2530)
    at https://www.greencity.cx.ua/chunk-NUXSP4TM.js:7:7848
    at Ac (https://www.greencity.cx.ua/chunk-NUXSP4TM.js:7:2222)
    at S0.next (https://www.greencity.cx.ua/chunk-NUXSP4TM.js:7:7687), [2026-03-14T18:25:44.297Z] [SEVERE] https://www.greencity.cx.ua/chunk-NUXSP4TM.js 10:45939 "ERROR" TypeError: Cannot read properties of null (reading 'setValue')
    at n.quillContentChanged (https://www.greencity.cx.ua/chunk-VNNOUBDJ.js:1:16043)
    at https://www.greencity.cx.ua/chunk-VNNOUBDJ.js:1:7223
    at eE (https://www.greencity.cx.ua/chunk-NUXSP4TM.js:11:76097)
    at Object.o [as next] (https://www.greencity.cx.ua/chunk-NUXSP4TM.js:11:76277)
    at bv.next (https://www.greencity.cx.ua/chunk-NUXSP4TM.js:7:3120)
    at Fr._next (https://www.greencity.cx.ua/chunk-NUXSP4TM.js:7:2803)
    at Fr.next (https://www.greencity.cx.ua/chunk-NUXSP4TM.js:7:2530)
    at https://www.greencity.cx.ua/chunk-NUXSP4TM.js:7:7848
    at Ac (https://www.greencity.cx.ua/chunk-NUXSP4TM.js:7:2222)
    at S0.next (https://www.greencity.cx.ua/chunk-NUXSP4TM.js:7:7687), [2026-03-14T18:25:44.299Z] [SEVERE] https://www.greencity.cx.ua/chunk-NUXSP4TM.js 10:45939 "ERROR" TypeError: Cannot read properties of null (reading 'setValue')
    at n.quillContentChanged (https://www.greencity.cx.ua/chunk-VNNOUBDJ.js:1:16043)
    at https://www.greencity.cx.ua/chunk-VNNOUBDJ.js:1:7223
    at eE (https://www.greencity.cx.ua/chunk-NUXSP4TM.js:11:76097)
    at Object.o [as next] (https://www.greencity.cx.ua/chunk-NUXSP4TM.js:11:76277)
    at bv.next (https://www.greencity.cx.ua/chunk-NUXSP4TM.js:7:3120)
    at Fr._next (https://www.greencity.cx.ua/chunk-NUXSP4TM.js:7:2803)
    at Fr.next (https://www.greencity.cx.ua/chunk-NUXSP4TM.js:7:2530)
    at https://www.greencity.cx.ua/chunk-NUXSP4TM.js:7:7848
    at Ac (https://www.greencity.cx.ua/chunk-NUXSP4TM.js:7:2222)
    at S0.next (https://www.greencity.cx.ua/chunk-NUXSP4TM.js:7:7687), [2026-03-14T18:25:44.301Z] [SEVERE] https://www.greencity.cx.ua/chunk-NUXSP4TM.js 10:45939 "ERROR" TypeError: Cannot read properties of null (reading 'setValue')
    at n.quillContentChanged (https://www.greencity.cx.ua/chunk-VNNOUBDJ.js:1:16043)
    at https://www.greencity.cx.ua/chunk-VNNOUBDJ.js:1:7223
    at eE (https://www.greencity.cx.ua/chunk-NUXSP4TM.js:11:76097)
    at Object.o [as next] (https://www.greencity.cx.ua/chunk-NUXSP4TM.js:11:76277)
    at bv.next (https://www.greencity.cx.ua/chunk-NUXSP4TM.js:7:3120)
    at Fr._next (https://www.greencity.cx.ua/chunk-NUXSP4TM.js:7:2803)
    at Fr.next (https://www.greencity.cx.ua/chunk-NUXSP4TM.js:7:2530)
    at https://www.greencity.cx.ua/chunk-NUXSP4TM.js:7:7848
    at Ac (https://www.greencity.cx.ua/chunk-NUXSP4TM.js:7:2222)
    at S0.next (https://www.greencity.cx.ua/chunk-NUXSP4TM.js:7:7687), [2026-03-14T18:25:44.304Z] [SEVERE] https://www.greencity.cx.ua/chunk-NUXSP4TM.js 10:45939 "ERROR" TypeError: Cannot read properties of null (reading 'setValue')
    at n.quillContentChanged (https://www.greencity.cx.ua/chunk-VNNOUBDJ.js:1:16043)
    at https://www.greencity.cx.ua/chunk-VNNOUBDJ.js:1:7223
    at eE (https://www.greencity.cx.ua/chunk-NUXSP4TM.js:11:76097)
    at Object.o [as next] (https://www.greencity.cx.ua/chunk-NUXSP4TM.js:11:76277)
    at bv.next (https://www.greencity.cx.ua/chunk-NUXSP4TM.js:7:3120)
    at Fr._next (https://www.greencity.cx.ua/chunk-NUXSP4TM.js:7:2803)
    at Fr.next (https://www.greencity.cx.ua/chunk-NUXSP4TM.js:7:2530)
    at https://www.greencity.cx.ua/chunk-NUXSP4TM.js:7:7848
    at Ac (https://www.greencity.cx.ua/chunk-NUXSP4TM.js:7:2222)
    at S0.next (https://www.greencity.cx.ua/chunk-NUXSP4TM.js:7:7687), [2026-03-14T18:25:44.306Z] [SEVERE] https://www.greencity.cx.ua/chunk-NUXSP4TM.js 10:45939 "ERROR" TypeError: Cannot read properties of null (reading 'setValue')
    at n.quillContentChanged (https://www.greencity.cx.ua/chunk-VNNOUBDJ.js:1:16043)
    at https://www.greencity.cx.ua/chunk-VNNOUBDJ.js:1:7223
    at eE (https://www.greencity.cx.ua/chunk-NUXSP4TM.js:11:76097)
    at Object.o [as next] (https://www.greencity.cx.ua/chunk-NUXSP4TM.js:11:76277)
    at bv.next (https://www.greencity.cx.ua/chunk-NUXSP4TM.js:7:3120)
    at Fr._next (https://www.greencity.cx.ua/chunk-NUXSP4TM.js:7:2803)
    at Fr.next (https://www.greencity.cx.ua/chunk-NUXSP4TM.js:7:2530)
    at https://www.greencity.cx.ua/chunk-NUXSP4TM.js:7:7848
    at Ac (https://www.greencity.cx.ua/chunk-NUXSP4TM.js:7:2222)
    at S0.next (https://www.greencity.cx.ua/chunk-NUXSP4TM.js:7:7687), [2026-03-14T18:25:44.308Z] [SEVERE] https://www.greencity.cx.ua/chunk-NUXSP4TM.js 10:45939 "ERROR" TypeError: Cannot read properties of null (reading 'setValue')
    at n.quillContentChanged (https://www.greencity.cx.ua/chunk-VNNOUBDJ.js:1:16043)
    at https://www.greencity.cx.ua/chunk-VNNOUBDJ.js:1:7223
    at eE (https://www.greencity.cx.ua/chunk-NUXSP4TM.js:11:76097)
    at Object.o [as next] (https://www.greencity.cx.ua/chunk-NUXSP4TM.js:11:76277)
    at bv.next (https://www.greencity.cx.ua/chunk-NUXSP4TM.js:7:3120)
    at Fr._next (https://www.greencity.cx.ua/chunk-NUXSP4TM.js:7:2803)
    at Fr.next (https://www.greencity.cx.ua/chunk-NUXSP4TM.js:7:2530)
    at https://www.greencity.cx.ua/chunk-NUXSP4TM.js:7:7848
    at Ac (https://www.greencity.cx.ua/chunk-NUXSP4TM.js:7:2222)
    at S0.next (https://www.greencity.cx.ua/chunk-NUXSP4TM.js:7:7687), [2026-03-14T18:25:44.310Z] [SEVERE] https://www.greencity.cx.ua/chunk-NUXSP4TM.js 10:45939 "ERROR" TypeError: Cannot read properties of null (reading 'setValue')
    at n.quillContentChanged (https://www.greencity.cx.ua/chunk-VNNOUBDJ.js:1:16043)
    at https://www.greencity.cx.ua/chunk-VNNOUBDJ.js:1:7223
    at eE (https://www.greencity.cx.ua/chunk-NUXSP4TM.js:11:76097)
    at Object.o [as next] (https://www.greencity.cx.ua/chunk-NUXSP4TM.js:11:76277)
    at bv.next (https://www.greencity.cx.ua/chunk-NUXSP4TM.js:7:3120)
    at Fr._next (https://www.greencity.cx.ua/chunk-NUXSP4TM.js:7:2803)
    at Fr.next (https://www.greencity.cx.ua/chunk-NUXSP4TM.js:7:2530)
    at https://www.greencity.cx.ua/chunk-NUXSP4TM.js:7:7848
    at Ac (https://www.greencity.cx.ua/chunk-NUXSP4TM.js:7:2222)
    at S0.next (https://www.greencity.cx.ua/chunk-NUXSP4TM.js:7:7687), [2026-03-14T18:25:44.312Z] [SEVERE] https://www.greencity.cx.ua/chunk-NUXSP4TM.js 10:45939 "ERROR" TypeError: Cannot read properties of null (reading 'setValue')
    at n.quillContentChanged (https://www.greencity.cx.ua/chunk-VNNOUBDJ.js:1:16043)
    at https://www.greencity.cx.ua/chunk-VNNOUBDJ.js:1:7223
    at eE (https://www.greencity.cx.ua/chunk-NUXSP4TM.js:11:76097)
    at Object.o [as next] (https://www.greencity.cx.ua/chunk-NUXSP4TM.js:11:76277)
    at bv.next (https://www.greencity.cx.ua/chunk-NUXSP4TM.js:7:3120)
    at Fr._next (https://www.greencity.cx.ua/chunk-NUXSP4TM.js:7:2803)
    at Fr.next (https://www.greencity.cx.ua/chunk-NUXSP4TM.js:7:2530)
    at https://www.greencity.cx.ua/chunk-NUXSP4TM.js:7:7848
    at Ac (https://www.greencity.cx.ua/chunk-NUXSP4TM.js:7:2222)
    at S0.next (https://www.greencity.cx.ua/chunk-NUXSP4TM.js:7:7687), [2026-03-14T18:25:44.315Z] [SEVERE] https://www.greencity.cx.ua/chunk-NUXSP4TM.js 10:45939 "ERROR" TypeError: Cannot read properties of null (reading 'setValue')
    at n.quillContentChanged (https://www.greencity.cx.ua/chunk-VNNOUBDJ.js:1:16043)
    at https://www.greencity.cx.ua/chunk-VNNOUBDJ.js:1:7223
    at eE (https://www.greencity.cx.ua/chunk-NUXSP4TM.js:11:76097)
    at Object.o [as next] (https://www.greencity.cx.ua/chunk-NUXSP4TM.js:11:76277)
    at bv.next (https://www.greencity.cx.ua/chunk-NUXSP4TM.js:7:3120)
    at Fr._next (https://www.greencity.cx.ua/chunk-NUXSP4TM.js:7:2803)
    at Fr.next (https://www.greencity.cx.ua/chunk-NUXSP4TM.js:7:2530)
    at https://www.greencity.cx.ua/chunk-NUXSP4TM.js:7:7848
    at Ac (https://www.greencity.cx.ua/chunk-NUXSP4TM.js:7:2222)
    at S0.next (https://www.greencity.cx.ua/chunk-NUXSP4TM.js:7:7687), [2026-03-14T18:25:44.317Z] [SEVERE] https://www.greencity.cx.ua/chunk-NUXSP4TM.js 10:45939 "ERROR" TypeError: Cannot read properties of null (reading 'setValue')
    at n.quillContentChanged (https://www.greencity.cx.ua/chunk-VNNOUBDJ.js:1:16043)
    at https://www.greencity.cx.ua/chunk-VNNOUBDJ.js:1:7223
    at eE (https://www.greencity.cx.ua/chunk-NUXSP4TM.js:11:76097)
    at Object.o [as next] (https://www.greencity.cx.ua/chunk-NUXSP4TM.js:11:76277)
    at bv.next (https://www.greencity.cx.ua/chunk-NUXSP4TM.js:7:3120)
    at Fr._next (https://www.greencity.cx.ua/chunk-NUXSP4TM.js:7:2803)
    at Fr.next (https://www.greencity.cx.ua/chunk-NUXSP4TM.js:7:2530)
    at https://www.greencity.cx.ua/chunk-NUXSP4TM.js:7:7848
    at Ac (https://www.greencity.cx.ua/chunk-NUXSP4TM.js:7:2222)
    at S0.next (https://www.greencity.cx.ua/chunk-NUXSP4TM.js:7:7687), [2026-03-14T18:25:44.320Z] [SEVERE] https://www.greencity.cx.ua/chunk-NUXSP4TM.js 10:45939 "ERROR" TypeError: Cannot read properties of null (reading 'setValue')
    at n.quillContentChanged (https://www.greencity.cx.ua/chunk-VNNOUBDJ.js:1:16043)
    at https://www.greencity.cx.ua/chunk-VNNOUBDJ.js:1:7223
    at eE (https://www.greencity.cx.ua/chunk-NUXSP4TM.js:11:76097)
    at Object.o [as next] (https://www.greencity.cx.ua/chunk-NUXSP4TM.js:11:76277)
    at bv.next (https://www.greencity.cx.ua/chunk-NUXSP4TM.js:7:3120)
    at Fr._next (https://www.greencity.cx.ua/chunk-NUXSP4TM.js:7:2803)
    at Fr.next (https://www.greencity.cx.ua/chunk-NUXSP4TM.js:7:2530)
    at https://www.greencity.cx.ua/chunk-NUXSP4TM.js:7:7848
    at Ac (https://www.greencity.cx.ua/chunk-NUXSP4TM.js:7:2222)
    at S0.next (https://www.greencity.cx.ua/chunk-NUXSP4TM.js:7:7687), [2026-03-14T18:25:44.322Z] [SEVERE] https://www.greencity.cx.ua/chunk-NUXSP4TM.js 10:45939 "ERROR" TypeError: Cannot read properties of null (reading 'setValue')
    at n.quillContentChanged (https://www.greencity.cx.ua/chunk-VNNOUBDJ.js:1:16043)
    at https://www.greencity.cx.ua/chunk-VNNOUBDJ.js:1:7223
    at eE (https://www.greencity.cx.ua/chunk-NUXSP4TM.js:11:76097)
    at Object.o [as next] (https://www.greencity.cx.ua/chunk-NUXSP4TM.js:11:76277)
    at bv.next (https://www.greencity.cx.ua/chunk-NUXSP4TM.js:7:3120)
    at Fr._next (https://www.greencity.cx.ua/chunk-NUXSP4TM.js:7:2803)
    at Fr.next (https://www.greencity.cx.ua/chunk-NUXSP4TM.js:7:2530)
    at https://www.greencity.cx.ua/chunk-NUXSP4TM.js:7:7848
    at Ac (https://www.greencity.cx.ua/chunk-NUXSP4TM.js:7:2222)
    at S0.next (https://www.greencity.cx.ua/chunk-NUXSP4TM.js:7:7687), [2026-03-14T18:25:44.324Z] [SEVERE] https://www.greencity.cx.ua/chunk-NUXSP4TM.js 10:45939 "ERROR" TypeError: Cannot read properties of null (reading 'setValue')
    at n.quillContentChanged (https://www.greencity.cx.ua/chunk-VNNOUBDJ.js:1:16043)
    at https://www.greencity.cx.ua/chunk-VNNOUBDJ.js:1:7223
    at eE (https://www.greencity.cx.ua/chunk-NUXSP4TM.js:11:76097)
    at Object.o [as next] (https://www.greencity.cx.ua/chunk-NUXSP4TM.js:11:76277)
    at bv.next (https://www.greencity.cx.ua/chunk-NUXSP4TM.js:7:3120)
    at Fr._next (https://www.greencity.cx.ua/chunk-NUXSP4TM.js:7:2803)
    at Fr.next (https://www.greencity.cx.ua/chunk-NUXSP4TM.js:7:2530)
    at https://www.greencity.cx.ua/chunk-NUXSP4TM.js:7:7848
    at Ac (https://www.greencity.cx.ua/chunk-NUXSP4TM.js:7:2222)
    at S0.next (https://www.greencity.cx.ua/chunk-NUXSP4TM.js:7:7687), [2026-03-14T18:25:44.327Z] [SEVERE] https://www.greencity.cx.ua/chunk-NUXSP4TM.js 10:45939 "ERROR" TypeError: Cannot read properties of null (reading 'setValue')
    at n.quillContentChanged (https://www.greencity.cx.ua/chunk-VNNOUBDJ.js:1:16043)
    at https://www.greencity.cx.ua/chunk-VNNOUBDJ.js:1:7223
    at eE (https://www.greencity.cx.ua/chunk-NUXSP4TM.js:11:76097)
    at Object.o [as next] (https://www.greencity.cx.ua/chunk-NUXSP4TM.js:11:76277)
    at bv.next (https://www.greencity.cx.ua/chunk-NUXSP4TM.js:7:3120)
    at Fr._next (https://www.greencity.cx.ua/chunk-NUXSP4TM.js:7:2803)
    at Fr.next (https://www.greencity.cx.ua/chunk-NUXSP4TM.js:7:2530)
    at https://www.greencity.cx.ua/chunk-NUXSP4TM.js:7:7848
    at Ac (https://www.greencity.cx.ua/chunk-NUXSP4TM.js:7:2222)
    at S0.next (https://www.greencity.cx.ua/chunk-NUXSP4TM.js:7:7687), [2026-03-14T18:25:44.329Z] [SEVERE] https://www.greencity.cx.ua/chunk-NUXSP4TM.js 10:45939 "ERROR" TypeError: Cannot read properties of null (reading 'setValue')
    at n.quillContentChanged (https://www.greencity.cx.ua/chunk-VNNOUBDJ.js:1:16043)
    at https://www.greencity.cx.ua/chunk-VNNOUBDJ.js:1:7223
    at eE (https://www.greencity.cx.ua/chunk-NUXSP4TM.js:11:76097)
    at Object.o [as next] (https://www.greencity.cx.ua/chunk-NUXSP4TM.js:11:76277)
    at bv.next (https://www.greencity.cx.ua/chunk-NUXSP4TM.js:7:3120)
    at Fr._next (https://www.greencity.cx.ua/chunk-NUXSP4TM.js:7:2803)
    at Fr.next (https://www.greencity.cx.ua/chunk-NUXSP4TM.js:7:2530)
    at https://www.greencity.cx.ua/chunk-NUXSP4TM.js:7:7848
    at Ac (https://www.greencity.cx.ua/chunk-NUXSP4TM.js:7:2222)
    at S0.next (https://www.greencity.cx.ua/chunk-NUXSP4TM.js:7:7687), [2026-03-14T18:25:44.332Z] [SEVERE] https://www.greencity.cx.ua/chunk-NUXSP4TM.js 10:45939 "ERROR" TypeError: Cannot read properties of null (reading 'setValue')
    at n.quillContentChanged (https://www.greencity.cx.ua/chunk-VNNOUBDJ.js:1:16043)
    at https://www.greencity.cx.ua/chunk-VNNOUBDJ.js:1:7223
    at eE (https://www.greencity.cx.ua/chunk-NUXSP4TM.js:11:76097)
    at Object.o [as next] (https://www.greencity.cx.ua/chunk-NUXSP4TM.js:11:76277)
    at bv.next (https://www.greencity.cx.ua/chunk-NUXSP4TM.js:7:3120)
    at Fr._next (https://www.greencity.cx.ua/chunk-NUXSP4TM.js:7:2803)
    at Fr.next (https://www.greencity.cx.ua/chunk-NUXSP4TM.js:7:2530)
    at https://www.greencity.cx.ua/chunk-NUXSP4TM.js:7:7848
    at Ac (https://www.greencity.cx.ua/chunk-NUXSP4TM.js:7:2222)
    at S0.next (https://www.greencity.cx.ua/chunk-NUXSP4TM.js:7:7687), [2026-03-14T18:25:44.334Z] [SEVERE] https://www.greencity.cx.ua/chunk-NUXSP4TM.js 10:45939 "ERROR" TypeError: Cannot read properties of null (reading 'setValue')
    at n.quillContentChanged (https://www.greencity.cx.ua/chunk-VNNOUBDJ.js:1:16043)
    at https://www.greencity.cx.ua/chunk-VNNOUBDJ.js:1:7223
    at eE (https://www.greencity.cx.ua/chunk-NUXSP4TM.js:11:76097)
    at Object.o [as next] (https://www.greencity.cx.ua/chunk-NUXSP4TM.js:11:76277)
    at bv.next (https://www.greencity.cx.ua/chunk-NUXSP4TM.js:7:3120)
    at Fr._next (https://www.greencity.cx.ua/chunk-NUXSP4TM.js:7:2803)
    at Fr.next (https://www.greencity.cx.ua/chunk-NUXSP4TM.js:7:2530)
    at https://www.greencity.cx.ua/chunk-NUXSP4TM.js:7:7848
    at Ac (https://www.greencity.cx.ua/chunk-NUXSP4TM.js:7:2222)
    at S0.next (https://www.greencity.cx.ua/chunk-NUXSP4TM.js:7:7687), [2026-03-14T18:25:44.336Z] [SEVERE] https://www.greencity.cx.ua/chunk-NUXSP4TM.js 10:45939 "ERROR" TypeError: Cannot read properties of null (reading 'setValue')
    at n.quillContentChanged (https://www.greencity.cx.ua/chunk-VNNOUBDJ.js:1:16043)
    at https://www.greencity.cx.ua/chunk-VNNOUBDJ.js:1:7223
    at eE (https://www.greencity.cx.ua/chunk-NUXSP4TM.js:11:76097)
    at Object.o [as next] (https://www.greencity.cx.ua/chunk-NUXSP4TM.js:11:76277)
    at bv.next (https://www.greencity.cx.ua/chunk-NUXSP4TM.js:7:3120)
    at Fr._next (https://www.greencity.cx.ua/chunk-NUXSP4TM.js:7:2803)
    at Fr.next (https://www.greencity.cx.ua/chunk-NUXSP4TM.js:7:2530)
    at https://www.greencity.cx.ua/chunk-NUXSP4TM.js:7:7848
    at Ac (https://www.greencity.cx.ua/chunk-NUXSP4TM.js:7:2222)
    at S0.next (https://www.greencity.cx.ua/chunk-NUXSP4TM.js:7:7687), [2026-03-14T18:25:44.339Z] [SEVERE] https://www.greencity.cx.ua/chunk-NUXSP4TM.js 10:45939 "ERROR" TypeError: Cannot read properties of null (reading 'setValue')
    at n.quillContentChanged (https://www.greencity.cx.ua/chunk-VNNOUBDJ.js:1:16043)
    at https://www.greencity.cx.ua/chunk-VNNOUBDJ.js:1:7223
    at eE (https://www.greencity.cx.ua/chunk-NUXSP4TM.js:11:76097)
    at Object.o [as next] (https://www.greencity.cx.ua/chunk-NUXSP4TM.js:11:76277)
    at bv.next (https://www.greencity.cx.ua/chunk-NUXSP4TM.js:7:3120)
    at Fr._next (https://www.greencity.cx.ua/chunk-NUXSP4TM.js:7:2803)
    at Fr.next (https://www.greencity.cx.ua/chunk-NUXSP4TM.js:7:2530)
    at https://www.greencity.cx.ua/chunk-NUXSP4TM.js:7:7848
    at Ac (https://www.greencity.cx.ua/chunk-NUXSP4TM.js:7:2222)
    at S0.next (https://www.greencity.cx.ua/chunk-NUXSP4TM.js:7:7687), [2026-03-14T18:25:44.342Z] [SEVERE] https://www.greencity.cx.ua/chunk-NUXSP4TM.js 10:45939 "ERROR" TypeError: Cannot read properties of null (reading 'setValue')
    at n.quillContentChanged (https://www.greencity.cx.ua/chunk-VNNOUBDJ.js:1:16043)
    at https://www.greencity.cx.ua/chunk-VNNOUBDJ.js:1:7223
    at eE (https://www.greencity.cx.ua/chunk-NUXSP4TM.js:11:76097)
    at Object.o [as next] (https://www.greencity.cx.ua/chunk-NUXSP4TM.js:11:76277)
    at bv.next (https://www.greencity.cx.ua/chunk-NUXSP4TM.js:7:3120)
    at Fr._next (https://www.greencity.cx.ua/chunk-NUXSP4TM.js:7:2803)
    at Fr.next (https://www.greencity.cx.ua/chunk-NUXSP4TM.js:7:2530)
    at https://www.greencity.cx.ua/chunk-NUXSP4TM.js:7:7848
    at Ac (https://www.greencity.cx.ua/chunk-NUXSP4TM.js:7:2222)
    at S0.next (https://www.greencity.cx.ua/chunk-NUXSP4TM.js:7:7687), [2026-03-14T18:25:44.345Z] [SEVERE] https://www.greencity.cx.ua/chunk-NUXSP4TM.js 10:45939 "ERROR" TypeError: Cannot read properties of null (reading 'setValue')
    at n.quillContentChanged (https://www.greencity.cx.ua/chunk-VNNOUBDJ.js:1:16043)
    at https://www.greencity.cx.ua/chunk-VNNOUBDJ.js:1:7223
    at eE (https://www.greencity.cx.ua/chunk-NUXSP4TM.js:11:76097)
    at Object.o [as next] (https://www.greencity.cx.ua/chunk-NUXSP4TM.js:11:76277)
    at bv.next (https://www.greencity.cx.ua/chunk-NUXSP4TM.js:7:3120)
    at Fr._next (https://www.greencity.cx.ua/chunk-NUXSP4TM.js:7:2803)
    at Fr.next (https://www.greencity.cx.ua/chunk-NUXSP4TM.js:7:2530)
    at https://www.greencity.cx.ua/chunk-NUXSP4TM.js:7:7848
    at Ac (https://www.greencity.cx.ua/chunk-NUXSP4TM.js:7:2222)
    at S0.next (https://www.greencity.cx.ua/chunk-NUXSP4TM.js:7:7687), [2026-03-14T18:25:44.348Z] [SEVERE] https://www.greencity.cx.ua/chunk-NUXSP4TM.js 10:45939 "ERROR" TypeError: Cannot read properties of null (reading 'setValue')
    at n.quillContentChanged (https://www.greencity.cx.ua/chunk-VNNOUBDJ.js:1:16043)
    at https://www.greencity.cx.ua/chunk-VNNOUBDJ.js:1:7223
    at eE (https://www.greencity.cx.ua/chunk-NUXSP4TM.js:11:76097)
    at Object.o [as next] (https://www.greencity.cx.ua/chunk-NUXSP4TM.js:11:76277)
    at bv.next (https://www.greencity.cx.ua/chunk-NUXSP4TM.js:7:3120)
    at Fr._next (https://www.greencity.cx.ua/chunk-NUXSP4TM.js:7:2803)
    at Fr.next (https://www.greencity.cx.ua/chunk-NUXSP4TM.js:7:2530)
    at https://www.greencity.cx.ua/chunk-NUXSP4TM.js:7:7848
    at Ac (https://www.greencity.cx.ua/chunk-NUXSP4TM.js:7:2222)
    at S0.next (https://www.greencity.cx.ua/chunk-NUXSP4TM.js:7:7687), [2026-03-14T18:25:44.350Z] [SEVERE] https://www.greencity.cx.ua/chunk-NUXSP4TM.js 10:45939 "ERROR" TypeError: Cannot read properties of null (reading 'setValue')
    at n.quillContentChanged (https://www.greencity.cx.ua/chunk-VNNOUBDJ.js:1:16043)
    at https://www.greencity.cx.ua/chunk-VNNOUBDJ.js:1:7223
    at eE (https://www.greencity.cx.ua/chunk-NUXSP4TM.js:11:76097)
    at Object.o [as next] (https://www.greencity.cx.ua/chunk-NUXSP4TM.js:11:76277)
    at bv.next (https://www.greencity.cx.ua/chunk-NUXSP4TM.js:7:3120)
    at Fr._next (https://www.greencity.cx.ua/chunk-NUXSP4TM.js:7:2803)
    at Fr.next (https://www.greencity.cx.ua/chunk-NUXSP4TM.js:7:2530)
    at https://www.greencity.cx.ua/chunk-NUXSP4TM.js:7:7848
    at Ac (https://www.greencity.cx.ua/chunk-NUXSP4TM.js:7:2222)
    at S0.next (https://www.greencity.cx.ua/chunk-NUXSP4TM.js:7:7687), [2026-03-14T18:25:44.353Z] [SEVERE] https://www.greencity.cx.ua/chunk-NUXSP4TM.js 10:45939 "ERROR" TypeError: Cannot read properties of null (reading 'setValue')
    at n.quillContentChanged (https://www.greencity.cx.ua/chunk-VNNOUBDJ.js:1:16043)
    at https://www.greencity.cx.ua/chunk-VNNOUBDJ.js:1:7223
    at eE (https://www.greencity.cx.ua/chunk-NUXSP4TM.js:11:76097)
    at Object.o [as next] (https://www.greencity.cx.ua/chunk-NUXSP4TM.js:11:76277)
    at bv.next (https://www.greencity.cx.ua/chunk-NUXSP4TM.js:7:3120)
    at Fr._next (https://www.greencity.cx.ua/chunk-NUXSP4TM.js:7:2803)
    at Fr.next (https://www.greencity.cx.ua/chunk-NUXSP4TM.js:7:2530)
    at https://www.greencity.cx.ua/chunk-NUXSP4TM.js:7:7848
    at Ac (https://www.greencity.cx.ua/chunk-NUXSP4TM.js:7:2222)
    at S0.next (https://www.greencity.cx.ua/chunk-NUXSP4TM.js:7:7687), [2026-03-14T18:25:44.355Z] [SEVERE] https://www.greencity.cx.ua/chunk-NUXSP4TM.js 10:45939 "ERROR" TypeError: Cannot read properties of null (reading 'setValue')
    at n.quillContentChanged (https://www.greencity.cx.ua/chunk-VNNOUBDJ.js:1:16043)
    at https://www.greencity.cx.ua/chunk-VNNOUBDJ.js:1:7223
    at eE (https://www.greencity.cx.ua/chunk-NUXSP4TM.js:11:76097)
    at Object.o [as next] (https://www.greencity.cx.ua/chunk-NUXSP4TM.js:11:76277)
    at bv.next (https://www.greencity.cx.ua/chunk-NUXSP4TM.js:7:3120)
    at Fr._next (https://www.greencity.cx.ua/chunk-NUXSP4TM.js:7:2803)
    at Fr.next (https://www.greencity.cx.ua/chunk-NUXSP4TM.js:7:2530)
    at https://www.greencity.cx.ua/chunk-NUXSP4TM.js:7:7848
    at Ac (https://www.greencity.cx.ua/chunk-NUXSP4TM.js:7:2222)
    at S0.next (https://www.greencity.cx.ua/chunk-NUXSP4TM.js:7:7687), [2026-03-14T18:25:44.357Z] [SEVERE] https://www.greencity.cx.ua/chunk-NUXSP4TM.js 10:45939 "ERROR" TypeError: Cannot read properties of null (reading 'setValue')
    at n.quillContentChanged (https://www.greencity.cx.ua/chunk-VNNOUBDJ.js:1:16043)
    at https://www.greencity.cx.ua/chunk-VNNOUBDJ.js:1:7223
    at eE (https://www.greencity.cx.ua/chunk-NUXSP4TM.js:11:76097)
    at Object.o [as next] (https://www.greencity.cx.ua/chunk-NUXSP4TM.js:11:76277)
    at bv.next (https://www.greencity.cx.ua/chunk-NUXSP4TM.js:7:3120)
    at Fr._next (https://www.greencity.cx.ua/chunk-NUXSP4TM.js:7:2803)
    at Fr.next (https://www.greencity.cx.ua/chunk-NUXSP4TM.js:7:2530)
    at https://www.greencity.cx.ua/chunk-NUXSP4TM.js:7:7848
    at Ac (https://www.greencity.cx.ua/chunk-NUXSP4TM.js:7:2222)
    at S0.next (https://www.greencity.cx.ua/chunk-NUXSP4TM.js:7:7687), [2026-03-14T18:25:44.359Z] [SEVERE] https://www.greencity.cx.ua/chunk-NUXSP4TM.js 10:45939 "ERROR" TypeError: Cannot read properties of null (reading 'setValue')
    at n.quillContentChanged (https://www.greencity.cx.ua/chunk-VNNOUBDJ.js:1:16043)
    at https://www.greencity.cx.ua/chunk-VNNOUBDJ.js:1:7223
    at eE (https://www.greencity.cx.ua/chunk-NUXSP4TM.js:11:76097)
    at Object.o [as next] (https://www.greencity.cx.ua/chunk-NUXSP4TM.js:11:76277)
    at bv.next (https://www.greencity.cx.ua/chunk-NUXSP4TM.js:7:3120)
    at Fr._next (https://www.greencity.cx.ua/chunk-NUXSP4TM.js:7:2803)
    at Fr.next (https://www.greencity.cx.ua/chunk-NUXSP4TM.js:7:2530)
    at https://www.greencity.cx.ua/chunk-NUXSP4TM.js:7:7848
    at Ac (https://www.greencity.cx.ua/chunk-NUXSP4TM.js:7:2222)
    at S0.next (https://www.greencity.cx.ua/chunk-NUXSP4TM.js:7:7687), [2026-03-14T18:25:44.362Z] [SEVERE] https://www.greencity.cx.ua/chunk-NUXSP4TM.js 10:45939 "ERROR" TypeError: Cannot read properties of null (reading 'setValue')
    at n.quillContentChanged (https://www.greencity.cx.ua/chunk-VNNOUBDJ.js:1:16043)
    at https://www.greencity.cx.ua/chunk-VNNOUBDJ.js:1:7223
    at eE (https://www.greencity.cx.ua/chunk-NUXSP4TM.js:11:76097)
    at Object.o [as next] (https://www.greencity.cx.ua/chunk-NUXSP4TM.js:11:76277)
    at bv.next (https://www.greencity.cx.ua/chunk-NUXSP4TM.js:7:3120)
    at Fr._next (https://www.greencity.cx.ua/chunk-NUXSP4TM.js:7:2803)
    at Fr.next (https://www.greencity.cx.ua/chunk-NUXSP4TM.js:7:2530)
    at https://www.greencity.cx.ua/chunk-NUXSP4TM.js:7:7848
    at Ac (https://www.greencity.cx.ua/chunk-NUXSP4TM.js:7:2222)
    at S0.next (https://www.greencity.cx.ua/chunk-NUXSP4TM.js:7:7687), [2026-03-14T18:25:44.364Z] [SEVERE] https://www.greencity.cx.ua/chunk-NUXSP4TM.js 10:45939 "ERROR" TypeError: Cannot read properties of null (reading 'setValue')
    at n.quillContentChanged (https://www.greencity.cx.ua/chunk-VNNOUBDJ.js:1:16043)
    at https://www.greencity.cx.ua/chunk-VNNOUBDJ.js:1:7223
    at eE (https://www.greencity.cx.ua/chunk-NUXSP4TM.js:11:76097)
    at Object.o [as next] (https://www.greencity.cx.ua/chunk-NUXSP4TM.js:11:76277)
    at bv.next (https://www.greencity.cx.ua/chunk-NUXSP4TM.js:7:3120)
    at Fr._next (https://www.greencity.cx.ua/chunk-NUXSP4TM.js:7:2803)
    at Fr.next (https://www.greencity.cx.ua/chunk-NUXSP4TM.js:7:2530)
    at https://www.greencity.cx.ua/chunk-NUXSP4TM.js:7:7848
    at Ac (https://www.greencity.cx.ua/chunk-NUXSP4TM.js:7:2222)
    at S0.next (https://www.greencity.cx.ua/chunk-NUXSP4TM.js:7:7687), [2026-03-14T18:25:44.366Z] [SEVERE] https://www.greencity.cx.ua/chunk-NUXSP4TM.js 10:45939 "ERROR" TypeError: Cannot read properties of null (reading 'setValue')
    at n.quillContentChanged (https://www.greencity.cx.ua/chunk-VNNOUBDJ.js:1:16043)
    at https://www.greencity.cx.ua/chunk-VNNOUBDJ.js:1:7223
    at eE (https://www.greencity.cx.ua/chunk-NUXSP4TM.js:11:76097)
    at Object.o [as next] (https://www.greencity.cx.ua/chunk-NUXSP4TM.js:11:76277)
    at bv.next (https://www.greencity.cx.ua/chunk-NUXSP4TM.js:7:3120)
    at Fr._next (https://www.greencity.cx.ua/chunk-NUXSP4TM.js:7:2803)
    at Fr.next (https://www.greencity.cx.ua/chunk-NUXSP4TM.js:7:2530)
    at https://www.greencity.cx.ua/chunk-NUXSP4TM.js:7:7848
    at Ac (https://www.greencity.cx.ua/chunk-NUXSP4TM.js:7:2222)
    at S0.next (https://www.greencity.cx.ua/chunk-NUXSP4TM.js:7:7687), [2026-03-14T18:25:44.368Z] [SEVERE] https://www.greencity.cx.ua/chunk-NUXSP4TM.js 10:45939 "ERROR" TypeError: Cannot read properties of null (reading 'setValue')
    at n.quillContentChanged (https://www.greencity.cx.ua/chunk-VNNOUBDJ.js:1:16043)
    at https://www.greencity.cx.ua/chunk-VNNOUBDJ.js:1:7223
    at eE (https://www.greencity.cx.ua/chunk-NUXSP4TM.js:11:76097)
    at Object.o [as next] (https://www.greencity.cx.ua/chunk-NUXSP4TM.js:11:76277)
    at bv.next (https://www.greencity.cx.ua/chunk-NUXSP4TM.js:7:3120)
    at Fr._next (https://www.greencity.cx.ua/chunk-NUXSP4TM.js:7:2803)
    at Fr.next (https://www.greencity.cx.ua/chunk-NUXSP4TM.js:7:2530)
    at https://www.greencity.cx.ua/chunk-NUXSP4TM.js:7:7848
    at Ac (https://www.greencity.cx.ua/chunk-NUXSP4TM.js:7:2222)
    at S0.next (https://www.greencity.cx.ua/chunk-NUXSP4TM.js:7:7687), [2026-03-14T18:25:44.370Z] [SEVERE] https://www.greencity.cx.ua/chunk-NUXSP4TM.js 10:45939 "ERROR" TypeError: Cannot read properties of null (reading 'setValue')
    at n.quillContentChanged (https://www.greencity.cx.ua/chunk-VNNOUBDJ.js:1:16043)
    at https://www.greencity.cx.ua/chunk-VNNOUBDJ.js:1:7223
    at eE (https://www.greencity.cx.ua/chunk-NUXSP4TM.js:11:76097)
    at Object.o [as next] (https://www.greencity.cx.ua/chunk-NUXSP4TM.js:11:76277)
    at bv.next (https://www.greencity.cx.ua/chunk-NUXSP4TM.js:7:3120)
    at Fr._next (https://www.greencity.cx.ua/chunk-NUXSP4TM.js:7:2803)
    at Fr.next (https://www.greencity.cx.ua/chunk-NUXSP4TM.js:7:2530)
    at https://www.greencity.cx.ua/chunk-NUXSP4TM.js:7:7848
    at Ac (https://www.greencity.cx.ua/chunk-NUXSP4TM.js:7:2222)
    at S0.next (https://www.greencity.cx.ua/chunk-NUXSP4TM.js:7:7687), [2026-03-14T18:25:44.372Z] [SEVERE] https://www.greencity.cx.ua/chunk-NUXSP4TM.js 10:45939 "ERROR" TypeError: Cannot read properties of null (reading 'setValue')
    at n.quillContentChanged (https://www.greencity.cx.ua/chunk-VNNOUBDJ.js:1:16043)
    at https://www.greencity.cx.ua/chunk-VNNOUBDJ.js:1:7223
    at eE (https://www.greencity.cx.ua/chunk-NUXSP4TM.js:11:76097)
    at Object.o [as next] (https://www.greencity.cx.ua/chunk-NUXSP4TM.js:11:76277)
    at bv.next (https://www.greencity.cx.ua/chunk-NUXSP4TM.js:7:3120)
    at Fr._next (https://www.greencity.cx.ua/chunk-NUXSP4TM.js:7:2803)
    at Fr.next (https://www.greencity.cx.ua/chunk-NUXSP4TM.js:7:2530)
    at https://www.greencity.cx.ua/chunk-NUXSP4TM.js:7:7848
    at Ac (https://www.greencity.cx.ua/chunk-NUXSP4TM.js:7:2222)
    at S0.next (https://www.greencity.cx.ua/chunk-NUXSP4TM.js:7:7687), [2026-03-14T18:25:44.374Z] [SEVERE] https://www.greencity.cx.ua/chunk-NUXSP4TM.js 10:45939 "ERROR" TypeError: Cannot read properties of null (reading 'setValue')
    at n.quillContentChanged (https://www.greencity.cx.ua/chunk-VNNOUBDJ.js:1:16043)
    at https://www.greencity.cx.ua/chunk-VNNOUBDJ.js:1:7223
    at eE (https://www.greencity.cx.ua/chunk-NUXSP4TM.js:11:76097)
    at Object.o [as next] (https://www.greencity.cx.ua/chunk-NUXSP4TM.js:11:76277)
    at bv.next (https://www.greencity.cx.ua/chunk-NUXSP4TM.js:7:3120)
    at Fr._next (https://www.greencity.cx.ua/chunk-NUXSP4TM.js:7:2803)
    at Fr.next (https://www.greencity.cx.ua/chunk-NUXSP4TM.js:7:2530)
    at https://www.greencity.cx.ua/chunk-NUXSP4TM.js:7:7848
    at Ac (https://www.greencity.cx.ua/chunk-NUXSP4TM.js:7:2222)
    at S0.next (https://www.greencity.cx.ua/chunk-NUXSP4TM.js:7:7687), [2026-03-14T18:25:44.377Z] [SEVERE] https://www.greencity.cx.ua/chunk-NUXSP4TM.js 10:45939 "ERROR" TypeError: Cannot read properties of null (reading 'setValue')
    at n.quillContentChanged (https://www.greencity.cx.ua/chunk-VNNOUBDJ.js:1:16043)
    at https://www.greencity.cx.ua/chunk-VNNOUBDJ.js:1:7223
    at eE (https://www.greencity.cx.ua/chunk-NUXSP4TM.js:11:76097)
    at Object.o [as next] (https://www.greencity.cx.ua/chunk-NUXSP4TM.js:11:76277)
    at bv.next (https://www.greencity.cx.ua/chunk-NUXSP4TM.js:7:3120)
    at Fr._next (https://www.greencity.cx.ua/chunk-NUXSP4TM.js:7:2803)
    at Fr.next (https://www.greencity.cx.ua/chunk-NUXSP4TM.js:7:2530)
    at https://www.greencity.cx.ua/chunk-NUXSP4TM.js:7:7848
    at Ac (https://www.greencity.cx.ua/chunk-NUXSP4TM.js:7:2222)
    at S0.next (https://www.greencity.cx.ua/chunk-NUXSP4TM.js:7:7687), [2026-03-14T18:25:44.379Z] [SEVERE] https://www.greencity.cx.ua/chunk-NUXSP4TM.js 10:45939 "ERROR" TypeError: Cannot read properties of null (reading 'setValue')
    at n.quillContentChanged (https://www.greencity.cx.ua/chunk-VNNOUBDJ.js:1:16043)
    at https://www.greencity.cx.ua/chunk-VNNOUBDJ.js:1:7223
    at eE (https://www.greencity.cx.ua/chunk-NUXSP4TM.js:11:76097)
    at Object.o [as next] (https://www.greencity.cx.ua/chunk-NUXSP4TM.js:11:76277)
    at bv.next (https://www.greencity.cx.ua/chunk-NUXSP4TM.js:7:3120)
    at Fr._next (https://www.greencity.cx.ua/chunk-NUXSP4TM.js:7:2803)
    at Fr.next (https://www.greencity.cx.ua/chunk-NUXSP4TM.js:7:2530)
    at https://www.greencity.cx.ua/chunk-NUXSP4TM.js:7:7848
    at Ac (https://www.greencity.cx.ua/chunk-NUXSP4TM.js:7:2222)
    at S0.next (https://www.greencity.cx.ua/chunk-NUXSP4TM.js:7:7687), [2026-03-14T18:25:44.381Z] [SEVERE] https://www.greencity.cx.ua/chunk-NUXSP4TM.js 10:45939 "ERROR" TypeError: Cannot read properties of null (reading 'setValue')
    at n.quillContentChanged (https://www.greencity.cx.ua/chunk-VNNOUBDJ.js:1:16043)
    at https://www.greencity.cx.ua/chunk-VNNOUBDJ.js:1:7223
    at eE (https://www.greencity.cx.ua/chunk-NUXSP4TM.js:11:76097)
    at Object.o [as next] (https://www.greencity.cx.ua/chunk-NUXSP4TM.js:11:76277)
    at bv.next (https://www.greencity.cx.ua/chunk-NUXSP4TM.js:7:3120)
    at Fr._next (https://www.greencity.cx.ua/chunk-NUXSP4TM.js:7:2803)
    at Fr.next (https://www.greencity.cx.ua/chunk-NUXSP4TM.js:7:2530)
    at https://www.greencity.cx.ua/chunk-NUXSP4TM.js:7:7848
    at Ac (https://www.greencity.cx.ua/chunk-NUXSP4TM.js:7:2222)
    at S0.next (https://www.greencity.cx.ua/chunk-NUXSP4TM.js:7:7687), [2026-03-14T18:25:44.383Z] [SEVERE] https://www.greencity.cx.ua/chunk-NUXSP4TM.js 10:45939 "ERROR" TypeError: Cannot read properties of null (reading 'setValue')
    at n.quillContentChanged (https://www.greencity.cx.ua/chunk-VNNOUBDJ.js:1:16043)
    at https://www.greencity.cx.ua/chunk-VNNOUBDJ.js:1:7223
    at eE (https://www.greencity.cx.ua/chunk-NUXSP4TM.js:11:76097)
    at Object.o [as next] (https://www.greencity.cx.ua/chunk-NUXSP4TM.js:11:76277)
    at bv.next (https://www.greencity.cx.ua/chunk-NUXSP4TM.js:7:3120)
    at Fr._next (https://www.greencity.cx.ua/chunk-NUXSP4TM.js:7:2803)
    at Fr.next (https://www.greencity.cx.ua/chunk-NUXSP4TM.js:7:2530)
    at https://www.greencity.cx.ua/chunk-NUXSP4TM.js:7:7848
    at Ac (https://www.greencity.cx.ua/chunk-NUXSP4TM.js:7:2222)
    at S0.next (https://www.greencity.cx.ua/chunk-NUXSP4TM.js:7:7687), [2026-03-14T18:25:44.385Z] [SEVERE] https://www.greencity.cx.ua/chunk-NUXSP4TM.js 10:45939 "ERROR" TypeError: Cannot read properties of null (reading 'setValue')
    at n.quillContentChanged (https://www.greencity.cx.ua/chunk-VNNOUBDJ.js:1:16043)
    at https://www.greencity.cx.ua/chunk-VNNOUBDJ.js:1:7223
    at eE (https://www.greencity.cx.ua/chunk-NUXSP4TM.js:11:76097)
    at Object.o [as next] (https://www.greencity.cx.ua/chunk-NUXSP4TM.js:11:76277)
    at bv.next (https://www.greencity.cx.ua/chunk-NUXSP4TM.js:7:3120)
    at Fr._next (https://www.greencity.cx.ua/chunk-NUXSP4TM.js:7:2803)
    at Fr.next (https://www.greencity.cx.ua/chunk-NUXSP4TM.js:7:2530)
    at https://www.greencity.cx.ua/chunk-NUXSP4TM.js:7:7848
    at Ac (https://www.greencity.cx.ua/chunk-NUXSP4TM.js:7:2222)
    at S0.next (https://www.greencity.cx.ua/chunk-NUXSP4TM.js:7:7687), [2026-03-14T18:25:44.388Z] [SEVERE] https://www.greencity.cx.ua/chunk-NUXSP4TM.js 10:45939 "ERROR" TypeError: Cannot read properties of null (reading 'setValue')
    at n.quillContentChanged (https://www.greencity.cx.ua/chunk-VNNOUBDJ.js:1:16043)
    at https://www.greencity.cx.ua/chunk-VNNOUBDJ.js:1:7223
    at eE (https://www.greencity.cx.ua/chunk-NUXSP4TM.js:11:76097)
    at Object.o [as next] (https://www.greencity.cx.ua/chunk-NUXSP4TM.js:11:76277)
    at bv.next (https://www.greencity.cx.ua/chunk-NUXSP4TM.js:7:3120)
    at Fr._next (https://www.greencity.cx.ua/chunk-NUXSP4TM.js:7:2803)
    at Fr.next (https://www.greencity.cx.ua/chunk-NUXSP4TM.js:7:2530)
    at https://www.greencity.cx.ua/chunk-NUXSP4TM.js:7:7848
    at Ac (https://www.greencity.cx.ua/chunk-NUXSP4TM.js:7:2222)
    at S0.next (https://www.greencity.cx.ua/chunk-NUXSP4TM.js:7:7687), [2026-03-14T18:25:44.390Z] [SEVERE] https://www.greencity.cx.ua/chunk-NUXSP4TM.js 10:45939 "ERROR" TypeError: Cannot read properties of null (reading 'setValue')
    at n.quillContentChanged (https://www.greencity.cx.ua/chunk-VNNOUBDJ.js:1:16043)
    at https://www.greencity.cx.ua/chunk-VNNOUBDJ.js:1:7223
    at eE (https://www.greencity.cx.ua/chunk-NUXSP4TM.js:11:76097)
    at Object.o [as next] (https://www.greencity.cx.ua/chunk-NUXSP4TM.js:11:76277)
    at bv.next (https://www.greencity.cx.ua/chunk-NUXSP4TM.js:7:3120)
    at Fr._next (https://www.greencity.cx.ua/chunk-NUXSP4TM.js:7:2803)
    at Fr.next (https://www.greencity.cx.ua/chunk-NUXSP4TM.js:7:2530)
    at https://www.greencity.cx.ua/chunk-NUXSP4TM.js:7:7848
    at Ac (https://www.greencity.cx.ua/chunk-NUXSP4TM.js:7:2222)
    at S0.next (https://www.greencity.cx.ua/chunk-NUXSP4TM.js:7:7687), [2026-03-14T18:25:44.392Z] [SEVERE] https://www.greencity.cx.ua/chunk-NUXSP4TM.js 10:45939 "ERROR" TypeError: Cannot read properties of null (reading 'setValue')
    at n.quillContentChanged (https://www.greencity.cx.ua/chunk-VNNOUBDJ.js:1:16043)
    at https://www.greencity.cx.ua/chunk-VNNOUBDJ.js:1:7223
    at eE (https://www.greencity.cx.ua/chunk-NUXSP4TM.js:11:76097)
    at Object.o [as next] (https://www.greencity.cx.ua/chunk-NUXSP4TM.js:11:76277)
    at bv.next (https://www.greencity.cx.ua/chunk-NUXSP4TM.js:7:3120)
    at Fr._next (https://www.greencity.cx.ua/chunk-NUXSP4TM.js:7:2803)
    at Fr.next (https://www.greencity.cx.ua/chunk-NUXSP4TM.js:7:2530)
    at https://www.greencity.cx.ua/chunk-NUXSP4TM.js:7:7848
    at Ac (https://www.greencity.cx.ua/chunk-NUXSP4TM.js:7:2222)
    at S0.next (https://www.greencity.cx.ua/chunk-NUXSP4TM.js:7:7687), [2026-03-14T18:25:44.394Z] [SEVERE] https://www.greencity.cx.ua/chunk-NUXSP4TM.js 10:45939 "ERROR" TypeError: Cannot read properties of null (reading 'setValue')
    at n.quillContentChanged (https://www.greencity.cx.ua/chunk-VNNOUBDJ.js:1:16043)
    at https://www.greencity.cx.ua/chunk-VNNOUBDJ.js:1:7223
    at eE (https://www.greencity.cx.ua/chunk-NUXSP4TM.js:11:76097)
    at Object.o [as next] (https://www.greencity.cx.ua/chunk-NUXSP4TM.js:11:76277)
    at bv.next (https://www.greencity.cx.ua/chunk-NUXSP4TM.js:7:3120)
    at Fr._next (https://www.greencity.cx.ua/chunk-NUXSP4TM.js:7:2803)
    at Fr.next (https://www.greencity.cx.ua/chunk-NUXSP4TM.js:7:2530)
    at https://www.greencity.cx.ua/chunk-NUXSP4TM.js:7:7848
    at Ac (https://www.greencity.cx.ua/chunk-NUXSP4TM.js:7:2222)
    at S0.next (https://www.greencity.cx.ua/chunk-NUXSP4TM.js:7:7687), [2026-03-14T18:25:44.396Z] [SEVERE] https://www.greencity.cx.ua/chunk-NUXSP4TM.js 10:45939 "ERROR" TypeError: Cannot read properties of null (reading 'setValue')
    at n.quillContentChanged (https://www.greencity.cx.ua/chunk-VNNOUBDJ.js:1:16043)
    at https://www.greencity.cx.ua/chunk-VNNOUBDJ.js:1:7223
    at eE (https://www.greencity.cx.ua/chunk-NUXSP4TM.js:11:76097)
    at Object.o [as next] (https://www.greencity.cx.ua/chunk-NUXSP4TM.js:11:76277)
    at bv.next (https://www.greencity.cx.ua/chunk-NUXSP4TM.js:7:3120)
    at Fr._next (https://www.greencity.cx.ua/chunk-NUXSP4TM.js:7:2803)
    at Fr.next (https://www.greencity.cx.ua/chunk-NUXSP4TM.js:7:2530)
    at https://www.greencity.cx.ua/chunk-NUXSP4TM.js:7:7848
    at Ac (https://www.greencity.cx.ua/chunk-NUXSP4TM.js:7:2222)
    at S0.next (https://www.greencity.cx.ua/chunk-NUXSP4TM.js:7:7687), [2026-03-14T18:25:44.399Z] [SEVERE] https://www.greencity.cx.ua/chunk-NUXSP4TM.js 10:45939 "ERROR" TypeError: Cannot read properties of null (reading 'setValue')
    at n.quillContentChanged (https://www.greencity.cx.ua/chunk-VNNOUBDJ.js:1:16043)
    at https://www.greencity.cx.ua/chunk-VNNOUBDJ.js:1:7223
    at eE (https://www.greencity.cx.ua/chunk-NUXSP4TM.js:11:76097)
    at Object.o [as next] (https://www.greencity.cx.ua/chunk-NUXSP4TM.js:11:76277)
    at bv.next (https://www.greencity.cx.ua/chunk-NUXSP4TM.js:7:3120)
    at Fr._next (https://www.greencity.cx.ua/chunk-NUXSP4TM.js:7:2803)
    at Fr.next (https://www.greencity.cx.ua/chunk-NUXSP4TM.js:7:2530)
    at https://www.greencity.cx.ua/chunk-NUXSP4TM.js:7:7848
    at Ac (https://www.greencity.cx.ua/chunk-NUXSP4TM.js:7:2222)
    at S0.next (https://www.greencity.cx.ua/chunk-NUXSP4TM.js:7:7687), [2026-03-14T18:25:44.401Z] [SEVERE] https://www.greencity.cx.ua/chunk-NUXSP4TM.js 10:45939 "ERROR" TypeError: Cannot read properties of null (reading 'setValue')
    at n.quillContentChanged (https://www.greencity.cx.ua/chunk-VNNOUBDJ.js:1:16043)
    at https://www.greencity.cx.ua/chunk-VNNOUBDJ.js:1:7223
    at eE (https://www.greencity.cx.ua/chunk-NUXSP4TM.js:11:76097)
    at Object.o [as next] (https://www.greencity.cx.ua/chunk-NUXSP4TM.js:11:76277)
    at bv.next (https://www.greencity.cx.ua/chunk-NUXSP4TM.js:7:3120)
    at Fr._next (https://www.greencity.cx.ua/chunk-NUXSP4TM.js:7:2803)
    at Fr.next (https://www.greencity.cx.ua/chunk-NUXSP4TM.js:7:2530)
    at https://www.greencity.cx.ua/chunk-NUXSP4TM.js:7:7848
    at Ac (https://www.greencity.cx.ua/chunk-NUXSP4TM.js:7:2222)
    at S0.next (https://www.greencity.cx.ua/chunk-NUXSP4TM.js:7:7687), [2026-03-14T18:25:44.404Z] [SEVERE] https://www.greencity.cx.ua/chunk-NUXSP4TM.js 10:45939 "ERROR" TypeError: Cannot read properties of null (reading 'setValue')
    at n.quillContentChanged (https://www.greencity.cx.ua/chunk-VNNOUBDJ.js:1:16043)
    at https://www.greencity.cx.ua/chunk-VNNOUBDJ.js:1:7223
    at eE (https://www.greencity.cx.ua/chunk-NUXSP4TM.js:11:76097)
    at Object.o [as next] (https://www.greencity.cx.ua/chunk-NUXSP4TM.js:11:76277)
    at bv.next (https://www.greencity.cx.ua/chunk-NUXSP4TM.js:7:3120)
    at Fr._next (https://www.greencity.cx.ua/chunk-NUXSP4TM.js:7:2803)
    at Fr.next (https://www.greencity.cx.ua/chunk-NUXSP4TM.js:7:2530)
    at https://www.greencity.cx.ua/chunk-NUXSP4TM.js:7:7848
    at Ac (https://www.greencity.cx.ua/chunk-NUXSP4TM.js:7:2222)
    at S0.next (https://www.greencity.cx.ua/chunk-NUXSP4TM.js:7:7687), [2026-03-14T18:25:44.406Z] [SEVERE] https://www.greencity.cx.ua/chunk-NUXSP4TM.js 10:45939 "ERROR" TypeError: Cannot read properties of null (reading 'setValue')
    at n.quillContentChanged (https://www.greencity.cx.ua/chunk-VNNOUBDJ.js:1:16043)
    at https://www.greencity.cx.ua/chunk-VNNOUBDJ.js:1:7223
    at eE (https://www.greencity.cx.ua/chunk-NUXSP4TM.js:11:76097)
    at Object.o [as next] (https://www.greencity.cx.ua/chunk-NUXSP4TM.js:11:76277)
    at bv.next (https://www.greencity.cx.ua/chunk-NUXSP4TM.js:7:3120)
    at Fr._next (https://www.greencity.cx.ua/chunk-NUXSP4TM.js:7:2803)
    at Fr.next (https://www.greencity.cx.ua/chunk-NUXSP4TM.js:7:2530)
    at https://www.greencity.cx.ua/chunk-NUXSP4TM.js:7:7848
    at Ac (https://www.greencity.cx.ua/chunk-NUXSP4TM.js:7:2222)
    at S0.next (https://www.greencity.cx.ua/chunk-NUXSP4TM.js:7:7687), [2026-03-14T18:25:44.408Z] [SEVERE] https://www.greencity.cx.ua/chunk-NUXSP4TM.js 10:45939 "ERROR" TypeError: Cannot read properties of null (reading 'setValue')
    at n.quillContentChanged (https://www.greencity.cx.ua/chunk-VNNOUBDJ.js:1:16043)
    at https://www.greencity.cx.ua/chunk-VNNOUBDJ.js:1:7223
    at eE (https://www.greencity.cx.ua/chunk-NUXSP4TM.js:11:76097)
    at Object.o [as next] (https://www.greencity.cx.ua/chunk-NUXSP4TM.js:11:76277)
    at bv.next (https://www.greencity.cx.ua/chunk-NUXSP4TM.js:7:3120)
    at Fr._next (https://www.greencity.cx.ua/chunk-NUXSP4TM.js:7:2803)
    at Fr.next (https://www.greencity.cx.ua/chunk-NUXSP4TM.js:7:2530)
    at https://www.greencity.cx.ua/chunk-NUXSP4TM.js:7:7848
    at Ac (https://www.greencity.cx.ua/chunk-NUXSP4TM.js:7:2222)
    at S0.next (https://www.greencity.cx.ua/chunk-NUXSP4TM.js:7:7687), [2026-03-14T18:25:44.411Z] [SEVERE] https://www.greencity.cx.ua/chunk-NUXSP4TM.js 10:45939 "ERROR" TypeError: Cannot read properties of null (reading 'setValue')
    at n.quillContentChanged (https://www.greencity.cx.ua/chunk-VNNOUBDJ.js:1:16043)
    at https://www.greencity.cx.ua/chunk-VNNOUBDJ.js:1:7223
    at eE (https://www.greencity.cx.ua/chunk-NUXSP4TM.js:11:76097)
    at Object.o [as next] (https://www.greencity.cx.ua/chunk-NUXSP4TM.js:11:76277)
    at bv.next (https://www.greencity.cx.ua/chunk-NUXSP4TM.js:7:3120)
    at Fr._next (https://www.greencity.cx.ua/chunk-NUXSP4TM.js:7:2803)
    at Fr.next (https://www.greencity.cx.ua/chunk-NUXSP4TM.js:7:2530)
    at https://www.greencity.cx.ua/chunk-NUXSP4TM.js:7:7848
    at Ac (https://www.greencity.cx.ua/chunk-NUXSP4TM.js:7:2222)
    at S0.next (https://www.greencity.cx.ua/chunk-NUXSP4TM.js:7:7687), [2026-03-14T18:25:44.413Z] [SEVERE] https://www.greencity.cx.ua/chunk-NUXSP4TM.js 10:45939 "ERROR" TypeError: Cannot read properties of null (reading 'setValue')
    at n.quillContentChanged (https://www.greencity.cx.ua/chunk-VNNOUBDJ.js:1:16043)
    at https://www.greencity.cx.ua/chunk-VNNOUBDJ.js:1:7223
    at eE (https://www.greencity.cx.ua/chunk-NUXSP4TM.js:11:76097)
    at Object.o [as next] (https://www.greencity.cx.ua/chunk-NUXSP4TM.js:11:76277)
    at bv.next (https://www.greencity.cx.ua/chunk-NUXSP4TM.js:7:3120)
    at Fr._next (https://www.greencity.cx.ua/chunk-NUXSP4TM.js:7:2803)
    at Fr.next (https://www.greencity.cx.ua/chunk-NUXSP4TM.js:7:2530)
    at https://www.greencity.cx.ua/chunk-NUXSP4TM.js:7:7848
    at Ac (https://www.greencity.cx.ua/chunk-NUXSP4TM.js:7:2222)
    at S0.next (https://www.greencity.cx.ua/chunk-NUXSP4TM.js:7:7687), [2026-03-14T18:25:44.416Z] [SEVERE] https://www.greencity.cx.ua/chunk-NUXSP4TM.js 10:45939 "ERROR" TypeError: Cannot read properties of null (reading 'setValue')
    at n.quillContentChanged (https://www.greencity.cx.ua/chunk-VNNOUBDJ.js:1:16043)
    at https://www.greencity.cx.ua/chunk-VNNOUBDJ.js:1:7223
    at eE (https://www.greencity.cx.ua/chunk-NUXSP4TM.js:11:76097)
    at Object.o [as next] (https://www.greencity.cx.ua/chunk-NUXSP4TM.js:11:76277)
    at bv.next (https://www.greencity.cx.ua/chunk-NUXSP4TM.js:7:3120)
    at Fr._next (https://www.greencity.cx.ua/chunk-NUXSP4TM.js:7:2803)
    at Fr.next (https://www.greencity.cx.ua/chunk-NUXSP4TM.js:7:2530)
    at https://www.greencity.cx.ua/chunk-NUXSP4TM.js:7:7848
    at Ac (https://www.greencity.cx.ua/chunk-NUXSP4TM.js:7:2222)
    at S0.next (https://www.greencity.cx.ua/chunk-NUXSP4TM.js:7:7687), [2026-03-14T18:25:44.418Z] [SEVERE] https://www.greencity.cx.ua/chunk-NUXSP4TM.js 10:45939 "ERROR" TypeError: Cannot read properties of null (reading 'setValue')
    at n.quillContentChanged (https://www.greencity.cx.ua/chunk-VNNOUBDJ.js:1:16043)
    at https://www.greencity.cx.ua/chunk-VNNOUBDJ.js:1:7223
    at eE (https://www.greencity.cx.ua/chunk-NUXSP4TM.js:11:76097)
    at Object.o [as next] (https://www.greencity.cx.ua/chunk-NUXSP4TM.js:11:76277)
    at bv.next (https://www.greencity.cx.ua/chunk-NUXSP4TM.js:7:3120)
    at Fr._next (https://www.greencity.cx.ua/chunk-NUXSP4TM.js:7:2803)
    at Fr.next (https://www.greencity.cx.ua/chunk-NUXSP4TM.js:7:2530)
    at https://www.greencity.cx.ua/chunk-NUXSP4TM.js:7:7848
    at Ac (https://www.greencity.cx.ua/chunk-NUXSP4TM.js:7:2222)
    at S0.next (https://www.greencity.cx.ua/chunk-NUXSP4TM.js:7:7687), [2026-03-14T18:25:44.420Z] [SEVERE] https://www.greencity.cx.ua/chunk-NUXSP4TM.js 10:45939 "ERROR" TypeError: Cannot read properties of null (reading 'setValue')
    at n.quillContentChanged (https://www.greencity.cx.ua/chunk-VNNOUBDJ.js:1:16043)
    at https://www.greencity.cx.ua/chunk-VNNOUBDJ.js:1:7223
    at eE (https://www.greencity.cx.ua/chunk-NUXSP4TM.js:11:76097)
    at Object.o [as next] (https://www.greencity.cx.ua/chunk-NUXSP4TM.js:11:76277)
    at bv.next (https://www.greencity.cx.ua/chunk-NUXSP4TM.js:7:3120)
    at Fr._next (https://www.greencity.cx.ua/chunk-NUXSP4TM.js:7:2803)
    at Fr.next (https://www.greencity.cx.ua/chunk-NUXSP4TM.js:7:2530)
    at https://www.greencity.cx.ua/chunk-NUXSP4TM.js:7:7848
    at Ac (https://www.greencity.cx.ua/chunk-NUXSP4TM.js:7:2222)
    at S0.next (https://www.greencity.cx.ua/chunk-NUXSP4TM.js:7:7687), [2026-03-14T18:25:44.422Z] [SEVERE] https://www.greencity.cx.ua/chunk-NUXSP4TM.js 10:45939 "ERROR" TypeError: Cannot read properties of null (reading 'setValue')
    at n.quillContentChanged (https://www.greencity.cx.ua/chunk-VNNOUBDJ.js:1:16043)
    at https://www.greencity.cx.ua/chunk-VNNOUBDJ.js:1:7223
    at eE (https://www.greencity.cx.ua/chunk-NUXSP4TM.js:11:76097)
    at Object.o [as next] (https://www.greencity.cx.ua/chunk-NUXSP4TM.js:11:76277)
    at bv.next (https://www.greencity.cx.ua/chunk-NUXSP4TM.js:7:3120)
    at Fr._next (https://www.greencity.cx.ua/chunk-NUXSP4TM.js:7:2803)
    at Fr.next (https://www.greencity.cx.ua/chunk-NUXSP4TM.js:7:2530)
    at https://www.greencity.cx.ua/chunk-NUXSP4TM.js:7:7848
    at Ac (https://www.greencity.cx.ua/chunk-NUXSP4TM.js:7:2222)
    at S0.next (https://www.greencity.cx.ua/chunk-NUXSP4TM.js:7:7687), [2026-03-14T18:25:44.424Z] [SEVERE] https://www.greencity.cx.ua/chunk-NUXSP4TM.js 10:45939 "ERROR" TypeError: Cannot read properties of null (reading 'setValue')
    at n.quillContentChanged (https://www.greencity.cx.ua/chunk-VNNOUBDJ.js:1:16043)
    at https://www.greencity.cx.ua/chunk-VNNOUBDJ.js:1:7223
    at eE (https://www.greencity.cx.ua/chunk-NUXSP4TM.js:11:76097)
    at Object.o [as next] (https://www.greencity.cx.ua/chunk-NUXSP4TM.js:11:76277)
    at bv.next (https://www.greencity.cx.ua/chunk-NUXSP4TM.js:7:3120)
    at Fr._next (https://www.greencity.cx.ua/chunk-NUXSP4TM.js:7:2803)
    at Fr.next (https://www.greencity.cx.ua/chunk-NUXSP4TM.js:7:2530)
    at https://www.greencity.cx.ua/chunk-NUXSP4TM.js:7:7848
    at Ac (https://www.greencity.cx.ua/chunk-NUXSP4TM.js:7:2222)
    at S0.next (https://www.greencity.cx.ua/chunk-NUXSP4TM.js:7:7687), [2026-03-14T18:25:44.428Z] [SEVERE] https://www.greencity.cx.ua/chunk-NUXSP4TM.js 10:45939 "ERROR" TypeError: Cannot read properties of null (reading 'setValue')
    at n.quillContentChanged (https://www.greencity.cx.ua/chunk-VNNOUBDJ.js:1:16043)
    at https://www.greencity.cx.ua/chunk-VNNOUBDJ.js:1:7223
    at eE (https://www.greencity.cx.ua/chunk-NUXSP4TM.js:11:76097)
    at Object.o [as next] (https://www.greencity.cx.ua/chunk-NUXSP4TM.js:11:76277)
    at bv.next (https://www.greencity.cx.ua/chunk-NUXSP4TM.js:7:3120)
    at Fr._next (https://www.greencity.cx.ua/chunk-NUXSP4TM.js:7:2803)
    at Fr.next (https://www.greencity.cx.ua/chunk-NUXSP4TM.js:7:2530)
    at https://www.greencity.cx.ua/chunk-NUXSP4TM.js:7:7848
    at Ac (https://www.greencity.cx.ua/chunk-NUXSP4TM.js:7:2222)
    at S0.next (https://www.greencity.cx.ua/chunk-NUXSP4TM.js:7:7687), [2026-03-14T18:25:44.431Z] [SEVERE] https://www.greencity.cx.ua/chunk-NUXSP4TM.js 10:45939 "ERROR" TypeError: Cannot read properties of null (reading 'setValue')
    at n.quillContentChanged (https://www.greencity.cx.ua/chunk-VNNOUBDJ.js:1:16043)
    at https://www.greencity.cx.ua/chunk-VNNOUBDJ.js:1:7223
    at eE (https://www.greencity.cx.ua/chunk-NUXSP4TM.js:11:76097)
    at Object.o [as next] (https://www.greencity.cx.ua/chunk-NUXSP4TM.js:11:76277)
    at bv.next (https://www.greencity.cx.ua/chunk-NUXSP4TM.js:7:3120)
    at Fr._next (https://www.greencity.cx.ua/chunk-NUXSP4TM.js:7:2803)
    at Fr.next (https://www.greencity.cx.ua/chunk-NUXSP4TM.js:7:2530)
    at https://www.greencity.cx.ua/chunk-NUXSP4TM.js:7:7848
    at Ac (https://www.greencity.cx.ua/chunk-NUXSP4TM.js:7:2222)
    at S0.next (https://www.greencity.cx.ua/chunk-NUXSP4TM.js:7:7687), [2026-03-14T18:25:44.433Z] [SEVERE] https://www.greencity.cx.ua/chunk-NUXSP4TM.js 10:45939 "ERROR" TypeError: Cannot read properties of null (reading 'setValue')
    at n.quillContentChanged (https://www.greencity.cx.ua/chunk-VNNOUBDJ.js:1:16043)
    at https://www.greencity.cx.ua/chunk-VNNOUBDJ.js:1:7223
    at eE (https://www.greencity.cx.ua/chunk-NUXSP4TM.js:11:76097)
    at Object.o [as next] (https://www.greencity.cx.ua/chunk-NUXSP4TM.js:11:76277)
    at bv.next (https://www.greencity.cx.ua/chunk-NUXSP4TM.js:7:3120)
    at Fr._next (https://www.greencity.cx.ua/chunk-NUXSP4TM.js:7:2803)
    at Fr.next (https://www.greencity.cx.ua/chunk-NUXSP4TM.js:7:2530)
    at https://www.greencity.cx.ua/chunk-NUXSP4TM.js:7:7848
    at Ac (https://www.greencity.cx.ua/chunk-NUXSP4TM.js:7:2222)
    at S0.next (https://www.greencity.cx.ua/chunk-NUXSP4TM.js:7:7687), [2026-03-14T18:25:44.436Z] [SEVERE] https://www.greencity.cx.ua/chunk-NUXSP4TM.js 10:45939 "ERROR" TypeError: Cannot read properties of null (reading 'setValue')
    at n.quillContentChanged (https://www.greencity.cx.ua/chunk-VNNOUBDJ.js:1:16043)
    at https://www.greencity.cx.ua/chunk-VNNOUBDJ.js:1:7223
    at eE (https://www.greencity.cx.ua/chunk-NUXSP4TM.js:11:76097)
    at Object.o [as next] (https://www.greencity.cx.ua/chunk-NUXSP4TM.js:11:76277)
    at bv.next (https://www.greencity.cx.ua/chunk-NUXSP4TM.js:7:3120)
    at Fr._next (https://www.greencity.cx.ua/chunk-NUXSP4TM.js:7:2803)
    at Fr.next (https://www.greencity.cx.ua/chunk-NUXSP4TM.js:7:2530)
    at https://www.greencity.cx.ua/chunk-NUXSP4TM.js:7:7848
    at Ac (https://www.greencity.cx.ua/chunk-NUXSP4TM.js:7:2222)
    at S0.next (https://www.greencity.cx.ua/chunk-NUXSP4TM.js:7:7687), [2026-03-14T18:25:44.439Z] [SEVERE] https://www.greencity.cx.ua/chunk-NUXSP4TM.js 10:45939 "ERROR" TypeError: Cannot read properties of null (reading 'setValue')
    at n.quillContentChanged (https://www.greencity.cx.ua/chunk-VNNOUBDJ.js:1:16043)
    at https://www.greencity.cx.ua/chunk-VNNOUBDJ.js:1:7223
    at eE (https://www.greencity.cx.ua/chunk-NUXSP4TM.js:11:76097)
    at Object.o [as next] (https://www.greencity.cx.ua/chunk-NUXSP4TM.js:11:76277)
    at bv.next (https://www.greencity.cx.ua/chunk-NUXSP4TM.js:7:3120)
    at Fr._next (https://www.greencity.cx.ua/chunk-NUXSP4TM.js:7:2803)
    at Fr.next (https://www.greencity.cx.ua/chunk-NUXSP4TM.js:7:2530)
    at https://www.greencity.cx.ua/chunk-NUXSP4TM.js:7:7848
    at Ac (https://www.greencity.cx.ua/chunk-NUXSP4TM.js:7:2222)
    at S0.next (https://www.greencity.cx.ua/chunk-NUXSP4TM.js:7:7687), [2026-03-14T18:25:44.444Z] [SEVERE] https://www.greencity.cx.ua/chunk-NUXSP4TM.js 10:45939 "ERROR" TypeError: Cannot read properties of null (reading 'setValue')
    at n.quillContentChanged (https://www.greencity.cx.ua/chunk-VNNOUBDJ.js:1:16043)
    at https://www.greencity.cx.ua/chunk-VNNOUBDJ.js:1:7223
    at eE (https://www.greencity.cx.ua/chunk-NUXSP4TM.js:11:76097)
    at Object.o [as next] (https://www.greencity.cx.ua/chunk-NUXSP4TM.js:11:76277)
    at bv.next (https://www.greencity.cx.ua/chunk-NUXSP4TM.js:7:3120)
    at Fr._next (https://www.greencity.cx.ua/chunk-NUXSP4TM.js:7:2803)
    at Fr.next (https://www.greencity.cx.ua/chunk-NUXSP4TM.js:7:2530)
    at https://www.greencity.cx.ua/chunk-NUXSP4TM.js:7:7848
    at Ac (https://www.greencity.cx.ua/chunk-NUXSP4TM.js:7:2222)
    at S0.next (https://www.greencity.cx.ua/chunk-NUXSP4TM.js:7:7687), [2026-03-14T18:25:44.446Z] [SEVERE] https://www.greencity.cx.ua/chunk-NUXSP4TM.js 10:45939 "ERROR" TypeError: Cannot read properties of null (reading 'setValue')
    at n.quillContentChanged (https://www.greencity.cx.ua/chunk-VNNOUBDJ.js:1:16043)
    at https://www.greencity.cx.ua/chunk-VNNOUBDJ.js:1:7223
    at eE (https://www.greencity.cx.ua/chunk-NUXSP4TM.js:11:76097)
    at Object.o [as next] (https://www.greencity.cx.ua/chunk-NUXSP4TM.js:11:76277)
    at bv.next (https://www.greencity.cx.ua/chunk-NUXSP4TM.js:7:3120)
    at Fr._next (https://www.greencity.cx.ua/chunk-NUXSP4TM.js:7:2803)
    at Fr.next (https://www.greencity.cx.ua/chunk-NUXSP4TM.js:7:2530)
    at https://www.greencity.cx.ua/chunk-NUXSP4TM.js:7:7848
    at Ac (https://www.greencity.cx.ua/chunk-NUXSP4TM.js:7:2222)
    at S0.next (https://www.greencity.cx.ua/chunk-NUXSP4TM.js:7:7687), [2026-03-14T18:25:44.448Z] [SEVERE] https://www.greencity.cx.ua/chunk-NUXSP4TM.js 10:45939 "ERROR" TypeError: Cannot read properties of null (reading 'setValue')
    at n.quillContentChanged (https://www.greencity.cx.ua/chunk-VNNOUBDJ.js:1:16043)
    at https://www.greencity.cx.ua/chunk-VNNOUBDJ.js:1:7223
    at eE (https://www.greencity.cx.ua/chunk-NUXSP4TM.js:11:76097)
    at Object.o [as next] (https://www.greencity.cx.ua/chunk-NUXSP4TM.js:11:76277)
    at bv.next (https://www.greencity.cx.ua/chunk-NUXSP4TM.js:7:3120)
    at Fr._next (https://www.greencity.cx.ua/chunk-NUXSP4TM.js:7:2803)
    at Fr.next (https://www.greencity.cx.ua/chunk-NUXSP4TM.js:7:2530)
    at https://www.greencity.cx.ua/chunk-NUXSP4TM.js:7:7848
    at Ac (https://www.greencity.cx.ua/chunk-NUXSP4TM.js:7:2222)
    at S0.next (https://www.greencity.cx.ua/chunk-NUXSP4TM.js:7:7687), [2026-03-14T18:25:44.451Z] [SEVERE] https://www.greencity.cx.ua/chunk-NUXSP4TM.js 10:45939 "ERROR" TypeError: Cannot read properties of null (reading 'setValue')
    at n.quillContentChanged (https://www.greencity.cx.ua/chunk-VNNOUBDJ.js:1:16043)
    at https://www.greencity.cx.ua/chunk-VNNOUBDJ.js:1:7223
    at eE (https://www.greencity.cx.ua/chunk-NUXSP4TM.js:11:76097)
    at Object.o [as next] (https://www.greencity.cx.ua/chunk-NUXSP4TM.js:11:76277)
    at bv.next (https://www.greencity.cx.ua/chunk-NUXSP4TM.js:7:3120)
    at Fr._next (https://www.greencity.cx.ua/chunk-NUXSP4TM.js:7:2803)
    at Fr.next (https://www.greencity.cx.ua/chunk-NUXSP4TM.js:7:2530)
    at https://www.greencity.cx.ua/chunk-NUXSP4TM.js:7:7848
    at Ac (https://www.greencity.cx.ua/chunk-NUXSP4TM.js:7:2222)
    at S0.next (https://www.greencity.cx.ua/chunk-NUXSP4TM.js:7:7687), [2026-03-14T18:25:44.453Z] [SEVERE] https://www.greencity.cx.ua/chunk-NUXSP4TM.js 10:45939 "ERROR" TypeError: Cannot read properties of null (reading 'setValue')
    at n.quillContentChanged (https://www.greencity.cx.ua/chunk-VNNOUBDJ.js:1:16043)
    at https://www.greencity.cx.ua/chunk-VNNOUBDJ.js:1:7223
    at eE (https://www.greencity.cx.ua/chunk-NUXSP4TM.js:11:76097)
    at Object.o [as next] (https://www.greencity.cx.ua/chunk-NUXSP4TM.js:11:76277)
    at bv.next (https://www.greencity.cx.ua/chunk-NUXSP4TM.js:7:3120)
    at Fr._next (https://www.greencity.cx.ua/chunk-NUXSP4TM.js:7:2803)
    at Fr.next (https://www.greencity.cx.ua/chunk-NUXSP4TM.js:7:2530)
    at https://www.greencity.cx.ua/chunk-NUXSP4TM.js:7:7848
    at Ac (https://www.greencity.cx.ua/chunk-NUXSP4TM.js:7:2222)
    at S0.next (https://www.greencity.cx.ua/chunk-NUXSP4TM.js:7:7687), [2026-03-14T18:25:44.456Z] [SEVERE] https://www.greencity.cx.ua/chunk-NUXSP4TM.js 10:45939 "ERROR" TypeError: Cannot read properties of null (reading 'setValue')
    at n.quillContentChanged (https://www.greencity.cx.ua/chunk-VNNOUBDJ.js:1:16043)
    at https://www.greencity.cx.ua/chunk-VNNOUBDJ.js:1:7223
    at eE (https://www.greencity.cx.ua/chunk-NUXSP4TM.js:11:76097)
    at Object.o [as next] (https://www.greencity.cx.ua/chunk-NUXSP4TM.js:11:76277)
    at bv.next (https://www.greencity.cx.ua/chunk-NUXSP4TM.js:7:3120)
    at Fr._next (https://www.greencity.cx.ua/chunk-NUXSP4TM.js:7:2803)
    at Fr.next (https://www.greencity.cx.ua/chunk-NUXSP4TM.js:7:2530)
    at https://www.greencity.cx.ua/chunk-NUXSP4TM.js:7:7848
    at Ac (https://www.greencity.cx.ua/chunk-NUXSP4TM.js:7:2222)
    at S0.next (https://www.greencity.cx.ua/chunk-NUXSP4TM.js:7:7687), [2026-03-14T18:25:44.458Z] [SEVERE] https://www.greencity.cx.ua/chunk-NUXSP4TM.js 10:45939 "ERROR" TypeError: Cannot read properties of null (reading 'setValue')
    at n.quillContentChanged (https://www.greencity.cx.ua/chunk-VNNOUBDJ.js:1:16043)
    at https://www.greencity.cx.ua/chunk-VNNOUBDJ.js:1:7223
    at eE (https://www.greencity.cx.ua/chunk-NUXSP4TM.js:11:76097)
    at Object.o [as next] (https://www.greencity.cx.ua/chunk-NUXSP4TM.js:11:76277)
    at bv.next (https://www.greencity.cx.ua/chunk-NUXSP4TM.js:7:3120)
    at Fr._next (https://www.greencity.cx.ua/chunk-NUXSP4TM.js:7:2803)
    at Fr.next (https://www.greencity.cx.ua/chunk-NUXSP4TM.js:7:2530)
    at https://www.greencity.cx.ua/chunk-NUXSP4TM.js:7:7848
    at Ac (https://www.greencity.cx.ua/chunk-NUXSP4TM.js:7:2222)
    at S0.next (https://www.greencity.cx.ua/chunk-NUXSP4TM.js:7:7687), [2026-03-14T18:25:44.460Z] [SEVERE] https://www.greencity.cx.ua/chunk-NUXSP4TM.js 10:45939 "ERROR" TypeError: Cannot read properties of null (reading 'setValue')
    at n.quillContentChanged (https://www.greencity.cx.ua/chunk-VNNOUBDJ.js:1:16043)
    at https://www.greencity.cx.ua/chunk-VNNOUBDJ.js:1:7223
    at eE (https://www.greencity.cx.ua/chunk-NUXSP4TM.js:11:76097)
    at Object.o [as next] (https://www.greencity.cx.ua/chunk-NUXSP4TM.js:11:76277)
    at bv.next (https://www.greencity.cx.ua/chunk-NUXSP4TM.js:7:3120)
    at Fr._next (https://www.greencity.cx.ua/chunk-NUXSP4TM.js:7:2803)
    at Fr.next (https://www.greencity.cx.ua/chunk-NUXSP4TM.js:7:2530)
    at https://www.greencity.cx.ua/chunk-NUXSP4TM.js:7:7848
    at Ac (https://www.greencity.cx.ua/chunk-NUXSP4TM.js:7:2222)
    at S0.next (https://www.greencity.cx.ua/chunk-NUXSP4TM.js:7:7687), [2026-03-14T18:25:44.463Z] [SEVERE] https://www.greencity.cx.ua/chunk-NUXSP4TM.js 10:45939 "ERROR" TypeError: Cannot read properties of null (reading 'setValue')
    at n.quillContentChanged (https://www.greencity.cx.ua/chunk-VNNOUBDJ.js:1:16043)
    at https://www.greencity.cx.ua/chunk-VNNOUBDJ.js:1:7223
    at eE (https://www.greencity.cx.ua/chunk-NUXSP4TM.js:11:76097)
    at Object.o [as next] (https://www.greencity.cx.ua/chunk-NUXSP4TM.js:11:76277)
    at bv.next (https://www.greencity.cx.ua/chunk-NUXSP4TM.js:7:3120)
    at Fr._next (https://www.greencity.cx.ua/chunk-NUXSP4TM.js:7:2803)
    at Fr.next (https://www.greencity.cx.ua/chunk-NUXSP4TM.js:7:2530)
    at https://www.greencity.cx.ua/chunk-NUXSP4TM.js:7:7848
    at Ac (https://www.greencity.cx.ua/chunk-NUXSP4TM.js:7:2222)
    at S0.next (https://www.greencity.cx.ua/chunk-NUXSP4TM.js:7:7687), [2026-03-14T18:25:44.465Z] [SEVERE] https://www.greencity.cx.ua/chunk-NUXSP4TM.js 10:45939 "ERROR" TypeError: Cannot read properties of null (reading 'setValue')
    at n.quillContentChanged (https://www.greencity.cx.ua/chunk-VNNOUBDJ.js:1:16043)
    at https://www.greencity.cx.ua/chunk-VNNOUBDJ.js:1:7223
    at eE (https://www.greencity.cx.ua/chunk-NUXSP4TM.js:11:76097)
    at Object.o [as next] (https://www.greencity.cx.ua/chunk-NUXSP4TM.js:11:76277)
    at bv.next (https://www.greencity.cx.ua/chunk-NUXSP4TM.js:7:3120)
    at Fr._next (https://www.greencity.cx.ua/chunk-NUXSP4TM.js:7:2803)
    at Fr.next (https://www.greencity.cx.ua/chunk-NUXSP4TM.js:7:2530)
    at https://www.greencity.cx.ua/chunk-NUXSP4TM.js:7:7848
    at Ac (https://www.greencity.cx.ua/chunk-NUXSP4TM.js:7:2222)
    at S0.next (https://www.greencity.cx.ua/chunk-NUXSP4TM.js:7:7687), [2026-03-14T18:25:44.468Z] [SEVERE] https://www.greencity.cx.ua/chunk-NUXSP4TM.js 10:45939 "ERROR" TypeError: Cannot read properties of null (reading 'setValue')
    at n.quillContentChanged (https://www.greencity.cx.ua/chunk-VNNOUBDJ.js:1:16043)
    at https://www.greencity.cx.ua/chunk-VNNOUBDJ.js:1:7223
    at eE (https://www.greencity.cx.ua/chunk-NUXSP4TM.js:11:76097)
    at Object.o [as next] (https://www.greencity.cx.ua/chunk-NUXSP4TM.js:11:76277)
    at bv.next (https://www.greencity.cx.ua/chunk-NUXSP4TM.js:7:3120)
    at Fr._next (https://www.greencity.cx.ua/chunk-NUXSP4TM.js:7:2803)
    at Fr.next (https://www.greencity.cx.ua/chunk-NUXSP4TM.js:7:2530)
    at https://www.greencity.cx.ua/chunk-NUXSP4TM.js:7:7848
    at Ac (https://www.greencity.cx.ua/chunk-NUXSP4TM.js:7:2222)
    at S0.next (https://www.greencity.cx.ua/chunk-NUXSP4TM.js:7:7687), [2026-03-14T18:25:44.471Z] [SEVERE] https://www.greencity.cx.ua/chunk-NUXSP4TM.js 10:45939 "ERROR" TypeError: Cannot read properties of null (reading 'setValue')
    at n.quillContentChanged (https://www.greencity.cx.ua/chunk-VNNOUBDJ.js:1:16043)
    at https://www.greencity.cx.ua/chunk-VNNOUBDJ.js:1:7223
    at eE (https://www.greencity.cx.ua/chunk-NUXSP4TM.js:11:76097)
    at Object.o [as next] (https://www.greencity.cx.ua/chunk-NUXSP4TM.js:11:76277)
    at bv.next (https://www.greencity.cx.ua/chunk-NUXSP4TM.js:7:3120)
    at Fr._next (https://www.greencity.cx.ua/chunk-NUXSP4TM.js:7:2803)
    at Fr.next (https://www.greencity.cx.ua/chunk-NUXSP4TM.js:7:2530)
    at https://www.greencity.cx.ua/chunk-NUXSP4TM.js:7:7848
    at Ac (https://www.greencity.cx.ua/chunk-NUXSP4TM.js:7:2222)
    at S0.next (https://www.greencity.cx.ua/chunk-NUXSP4TM.js:7:7687), [2026-03-14T18:25:44.473Z] [SEVERE] https://www.greencity.cx.ua/chunk-NUXSP4TM.js 10:45939 "ERROR" TypeError: Cannot read properties of null (reading 'setValue')
    at n.quillContentChanged (https://www.greencity.cx.ua/chunk-VNNOUBDJ.js:1:16043)
    at https://www.greencity.cx.ua/chunk-VNNOUBDJ.js:1:7223
    at eE (https://www.greencity.cx.ua/chunk-NUXSP4TM.js:11:76097)
    at Object.o [as next] (https://www.greencity.cx.ua/chunk-NUXSP4TM.js:11:76277)
    at bv.next (https://www.greencity.cx.ua/chunk-NUXSP4TM.js:7:3120)
    at Fr._next (https://www.greencity.cx.ua/chunk-NUXSP4TM.js:7:2803)
    at Fr.next (https://www.greencity.cx.ua/chunk-NUXSP4TM.js:7:2530)
    at https://www.greencity.cx.ua/chunk-NUXSP4TM.js:7:7848
    at Ac (https://www.greencity.cx.ua/chunk-NUXSP4TM.js:7:2222)
    at S0.next (https://www.greencity.cx.ua/chunk-NUXSP4TM.js:7:7687), [2026-03-14T18:25:44.475Z] [SEVERE] https://www.greencity.cx.ua/chunk-NUXSP4TM.js 10:45939 "ERROR" TypeError: Cannot read properties of null (reading 'setValue')
    at n.quillContentChanged (https://www.greencity.cx.ua/chunk-VNNOUBDJ.js:1:16043)
    at https://www.greencity.cx.ua/chunk-VNNOUBDJ.js:1:7223
    at eE (https://www.greencity.cx.ua/chunk-NUXSP4TM.js:11:76097)
    at Object.o [as next] (https://www.greencity.cx.ua/chunk-NUXSP4TM.js:11:76277)
    at bv.next (https://www.greencity.cx.ua/chunk-NUXSP4TM.js:7:3120)
    at Fr._next (https://www.greencity.cx.ua/chunk-NUXSP4TM.js:7:2803)
    at Fr.next (https://www.greencity.cx.ua/chunk-NUXSP4TM.js:7:2530)
    at https://www.greencity.cx.ua/chunk-NUXSP4TM.js:7:7848
    at Ac (https://www.greencity.cx.ua/chunk-NUXSP4TM.js:7:2222)
    at S0.next (https://www.greencity.cx.ua/chunk-NUXSP4TM.js:7:7687), [2026-03-14T18:25:44.478Z] [SEVERE] https://www.greencity.cx.ua/chunk-NUXSP4TM.js 10:45939 "ERROR" TypeError: Cannot read properties of null (reading 'setValue')
    at n.quillContentChanged (https://www.greencity.cx.ua/chunk-VNNOUBDJ.js:1:16043)
    at https://www.greencity.cx.ua/chunk-VNNOUBDJ.js:1:7223
    at eE (https://www.greencity.cx.ua/chunk-NUXSP4TM.js:11:76097)
    at Object.o [as next] (https://www.greencity.cx.ua/chunk-NUXSP4TM.js:11:76277)
    at bv.next (https://www.greencity.cx.ua/chunk-NUXSP4TM.js:7:3120)
    at Fr._next (https://www.greencity.cx.ua/chunk-NUXSP4TM.js:7:2803)
    at Fr.next (https://www.greencity.cx.ua/chunk-NUXSP4TM.js:7:2530)
    at https://www.greencity.cx.ua/chunk-NUXSP4TM.js:7:7848
    at Ac (https://www.greencity.cx.ua/chunk-NUXSP4TM.js:7:2222)
    at S0.next (https://www.greencity.cx.ua/chunk-NUXSP4TM.js:7:7687), [2026-03-14T18:25:44.481Z] [SEVERE] https://www.greencity.cx.ua/chunk-NUXSP4TM.js 10:45939 "ERROR" TypeError: Cannot read properties of null (reading 'setValue')
    at n.quillContentChanged (https://www.greencity.cx.ua/chunk-VNNOUBDJ.js:1:16043)
    at https://www.greencity.cx.ua/chunk-VNNOUBDJ.js:1:7223
    at eE (https://www.greencity.cx.ua/chunk-NUXSP4TM.js:11:76097)
    at Object.o [as next] (https://www.greencity.cx.ua/chunk-NUXSP4TM.js:11:76277)
    at bv.next (https://www.greencity.cx.ua/chunk-NUXSP4TM.js:7:3120)
    at Fr._next (https://www.greencity.cx.ua/chunk-NUXSP4TM.js:7:2803)
    at Fr.next (https://www.greencity.cx.ua/chunk-NUXSP4TM.js:7:2530)
    at https://www.greencity.cx.ua/chunk-NUXSP4TM.js:7:7848
    at Ac (https://www.greencity.cx.ua/chunk-NUXSP4TM.js:7:2222)
    at S0.next (https://www.greencity.cx.ua/chunk-NUXSP4TM.js:7:7687), [2026-03-14T18:25:44.483Z] [SEVERE] https://www.greencity.cx.ua/chunk-NUXSP4TM.js 10:45939 "ERROR" TypeError: Cannot read properties of null (reading 'setValue')
    at n.quillContentChanged (https://www.greencity.cx.ua/chunk-VNNOUBDJ.js:1:16043)
    at https://www.greencity.cx.ua/chunk-VNNOUBDJ.js:1:7223
    at eE (https://www.greencity.cx.ua/chunk-NUXSP4TM.js:11:76097)
    at Object.o [as next] (https://www.greencity.cx.ua/chunk-NUXSP4TM.js:11:76277)
    at bv.next (https://www.greencity.cx.ua/chunk-NUXSP4TM.js:7:3120)
    at Fr._next (https://www.greencity.cx.ua/chunk-NUXSP4TM.js:7:2803)
    at Fr.next (https://www.greencity.cx.ua/chunk-NUXSP4TM.js:7:2530)
    at https://www.greencity.cx.ua/chunk-NUXSP4TM.js:7:7848
    at Ac (https://www.greencity.cx.ua/chunk-NUXSP4TM.js:7:2222)
    at S0.next (https://www.greencity.cx.ua/chunk-NUXSP4TM.js:7:7687), [2026-03-14T18:25:44.486Z] [SEVERE] https://www.greencity.cx.ua/chunk-NUXSP4TM.js 10:45939 "ERROR" TypeError: Cannot read properties of null (reading 'setValue')
    at n.quillContentChanged (https://www.greencity.cx.ua/chunk-VNNOUBDJ.js:1:16043)
    at https://www.greencity.cx.ua/chunk-VNNOUBDJ.js:1:7223
    at eE (https://www.greencity.cx.ua/chunk-NUXSP4TM.js:11:76097)
    at Object.o [as next] (https://www.greencity.cx.ua/chunk-NUXSP4TM.js:11:76277)
    at bv.next (https://www.greencity.cx.ua/chunk-NUXSP4TM.js:7:3120)
    at Fr._next (https://www.greencity.cx.ua/chunk-NUXSP4TM.js:7:2803)
    at Fr.next (https://www.greencity.cx.ua/chunk-NUXSP4TM.js:7:2530)
    at https://www.greencity.cx.ua/chunk-NUXSP4TM.js:7:7848
    at Ac (https://www.greencity.cx.ua/chunk-NUXSP4TM.js:7:2222)
    at S0.next (https://www.greencity.cx.ua/chunk-NUXSP4TM.js:7:7687), [2026-03-14T18:25:44.489Z] [SEVERE] https://www.greencity.cx.ua/chunk-NUXSP4TM.js 10:45939 "ERROR" TypeError: Cannot read properties of null (reading 'setValue')
    at n.quillContentChanged (https://www.greencity.cx.ua/chunk-VNNOUBDJ.js:1:16043)
    at https://www.greencity.cx.ua/chunk-VNNOUBDJ.js:1:7223
    at eE (https://www.greencity.cx.ua/chunk-NUXSP4TM.js:11:76097)
    at Object.o [as next] (https://www.greencity.cx.ua/chunk-NUXSP4TM.js:11:76277)
    at bv.next (https://www.greencity.cx.ua/chunk-NUXSP4TM.js:7:3120)
    at Fr._next (https://www.greencity.cx.ua/chunk-NUXSP4TM.js:7:2803)
    at Fr.next (https://www.greencity.cx.ua/chunk-NUXSP4TM.js:7:2530)
    at https://www.greencity.cx.ua/chunk-NUXSP4TM.js:7:7848
    at Ac (https://www.greencity.cx.ua/chunk-NUXSP4TM.js:7:2222)
    at S0.next (https://www.greencity.cx.ua/chunk-NUXSP4TM.js:7:7687), [2026-03-14T18:25:44.491Z] [SEVERE] https://www.greencity.cx.ua/chunk-NUXSP4TM.js 10:45939 "ERROR" TypeError: Cannot read properties of null (reading 'setValue')
    at n.quillContentChanged (https://www.greencity.cx.ua/chunk-VNNOUBDJ.js:1:16043)
    at https://www.greencity.cx.ua/chunk-VNNOUBDJ.js:1:7223
    at eE (https://www.greencity.cx.ua/chunk-NUXSP4TM.js:11:76097)
    at Object.o [as next] (https://www.greencity.cx.ua/chunk-NUXSP4TM.js:11:76277)
    at bv.next (https://www.greencity.cx.ua/chunk-NUXSP4TM.js:7:3120)
    at Fr._next (https://www.greencity.cx.ua/chunk-NUXSP4TM.js:7:2803)
    at Fr.next (https://www.greencity.cx.ua/chunk-NUXSP4TM.js:7:2530)
    at https://www.greencity.cx.ua/chunk-NUXSP4TM.js:7:7848
    at Ac (https://www.greencity.cx.ua/chunk-NUXSP4TM.js:7:2222)
    at S0.next (https://www.greencity.cx.ua/chunk-NUXSP4TM.js:7:7687), [2026-03-14T18:25:44.494Z] [SEVERE] https://www.greencity.cx.ua/chunk-NUXSP4TM.js 10:45939 "ERROR" TypeError: Cannot read properties of null (reading 'setValue')
    at n.quillContentChanged (https://www.greencity.cx.ua/chunk-VNNOUBDJ.js:1:16043)
    at https://www.greencity.cx.ua/chunk-VNNOUBDJ.js:1:7223
    at eE (https://www.greencity.cx.ua/chunk-NUXSP4TM.js:11:76097)
    at Object.o [as next] (https://www.greencity.cx.ua/chunk-NUXSP4TM.js:11:76277)
    at bv.next (https://www.greencity.cx.ua/chunk-NUXSP4TM.js:7:3120)
    at Fr._next (https://www.greencity.cx.ua/chunk-NUXSP4TM.js:7:2803)
    at Fr.next (https://www.greencity.cx.ua/chunk-NUXSP4TM.js:7:2530)
    at https://www.greencity.cx.ua/chunk-NUXSP4TM.js:7:7848
    at Ac (https://www.greencity.cx.ua/chunk-NUXSP4TM.js:7:2222)
    at S0.next (https://www.greencity.cx.ua/chunk-NUXSP4TM.js:7:7687), [2026-03-14T18:25:44.496Z] [SEVERE] https://www.greencity.cx.ua/chunk-NUXSP4TM.js 10:45939 "ERROR" TypeError: Cannot read properties of null (reading 'setValue')
    at n.quillContentChanged (https://www.greencity.cx.ua/chunk-VNNOUBDJ.js:1:16043)
    at https://www.greencity.cx.ua/chunk-VNNOUBDJ.js:1:7223
    at eE (https://www.greencity.cx.ua/chunk-NUXSP4TM.js:11:76097)
    at Object.o [as next] (https://www.greencity.cx.ua/chunk-NUXSP4TM.js:11:76277)
    at bv.next (https://www.greencity.cx.ua/chunk-NUXSP4TM.js:7:3120)
    at Fr._next (https://www.greencity.cx.ua/chunk-NUXSP4TM.js:7:2803)
    at Fr.next (https://www.greencity.cx.ua/chunk-NUXSP4TM.js:7:2530)
    at https://www.greencity.cx.ua/chunk-NUXSP4TM.js:7:7848
    at Ac (https://www.greencity.cx.ua/chunk-NUXSP4TM.js:7:2222)
    at S0.next (https://www.greencity.cx.ua/chunk-NUXSP4TM.js:7:7687), [2026-03-14T18:25:44.498Z] [SEVERE] https://www.greencity.cx.ua/chunk-NUXSP4TM.js 10:45939 "ERROR" TypeError: Cannot read properties of null (reading 'setValue')
    at n.quillContentChanged (https://www.greencity.cx.ua/chunk-VNNOUBDJ.js:1:16043)
    at https://www.greencity.cx.ua/chunk-VNNOUBDJ.js:1:7223
    at eE (https://www.greencity.cx.ua/chunk-NUXSP4TM.js:11:76097)
    at Object.o [as next] (https://www.greencity.cx.ua/chunk-NUXSP4TM.js:11:76277)
    at bv.next (https://www.greencity.cx.ua/chunk-NUXSP4TM.js:7:3120)
    at Fr._next (https://www.greencity.cx.ua/chunk-NUXSP4TM.js:7:2803)
    at Fr.next (https://www.greencity.cx.ua/chunk-NUXSP4TM.js:7:2530)
    at https://www.greencity.cx.ua/chunk-NUXSP4TM.js:7:7848
    at Ac (https://www.greencity.cx.ua/chunk-NUXSP4TM.js:7:2222)
    at S0.next (https://www.greencity.cx.ua/chunk-NUXSP4TM.js:7:7687), [2026-03-14T18:25:44.500Z] [SEVERE] https://www.greencity.cx.ua/chunk-NUXSP4TM.js 10:45939 "ERROR" TypeError: Cannot read properties of null (reading 'setValue')
    at n.quillContentChanged (https://www.greencity.cx.ua/chunk-VNNOUBDJ.js:1:16043)
    at https://www.greencity.cx.ua/chunk-VNNOUBDJ.js:1:7223
    at eE (https://www.greencity.cx.ua/chunk-NUXSP4TM.js:11:76097)
    at Object.o [as next] (https://www.greencity.cx.ua/chunk-NUXSP4TM.js:11:76277)
    at bv.next (https://www.greencity.cx.ua/chunk-NUXSP4TM.js:7:3120)
    at Fr._next (https://www.greencity.cx.ua/chunk-NUXSP4TM.js:7:2803)
    at Fr.next (https://www.greencity.cx.ua/chunk-NUXSP4TM.js:7:2530)
    at https://www.greencity.cx.ua/chunk-NUXSP4TM.js:7:7848
    at Ac (https://www.greencity.cx.ua/chunk-NUXSP4TM.js:7:2222)
    at S0.next (https://www.greencity.cx.ua/chunk-NUXSP4TM.js:7:7687), [2026-03-14T18:25:44.502Z] [SEVERE] https://www.greencity.cx.ua/chunk-NUXSP4TM.js 10:45939 "ERROR" TypeError: Cannot read properties of null (reading 'setValue')
    at n.quillContentChanged (https://www.greencity.cx.ua/chunk-VNNOUBDJ.js:1:16043)
    at https://www.greencity.cx.ua/chunk-VNNOUBDJ.js:1:7223
    at eE (https://www.greencity.cx.ua/chunk-NUXSP4TM.js:11:76097)
    at Object.o [as next] (https://www.greencity.cx.ua/chunk-NUXSP4TM.js:11:76277)
    at bv.next (https://www.greencity.cx.ua/chunk-NUXSP4TM.js:7:3120)
    at Fr._next (https://www.greencity.cx.ua/chunk-NUXSP4TM.js:7:2803)
    at Fr.next (https://www.greencity.cx.ua/chunk-NUXSP4TM.js:7:2530)
    at https://www.greencity.cx.ua/chunk-NUXSP4TM.js:7:7848
    at Ac (https://www.greencity.cx.ua/chunk-NUXSP4TM.js:7:2222)
    at S0.next (https://www.greencity.cx.ua/chunk-NUXSP4TM.js:7:7687), [2026-03-14T18:25:44.504Z] [SEVERE] https://www.greencity.cx.ua/chunk-NUXSP4TM.js 10:45939 "ERROR" TypeError: Cannot read properties of null (reading 'setValue')
    at n.quillContentChanged (https://www.greencity.cx.ua/chunk-VNNOUBDJ.js:1:16043)
    at https://www.greencity.cx.ua/chunk-VNNOUBDJ.js:1:7223
    at eE (https://www.greencity.cx.ua/chunk-NUXSP4TM.js:11:76097)
    at Object.o [as next] (https://www.greencity.cx.ua/chunk-NUXSP4TM.js:11:76277)
    at bv.next (https://www.greencity.cx.ua/chunk-NUXSP4TM.js:7:3120)
    at Fr._next (https://www.greencity.cx.ua/chunk-NUXSP4TM.js:7:2803)
    at Fr.next (https://www.greencity.cx.ua/chunk-NUXSP4TM.js:7:2530)
    at https://www.greencity.cx.ua/chunk-NUXSP4TM.js:7:7848
    at Ac (https://www.greencity.cx.ua/chunk-NUXSP4TM.js:7:2222)
    at S0.next (https://www.greencity.cx.ua/chunk-NUXSP4TM.js:7:7687), [2026-03-14T18:25:44.507Z] [SEVERE] https://www.greencity.cx.ua/chunk-NUXSP4TM.js 10:45939 "ERROR" TypeError: Cannot read properties of null (reading 'setValue')
    at n.quillContentChanged (https://www.greencity.cx.ua/chunk-VNNOUBDJ.js:1:16043)
    at https://www.greencity.cx.ua/chunk-VNNOUBDJ.js:1:7223
    at eE (https://www.greencity.cx.ua/chunk-NUXSP4TM.js:11:76097)
    at Object.o [as next] (https://www.greencity.cx.ua/chunk-NUXSP4TM.js:11:76277)
    at bv.next (https://www.greencity.cx.ua/chunk-NUXSP4TM.js:7:3120)
    at Fr._next (https://www.greencity.cx.ua/chunk-NUXSP4TM.js:7:2803)
    at Fr.next (https://www.greencity.cx.ua/chunk-NUXSP4TM.js:7:2530)
    at https://www.greencity.cx.ua/chunk-NUXSP4TM.js:7:7848
    at Ac (https://www.greencity.cx.ua/chunk-NUXSP4TM.js:7:2222)
    at S0.next (https://www.greencity.cx.ua/chunk-NUXSP4TM.js:7:7687), [2026-03-14T18:25:44.509Z] [SEVERE] https://www.greencity.cx.ua/chunk-NUXSP4TM.js 10:45939 "ERROR" TypeError: Cannot read properties of null (reading 'setValue')
    at n.quillContentChanged (https://www.greencity.cx.ua/chunk-VNNOUBDJ.js:1:16043)
    at https://www.greencity.cx.ua/chunk-VNNOUBDJ.js:1:7223
    at eE (https://www.greencity.cx.ua/chunk-NUXSP4TM.js:11:76097)
    at Object.o [as next] (https://www.greencity.cx.ua/chunk-NUXSP4TM.js:11:76277)
    at bv.next (https://www.greencity.cx.ua/chunk-NUXSP4TM.js:7:3120)
    at Fr._next (https://www.greencity.cx.ua/chunk-NUXSP4TM.js:7:2803)
    at Fr.next (https://www.greencity.cx.ua/chunk-NUXSP4TM.js:7:2530)
    at https://www.greencity.cx.ua/chunk-NUXSP4TM.js:7:7848
    at Ac (https://www.greencity.cx.ua/chunk-NUXSP4TM.js:7:2222)
    at S0.next (https://www.greencity.cx.ua/chunk-NUXSP4TM.js:7:7687), [2026-03-14T18:25:44.511Z] [SEVERE] https://www.greencity.cx.ua/chunk-NUXSP4TM.js 10:45939 "ERROR" TypeError: Cannot read properties of null (reading 'setValue')
    at n.quillContentChanged (https://www.greencity.cx.ua/chunk-VNNOUBDJ.js:1:16043)
    at https://www.greencity.cx.ua/chunk-VNNOUBDJ.js:1:7223
    at eE (https://www.greencity.cx.ua/chunk-NUXSP4TM.js:11:76097)
    at Object.o [as next] (https://www.greencity.cx.ua/chunk-NUXSP4TM.js:11:76277)
    at bv.next (https://www.greencity.cx.ua/chunk-NUXSP4TM.js:7:3120)
    at Fr._next (https://www.greencity.cx.ua/chunk-NUXSP4TM.js:7:2803)
    at Fr.next (https://www.greencity.cx.ua/chunk-NUXSP4TM.js:7:2530)
    at https://www.greencity.cx.ua/chunk-NUXSP4TM.js:7:7848
    at Ac (https://www.greencity.cx.ua/chunk-NUXSP4TM.js:7:2222)
    at S0.next (https://www.greencity.cx.ua/chunk-NUXSP4TM.js:7:7687), [2026-03-14T18:25:44.513Z] [SEVERE] https://www.greencity.cx.ua/chunk-NUXSP4TM.js 10:45939 "ERROR" TypeError: Cannot read properties of null (reading 'setValue')
    at n.quillContentChanged (https://www.greencity.cx.ua/chunk-VNNOUBDJ.js:1:16043)
    at https://www.greencity.cx.ua/chunk-VNNOUBDJ.js:1:7223
    at eE (https://www.greencity.cx.ua/chunk-NUXSP4TM.js:11:76097)
    at Object.o [as next] (https://www.greencity.cx.ua/chunk-NUXSP4TM.js:11:76277)
    at bv.next (https://www.greencity.cx.ua/chunk-NUXSP4TM.js:7:3120)
    at Fr._next (https://www.greencity.cx.ua/chunk-NUXSP4TM.js:7:2803)
    at Fr.next (https://www.greencity.cx.ua/chunk-NUXSP4TM.js:7:2530)
    at https://www.greencity.cx.ua/chunk-NUXSP4TM.js:7:7848
    at Ac (https://www.greencity.cx.ua/chunk-NUXSP4TM.js:7:2222)
    at S0.next (https://www.greencity.cx.ua/chunk-NUXSP4TM.js:7:7687), [2026-03-14T18:25:44.516Z] [SEVERE] https://www.greencity.cx.ua/chunk-NUXSP4TM.js 10:45939 "ERROR" TypeError: Cannot read properties of null (reading 'setValue')
    at n.quillContentChanged (https://www.greencity.cx.ua/chunk-VNNOUBDJ.js:1:16043)
    at https://www.greencity.cx.ua/chunk-VNNOUBDJ.js:1:7223
    at eE (https://www.greencity.cx.ua/chunk-NUXSP4TM.js:11:76097)
    at Object.o [as next] (https://www.greencity.cx.ua/chunk-NUXSP4TM.js:11:76277)
    at bv.next (https://www.greencity.cx.ua/chunk-NUXSP4TM.js:7:3120)
    at Fr._next (https://www.greencity.cx.ua/chunk-NUXSP4TM.js:7:2803)
    at Fr.next (https://www.greencity.cx.ua/chunk-NUXSP4TM.js:7:2530)
    at https://www.greencity.cx.ua/chunk-NUXSP4TM.js:7:7848
    at Ac (https://www.greencity.cx.ua/chunk-NUXSP4TM.js:7:2222)
    at S0.next (https://www.greencity.cx.ua/chunk-NUXSP4TM.js:7:7687), [2026-03-14T18:25:44.518Z] [SEVERE] https://www.greencity.cx.ua/chunk-NUXSP4TM.js 10:45939 "ERROR" TypeError: Cannot read properties of null (reading 'setValue')
    at n.quillContentChanged (https://www.greencity.cx.ua/chunk-VNNOUBDJ.js:1:16043)
    at https://www.greencity.cx.ua/chunk-VNNOUBDJ.js:1:7223
    at eE (https://www.greencity.cx.ua/chunk-NUXSP4TM.js:11:76097)
    at Object.o [as next] (https://www.greencity.cx.ua/chunk-NUXSP4TM.js:11:76277)
    at bv.next (https://www.greencity.cx.ua/chunk-NUXSP4TM.js:7:3120)
    at Fr._next (https://www.greencity.cx.ua/chunk-NUXSP4TM.js:7:2803)
    at Fr.next (https://www.greencity.cx.ua/chunk-NUXSP4TM.js:7:2530)
    at https://www.greencity.cx.ua/chunk-NUXSP4TM.js:7:7848
    at Ac (https://www.greencity.cx.ua/chunk-NUXSP4TM.js:7:2222)
    at S0.next (https://www.greencity.cx.ua/chunk-NUXSP4TM.js:7:7687), [2026-03-14T18:25:44.520Z] [SEVERE] https://www.greencity.cx.ua/chunk-NUXSP4TM.js 10:45939 "ERROR" TypeError: Cannot read properties of null (reading 'setValue')
    at n.quillContentChanged (https://www.greencity.cx.ua/chunk-VNNOUBDJ.js:1:16043)
    at https://www.greencity.cx.ua/chunk-VNNOUBDJ.js:1:7223
    at eE (https://www.greencity.cx.ua/chunk-NUXSP4TM.js:11:76097)
    at Object.o [as next] (https://www.greencity.cx.ua/chunk-NUXSP4TM.js:11:76277)
    at bv.next (https://www.greencity.cx.ua/chunk-NUXSP4TM.js:7:3120)
    at Fr._next (https://www.greencity.cx.ua/chunk-NUXSP4TM.js:7:2803)
    at Fr.next (https://www.greencity.cx.ua/chunk-NUXSP4TM.js:7:2530)
    at https://www.greencity.cx.ua/chunk-NUXSP4TM.js:7:7848
    at Ac (https://www.greencity.cx.ua/chunk-NUXSP4TM.js:7:2222)
    at S0.next (https://www.greencity.cx.ua/chunk-NUXSP4TM.js:7:7687), [2026-03-14T18:25:44.523Z] [SEVERE] https://www.greencity.cx.ua/chunk-NUXSP4TM.js 10:45939 "ERROR" TypeError: Cannot read properties of null (reading 'setValue')
    at n.quillContentChanged (https://www.greencity.cx.ua/chunk-VNNOUBDJ.js:1:16043)
    at https://www.greencity.cx.ua/chunk-VNNOUBDJ.js:1:7223
    at eE (https://www.greencity.cx.ua/chunk-NUXSP4TM.js:11:76097)
    at Object.o [as next] (https://www.greencity.cx.ua/chunk-NUXSP4TM.js:11:76277)
    at bv.next (https://www.greencity.cx.ua/chunk-NUXSP4TM.js:7:3120)
    at Fr._next (https://www.greencity.cx.ua/chunk-NUXSP4TM.js:7:2803)
    at Fr.next (https://www.greencity.cx.ua/chunk-NUXSP4TM.js:7:2530)
    at https://www.greencity.cx.ua/chunk-NUXSP4TM.js:7:7848
    at Ac (https://www.greencity.cx.ua/chunk-NUXSP4TM.js:7:2222)
    at S0.next (https://www.greencity.cx.ua/chunk-NUXSP4TM.js:7:7687), [2026-03-14T18:25:44.528Z] [SEVERE] https://www.greencity.cx.ua/chunk-NUXSP4TM.js 10:45939 "ERROR" TypeError: Cannot read properties of null (reading 'setValue')
    at n.quillContentChanged (https://www.greencity.cx.ua/chunk-VNNOUBDJ.js:1:16043)
    at https://www.greencity.cx.ua/chunk-VNNOUBDJ.js:1:7223
    at eE (https://www.greencity.cx.ua/chunk-NUXSP4TM.js:11:76097)
    at Object.o [as next] (https://www.greencity.cx.ua/chunk-NUXSP4TM.js:11:76277)
    at bv.next (https://www.greencity.cx.ua/chunk-NUXSP4TM.js:7:3120)
    at Fr._next (https://www.greencity.cx.ua/chunk-NUXSP4TM.js:7:2803)
    at Fr.next (https://www.greencity.cx.ua/chunk-NUXSP4TM.js:7:2530)
    at https://www.greencity.cx.ua/chunk-NUXSP4TM.js:7:7848
    at Ac (https://www.greencity.cx.ua/chunk-NUXSP4TM.js:7:2222)
    at S0.next (https://www.greencity.cx.ua/chunk-NUXSP4TM.js:7:7687), [2026-03-14T18:25:44.532Z] [SEVERE] https://www.greencity.cx.ua/chunk-NUXSP4TM.js 10:45939 "ERROR" TypeError: Cannot read properties of null (reading 'setValue')
    at n.quillContentChanged (https://www.greencity.cx.ua/chunk-VNNOUBDJ.js:1:16043)
    at https://www.greencity.cx.ua/chunk-VNNOUBDJ.js:1:7223
    at eE (https://www.greencity.cx.ua/chunk-NUXSP4TM.js:11:76097)
    at Object.o [as next] (https://www.greencity.cx.ua/chunk-NUXSP4TM.js:11:76277)
    at bv.next (https://www.greencity.cx.ua/chunk-NUXSP4TM.js:7:3120)
    at Fr._next (https://www.greencity.cx.ua/chunk-NUXSP4TM.js:7:2803)
    at Fr.next (https://www.greencity.cx.ua/chunk-NUXSP4TM.js:7:2530)
    at https://www.greencity.cx.ua/chunk-NUXSP4TM.js:7:7848
    at Ac (https://www.greencity.cx.ua/chunk-NUXSP4TM.js:7:2222)
    at S0.next (https://www.greencity.cx.ua/chunk-NUXSP4TM.js:7:7687), [2026-03-14T18:25:44.534Z] [SEVERE] https://www.greencity.cx.ua/chunk-NUXSP4TM.js 10:45939 "ERROR" TypeError: Cannot read properties of null (reading 'setValue')
    at n.quillContentChanged (https://www.greencity.cx.ua/chunk-VNNOUBDJ.js:1:16043)
    at https://www.greencity.cx.ua/chunk-VNNOUBDJ.js:1:7223
    at eE (https://www.greencity.cx.ua/chunk-NUXSP4TM.js:11:76097)
    at Object.o [as next] (https://www.greencity.cx.ua/chunk-NUXSP4TM.js:11:76277)
    at bv.next (https://www.greencity.cx.ua/chunk-NUXSP4TM.js:7:3120)
    at Fr._next (https://www.greencity.cx.ua/chunk-NUXSP4TM.js:7:2803)
    at Fr.next (https://www.greencity.cx.ua/chunk-NUXSP4TM.js:7:2530)
    at https://www.greencity.cx.ua/chunk-NUXSP4TM.js:7:7848
    at Ac (https://www.greencity.cx.ua/chunk-NUXSP4TM.js:7:2222)
    at S0.next (https://www.greencity.cx.ua/chunk-NUXSP4TM.js:7:7687), [2026-03-14T18:25:44.536Z] [SEVERE] https://www.greencity.cx.ua/chunk-NUXSP4TM.js 10:45939 "ERROR" TypeError: Cannot read properties of null (reading 'setValue')
    at n.quillContentChanged (https://www.greencity.cx.ua/chunk-VNNOUBDJ.js:1:16043)
    at https://www.greencity.cx.ua/chunk-VNNOUBDJ.js:1:7223
    at eE (https://www.greencity.cx.ua/chunk-NUXSP4TM.js:11:76097)
    at Object.o [as next] (https://www.greencity.cx.ua/chunk-NUXSP4TM.js:11:76277)
    at bv.next (https://www.greencity.cx.ua/chunk-NUXSP4TM.js:7:3120)
    at Fr._next (https://www.greencity.cx.ua/chunk-NUXSP4TM.js:7:2803)
    at Fr.next (https://www.greencity.cx.ua/chunk-NUXSP4TM.js:7:2530)
    at https://www.greencity.cx.ua/chunk-NUXSP4TM.js:7:7848
    at Ac (https://www.greencity.cx.ua/chunk-NUXSP4TM.js:7:2222)
    at S0.next (https://www.greencity.cx.ua/chunk-NUXSP4TM.js:7:7687), [2026-03-14T18:25:44.539Z] [SEVERE] https://www.greencity.cx.ua/chunk-NUXSP4TM.js 10:45939 "ERROR" TypeError: Cannot read properties of null (reading 'setValue')
    at n.quillContentChanged (https://www.greencity.cx.ua/chunk-VNNOUBDJ.js:1:16043)
    at https://www.greencity.cx.ua/chunk-VNNOUBDJ.js:1:7223
    at eE (https://www.greencity.cx.ua/chunk-NUXSP4TM.js:11:76097)
    at Object.o [as next] (https://www.greencity.cx.ua/chunk-NUXSP4TM.js:11:76277)
    at bv.next (https://www.greencity.cx.ua/chunk-NUXSP4TM.js:7:3120)
    at Fr._next (https://www.greencity.cx.ua/chunk-NUXSP4TM.js:7:2803)
    at Fr.next (https://www.greencity.cx.ua/chunk-NUXSP4TM.js:7:2530)
    at https://www.greencity.cx.ua/chunk-NUXSP4TM.js:7:7848
    at Ac (https://www.greencity.cx.ua/chunk-NUXSP4TM.js:7:2222)
    at S0.next (https://www.greencity.cx.ua/chunk-NUXSP4TM.js:7:7687), [2026-03-14T18:25:44.541Z] [SEVERE] https://www.greencity.cx.ua/chunk-NUXSP4TM.js 10:45939 "ERROR" TypeError: Cannot read properties of null (reading 'setValue')
    at n.quillContentChanged (https://www.greencity.cx.ua/chunk-VNNOUBDJ.js:1:16043)
    at https://www.greencity.cx.ua/chunk-VNNOUBDJ.js:1:7223
    at eE (https://www.greencity.cx.ua/chunk-NUXSP4TM.js:11:76097)
    at Object.o [as next] (https://www.greencity.cx.ua/chunk-NUXSP4TM.js:11:76277)
    at bv.next (https://www.greencity.cx.ua/chunk-NUXSP4TM.js:7:3120)
    at Fr._next (https://www.greencity.cx.ua/chunk-NUXSP4TM.js:7:2803)
    at Fr.next (https://www.greencity.cx.ua/chunk-NUXSP4TM.js:7:2530)
    at https://www.greencity.cx.ua/chunk-NUXSP4TM.js:7:7848
    at Ac (https://www.greencity.cx.ua/chunk-NUXSP4TM.js:7:2222)
    at S0.next (https://www.greencity.cx.ua/chunk-NUXSP4TM.js:7:7687), [2026-03-14T18:25:44.544Z] [SEVERE] https://www.greencity.cx.ua/chunk-NUXSP4TM.js 10:45939 "ERROR" TypeError: Cannot read properties of null (reading 'setValue')
    at n.quillContentChanged (https://www.greencity.cx.ua/chunk-VNNOUBDJ.js:1:16043)
    at https://www.greencity.cx.ua/chunk-VNNOUBDJ.js:1:7223
    at eE (https://www.greencity.cx.ua/chunk-NUXSP4TM.js:11:76097)
    at Object.o [as next] (https://www.greencity.cx.ua/chunk-NUXSP4TM.js:11:76277)
    at bv.next (https://www.greencity.cx.ua/chunk-NUXSP4TM.js:7:3120)
    at Fr._next (https://www.greencity.cx.ua/chunk-NUXSP4TM.js:7:2803)
    at Fr.next (https://www.greencity.cx.ua/chunk-NUXSP4TM.js:7:2530)
    at https://www.greencity.cx.ua/chunk-NUXSP4TM.js:7:7848
    at Ac (https://www.greencity.cx.ua/chunk-NUXSP4TM.js:7:2222)
    at S0.next (https://www.greencity.cx.ua/chunk-NUXSP4TM.js:7:7687), [2026-03-14T18:25:44.546Z] [SEVERE] https://www.greencity.cx.ua/chunk-NUXSP4TM.js 10:45939 "ERROR" TypeError: Cannot read properties of null (reading 'setValue')
    at n.quillContentChanged (https://www.greencity.cx.ua/chunk-VNNOUBDJ.js:1:16043)
    at https://www.greencity.cx.ua/chunk-VNNOUBDJ.js:1:7223
    at eE (https://www.greencity.cx.ua/chunk-NUXSP4TM.js:11:76097)
    at Object.o [as next] (https://www.greencity.cx.ua/chunk-NUXSP4TM.js:11:76277)
    at bv.next (https://www.greencity.cx.ua/chunk-NUXSP4TM.js:7:3120)
    at Fr._next (https://www.greencity.cx.ua/chunk-NUXSP4TM.js:7:2803)
    at Fr.next (https://www.greencity.cx.ua/chunk-NUXSP4TM.js:7:2530)
    at https://www.greencity.cx.ua/chunk-NUXSP4TM.js:7:7848
    at Ac (https://www.greencity.cx.ua/chunk-NUXSP4TM.js:7:2222)
    at S0.next (https://www.greencity.cx.ua/chunk-NUXSP4TM.js:7:7687), [2026-03-14T18:25:44.549Z] [SEVERE] https://www.greencity.cx.ua/chunk-NUXSP4TM.js 10:45939 "ERROR" TypeError: Cannot read properties of null (reading 'setValue')
    at n.quillContentChanged (https://www.greencity.cx.ua/chunk-VNNOUBDJ.js:1:16043)
    at https://www.greencity.cx.ua/chunk-VNNOUBDJ.js:1:7223
    at eE (https://www.greencity.cx.ua/chunk-NUXSP4TM.js:11:76097)
    at Object.o [as next] (https://www.greencity.cx.ua/chunk-NUXSP4TM.js:11:76277)
    at bv.next (https://www.greencity.cx.ua/chunk-NUXSP4TM.js:7:3120)
    at Fr._next (https://www.greencity.cx.ua/chunk-NUXSP4TM.js:7:2803)
    at Fr.next (https://www.greencity.cx.ua/chunk-NUXSP4TM.js:7:2530)
    at https://www.greencity.cx.ua/chunk-NUXSP4TM.js:7:7848
    at Ac (https://www.greencity.cx.ua/chunk-NUXSP4TM.js:7:2222)
    at S0.next (https://www.greencity.cx.ua/chunk-NUXSP4TM.js:7:7687), [2026-03-14T18:25:44.551Z] [SEVERE] https://www.greencity.cx.ua/chunk-NUXSP4TM.js 10:45939 "ERROR" TypeError: Cannot read properties of null (reading 'setValue')
    at n.quillContentChanged (https://www.greencity.cx.ua/chunk-VNNOUBDJ.js:1:16043)
    at https://www.greencity.cx.ua/chunk-VNNOUBDJ.js:1:7223
    at eE (https://www.greencity.cx.ua/chunk-NUXSP4TM.js:11:76097)
    at Object.o [as next] (https://www.greencity.cx.ua/chunk-NUXSP4TM.js:11:76277)
    at bv.next (https://www.greencity.cx.ua/chunk-NUXSP4TM.js:7:3120)
    at Fr._next (https://www.greencity.cx.ua/chunk-NUXSP4TM.js:7:2803)
    at Fr.next (https://www.greencity.cx.ua/chunk-NUXSP4TM.js:7:2530)
    at https://www.greencity.cx.ua/chunk-NUXSP4TM.js:7:7848
    at Ac (https://www.greencity.cx.ua/chunk-NUXSP4TM.js:7:2222)
    at S0.next (https://www.greencity.cx.ua/chunk-NUXSP4TM.js:7:7687), [2026-03-14T18:25:44.553Z] [SEVERE] https://www.greencity.cx.ua/chunk-NUXSP4TM.js 10:45939 "ERROR" TypeError: Cannot read properties of null (reading 'setValue')
    at n.quillContentChanged (https://www.greencity.cx.ua/chunk-VNNOUBDJ.js:1:16043)
    at https://www.greencity.cx.ua/chunk-VNNOUBDJ.js:1:7223
    at eE (https://www.greencity.cx.ua/chunk-NUXSP4TM.js:11:76097)
    at Object.o [as next] (https://www.greencity.cx.ua/chunk-NUXSP4TM.js:11:76277)
    at bv.next (https://www.greencity.cx.ua/chunk-NUXSP4TM.js:7:3120)
    at Fr._next (https://www.greencity.cx.ua/chunk-NUXSP4TM.js:7:2803)
    at Fr.next (https://www.greencity.cx.ua/chunk-NUXSP4TM.js:7:2530)
    at https://www.greencity.cx.ua/chunk-NUXSP4TM.js:7:7848
    at Ac (https://www.greencity.cx.ua/chunk-NUXSP4TM.js:7:2222)
    at S0.next (https://www.greencity.cx.ua/chunk-NUXSP4TM.js:7:7687), [2026-03-14T18:25:44.556Z] [SEVERE] https://www.greencity.cx.ua/chunk-NUXSP4TM.js 10:45939 "ERROR" TypeError: Cannot read properties of null (reading 'setValue')
    at n.quillContentChanged (https://www.greencity.cx.ua/chunk-VNNOUBDJ.js:1:16043)
    at https://www.greencity.cx.ua/chunk-VNNOUBDJ.js:1:7223
    at eE (https://www.greencity.cx.ua/chunk-NUXSP4TM.js:11:76097)
    at Object.o [as next] (https://www.greencity.cx.ua/chunk-NUXSP4TM.js:11:76277)
    at bv.next (https://www.greencity.cx.ua/chunk-NUXSP4TM.js:7:3120)
    at Fr._next (https://www.greencity.cx.ua/chunk-NUXSP4TM.js:7:2803)
    at Fr.next (https://www.greencity.cx.ua/chunk-NUXSP4TM.js:7:2530)
    at https://www.greencity.cx.ua/chunk-NUXSP4TM.js:7:7848
    at Ac (https://www.greencity.cx.ua/chunk-NUXSP4TM.js:7:2222)
    at S0.next (https://www.greencity.cx.ua/chunk-NUXSP4TM.js:7:7687), [2026-03-14T18:25:44.558Z] [SEVERE] https://www.greencity.cx.ua/chunk-NUXSP4TM.js 10:45939 "ERROR" TypeError: Cannot read properties of null (reading 'setValue')
    at n.quillContentChanged (https://www.greencity.cx.ua/chunk-VNNOUBDJ.js:1:16043)
    at https://www.greencity.cx.ua/chunk-VNNOUBDJ.js:1:7223
    at eE (https://www.greencity.cx.ua/chunk-NUXSP4TM.js:11:76097)
    at Object.o [as next] (https://www.greencity.cx.ua/chunk-NUXSP4TM.js:11:76277)
    at bv.next (https://www.greencity.cx.ua/chunk-NUXSP4TM.js:7:3120)
    at Fr._next (https://www.greencity.cx.ua/chunk-NUXSP4TM.js:7:2803)
    at Fr.next (https://www.greencity.cx.ua/chunk-NUXSP4TM.js:7:2530)
    at https://www.greencity.cx.ua/chunk-NUXSP4TM.js:7:7848
    at Ac (https://www.greencity.cx.ua/chunk-NUXSP4TM.js:7:2222)
    at S0.next (https://www.greencity.cx.ua/chunk-NUXSP4TM.js:7:7687), [2026-03-14T18:25:44.560Z] [SEVERE] https://www.greencity.cx.ua/chunk-NUXSP4TM.js 10:45939 "ERROR" TypeError: Cannot read properties of null (reading 'setValue')
    at n.quillContentChanged (https://www.greencity.cx.ua/chunk-VNNOUBDJ.js:1:16043)
    at https://www.greencity.cx.ua/chunk-VNNOUBDJ.js:1:7223
    at eE (https://www.greencity.cx.ua/chunk-NUXSP4TM.js:11:76097)
    at Object.o [as next] (https://www.greencity.cx.ua/chunk-NUXSP4TM.js:11:76277)
    at bv.next (https://www.greencity.cx.ua/chunk-NUXSP4TM.js:7:3120)
    at Fr._next (https://www.greencity.cx.ua/chunk-NUXSP4TM.js:7:2803)
    at Fr.next (https://www.greencity.cx.ua/chunk-NUXSP4TM.js:7:2530)
    at https://www.greencity.cx.ua/chunk-NUXSP4TM.js:7:7848
    at Ac (https://www.greencity.cx.ua/chunk-NUXSP4TM.js:7:2222)
    at S0.next (https://www.greencity.cx.ua/chunk-NUXSP4TM.js:7:7687), [2026-03-14T18:25:44.563Z] [SEVERE] https://www.greencity.cx.ua/chunk-NUXSP4TM.js 10:45939 "ERROR" TypeError: Cannot read properties of null (reading 'setValue')
    at n.quillContentChanged (https://www.greencity.cx.ua/chunk-VNNOUBDJ.js:1:16043)
    at https://www.greencity.cx.ua/chunk-VNNOUBDJ.js:1:7223
    at eE (https://www.greencity.cx.ua/chunk-NUXSP4TM.js:11:76097)
    at Object.o [as next] (https://www.greencity.cx.ua/chunk-NUXSP4TM.js:11:76277)
    at bv.next (https://www.greencity.cx.ua/chunk-NUXSP4TM.js:7:3120)
    at Fr._next (https://www.greencity.cx.ua/chunk-NUXSP4TM.js:7:2803)
    at Fr.next (https://www.greencity.cx.ua/chunk-NUXSP4TM.js:7:2530)
    at https://www.greencity.cx.ua/chunk-NUXSP4TM.js:7:7848
    at Ac (https://www.greencity.cx.ua/chunk-NUXSP4TM.js:7:2222)
    at S0.next (https://www.greencity.cx.ua/chunk-NUXSP4TM.js:7:7687), [2026-03-14T18:25:44.565Z] [SEVERE] https://www.greencity.cx.ua/chunk-NUXSP4TM.js 10:45939 "ERROR" TypeError: Cannot read properties of null (reading 'setValue')
    at n.quillContentChanged (https://www.greencity.cx.ua/chunk-VNNOUBDJ.js:1:16043)
    at https://www.greencity.cx.ua/chunk-VNNOUBDJ.js:1:7223
    at eE (https://www.greencity.cx.ua/chunk-NUXSP4TM.js:11:76097)
    at Object.o [as next] (https://www.greencity.cx.ua/chunk-NUXSP4TM.js:11:76277)
    at bv.next (https://www.greencity.cx.ua/chunk-NUXSP4TM.js:7:3120)
    at Fr._next (https://www.greencity.cx.ua/chunk-NUXSP4TM.js:7:2803)
    at Fr.next (https://www.greencity.cx.ua/chunk-NUXSP4TM.js:7:2530)
    at https://www.greencity.cx.ua/chunk-NUXSP4TM.js:7:7848
    at Ac (https://www.greencity.cx.ua/chunk-NUXSP4TM.js:7:2222)
    at S0.next (https://www.greencity.cx.ua/chunk-NUXSP4TM.js:7:7687), [2026-03-14T18:25:44.568Z] [SEVERE] https://www.greencity.cx.ua/chunk-NUXSP4TM.js 10:45939 "ERROR" TypeError: Cannot read properties of null (reading 'setValue')
    at n.quillContentChanged (https://www.greencity.cx.ua/chunk-VNNOUBDJ.js:1:16043)
    at https://www.greencity.cx.ua/chunk-VNNOUBDJ.js:1:7223
    at eE (https://www.greencity.cx.ua/chunk-NUXSP4TM.js:11:76097)
    at Object.o [as next] (https://www.greencity.cx.ua/chunk-NUXSP4TM.js:11:76277)
    at bv.next (https://www.greencity.cx.ua/chunk-NUXSP4TM.js:7:3120)
    at Fr._next (https://www.greencity.cx.ua/chunk-NUXSP4TM.js:7:2803)
    at Fr.next (https://www.greencity.cx.ua/chunk-NUXSP4TM.js:7:2530)
    at https://www.greencity.cx.ua/chunk-NUXSP4TM.js:7:7848
    at Ac (https://www.greencity.cx.ua/chunk-NUXSP4TM.js:7:2222)
    at S0.next (https://www.greencity.cx.ua/chunk-NUXSP4TM.js:7:7687), [2026-03-14T18:25:44.570Z] [SEVERE] https://www.greencity.cx.ua/chunk-NUXSP4TM.js 10:45939 "ERROR" TypeError: Cannot read properties of null (reading 'setValue')
    at n.quillContentChanged (https://www.greencity.cx.ua/chunk-VNNOUBDJ.js:1:16043)
    at https://www.greencity.cx.ua/chunk-VNNOUBDJ.js:1:7223
    at eE (https://www.greencity.cx.ua/chunk-NUXSP4TM.js:11:76097)
    at Object.o [as next] (https://www.greencity.cx.ua/chunk-NUXSP4TM.js:11:76277)
    at bv.next (https://www.greencity.cx.ua/chunk-NUXSP4TM.js:7:3120)
    at Fr._next (https://www.greencity.cx.ua/chunk-NUXSP4TM.js:7:2803)
    at Fr.next (https://www.greencity.cx.ua/chunk-NUXSP4TM.js:7:2530)
    at https://www.greencity.cx.ua/chunk-NUXSP4TM.js:7:7848
    at Ac (https://www.greencity.cx.ua/chunk-NUXSP4TM.js:7:2222)
    at S0.next (https://www.greencity.cx.ua/chunk-NUXSP4TM.js:7:7687), [2026-03-14T18:25:44.573Z] [SEVERE] https://www.greencity.cx.ua/chunk-NUXSP4TM.js 10:45939 "ERROR" TypeError: Cannot read properties of null (reading 'setValue')
    at n.quillContentChanged (https://www.greencity.cx.ua/chunk-VNNOUBDJ.js:1:16043)
    at https://www.greencity.cx.ua/chunk-VNNOUBDJ.js:1:7223
    at eE (https://www.greencity.cx.ua/chunk-NUXSP4TM.js:11:76097)
    at Object.o [as next] (https://www.greencity.cx.ua/chunk-NUXSP4TM.js:11:76277)
    at bv.next (https://www.greencity.cx.ua/chunk-NUXSP4TM.js:7:3120)
    at Fr._next (https://www.greencity.cx.ua/chunk-NUXSP4TM.js:7:2803)
    at Fr.next (https://www.greencity.cx.ua/chunk-NUXSP4TM.js:7:2530)
    at https://www.greencity.cx.ua/chunk-NUXSP4TM.js:7:7848
    at Ac (https://www.greencity.cx.ua/chunk-NUXSP4TM.js:7:2222)
    at S0.next (https://www.greencity.cx.ua/chunk-NUXSP4TM.js:7:7687), [2026-03-14T18:25:44.575Z] [SEVERE] https://www.greencity.cx.ua/chunk-NUXSP4TM.js 10:45939 "ERROR" TypeError: Cannot read properties of null (reading 'setValue')
    at n.quillContentChanged (https://www.greencity.cx.ua/chunk-VNNOUBDJ.js:1:16043)
    at https://www.greencity.cx.ua/chunk-VNNOUBDJ.js:1:7223
    at eE (https://www.greencity.cx.ua/chunk-NUXSP4TM.js:11:76097)
    at Object.o [as next] (https://www.greencity.cx.ua/chunk-NUXSP4TM.js:11:76277)
    at bv.next (https://www.greencity.cx.ua/chunk-NUXSP4TM.js:7:3120)
    at Fr._next (https://www.greencity.cx.ua/chunk-NUXSP4TM.js:7:2803)
    at Fr.next (https://www.greencity.cx.ua/chunk-NUXSP4TM.js:7:2530)
    at https://www.greencity.cx.ua/chunk-NUXSP4TM.js:7:7848
    at Ac (https://www.greencity.cx.ua/chunk-NUXSP4TM.js:7:2222)
    at S0.next (https://www.greencity.cx.ua/chunk-NUXSP4TM.js:7:7687), [2026-03-14T18:25:44.578Z] [SEVERE] https://www.greencity.cx.ua/chunk-NUXSP4TM.js 10:45939 "ERROR" TypeError: Cannot read properties of null (reading 'setValue')
    at n.quillContentChanged (https://www.greencity.cx.ua/chunk-VNNOUBDJ.js:1:16043)
    at https://www.greencity.cx.ua/chunk-VNNOUBDJ.js:1:7223
    at eE (https://www.greencity.cx.ua/chunk-NUXSP4TM.js:11:76097)
    at Object.o [as next] (https://www.greencity.cx.ua/chunk-NUXSP4TM.js:11:76277)
    at bv.next (https://www.greencity.cx.ua/chunk-NUXSP4TM.js:7:3120)
    at Fr._next (https://www.greencity.cx.ua/chunk-NUXSP4TM.js:7:2803)
    at Fr.next (https://www.greencity.cx.ua/chunk-NUXSP4TM.js:7:2530)
    at https://www.greencity.cx.ua/chunk-NUXSP4TM.js:7:7848
    at Ac (https://www.greencity.cx.ua/chunk-NUXSP4TM.js:7:2222)
    at S0.next (https://www.greencity.cx.ua/chunk-NUXSP4TM.js:7:7687), [2026-03-14T18:25:44.580Z] [SEVERE] https://www.greencity.cx.ua/chunk-NUXSP4TM.js 10:45939 "ERROR" TypeError: Cannot read properties of null (reading 'setValue')
    at n.quillContentChanged (https://www.greencity.cx.ua/chunk-VNNOUBDJ.js:1:16043)
    at https://www.greencity.cx.ua/chunk-VNNOUBDJ.js:1:7223
    at eE (https://www.greencity.cx.ua/chunk-NUXSP4TM.js:11:76097)
    at Object.o [as next] (https://www.greencity.cx.ua/chunk-NUXSP4TM.js:11:76277)
    at bv.next (https://www.greencity.cx.ua/chunk-NUXSP4TM.js:7:3120)
    at Fr._next (https://www.greencity.cx.ua/chunk-NUXSP4TM.js:7:2803)
    at Fr.next (https://www.greencity.cx.ua/chunk-NUXSP4TM.js:7:2530)
    at https://www.greencity.cx.ua/chunk-NUXSP4TM.js:7:7848
    at Ac (https://www.greencity.cx.ua/chunk-NUXSP4TM.js:7:2222)
    at S0.next (https://www.greencity.cx.ua/chunk-NUXSP4TM.js:7:7687), [2026-03-14T18:25:44.583Z] [SEVERE] https://www.greencity.cx.ua/chunk-NUXSP4TM.js 10:45939 "ERROR" TypeError: Cannot read properties of null (reading 'setValue')
    at n.quillContentChanged (https://www.greencity.cx.ua/chunk-VNNOUBDJ.js:1:16043)
    at https://www.greencity.cx.ua/chunk-VNNOUBDJ.js:1:7223
    at eE (https://www.greencity.cx.ua/chunk-NUXSP4TM.js:11:76097)
    at Object.o [as next] (https://www.greencity.cx.ua/chunk-NUXSP4TM.js:11:76277)
    at bv.next (https://www.greencity.cx.ua/chunk-NUXSP4TM.js:7:3120)
    at Fr._next (https://www.greencity.cx.ua/chunk-NUXSP4TM.js:7:2803)
    at Fr.next (https://www.greencity.cx.ua/chunk-NUXSP4TM.js:7:2530)
    at https://www.greencity.cx.ua/chunk-NUXSP4TM.js:7:7848
    at Ac (https://www.greencity.cx.ua/chunk-NUXSP4TM.js:7:2222)
    at S0.next (https://www.greencity.cx.ua/chunk-NUXSP4TM.js:7:7687), [2026-03-14T18:25:44.585Z] [SEVERE] https://www.greencity.cx.ua/chunk-NUXSP4TM.js 10:45939 "ERROR" TypeError: Cannot read properties of null (reading 'setValue')
    at n.quillContentChanged (https://www.greencity.cx.ua/chunk-VNNOUBDJ.js:1:16043)
    at https://www.greencity.cx.ua/chunk-VNNOUBDJ.js:1:7223
    at eE (https://www.greencity.cx.ua/chunk-NUXSP4TM.js:11:76097)
    at Object.o [as next] (https://www.greencity.cx.ua/chunk-NUXSP4TM.js:11:76277)
    at bv.next (https://www.greencity.cx.ua/chunk-NUXSP4TM.js:7:3120)
    at Fr._next (https://www.greencity.cx.ua/chunk-NUXSP4TM.js:7:2803)
    at Fr.next (https://www.greencity.cx.ua/chunk-NUXSP4TM.js:7:2530)
    at https://www.greencity.cx.ua/chunk-NUXSP4TM.js:7:7848
    at Ac (https://www.greencity.cx.ua/chunk-NUXSP4TM.js:7:2222)
    at S0.next (https://www.greencity.cx.ua/chunk-NUXSP4TM.js:7:7687), [2026-03-14T18:25:44.587Z] [SEVERE] https://www.greencity.cx.ua/chunk-NUXSP4TM.js 10:45939 "ERROR" TypeError: Cannot read properties of null (reading 'setValue')
    at n.quillContentChanged (https://www.greencity.cx.ua/chunk-VNNOUBDJ.js:1:16043)
    at https://www.greencity.cx.ua/chunk-VNNOUBDJ.js:1:7223
    at eE (https://www.greencity.cx.ua/chunk-NUXSP4TM.js:11:76097)
    at Object.o [as next] (https://www.greencity.cx.ua/chunk-NUXSP4TM.js:11:76277)
    at bv.next (https://www.greencity.cx.ua/chunk-NUXSP4TM.js:7:3120)
    at Fr._next (https://www.greencity.cx.ua/chunk-NUXSP4TM.js:7:2803)
    at Fr.next (https://www.greencity.cx.ua/chunk-NUXSP4TM.js:7:2530)
    at https://www.greencity.cx.ua/chunk-NUXSP4TM.js:7:7848
    at Ac (https://www.greencity.cx.ua/chunk-NUXSP4TM.js:7:2222)
    at S0.next (https://www.greencity.cx.ua/chunk-NUXSP4TM.js:7:7687), [2026-03-14T18:25:44.590Z] [SEVERE] https://www.greencity.cx.ua/chunk-NUXSP4TM.js 10:45939 "ERROR" TypeError: Cannot read properties of null (reading 'setValue')
    at n.quillContentChanged (https://www.greencity.cx.ua/chunk-VNNOUBDJ.js:1:16043)
    at https://www.greencity.cx.ua/chunk-VNNOUBDJ.js:1:7223
    at eE (https://www.greencity.cx.ua/chunk-NUXSP4TM.js:11:76097)
    at Object.o [as next] (https://www.greencity.cx.ua/chunk-NUXSP4TM.js:11:76277)
    at bv.next (https://www.greencity.cx.ua/chunk-NUXSP4TM.js:7:3120)
    at Fr._next (https://www.greencity.cx.ua/chunk-NUXSP4TM.js:7:2803)
    at Fr.next (https://www.greencity.cx.ua/chunk-NUXSP4TM.js:7:2530)
    at https://www.greencity.cx.ua/chunk-NUXSP4TM.js:7:7848
    at Ac (https://www.greencity.cx.ua/chunk-NUXSP4TM.js:7:2222)
    at S0.next (https://www.greencity.cx.ua/chunk-NUXSP4TM.js:7:7687), [2026-03-14T18:25:44.592Z] [SEVERE] https://www.greencity.cx.ua/chunk-NUXSP4TM.js 10:45939 "ERROR" TypeError: Cannot read properties of null (reading 'setValue')
    at n.quillContentChanged (https://www.greencity.cx.ua/chunk-VNNOUBDJ.js:1:16043)
    at https://www.greencity.cx.ua/chunk-VNNOUBDJ.js:1:7223
    at eE (https://www.greencity.cx.ua/chunk-NUXSP4TM.js:11:76097)
    at Object.o [as next] (https://www.greencity.cx.ua/chunk-NUXSP4TM.js:11:76277)
    at bv.next (https://www.greencity.cx.ua/chunk-NUXSP4TM.js:7:3120)
    at Fr._next (https://www.greencity.cx.ua/chunk-NUXSP4TM.js:7:2803)
    at Fr.next (https://www.greencity.cx.ua/chunk-NUXSP4TM.js:7:2530)
    at https://www.greencity.cx.ua/chunk-NUXSP4TM.js:7:7848
    at Ac (https://www.greencity.cx.ua/chunk-NUXSP4TM.js:7:2222)
    at S0.next (https://www.greencity.cx.ua/chunk-NUXSP4TM.js:7:7687), [2026-03-14T18:25:44.595Z] [SEVERE] https://www.greencity.cx.ua/chunk-NUXSP4TM.js 10:45939 "ERROR" TypeError: Cannot read properties of null (reading 'setValue')
    at n.quillContentChanged (https://www.greencity.cx.ua/chunk-VNNOUBDJ.js:1:16043)
    at https://www.greencity.cx.ua/chunk-VNNOUBDJ.js:1:7223
    at eE (https://www.greencity.cx.ua/chunk-NUXSP4TM.js:11:76097)
    at Object.o [as next] (https://www.greencity.cx.ua/chunk-NUXSP4TM.js:11:76277)
    at bv.next (https://www.greencity.cx.ua/chunk-NUXSP4TM.js:7:3120)
    at Fr._next (https://www.greencity.cx.ua/chunk-NUXSP4TM.js:7:2803)
    at Fr.next (https://www.greencity.cx.ua/chunk-NUXSP4TM.js:7:2530)
    at https://www.greencity.cx.ua/chunk-NUXSP4TM.js:7:7848
    at Ac (https://www.greencity.cx.ua/chunk-NUXSP4TM.js:7:2222)
    at S0.next (https://www.greencity.cx.ua/chunk-NUXSP4TM.js:7:7687), [2026-03-14T18:25:44.597Z] [SEVERE] https://www.greencity.cx.ua/chunk-NUXSP4TM.js 10:45939 "ERROR" TypeError: Cannot read properties of null (reading 'setValue')
    at n.quillContentChanged (https://www.greencity.cx.ua/chunk-VNNOUBDJ.js:1:16043)
    at https://www.greencity.cx.ua/chunk-VNNOUBDJ.js:1:7223
    at eE (https://www.greencity.cx.ua/chunk-NUXSP4TM.js:11:76097)
    at Object.o [as next] (https://www.greencity.cx.ua/chunk-NUXSP4TM.js:11:76277)
    at bv.next (https://www.greencity.cx.ua/chunk-NUXSP4TM.js:7:3120)
    at Fr._next (https://www.greencity.cx.ua/chunk-NUXSP4TM.js:7:2803)
    at Fr.next (https://www.greencity.cx.ua/chunk-NUXSP4TM.js:7:2530)
    at https://www.greencity.cx.ua/chunk-NUXSP4TM.js:7:7848
    at Ac (https://www.greencity.cx.ua/chunk-NUXSP4TM.js:7:2222)
    at S0.next (https://www.greencity.cx.ua/chunk-NUXSP4TM.js:7:7687), [2026-03-14T18:25:44.599Z] [SEVERE] https://www.greencity.cx.ua/chunk-NUXSP4TM.js 10:45939 "ERROR" TypeError: Cannot read properties of null (reading 'setValue')
    at n.quillContentChanged (https://www.greencity.cx.ua/chunk-VNNOUBDJ.js:1:16043)
    at https://www.greencity.cx.ua/chunk-VNNOUBDJ.js:1:7223
    at eE (https://www.greencity.cx.ua/chunk-NUXSP4TM.js:11:76097)
    at Object.o [as next] (https://www.greencity.cx.ua/chunk-NUXSP4TM.js:11:76277)
    at bv.next (https://www.greencity.cx.ua/chunk-NUXSP4TM.js:7:3120)
    at Fr._next (https://www.greencity.cx.ua/chunk-NUXSP4TM.js:7:2803)
    at Fr.next (https://www.greencity.cx.ua/chunk-NUXSP4TM.js:7:2530)
    at https://www.greencity.cx.ua/chunk-NUXSP4TM.js:7:7848
    at Ac (https://www.greencity.cx.ua/chunk-NUXSP4TM.js:7:2222)
    at S0.next (https://www.greencity.cx.ua/chunk-NUXSP4TM.js:7:7687), [2026-03-14T18:25:44.602Z] [SEVERE] https://www.greencity.cx.ua/chunk-NUXSP4TM.js 10:45939 "ERROR" TypeError: Cannot read properties of null (reading 'setValue')
    at n.quillContentChanged (https://www.greencity.cx.ua/chunk-VNNOUBDJ.js:1:16043)
    at https://www.greencity.cx.ua/chunk-VNNOUBDJ.js:1:7223
    at eE (https://www.greencity.cx.ua/chunk-NUXSP4TM.js:11:76097)
    at Object.o [as next] (https://www.greencity.cx.ua/chunk-NUXSP4TM.js:11:76277)
    at bv.next (https://www.greencity.cx.ua/chunk-NUXSP4TM.js:7:3120)
    at Fr._next (https://www.greencity.cx.ua/chunk-NUXSP4TM.js:7:2803)
    at Fr.next (https://www.greencity.cx.ua/chunk-NUXSP4TM.js:7:2530)
    at https://www.greencity.cx.ua/chunk-NUXSP4TM.js:7:7848
    at Ac (https://www.greencity.cx.ua/chunk-NUXSP4TM.js:7:2222)
    at S0.next (https://www.greencity.cx.ua/chunk-NUXSP4TM.js:7:7687), [2026-03-14T18:25:44.604Z] [SEVERE] https://www.greencity.cx.ua/chunk-NUXSP4TM.js 10:45939 "ERROR" TypeError: Cannot read properties of null (reading 'setValue')
    at n.quillContentChanged (https://www.greencity.cx.ua/chunk-VNNOUBDJ.js:1:16043)
    at https://www.greencity.cx.ua/chunk-VNNOUBDJ.js:1:7223
    at eE (https://www.greencity.cx.ua/chunk-NUXSP4TM.js:11:76097)
    at Object.o [as next] (https://www.greencity.cx.ua/chunk-NUXSP4TM.js:11:76277)
    at bv.next (https://www.greencity.cx.ua/chunk-NUXSP4TM.js:7:3120)
    at Fr._next (https://www.greencity.cx.ua/chunk-NUXSP4TM.js:7:2803)
    at Fr.next (https://www.greencity.cx.ua/chunk-NUXSP4TM.js:7:2530)
    at https://www.greencity.cx.ua/chunk-NUXSP4TM.js:7:7848
    at Ac (https://www.greencity.cx.ua/chunk-NUXSP4TM.js:7:2222)
    at S0.next (https://www.greencity.cx.ua/chunk-NUXSP4TM.js:7:7687), [2026-03-14T18:25:44.607Z] [SEVERE] https://www.greencity.cx.ua/chunk-NUXSP4TM.js 10:45939 "ERROR" TypeError: Cannot read properties of null (reading 'setValue')
    at n.quillContentChanged (https://www.greencity.cx.ua/chunk-VNNOUBDJ.js:1:16043)
    at https://www.greencity.cx.ua/chunk-VNNOUBDJ.js:1:7223
    at eE (https://www.greencity.cx.ua/chunk-NUXSP4TM.js:11:76097)
    at Object.o [as next] (https://www.greencity.cx.ua/chunk-NUXSP4TM.js:11:76277)
    at bv.next (https://www.greencity.cx.ua/chunk-NUXSP4TM.js:7:3120)
    at Fr._next (https://www.greencity.cx.ua/chunk-NUXSP4TM.js:7:2803)
    at Fr.next (https://www.greencity.cx.ua/chunk-NUXSP4TM.js:7:2530)
    at https://www.greencity.cx.ua/chunk-NUXSP4TM.js:7:7848
    at Ac (https://www.greencity.cx.ua/chunk-NUXSP4TM.js:7:2222)
    at S0.next (https://www.greencity.cx.ua/chunk-NUXSP4TM.js:7:7687), [2026-03-14T18:25:44.609Z] [SEVERE] https://www.greencity.cx.ua/chunk-NUXSP4TM.js 10:45939 "ERROR" TypeError: Cannot read properties of null (reading 'setValue')
    at n.quillContentChanged (https://www.greencity.cx.ua/chunk-VNNOUBDJ.js:1:16043)
    at https://www.greencity.cx.ua/chunk-VNNOUBDJ.js:1:7223
    at eE (https://www.greencity.cx.ua/chunk-NUXSP4TM.js:11:76097)
    at Object.o [as next] (https://www.greencity.cx.ua/chunk-NUXSP4TM.js:11:76277)
    at bv.next (https://www.greencity.cx.ua/chunk-NUXSP4TM.js:7:3120)
    at Fr._next (https://www.greencity.cx.ua/chunk-NUXSP4TM.js:7:2803)
    at Fr.next (https://www.greencity.cx.ua/chunk-NUXSP4TM.js:7:2530)
    at https://www.greencity.cx.ua/chunk-NUXSP4TM.js:7:7848
    at Ac (https://www.greencity.cx.ua/chunk-NUXSP4TM.js:7:2222)
    at S0.next (https://www.greencity.cx.ua/chunk-NUXSP4TM.js:7:7687), [2026-03-14T18:25:44.611Z] [SEVERE] https://www.greencity.cx.ua/chunk-NUXSP4TM.js 10:45939 "ERROR" TypeError: Cannot read properties of null (reading 'setValue')
    at n.quillContentChanged (https://www.greencity.cx.ua/chunk-VNNOUBDJ.js:1:16043)
    at https://www.greencity.cx.ua/chunk-VNNOUBDJ.js:1:7223
    at eE (https://www.greencity.cx.ua/chunk-NUXSP4TM.js:11:76097)
    at Object.o [as next] (https://www.greencity.cx.ua/chunk-NUXSP4TM.js:11:76277)
    at bv.next (https://www.greencity.cx.ua/chunk-NUXSP4TM.js:7:3120)
    at Fr._next (https://www.greencity.cx.ua/chunk-NUXSP4TM.js:7:2803)
    at Fr.next (https://www.greencity.cx.ua/chunk-NUXSP4TM.js:7:2530)
    at https://www.greencity.cx.ua/chunk-NUXSP4TM.js:7:7848
    at Ac (https://www.greencity.cx.ua/chunk-NUXSP4TM.js:7:2222)
    at S0.next (https://www.greencity.cx.ua/chunk-NUXSP4TM.js:7:7687), [2026-03-14T18:25:44.614Z] [SEVERE] https://www.greencity.cx.ua/chunk-NUXSP4TM.js 10:45939 "ERROR" TypeError: Cannot read properties of null (reading 'setValue')
    at n.quillContentChanged (https://www.greencity.cx.ua/chunk-VNNOUBDJ.js:1:16043)
    at https://www.greencity.cx.ua/chunk-VNNOUBDJ.js:1:7223
    at eE (https://www.greencity.cx.ua/chunk-NUXSP4TM.js:11:76097)
    at Object.o [as next] (https://www.greencity.cx.ua/chunk-NUXSP4TM.js:11:76277)
    at bv.next (https://www.greencity.cx.ua/chunk-NUXSP4TM.js:7:3120)
    at Fr._next (https://www.greencity.cx.ua/chunk-NUXSP4TM.js:7:2803)
    at Fr.next (https://www.greencity.cx.ua/chunk-NUXSP4TM.js:7:2530)
    at https://www.greencity.cx.ua/chunk-NUXSP4TM.js:7:7848
    at Ac (https://www.greencity.cx.ua/chunk-NUXSP4TM.js:7:2222)
    at S0.next (https://www.greencity.cx.ua/chunk-NUXSP4TM.js:7:7687), [2026-03-14T18:25:44.617Z] [SEVERE] https://www.greencity.cx.ua/chunk-NUXSP4TM.js 10:45939 "ERROR" TypeError: Cannot read properties of null (reading 'setValue')
    at n.quillContentChanged (https://www.greencity.cx.ua/chunk-VNNOUBDJ.js:1:16043)
    at https://www.greencity.cx.ua/chunk-VNNOUBDJ.js:1:7223
    at eE (https://www.greencity.cx.ua/chunk-NUXSP4TM.js:11:76097)
    at Object.o [as next] (https://www.greencity.cx.ua/chunk-NUXSP4TM.js:11:76277)
    at bv.next (https://www.greencity.cx.ua/chunk-NUXSP4TM.js:7:3120)
    at Fr._next (https://www.greencity.cx.ua/chunk-NUXSP4TM.js:7:2803)
    at Fr.next (https://www.greencity.cx.ua/chunk-NUXSP4TM.js:7:2530)
    at https://www.greencity.cx.ua/chunk-NUXSP4TM.js:7:7848
    at Ac (https://www.greencity.cx.ua/chunk-NUXSP4TM.js:7:2222)
    at S0.next (https://www.greencity.cx.ua/chunk-NUXSP4TM.js:7:7687), [2026-03-14T18:25:44.619Z] [SEVERE] https://www.greencity.cx.ua/chunk-NUXSP4TM.js 10:45939 "ERROR" TypeError: Cannot read properties of null (reading 'setValue')
    at n.quillContentChanged (https://www.greencity.cx.ua/chunk-VNNOUBDJ.js:1:16043)
    at https://www.greencity.cx.ua/chunk-VNNOUBDJ.js:1:7223
    at eE (https://www.greencity.cx.ua/chunk-NUXSP4TM.js:11:76097)
    at Object.o [as next] (https://www.greencity.cx.ua/chunk-NUXSP4TM.js:11:76277)
    at bv.next (https://www.greencity.cx.ua/chunk-NUXSP4TM.js:7:3120)
    at Fr._next (https://www.greencity.cx.ua/chunk-NUXSP4TM.js:7:2803)
    at Fr.next (https://www.greencity.cx.ua/chunk-NUXSP4TM.js:7:2530)
    at https://www.greencity.cx.ua/chunk-NUXSP4TM.js:7:7848
    at Ac (https://www.greencity.cx.ua/chunk-NUXSP4TM.js:7:2222)
    at S0.next (https://www.greencity.cx.ua/chunk-NUXSP4TM.js:7:7687), [2026-03-14T18:25:44.622Z] [SEVERE] https://www.greencity.cx.ua/chunk-NUXSP4TM.js 10:45939 "ERROR" TypeError: Cannot read properties of null (reading 'setValue')
    at n.quillContentChanged (https://www.greencity.cx.ua/chunk-VNNOUBDJ.js:1:16043)
    at https://www.greencity.cx.ua/chunk-VNNOUBDJ.js:1:7223
    at eE (https://www.greencity.cx.ua/chunk-NUXSP4TM.js:11:76097)
    at Object.o [as next] (https://www.greencity.cx.ua/chunk-NUXSP4TM.js:11:76277)
    at bv.next (https://www.greencity.cx.ua/chunk-NUXSP4TM.js:7:3120)
    at Fr._next (https://www.greencity.cx.ua/chunk-NUXSP4TM.js:7:2803)
    at Fr.next (https://www.greencity.cx.ua/chunk-NUXSP4TM.js:7:2530)
    at https://www.greencity.cx.ua/chunk-NUXSP4TM.js:7:7848
    at Ac (https://www.greencity.cx.ua/chunk-NUXSP4TM.js:7:2222)
    at S0.next (https://www.greencity.cx.ua/chunk-NUXSP4TM.js:7:7687), [2026-03-14T18:25:44.624Z] [SEVERE] https://www.greencity.cx.ua/chunk-NUXSP4TM.js 10:45939 "ERROR" TypeError: Cannot read properties of null (reading 'setValue')
    at n.quillContentChanged (https://www.greencity.cx.ua/chunk-VNNOUBDJ.js:1:16043)
    at https://www.greencity.cx.ua/chunk-VNNOUBDJ.js:1:7223
    at eE (https://www.greencity.cx.ua/chunk-NUXSP4TM.js:11:76097)
    at Object.o [as next] (https://www.greencity.cx.ua/chunk-NUXSP4TM.js:11:76277)
    at bv.next (https://www.greencity.cx.ua/chunk-NUXSP4TM.js:7:3120)
    at Fr._next (https://www.greencity.cx.ua/chunk-NUXSP4TM.js:7:2803)
    at Fr.next (https://www.greencity.cx.ua/chunk-NUXSP4TM.js:7:2530)
    at https://www.greencity.cx.ua/chunk-NUXSP4TM.js:7:7848
    at Ac (https://www.greencity.cx.ua/chunk-NUXSP4TM.js:7:2222)
    at S0.next (https://www.greencity.cx.ua/chunk-NUXSP4TM.js:7:7687), [2026-03-14T18:25:44.626Z] [SEVERE] https://www.greencity.cx.ua/chunk-NUXSP4TM.js 10:45939 "ERROR" TypeError: Cannot read properties of null (reading 'setValue')
    at n.quillContentChanged (https://www.greencity.cx.ua/chunk-VNNOUBDJ.js:1:16043)
    at https://www.greencity.cx.ua/chunk-VNNOUBDJ.js:1:7223
    at eE (https://www.greencity.cx.ua/chunk-NUXSP4TM.js:11:76097)
    at Object.o [as next] (https://www.greencity.cx.ua/chunk-NUXSP4TM.js:11:76277)
    at bv.next (https://www.greencity.cx.ua/chunk-NUXSP4TM.js:7:3120)
    at Fr._next (https://www.greencity.cx.ua/chunk-NUXSP4TM.js:7:2803)
    at Fr.next (https://www.greencity.cx.ua/chunk-NUXSP4TM.js:7:2530)
    at https://www.greencity.cx.ua/chunk-NUXSP4TM.js:7:7848
    at Ac (https://www.greencity.cx.ua/chunk-NUXSP4TM.js:7:2222)
    at S0.next (https://www.greencity.cx.ua/chunk-NUXSP4TM.js:7:7687), [2026-03-14T18:25:44.628Z] [SEVERE] https://www.greencity.cx.ua/chunk-NUXSP4TM.js 10:45939 "ERROR" TypeError: Cannot read properties of null (reading 'setValue')
    at n.quillContentChanged (https://www.greencity.cx.ua/chunk-VNNOUBDJ.js:1:16043)
    at https://www.greencity.cx.ua/chunk-VNNOUBDJ.js:1:7223
    at eE (https://www.greencity.cx.ua/chunk-NUXSP4TM.js:11:76097)
    at Object.o [as next] (https://www.greencity.cx.ua/chunk-NUXSP4TM.js:11:76277)
    at bv.next (https://www.greencity.cx.ua/chunk-NUXSP4TM.js:7:3120)
    at Fr._next (https://www.greencity.cx.ua/chunk-NUXSP4TM.js:7:2803)
    at Fr.next (https://www.greencity.cx.ua/chunk-NUXSP4TM.js:7:2530)
    at https://www.greencity.cx.ua/chunk-NUXSP4TM.js:7:7848
    at Ac (https://www.greencity.cx.ua/chunk-NUXSP4TM.js:7:2222)
    at S0.next (https://www.greencity.cx.ua/chunk-NUXSP4TM.js:7:7687), [2026-03-14T18:25:44.631Z] [SEVERE] https://www.greencity.cx.ua/chunk-NUXSP4TM.js 10:45939 "ERROR" TypeError: Cannot read properties of null (reading 'setValue')
    at n.quillContentChanged (https://www.greencity.cx.ua/chunk-VNNOUBDJ.js:1:16043)
    at https://www.greencity.cx.ua/chunk-VNNOUBDJ.js:1:7223
    at eE (https://www.greencity.cx.ua/chunk-NUXSP4TM.js:11:76097)
    at Object.o [as next] (https://www.greencity.cx.ua/chunk-NUXSP4TM.js:11:76277)
    at bv.next (https://www.greencity.cx.ua/chunk-NUXSP4TM.js:7:3120)
    at Fr._next (https://www.greencity.cx.ua/chunk-NUXSP4TM.js:7:2803)
    at Fr.next (https://www.greencity.cx.ua/chunk-NUXSP4TM.js:7:2530)
    at https://www.greencity.cx.ua/chunk-NUXSP4TM.js:7:7848
    at Ac (https://www.greencity.cx.ua/chunk-NUXSP4TM.js:7:2222)
    at S0.next (https://www.greencity.cx.ua/chunk-NUXSP4TM.js:7:7687), [2026-03-14T18:25:44.633Z] [SEVERE] https://www.greencity.cx.ua/chunk-NUXSP4TM.js 10:45939 "ERROR" TypeError: Cannot read properties of null (reading 'setValue')
    at n.quillContentChanged (https://www.greencity.cx.ua/chunk-VNNOUBDJ.js:1:16043)
    at https://www.greencity.cx.ua/chunk-VNNOUBDJ.js:1:7223
    at eE (https://www.greencity.cx.ua/chunk-NUXSP4TM.js:11:76097)
    at Object.o [as next] (https://www.greencity.cx.ua/chunk-NUXSP4TM.js:11:76277)
    at bv.next (https://www.greencity.cx.ua/chunk-NUXSP4TM.js:7:3120)
    at Fr._next (https://www.greencity.cx.ua/chunk-NUXSP4TM.js:7:2803)
    at Fr.next (https://www.greencity.cx.ua/chunk-NUXSP4TM.js:7:2530)
    at https://www.greencity.cx.ua/chunk-NUXSP4TM.js:7:7848
    at Ac (https://www.greencity.cx.ua/chunk-NUXSP4TM.js:7:2222)
    at S0.next (https://www.greencity.cx.ua/chunk-NUXSP4TM.js:7:7687), [2026-03-14T18:25:44.636Z] [SEVERE] https://www.greencity.cx.ua/chunk-NUXSP4TM.js 10:45939 "ERROR" TypeError: Cannot read properties of null (reading 'setValue')
    at n.quillContentChanged (https://www.greencity.cx.ua/chunk-VNNOUBDJ.js:1:16043)
    at https://www.greencity.cx.ua/chunk-VNNOUBDJ.js:1:7223
    at eE (https://www.greencity.cx.ua/chunk-NUXSP4TM.js:11:76097)
    at Object.o [as next] (https://www.greencity.cx.ua/chunk-NUXSP4TM.js:11:76277)
    at bv.next (https://www.greencity.cx.ua/chunk-NUXSP4TM.js:7:3120)
    at Fr._next (https://www.greencity.cx.ua/chunk-NUXSP4TM.js:7:2803)
    at Fr.next (https://www.greencity.cx.ua/chunk-NUXSP4TM.js:7:2530)
    at https://www.greencity.cx.ua/chunk-NUXSP4TM.js:7:7848
    at Ac (https://www.greencity.cx.ua/chunk-NUXSP4TM.js:7:2222)
    at S0.next (https://www.greencity.cx.ua/chunk-NUXSP4TM.js:7:7687), [2026-03-14T18:25:44.639Z] [SEVERE] https://www.greencity.cx.ua/chunk-NUXSP4TM.js 10:45939 "ERROR" TypeError: Cannot read properties of null (reading 'setValue')
    at n.quillContentChanged (https://www.greencity.cx.ua/chunk-VNNOUBDJ.js:1:16043)
    at https://www.greencity.cx.ua/chunk-VNNOUBDJ.js:1:7223
    at eE (https://www.greencity.cx.ua/chunk-NUXSP4TM.js:11:76097)
    at Object.o [as next] (https://www.greencity.cx.ua/chunk-NUXSP4TM.js:11:76277)
    at bv.next (https://www.greencity.cx.ua/chunk-NUXSP4TM.js:7:3120)
    at Fr._next (https://www.greencity.cx.ua/chunk-NUXSP4TM.js:7:2803)
    at Fr.next (https://www.greencity.cx.ua/chunk-NUXSP4TM.js:7:2530)
    at https://www.greencity.cx.ua/chunk-NUXSP4TM.js:7:7848
    at Ac (https://www.greencity.cx.ua/chunk-NUXSP4TM.js:7:2222)
    at S0.next (https://www.greencity.cx.ua/chunk-NUXSP4TM.js:7:7687), [2026-03-14T18:25:44.641Z] [SEVERE] https://www.greencity.cx.ua/chunk-NUXSP4TM.js 10:45939 "ERROR" TypeError: Cannot read properties of null (reading 'setValue')
    at n.quillContentChanged (https://www.greencity.cx.ua/chunk-VNNOUBDJ.js:1:16043)
    at https://www.greencity.cx.ua/chunk-VNNOUBDJ.js:1:7223
    at eE (https://www.greencity.cx.ua/chunk-NUXSP4TM.js:11:76097)
    at Object.o [as next] (https://www.greencity.cx.ua/chunk-NUXSP4TM.js:11:76277)
    at bv.next (https://www.greencity.cx.ua/chunk-NUXSP4TM.js:7:3120)
    at Fr._next (https://www.greencity.cx.ua/chunk-NUXSP4TM.js:7:2803)
    at Fr.next (https://www.greencity.cx.ua/chunk-NUXSP4TM.js:7:2530)
    at https://www.greencity.cx.ua/chunk-NUXSP4TM.js:7:7848
    at Ac (https://www.greencity.cx.ua/chunk-NUXSP4TM.js:7:2222)
    at S0.next (https://www.greencity.cx.ua/chunk-NUXSP4TM.js:7:7687), [2026-03-14T18:25:44.643Z] [SEVERE] https://www.greencity.cx.ua/chunk-NUXSP4TM.js 10:45939 "ERROR" TypeError: Cannot read properties of null (reading 'setValue')
    at n.quillContentChanged (https://www.greencity.cx.ua/chunk-VNNOUBDJ.js:1:16043)
    at https://www.greencity.cx.ua/chunk-VNNOUBDJ.js:1:7223
    at eE (https://www.greencity.cx.ua/chunk-NUXSP4TM.js:11:76097)
    at Object.o [as next] (https://www.greencity.cx.ua/chunk-NUXSP4TM.js:11:76277)
    at bv.next (https://www.greencity.cx.ua/chunk-NUXSP4TM.js:7:3120)
    at Fr._next (https://www.greencity.cx.ua/chunk-NUXSP4TM.js:7:2803)
    at Fr.next (https://www.greencity.cx.ua/chunk-NUXSP4TM.js:7:2530)
    at https://www.greencity.cx.ua/chunk-NUXSP4TM.js:7:7848
    at Ac (https://www.greencity.cx.ua/chunk-NUXSP4TM.js:7:2222)
    at S0.next (https://www.greencity.cx.ua/chunk-NUXSP4TM.js:7:7687), [2026-03-14T18:25:44.646Z] [SEVERE] https://www.greencity.cx.ua/chunk-NUXSP4TM.js 10:45939 "ERROR" TypeError: Cannot read properties of null (reading 'setValue')
    at n.quillContentChanged (https://www.greencity.cx.ua/chunk-VNNOUBDJ.js:1:16043)
    at https://www.greencity.cx.ua/chunk-VNNOUBDJ.js:1:7223
    at eE (https://www.greencity.cx.ua/chunk-NUXSP4TM.js:11:76097)
    at Object.o [as next] (https://www.greencity.cx.ua/chunk-NUXSP4TM.js:11:76277)
    at bv.next (https://www.greencity.cx.ua/chunk-NUXSP4TM.js:7:3120)
    at Fr._next (https://www.greencity.cx.ua/chunk-NUXSP4TM.js:7:2803)
    at Fr.next (https://www.greencity.cx.ua/chunk-NUXSP4TM.js:7:2530)
    at https://www.greencity.cx.ua/chunk-NUXSP4TM.js:7:7848
    at Ac (https://www.greencity.cx.ua/chunk-NUXSP4TM.js:7:2222)
    at S0.next (https://www.greencity.cx.ua/chunk-NUXSP4TM.js:7:7687), [2026-03-14T18:25:44.648Z] [SEVERE] https://www.greencity.cx.ua/chunk-NUXSP4TM.js 10:45939 "ERROR" TypeError: Cannot read properties of null (reading 'setValue')
    at n.quillContentChanged (https://www.greencity.cx.ua/chunk-VNNOUBDJ.js:1:16043)
    at https://www.greencity.cx.ua/chunk-VNNOUBDJ.js:1:7223
    at eE (https://www.greencity.cx.ua/chunk-NUXSP4TM.js:11:76097)
    at Object.o [as next] (https://www.greencity.cx.ua/chunk-NUXSP4TM.js:11:76277)
    at bv.next (https://www.greencity.cx.ua/chunk-NUXSP4TM.js:7:3120)
    at Fr._next (https://www.greencity.cx.ua/chunk-NUXSP4TM.js:7:2803)
    at Fr.next (https://www.greencity.cx.ua/chunk-NUXSP4TM.js:7:2530)
    at https://www.greencity.cx.ua/chunk-NUXSP4TM.js:7:7848
    at Ac (https://www.greencity.cx.ua/chunk-NUXSP4TM.js:7:2222)
    at S0.next (https://www.greencity.cx.ua/chunk-NUXSP4TM.js:7:7687), [2026-03-14T18:25:44.650Z] [SEVERE] https://www.greencity.cx.ua/chunk-NUXSP4TM.js 10:45939 "ERROR" TypeError: Cannot read properties of null (reading 'setValue')
    at n.quillContentChanged (https://www.greencity.cx.ua/chunk-VNNOUBDJ.js:1:16043)
    at https://www.greencity.cx.ua/chunk-VNNOUBDJ.js:1:7223
    at eE (https://www.greencity.cx.ua/chunk-NUXSP4TM.js:11:76097)
    at Object.o [as next] (https://www.greencity.cx.ua/chunk-NUXSP4TM.js:11:76277)
    at bv.next (https://www.greencity.cx.ua/chunk-NUXSP4TM.js:7:3120)
    at Fr._next (https://www.greencity.cx.ua/chunk-NUXSP4TM.js:7:2803)
    at Fr.next (https://www.greencity.cx.ua/chunk-NUXSP4TM.js:7:2530)
    at https://www.greencity.cx.ua/chunk-NUXSP4TM.js:7:7848
    at Ac (https://www.greencity.cx.ua/chunk-NUXSP4TM.js:7:2222)
    at S0.next (https://www.greencity.cx.ua/chunk-NUXSP4TM.js:7:7687), [2026-03-14T18:25:44.652Z] [SEVERE] https://www.greencity.cx.ua/chunk-NUXSP4TM.js 10:45939 "ERROR" TypeError: Cannot read properties of null (reading 'setValue')
    at n.quillContentChanged (https://www.greencity.cx.ua/chunk-VNNOUBDJ.js:1:16043)
    at https://www.greencity.cx.ua/chunk-VNNOUBDJ.js:1:7223
    at eE (https://www.greencity.cx.ua/chunk-NUXSP4TM.js:11:76097)
    at Object.o [as next] (https://www.greencity.cx.ua/chunk-NUXSP4TM.js:11:76277)
    at bv.next (https://www.greencity.cx.ua/chunk-NUXSP4TM.js:7:3120)
    at Fr._next (https://www.greencity.cx.ua/chunk-NUXSP4TM.js:7:2803)
    at Fr.next (https://www.greencity.cx.ua/chunk-NUXSP4TM.js:7:2530)
    at https://www.greencity.cx.ua/chunk-NUXSP4TM.js:7:7848
    at Ac (https://www.greencity.cx.ua/chunk-NUXSP4TM.js:7:2222)
    at S0.next (https://www.greencity.cx.ua/chunk-NUXSP4TM.js:7:7687), [2026-03-14T18:25:44.655Z] [SEVERE] https://www.greencity.cx.ua/chunk-NUXSP4TM.js 10:45939 "ERROR" TypeError: Cannot read properties of null (reading 'setValue')
    at n.quillContentChanged (https://www.greencity.cx.ua/chunk-VNNOUBDJ.js:1:16043)
    at https://www.greencity.cx.ua/chunk-VNNOUBDJ.js:1:7223
    at eE (https://www.greencity.cx.ua/chunk-NUXSP4TM.js:11:76097)
    at Object.o [as next] (https://www.greencity.cx.ua/chunk-NUXSP4TM.js:11:76277)
    at bv.next (https://www.greencity.cx.ua/chunk-NUXSP4TM.js:7:3120)
    at Fr._next (https://www.greencity.cx.ua/chunk-NUXSP4TM.js:7:2803)
    at Fr.next (https://www.greencity.cx.ua/chunk-NUXSP4TM.js:7:2530)
    at https://www.greencity.cx.ua/chunk-NUXSP4TM.js:7:7848
    at Ac (https://www.greencity.cx.ua/chunk-NUXSP4TM.js:7:2222)
    at S0.next (https://www.greencity.cx.ua/chunk-NUXSP4TM.js:7:7687), [2026-03-14T18:25:44.657Z] [SEVERE] https://www.greencity.cx.ua/chunk-NUXSP4TM.js 10:45939 "ERROR" TypeError: Cannot read properties of null (reading 'setValue')
    at n.quillContentChanged (https://www.greencity.cx.ua/chunk-VNNOUBDJ.js:1:16043)
    at https://www.greencity.cx.ua/chunk-VNNOUBDJ.js:1:7223
    at eE (https://www.greencity.cx.ua/chunk-NUXSP4TM.js:11:76097)
    at Object.o [as next] (https://www.greencity.cx.ua/chunk-NUXSP4TM.js:11:76277)
    at bv.next (https://www.greencity.cx.ua/chunk-NUXSP4TM.js:7:3120)
    at Fr._next (https://www.greencity.cx.ua/chunk-NUXSP4TM.js:7:2803)
    at Fr.next (https://www.greencity.cx.ua/chunk-NUXSP4TM.js:7:2530)
    at https://www.greencity.cx.ua/chunk-NUXSP4TM.js:7:7848
    at Ac (https://www.greencity.cx.ua/chunk-NUXSP4TM.js:7:2222)
    at S0.next (https://www.greencity.cx.ua/chunk-NUXSP4TM.js:7:7687), [2026-03-14T18:25:44.660Z] [SEVERE] https://www.greencity.cx.ua/chunk-NUXSP4TM.js 10:45939 "ERROR" TypeError: Cannot read properties of null (reading 'setValue')
    at n.quillContentChanged (https://www.greencity.cx.ua/chunk-VNNOUBDJ.js:1:16043)
    at https://www.greencity.cx.ua/chunk-VNNOUBDJ.js:1:7223
    at eE (https://www.greencity.cx.ua/chunk-NUXSP4TM.js:11:76097)
    at Object.o [as next] (https://www.greencity.cx.ua/chunk-NUXSP4TM.js:11:76277)
    at bv.next (https://www.greencity.cx.ua/chunk-NUXSP4TM.js:7:3120)
    at Fr._next (https://www.greencity.cx.ua/chunk-NUXSP4TM.js:7:2803)
    at Fr.next (https://www.greencity.cx.ua/chunk-NUXSP4TM.js:7:2530)
    at https://www.greencity.cx.ua/chunk-NUXSP4TM.js:7:7848
    at Ac (https://www.greencity.cx.ua/chunk-NUXSP4TM.js:7:2222)
    at S0.next (https://www.greencity.cx.ua/chunk-NUXSP4TM.js:7:7687), [2026-03-14T18:25:44.662Z] [SEVERE] https://www.greencity.cx.ua/chunk-NUXSP4TM.js 10:45939 "ERROR" TypeError: Cannot read properties of null (reading 'setValue')
    at n.quillContentChanged (https://www.greencity.cx.ua/chunk-VNNOUBDJ.js:1:16043)
    at https://www.greencity.cx.ua/chunk-VNNOUBDJ.js:1:7223
    at eE (https://www.greencity.cx.ua/chunk-NUXSP4TM.js:11:76097)
    at Object.o [as next] (https://www.greencity.cx.ua/chunk-NUXSP4TM.js:11:76277)
    at bv.next (https://www.greencity.cx.ua/chunk-NUXSP4TM.js:7:3120)
    at Fr._next (https://www.greencity.cx.ua/chunk-NUXSP4TM.js:7:2803)
    at Fr.next (https://www.greencity.cx.ua/chunk-NUXSP4TM.js:7:2530)
    at https://www.greencity.cx.ua/chunk-NUXSP4TM.js:7:7848
    at Ac (https://www.greencity.cx.ua/chunk-NUXSP4TM.js:7:2222)
    at S0.next (https://www.greencity.cx.ua/chunk-NUXSP4TM.js:7:7687), [2026-03-14T18:25:44.665Z] [SEVERE] https://www.greencity.cx.ua/chunk-NUXSP4TM.js 10:45939 "ERROR" TypeError: Cannot read properties of null (reading 'setValue')
    at n.quillContentChanged (https://www.greencity.cx.ua/chunk-VNNOUBDJ.js:1:16043)
    at https://www.greencity.cx.ua/chunk-VNNOUBDJ.js:1:7223
    at eE (https://www.greencity.cx.ua/chunk-NUXSP4TM.js:11:76097)
    at Object.o [as next] (https://www.greencity.cx.ua/chunk-NUXSP4TM.js:11:76277)
    at bv.next (https://www.greencity.cx.ua/chunk-NUXSP4TM.js:7:3120)
    at Fr._next (https://www.greencity.cx.ua/chunk-NUXSP4TM.js:7:2803)
    at Fr.next (https://www.greencity.cx.ua/chunk-NUXSP4TM.js:7:2530)
    at https://www.greencity.cx.ua/chunk-NUXSP4TM.js:7:7848
    at Ac (https://www.greencity.cx.ua/chunk-NUXSP4TM.js:7:2222)
    at S0.next (https://www.greencity.cx.ua/chunk-NUXSP4TM.js:7:7687), [2026-03-14T18:25:44.667Z] [SEVERE] https://www.greencity.cx.ua/chunk-NUXSP4TM.js 10:45939 "ERROR" TypeError: Cannot read properties of null (reading 'setValue')
    at n.quillContentChanged (https://www.greencity.cx.ua/chunk-VNNOUBDJ.js:1:16043)
    at https://www.greencity.cx.ua/chunk-VNNOUBDJ.js:1:7223
    at eE (https://www.greencity.cx.ua/chunk-NUXSP4TM.js:11:76097)
    at Object.o [as next] (https://www.greencity.cx.ua/chunk-NUXSP4TM.js:11:76277)
    at bv.next (https://www.greencity.cx.ua/chunk-NUXSP4TM.js:7:3120)
    at Fr._next (https://www.greencity.cx.ua/chunk-NUXSP4TM.js:7:2803)
    at Fr.next (https://www.greencity.cx.ua/chunk-NUXSP4TM.js:7:2530)
    at https://www.greencity.cx.ua/chunk-NUXSP4TM.js:7:7848
    at Ac (https://www.greencity.cx.ua/chunk-NUXSP4TM.js:7:2222)
    at S0.next (https://www.greencity.cx.ua/chunk-NUXSP4TM.js:7:7687), [2026-03-14T18:25:44.669Z] [SEVERE] https://www.greencity.cx.ua/chunk-NUXSP4TM.js 10:45939 "ERROR" TypeError: Cannot read properties of null (reading 'setValue')
    at n.quillContentChanged (https://www.greencity.cx.ua/chunk-VNNOUBDJ.js:1:16043)
    at https://www.greencity.cx.ua/chunk-VNNOUBDJ.js:1:7223
    at eE (https://www.greencity.cx.ua/chunk-NUXSP4TM.js:11:76097)
    at Object.o [as next] (https://www.greencity.cx.ua/chunk-NUXSP4TM.js:11:76277)
    at bv.next (https://www.greencity.cx.ua/chunk-NUXSP4TM.js:7:3120)
    at Fr._next (https://www.greencity.cx.ua/chunk-NUXSP4TM.js:7:2803)
    at Fr.next (https://www.greencity.cx.ua/chunk-NUXSP4TM.js:7:2530)
    at https://www.greencity.cx.ua/chunk-NUXSP4TM.js:7:7848
    at Ac (https://www.greencity.cx.ua/chunk-NUXSP4TM.js:7:2222)
    at S0.next (https://www.greencity.cx.ua/chunk-NUXSP4TM.js:7:7687), [2026-03-14T18:25:44.672Z] [SEVERE] https://www.greencity.cx.ua/chunk-NUXSP4TM.js 10:45939 "ERROR" TypeError: Cannot read properties of null (reading 'setValue')
    at n.quillContentChanged (https://www.greencity.cx.ua/chunk-VNNOUBDJ.js:1:16043)
    at https://www.greencity.cx.ua/chunk-VNNOUBDJ.js:1:7223
    at eE (https://www.greencity.cx.ua/chunk-NUXSP4TM.js:11:76097)
    at Object.o [as next] (https://www.greencity.cx.ua/chunk-NUXSP4TM.js:11:76277)
    at bv.next (https://www.greencity.cx.ua/chunk-NUXSP4TM.js:7:3120)
    at Fr._next (https://www.greencity.cx.ua/chunk-NUXSP4TM.js:7:2803)
    at Fr.next (https://www.greencity.cx.ua/chunk-NUXSP4TM.js:7:2530)
    at https://www.greencity.cx.ua/chunk-NUXSP4TM.js:7:7848
    at Ac (https://www.greencity.cx.ua/chunk-NUXSP4TM.js:7:2222)
    at S0.next (https://www.greencity.cx.ua/chunk-NUXSP4TM.js:7:7687), [2026-03-14T18:25:44.674Z] [SEVERE] https://www.greencity.cx.ua/chunk-NUXSP4TM.js 10:45939 "ERROR" TypeError: Cannot read properties of null (reading 'setValue')
    at n.quillContentChanged (https://www.greencity.cx.ua/chunk-VNNOUBDJ.js:1:16043)
    at https://www.greencity.cx.ua/chunk-VNNOUBDJ.js:1:7223
    at eE (https://www.greencity.cx.ua/chunk-NUXSP4TM.js:11:76097)
    at Object.o [as next] (https://www.greencity.cx.ua/chunk-NUXSP4TM.js:11:76277)
    at bv.next (https://www.greencity.cx.ua/chunk-NUXSP4TM.js:7:3120)
    at Fr._next (https://www.greencity.cx.ua/chunk-NUXSP4TM.js:7:2803)
    at Fr.next (https://www.greencity.cx.ua/chunk-NUXSP4TM.js:7:2530)
    at https://www.greencity.cx.ua/chunk-NUXSP4TM.js:7:7848
    at Ac (https://www.greencity.cx.ua/chunk-NUXSP4TM.js:7:2222)
    at S0.next (https://www.greencity.cx.ua/chunk-NUXSP4TM.js:7:7687), [2026-03-14T18:25:44.677Z] [SEVERE] https://www.greencity.cx.ua/chunk-NUXSP4TM.js 10:45939 "ERROR" TypeError: Cannot read properties of null (reading 'setValue')
    at n.quillContentChanged (https://www.greencity.cx.ua/chunk-VNNOUBDJ.js:1:16043)
    at https://www.greencity.cx.ua/chunk-VNNOUBDJ.js:1:7223
    at eE (https://www.greencity.cx.ua/chunk-NUXSP4TM.js:11:76097)
    at Object.o [as next] (https://www.greencity.cx.ua/chunk-NUXSP4TM.js:11:76277)
    at bv.next (https://www.greencity.cx.ua/chunk-NUXSP4TM.js:7:3120)
    at Fr._next (https://www.greencity.cx.ua/chunk-NUXSP4TM.js:7:2803)
    at Fr.next (https://www.greencity.cx.ua/chunk-NUXSP4TM.js:7:2530)
    at https://www.greencity.cx.ua/chunk-NUXSP4TM.js:7:7848
    at Ac (https://www.greencity.cx.ua/chunk-NUXSP4TM.js:7:2222)
    at S0.next (https://www.greencity.cx.ua/chunk-NUXSP4TM.js:7:7687), [2026-03-14T18:25:44.679Z] [SEVERE] https://www.greencity.cx.ua/chunk-NUXSP4TM.js 10:45939 "ERROR" TypeError: Cannot read properties of null (reading 'setValue')
    at n.quillContentChanged (https://www.greencity.cx.ua/chunk-VNNOUBDJ.js:1:16043)
    at https://www.greencity.cx.ua/chunk-VNNOUBDJ.js:1:7223
    at eE (https://www.greencity.cx.ua/chunk-NUXSP4TM.js:11:76097)
    at Object.o [as next] (https://www.greencity.cx.ua/chunk-NUXSP4TM.js:11:76277)
    at bv.next (https://www.greencity.cx.ua/chunk-NUXSP4TM.js:7:3120)
    at Fr._next (https://www.greencity.cx.ua/chunk-NUXSP4TM.js:7:2803)
    at Fr.next (https://www.greencity.cx.ua/chunk-NUXSP4TM.js:7:2530)
    at https://www.greencity.cx.ua/chunk-NUXSP4TM.js:7:7848
    at Ac (https://www.greencity.cx.ua/chunk-NUXSP4TM.js:7:2222)
    at S0.next (https://www.greencity.cx.ua/chunk-NUXSP4TM.js:7:7687), [2026-03-14T18:25:44.682Z] [SEVERE] https://www.greencity.cx.ua/chunk-NUXSP4TM.js 10:45939 "ERROR" TypeError: Cannot read properties of null (reading 'setValue')
    at n.quillContentChanged (https://www.greencity.cx.ua/chunk-VNNOUBDJ.js:1:16043)
    at https://www.greencity.cx.ua/chunk-VNNOUBDJ.js:1:7223
    at eE (https://www.greencity.cx.ua/chunk-NUXSP4TM.js:11:76097)
    at Object.o [as next] (https://www.greencity.cx.ua/chunk-NUXSP4TM.js:11:76277)
    at bv.next (https://www.greencity.cx.ua/chunk-NUXSP4TM.js:7:3120)
    at Fr._next (https://www.greencity.cx.ua/chunk-NUXSP4TM.js:7:2803)
    at Fr.next (https://www.greencity.cx.ua/chunk-NUXSP4TM.js:7:2530)
    at https://www.greencity.cx.ua/chunk-NUXSP4TM.js:7:7848
    at Ac (https://www.greencity.cx.ua/chunk-NUXSP4TM.js:7:2222)
    at S0.next (https://www.greencity.cx.ua/chunk-NUXSP4TM.js:7:7687), [2026-03-14T18:25:44.685Z] [SEVERE] https://www.greencity.cx.ua/chunk-NUXSP4TM.js 10:45939 "ERROR" TypeError: Cannot read properties of null (reading 'setValue')
    at n.quillContentChanged (https://www.greencity.cx.ua/chunk-VNNOUBDJ.js:1:16043)
    at https://www.greencity.cx.ua/chunk-VNNOUBDJ.js:1:7223
    at eE (https://www.greencity.cx.ua/chunk-NUXSP4TM.js:11:76097)
    at Object.o [as next] (https://www.greencity.cx.ua/chunk-NUXSP4TM.js:11:76277)
    at bv.next (https://www.greencity.cx.ua/chunk-NUXSP4TM.js:7:3120)
    at Fr._next (https://www.greencity.cx.ua/chunk-NUXSP4TM.js:7:2803)
    at Fr.next (https://www.greencity.cx.ua/chunk-NUXSP4TM.js:7:2530)
    at https://www.greencity.cx.ua/chunk-NUXSP4TM.js:7:7848
    at Ac (https://www.greencity.cx.ua/chunk-NUXSP4TM.js:7:2222)
    at S0.next (https://www.greencity.cx.ua/chunk-NUXSP4TM.js:7:7687), [2026-03-14T18:25:44.687Z] [SEVERE] https://www.greencity.cx.ua/chunk-NUXSP4TM.js 10:45939 "ERROR" TypeError: Cannot read properties of null (reading 'setValue')
    at n.quillContentChanged (https://www.greencity.cx.ua/chunk-VNNOUBDJ.js:1:16043)
    at https://www.greencity.cx.ua/chunk-VNNOUBDJ.js:1:7223
    at eE (https://www.greencity.cx.ua/chunk-NUXSP4TM.js:11:76097)
    at Object.o [as next] (https://www.greencity.cx.ua/chunk-NUXSP4TM.js:11:76277)
    at bv.next (https://www.greencity.cx.ua/chunk-NUXSP4TM.js:7:3120)
    at Fr._next (https://www.greencity.cx.ua/chunk-NUXSP4TM.js:7:2803)
    at Fr.next (https://www.greencity.cx.ua/chunk-NUXSP4TM.js:7:2530)
    at https://www.greencity.cx.ua/chunk-NUXSP4TM.js:7:7848
    at Ac (https://www.greencity.cx.ua/chunk-NUXSP4TM.js:7:2222)
    at S0.next (https://www.greencity.cx.ua/chunk-NUXSP4TM.js:7:7687), [2026-03-14T18:25:44.690Z] [SEVERE] https://www.greencity.cx.ua/chunk-NUXSP4TM.js 10:45939 "ERROR" TypeError: Cannot read properties of null (reading 'setValue')
    at n.quillContentChanged (https://www.greencity.cx.ua/chunk-VNNOUBDJ.js:1:16043)
    at https://www.greencity.cx.ua/chunk-VNNOUBDJ.js:1:7223
    at eE (https://www.greencity.cx.ua/chunk-NUXSP4TM.js:11:76097)
    at Object.o [as next] (https://www.greencity.cx.ua/chunk-NUXSP4TM.js:11:76277)
    at bv.next (https://www.greencity.cx.ua/chunk-NUXSP4TM.js:7:3120)
    at Fr._next (https://www.greencity.cx.ua/chunk-NUXSP4TM.js:7:2803)
    at Fr.next (https://www.greencity.cx.ua/chunk-NUXSP4TM.js:7:2530)
    at https://www.greencity.cx.ua/chunk-NUXSP4TM.js:7:7848
    at Ac (https://www.greencity.cx.ua/chunk-NUXSP4TM.js:7:2222)
    at S0.next (https://www.greencity.cx.ua/chunk-NUXSP4TM.js:7:7687), [2026-03-14T18:25:44.692Z] [SEVERE] https://www.greencity.cx.ua/chunk-NUXSP4TM.js 10:45939 "ERROR" TypeError: Cannot read properties of null (reading 'setValue')
    at n.quillContentChanged (https://www.greencity.cx.ua/chunk-VNNOUBDJ.js:1:16043)
    at https://www.greencity.cx.ua/chunk-VNNOUBDJ.js:1:7223
    at eE (https://www.greencity.cx.ua/chunk-NUXSP4TM.js:11:76097)
    at Object.o [as next] (https://www.greencity.cx.ua/chunk-NUXSP4TM.js:11:76277)
    at bv.next (https://www.greencity.cx.ua/chunk-NUXSP4TM.js:7:3120)
    at Fr._next (https://www.greencity.cx.ua/chunk-NUXSP4TM.js:7:2803)
    at Fr.next (https://www.greencity.cx.ua/chunk-NUXSP4TM.js:7:2530)
    at https://www.greencity.cx.ua/chunk-NUXSP4TM.js:7:7848
    at Ac (https://www.greencity.cx.ua/chunk-NUXSP4TM.js:7:2222)
    at S0.next (https://www.greencity.cx.ua/chunk-NUXSP4TM.js:7:7687), [2026-03-14T18:25:44.695Z] [SEVERE] https://www.greencity.cx.ua/chunk-NUXSP4TM.js 10:45939 "ERROR" TypeError: Cannot read properties of null (reading 'setValue')
    at n.quillContentChanged (https://www.greencity.cx.ua/chunk-VNNOUBDJ.js:1:16043)
    at https://www.greencity.cx.ua/chunk-VNNOUBDJ.js:1:7223
    at eE (https://www.greencity.cx.ua/chunk-NUXSP4TM.js:11:76097)
    at Object.o [as next] (https://www.greencity.cx.ua/chunk-NUXSP4TM.js:11:76277)
    at bv.next (https://www.greencity.cx.ua/chunk-NUXSP4TM.js:7:3120)
    at Fr._next (https://www.greencity.cx.ua/chunk-NUXSP4TM.js:7:2803)
    at Fr.next (https://www.greencity.cx.ua/chunk-NUXSP4TM.js:7:2530)
    at https://www.greencity.cx.ua/chunk-NUXSP4TM.js:7:7848
    at Ac (https://www.greencity.cx.ua/chunk-NUXSP4TM.js:7:2222)
    at S0.next (https://www.greencity.cx.ua/chunk-NUXSP4TM.js:7:7687), [2026-03-14T18:25:44.697Z] [SEVERE] https://www.greencity.cx.ua/chunk-NUXSP4TM.js 10:45939 "ERROR" TypeError: Cannot read properties of null (reading 'setValue')
    at n.quillContentChanged (https://www.greencity.cx.ua/chunk-VNNOUBDJ.js:1:16043)
    at https://www.greencity.cx.ua/chunk-VNNOUBDJ.js:1:7223
    at eE (https://www.greencity.cx.ua/chunk-NUXSP4TM.js:11:76097)
    at Object.o [as next] (https://www.greencity.cx.ua/chunk-NUXSP4TM.js:11:76277)
    at bv.next (https://www.greencity.cx.ua/chunk-NUXSP4TM.js:7:3120)
    at Fr._next (https://www.greencity.cx.ua/chunk-NUXSP4TM.js:7:2803)
    at Fr.next (https://www.greencity.cx.ua/chunk-NUXSP4TM.js:7:2530)
    at https://www.greencity.cx.ua/chunk-NUXSP4TM.js:7:7848
    at Ac (https://www.greencity.cx.ua/chunk-NUXSP4TM.js:7:2222)
    at S0.next (https://www.greencity.cx.ua/chunk-NUXSP4TM.js:7:7687), [2026-03-14T18:25:44.700Z] [SEVERE] https://www.greencity.cx.ua/chunk-NUXSP4TM.js 10:45939 "ERROR" TypeError: Cannot read properties of null (reading 'setValue')
    at n.quillContentChanged (https://www.greencity.cx.ua/chunk-VNNOUBDJ.js:1:16043)
    at https://www.greencity.cx.ua/chunk-VNNOUBDJ.js:1:7223
    at eE (https://www.greencity.cx.ua/chunk-NUXSP4TM.js:11:76097)
    at Object.o [as next] (https://www.greencity.cx.ua/chunk-NUXSP4TM.js:11:76277)
    at bv.next (https://www.greencity.cx.ua/chunk-NUXSP4TM.js:7:3120)
    at Fr._next (https://www.greencity.cx.ua/chunk-NUXSP4TM.js:7:2803)
    at Fr.next (https://www.greencity.cx.ua/chunk-NUXSP4TM.js:7:2530)
    at https://www.greencity.cx.ua/chunk-NUXSP4TM.js:7:7848
    at Ac (https://www.greencity.cx.ua/chunk-NUXSP4TM.js:7:2222)
    at S0.next (https://www.greencity.cx.ua/chunk-NUXSP4TM.js:7:7687), [2026-03-14T18:25:44.702Z] [SEVERE] https://www.greencity.cx.ua/chunk-NUXSP4TM.js 10:45939 "ERROR" TypeError: Cannot read properties of null (reading 'setValue')
    at n.quillContentChanged (https://www.greencity.cx.ua/chunk-VNNOUBDJ.js:1:16043)
    at https://www.greencity.cx.ua/chunk-VNNOUBDJ.js:1:7223
    at eE (https://www.greencity.cx.ua/chunk-NUXSP4TM.js:11:76097)
    at Object.o [as next] (https://www.greencity.cx.ua/chunk-NUXSP4TM.js:11:76277)
    at bv.next (https://www.greencity.cx.ua/chunk-NUXSP4TM.js:7:3120)
    at Fr._next (https://www.greencity.cx.ua/chunk-NUXSP4TM.js:7:2803)
    at Fr.next (https://www.greencity.cx.ua/chunk-NUXSP4TM.js:7:2530)
    at https://www.greencity.cx.ua/chunk-NUXSP4TM.js:7:7848
    at Ac (https://www.greencity.cx.ua/chunk-NUXSP4TM.js:7:2222)
    at S0.next (https://www.greencity.cx.ua/chunk-NUXSP4TM.js:7:7687), [2026-03-14T18:25:44.705Z] [SEVERE] https://www.greencity.cx.ua/chunk-NUXSP4TM.js 10:45939 "ERROR" TypeError: Cannot read properties of null (reading 'setValue')
    at n.quillContentChanged (https://www.greencity.cx.ua/chunk-VNNOUBDJ.js:1:16043)
    at https://www.greencity.cx.ua/chunk-VNNOUBDJ.js:1:7223
    at eE (https://www.greencity.cx.ua/chunk-NUXSP4TM.js:11:76097)
    at Object.o [as next] (https://www.greencity.cx.ua/chunk-NUXSP4TM.js:11:76277)
    at bv.next (https://www.greencity.cx.ua/chunk-NUXSP4TM.js:7:3120)
    at Fr._next (https://www.greencity.cx.ua/chunk-NUXSP4TM.js:7:2803)
    at Fr.next (https://www.greencity.cx.ua/chunk-NUXSP4TM.js:7:2530)
    at https://www.greencity.cx.ua/chunk-NUXSP4TM.js:7:7848
    at Ac (https://www.greencity.cx.ua/chunk-NUXSP4TM.js:7:2222)
    at S0.next (https://www.greencity.cx.ua/chunk-NUXSP4TM.js:7:7687), [2026-03-14T18:25:44.707Z] [SEVERE] https://www.greencity.cx.ua/chunk-NUXSP4TM.js 10:45939 "ERROR" TypeError: Cannot read properties of null (reading 'setValue')
    at n.quillContentChanged (https://www.greencity.cx.ua/chunk-VNNOUBDJ.js:1:16043)
    at https://www.greencity.cx.ua/chunk-VNNOUBDJ.js:1:7223
    at eE (https://www.greencity.cx.ua/chunk-NUXSP4TM.js:11:76097)
    at Object.o [as next] (https://www.greencity.cx.ua/chunk-NUXSP4TM.js:11:76277)
    at bv.next (https://www.greencity.cx.ua/chunk-NUXSP4TM.js:7:3120)
    at Fr._next (https://www.greencity.cx.ua/chunk-NUXSP4TM.js:7:2803)
    at Fr.next (https://www.greencity.cx.ua/chunk-NUXSP4TM.js:7:2530)
    at https://www.greencity.cx.ua/chunk-NUXSP4TM.js:7:7848
    at Ac (https://www.greencity.cx.ua/chunk-NUXSP4TM.js:7:2222)
    at S0.next (https://www.greencity.cx.ua/chunk-NUXSP4TM.js:7:7687), [2026-03-14T18:25:44.709Z] [SEVERE] https://www.greencity.cx.ua/chunk-NUXSP4TM.js 10:45939 "ERROR" TypeError: Cannot read properties of null (reading 'setValue')
    at n.quillContentChanged (https://www.greencity.cx.ua/chunk-VNNOUBDJ.js:1:16043)
    at https://www.greencity.cx.ua/chunk-VNNOUBDJ.js:1:7223
    at eE (https://www.greencity.cx.ua/chunk-NUXSP4TM.js:11:76097)
    at Object.o [as next] (https://www.greencity.cx.ua/chunk-NUXSP4TM.js:11:76277)
    at bv.next (https://www.greencity.cx.ua/chunk-NUXSP4TM.js:7:3120)
    at Fr._next (https://www.greencity.cx.ua/chunk-NUXSP4TM.js:7:2803)
    at Fr.next (https://www.greencity.cx.ua/chunk-NUXSP4TM.js:7:2530)
    at https://www.greencity.cx.ua/chunk-NUXSP4TM.js:7:7848
    at Ac (https://www.greencity.cx.ua/chunk-NUXSP4TM.js:7:2222)
    at S0.next (https://www.greencity.cx.ua/chunk-NUXSP4TM.js:7:7687), [2026-03-14T18:25:44.712Z] [SEVERE] https://www.greencity.cx.ua/chunk-NUXSP4TM.js 10:45939 "ERROR" TypeError: Cannot read properties of null (reading 'setValue')
    at n.quillContentChanged (https://www.greencity.cx.ua/chunk-VNNOUBDJ.js:1:16043)
    at https://www.greencity.cx.ua/chunk-VNNOUBDJ.js:1:7223
    at eE (https://www.greencity.cx.ua/chunk-NUXSP4TM.js:11:76097)
    at Object.o [as next] (https://www.greencity.cx.ua/chunk-NUXSP4TM.js:11:76277)
    at bv.next (https://www.greencity.cx.ua/chunk-NUXSP4TM.js:7:3120)
    at Fr._next (https://www.greencity.cx.ua/chunk-NUXSP4TM.js:7:2803)
    at Fr.next (https://www.greencity.cx.ua/chunk-NUXSP4TM.js:7:2530)
    at https://www.greencity.cx.ua/chunk-NUXSP4TM.js:7:7848
    at Ac (https://www.greencity.cx.ua/chunk-NUXSP4TM.js:7:2222)
    at S0.next (https://www.greencity.cx.ua/chunk-NUXSP4TM.js:7:7687), [2026-03-14T18:25:44.714Z] [SEVERE] https://www.greencity.cx.ua/chunk-NUXSP4TM.js 10:45939 "ERROR" TypeError: Cannot read properties of null (reading 'setValue')
    at n.quillContentChanged (https://www.greencity.cx.ua/chunk-VNNOUBDJ.js:1:16043)
    at https://www.greencity.cx.ua/chunk-VNNOUBDJ.js:1:7223
    at eE (https://www.greencity.cx.ua/chunk-NUXSP4TM.js:11:76097)
    at Object.o [as next] (https://www.greencity.cx.ua/chunk-NUXSP4TM.js:11:76277)
    at bv.next (https://www.greencity.cx.ua/chunk-NUXSP4TM.js:7:3120)
    at Fr._next (https://www.greencity.cx.ua/chunk-NUXSP4TM.js:7:2803)
    at Fr.next (https://www.greencity.cx.ua/chunk-NUXSP4TM.js:7:2530)
    at https://www.greencity.cx.ua/chunk-NUXSP4TM.js:7:7848
    at Ac (https://www.greencity.cx.ua/chunk-NUXSP4TM.js:7:2222)
    at S0.next (https://www.greencity.cx.ua/chunk-NUXSP4TM.js:7:7687), [2026-03-14T18:25:44.717Z] [SEVERE] https://www.greencity.cx.ua/chunk-NUXSP4TM.js 10:45939 "ERROR" TypeError: Cannot read properties of null (reading 'setValue')
    at n.quillContentChanged (https://www.greencity.cx.ua/chunk-VNNOUBDJ.js:1:16043)
    at https://www.greencity.cx.ua/chunk-VNNOUBDJ.js:1:7223
    at eE (https://www.greencity.cx.ua/chunk-NUXSP4TM.js:11:76097)
    at Object.o [as next] (https://www.greencity.cx.ua/chunk-NUXSP4TM.js:11:76277)
    at bv.next (https://www.greencity.cx.ua/chunk-NUXSP4TM.js:7:3120)
    at Fr._next (https://www.greencity.cx.ua/chunk-NUXSP4TM.js:7:2803)
    at Fr.next (https://www.greencity.cx.ua/chunk-NUXSP4TM.js:7:2530)
    at https://www.greencity.cx.ua/chunk-NUXSP4TM.js:7:7848
    at Ac (https://www.greencity.cx.ua/chunk-NUXSP4TM.js:7:2222)
    at S0.next (https://www.greencity.cx.ua/chunk-NUXSP4TM.js:7:7687), [2026-03-14T18:25:44.719Z] [SEVERE] https://www.greencity.cx.ua/chunk-NUXSP4TM.js 10:45939 "ERROR" TypeError: Cannot read properties of null (reading 'setValue')
    at n.quillContentChanged (https://www.greencity.cx.ua/chunk-VNNOUBDJ.js:1:16043)
    at https://www.greencity.cx.ua/chunk-VNNOUBDJ.js:1:7223
    at eE (https://www.greencity.cx.ua/chunk-NUXSP4TM.js:11:76097)
    at Object.o [as next] (https://www.greencity.cx.ua/chunk-NUXSP4TM.js:11:76277)
    at bv.next (https://www.greencity.cx.ua/chunk-NUXSP4TM.js:7:3120)
    at Fr._next (https://www.greencity.cx.ua/chunk-NUXSP4TM.js:7:2803)
    at Fr.next (https://www.greencity.cx.ua/chunk-NUXSP4TM.js:7:2530)
    at https://www.greencity.cx.ua/chunk-NUXSP4TM.js:7:7848
    at Ac (https://www.greencity.cx.ua/chunk-NUXSP4TM.js:7:2222)
    at S0.next (https://www.greencity.cx.ua/chunk-NUXSP4TM.js:7:7687), [2026-03-14T18:25:44.722Z] [SEVERE] https://www.greencity.cx.ua/chunk-NUXSP4TM.js 10:45939 "ERROR" TypeError: Cannot read properties of null (reading 'setValue')
    at n.quillContentChanged (https://www.greencity.cx.ua/chunk-VNNOUBDJ.js:1:16043)
    at https://www.greencity.cx.ua/chunk-VNNOUBDJ.js:1:7223
    at eE (https://www.greencity.cx.ua/chunk-NUXSP4TM.js:11:76097)
    at Object.o [as next] (https://www.greencity.cx.ua/chunk-NUXSP4TM.js:11:76277)
    at bv.next (https://www.greencity.cx.ua/chunk-NUXSP4TM.js:7:3120)
    at Fr._next (https://www.greencity.cx.ua/chunk-NUXSP4TM.js:7:2803)
    at Fr.next (https://www.greencity.cx.ua/chunk-NUXSP4TM.js:7:2530)
    at https://www.greencity.cx.ua/chunk-NUXSP4TM.js:7:7848
    at Ac (https://www.greencity.cx.ua/chunk-NUXSP4TM.js:7:2222)
    at S0.next (https://www.greencity.cx.ua/chunk-NUXSP4TM.js:7:7687), [2026-03-14T18:25:44.724Z] [SEVERE] https://www.greencity.cx.ua/chunk-NUXSP4TM.js 10:45939 "ERROR" TypeError: Cannot read properties of null (reading 'setValue')
    at n.quillContentChanged (https://www.greencity.cx.ua/chunk-VNNOUBDJ.js:1:16043)
    at https://www.greencity.cx.ua/chunk-VNNOUBDJ.js:1:7223
    at eE (https://www.greencity.cx.ua/chunk-NUXSP4TM.js:11:76097)
    at Object.o [as next] (https://www.greencity.cx.ua/chunk-NUXSP4TM.js:11:76277)
    at bv.next (https://www.greencity.cx.ua/chunk-NUXSP4TM.js:7:3120)
    at Fr._next (https://www.greencity.cx.ua/chunk-NUXSP4TM.js:7:2803)
    at Fr.next (https://www.greencity.cx.ua/chunk-NUXSP4TM.js:7:2530)
    at https://www.greencity.cx.ua/chunk-NUXSP4TM.js:7:7848
    at Ac (https://www.greencity.cx.ua/chunk-NUXSP4TM.js:7:2222)
    at S0.next (https://www.greencity.cx.ua/chunk-NUXSP4TM.js:7:7687), [2026-03-14T18:25:44.727Z] [SEVERE] https://www.greencity.cx.ua/chunk-NUXSP4TM.js 10:45939 "ERROR" TypeError: Cannot read properties of null (reading 'setValue')
    at n.quillContentChanged (https://www.greencity.cx.ua/chunk-VNNOUBDJ.js:1:16043)
    at https://www.greencity.cx.ua/chunk-VNNOUBDJ.js:1:7223
    at eE (https://www.greencity.cx.ua/chunk-NUXSP4TM.js:11:76097)
    at Object.o [as next] (https://www.greencity.cx.ua/chunk-NUXSP4TM.js:11:76277)
    at bv.next (https://www.greencity.cx.ua/chunk-NUXSP4TM.js:7:3120)
    at Fr._next (https://www.greencity.cx.ua/chunk-NUXSP4TM.js:7:2803)
    at Fr.next (https://www.greencity.cx.ua/chunk-NUXSP4TM.js:7:2530)
    at https://www.greencity.cx.ua/chunk-NUXSP4TM.js:7:7848
    at Ac (https://www.greencity.cx.ua/chunk-NUXSP4TM.js:7:2222)
    at S0.next (https://www.greencity.cx.ua/chunk-NUXSP4TM.js:7:7687), [2026-03-14T18:25:44.729Z] [SEVERE] https://www.greencity.cx.ua/chunk-NUXSP4TM.js 10:45939 "ERROR" TypeError: Cannot read properties of null (reading 'setValue')
    at n.quillContentChanged (https://www.greencity.cx.ua/chunk-VNNOUBDJ.js:1:16043)
    at https://www.greencity.cx.ua/chunk-VNNOUBDJ.js:1:7223
    at eE (https://www.greencity.cx.ua/chunk-NUXSP4TM.js:11:76097)
    at Object.o [as next] (https://www.greencity.cx.ua/chunk-NUXSP4TM.js:11:76277)
    at bv.next (https://www.greencity.cx.ua/chunk-NUXSP4TM.js:7:3120)
    at Fr._next (https://www.greencity.cx.ua/chunk-NUXSP4TM.js:7:2803)
    at Fr.next (https://www.greencity.cx.ua/chunk-NUXSP4TM.js:7:2530)
    at https://www.greencity.cx.ua/chunk-NUXSP4TM.js:7:7848
    at Ac (https://www.greencity.cx.ua/chunk-NUXSP4TM.js:7:2222)
    at S0.next (https://www.greencity.cx.ua/chunk-NUXSP4TM.js:7:7687), [2026-03-14T18:25:44.732Z] [SEVERE] https://www.greencity.cx.ua/chunk-NUXSP4TM.js 10:45939 "ERROR" TypeError: Cannot read properties of null (reading 'setValue')
    at n.quillContentChanged (https://www.greencity.cx.ua/chunk-VNNOUBDJ.js:1:16043)
    at https://www.greencity.cx.ua/chunk-VNNOUBDJ.js:1:7223
    at eE (https://www.greencity.cx.ua/chunk-NUXSP4TM.js:11:76097)
    at Object.o [as next] (https://www.greencity.cx.ua/chunk-NUXSP4TM.js:11:76277)
    at bv.next (https://www.greencity.cx.ua/chunk-NUXSP4TM.js:7:3120)
    at Fr._next (https://www.greencity.cx.ua/chunk-NUXSP4TM.js:7:2803)
    at Fr.next (https://www.greencity.cx.ua/chunk-NUXSP4TM.js:7:2530)
    at https://www.greencity.cx.ua/chunk-NUXSP4TM.js:7:7848
    at Ac (https://www.greencity.cx.ua/chunk-NUXSP4TM.js:7:2222)
    at S0.next (https://www.greencity.cx.ua/chunk-NUXSP4TM.js:7:7687), [2026-03-14T18:25:44.734Z] [SEVERE] https://www.greencity.cx.ua/chunk-NUXSP4TM.js 10:45939 "ERROR" TypeError: Cannot read properties of null (reading 'setValue')
    at n.quillContentChanged (https://www.greencity.cx.ua/chunk-VNNOUBDJ.js:1:16043)
    at https://www.greencity.cx.ua/chunk-VNNOUBDJ.js:1:7223
    at eE (https://www.greencity.cx.ua/chunk-NUXSP4TM.js:11:76097)
    at Object.o [as next] (https://www.greencity.cx.ua/chunk-NUXSP4TM.js:11:76277)
    at bv.next (https://www.greencity.cx.ua/chunk-NUXSP4TM.js:7:3120)
    at Fr._next (https://www.greencity.cx.ua/chunk-NUXSP4TM.js:7:2803)
    at Fr.next (https://www.greencity.cx.ua/chunk-NUXSP4TM.js:7:2530)
    at https://www.greencity.cx.ua/chunk-NUXSP4TM.js:7:7848
    at Ac (https://www.greencity.cx.ua/chunk-NUXSP4TM.js:7:2222)
    at S0.next (https://www.greencity.cx.ua/chunk-NUXSP4TM.js:7:7687), [2026-03-14T18:25:44.736Z] [SEVERE] https://www.greencity.cx.ua/chunk-NUXSP4TM.js 10:45939 "ERROR" TypeError: Cannot read properties of null (reading 'setValue')
    at n.quillContentChanged (https://www.greencity.cx.ua/chunk-VNNOUBDJ.js:1:16043)
    at https://www.greencity.cx.ua/chunk-VNNOUBDJ.js:1:7223
    at eE (https://www.greencity.cx.ua/chunk-NUXSP4TM.js:11:76097)
    at Object.o [as next] (https://www.greencity.cx.ua/chunk-NUXSP4TM.js:11:76277)
    at bv.next (https://www.greencity.cx.ua/chunk-NUXSP4TM.js:7:3120)
    at Fr._next (https://www.greencity.cx.ua/chunk-NUXSP4TM.js:7:2803)
    at Fr.next (https://www.greencity.cx.ua/chunk-NUXSP4TM.js:7:2530)
    at https://www.greencity.cx.ua/chunk-NUXSP4TM.js:7:7848
    at Ac (https://www.greencity.cx.ua/chunk-NUXSP4TM.js:7:2222)
    at S0.next (https://www.greencity.cx.ua/chunk-NUXSP4TM.js:7:7687), [2026-03-14T18:25:44.739Z] [SEVERE] https://www.greencity.cx.ua/chunk-NUXSP4TM.js 10:45939 "ERROR" TypeError: Cannot read properties of null (reading 'setValue')
    at n.quillContentChanged (https://www.greencity.cx.ua/chunk-VNNOUBDJ.js:1:16043)
    at https://www.greencity.cx.ua/chunk-VNNOUBDJ.js:1:7223
    at eE (https://www.greencity.cx.ua/chunk-NUXSP4TM.js:11:76097)
    at Object.o [as next] (https://www.greencity.cx.ua/chunk-NUXSP4TM.js:11:76277)
    at bv.next (https://www.greencity.cx.ua/chunk-NUXSP4TM.js:7:3120)
    at Fr._next (https://www.greencity.cx.ua/chunk-NUXSP4TM.js:7:2803)
    at Fr.next (https://www.greencity.cx.ua/chunk-NUXSP4TM.js:7:2530)
    at https://www.greencity.cx.ua/chunk-NUXSP4TM.js:7:7848
    at Ac (https://www.greencity.cx.ua/chunk-NUXSP4TM.js:7:2222)
    at S0.next (https://www.greencity.cx.ua/chunk-NUXSP4TM.js:7:7687), [2026-03-14T18:25:44.742Z] [SEVERE] https://www.greencity.cx.ua/chunk-NUXSP4TM.js 10:45939 "ERROR" TypeError: Cannot read properties of null (reading 'setValue')
    at n.quillContentChanged (https://www.greencity.cx.ua/chunk-VNNOUBDJ.js:1:16043)
    at https://www.greencity.cx.ua/chunk-VNNOUBDJ.js:1:7223
    at eE (https://www.greencity.cx.ua/chunk-NUXSP4TM.js:11:76097)
    at Object.o [as next] (https://www.greencity.cx.ua/chunk-NUXSP4TM.js:11:76277)
    at bv.next (https://www.greencity.cx.ua/chunk-NUXSP4TM.js:7:3120)
    at Fr._next (https://www.greencity.cx.ua/chunk-NUXSP4TM.js:7:2803)
    at Fr.next (https://www.greencity.cx.ua/chunk-NUXSP4TM.js:7:2530)
    at https://www.greencity.cx.ua/chunk-NUXSP4TM.js:7:7848
    at Ac (https://www.greencity.cx.ua/chunk-NUXSP4TM.js:7:2222)
    at S0.next (https://www.greencity.cx.ua/chunk-NUXSP4TM.js:7:7687), [2026-03-14T18:25:44.744Z] [SEVERE] https://www.greencity.cx.ua/chunk-NUXSP4TM.js 10:45939 "ERROR" TypeError: Cannot read properties of null (reading 'setValue')
    at n.quillContentChanged (https://www.greencity.cx.ua/chunk-VNNOUBDJ.js:1:16043)
    at https://www.greencity.cx.ua/chunk-VNNOUBDJ.js:1:7223
    at eE (https://www.greencity.cx.ua/chunk-NUXSP4TM.js:11:76097)
    at Object.o [as next] (https://www.greencity.cx.ua/chunk-NUXSP4TM.js:11:76277)
    at bv.next (https://www.greencity.cx.ua/chunk-NUXSP4TM.js:7:3120)
    at Fr._next (https://www.greencity.cx.ua/chunk-NUXSP4TM.js:7:2803)
    at Fr.next (https://www.greencity.cx.ua/chunk-NUXSP4TM.js:7:2530)
    at https://www.greencity.cx.ua/chunk-NUXSP4TM.js:7:7848
    at Ac (https://www.greencity.cx.ua/chunk-NUXSP4TM.js:7:2222)
    at S0.next (https://www.greencity.cx.ua/chunk-NUXSP4TM.js:7:7687), [2026-03-14T18:25:44.747Z] [SEVERE] https://www.greencity.cx.ua/chunk-NUXSP4TM.js 10:45939 "ERROR" TypeError: Cannot read properties of null (reading 'setValue')
    at n.quillContentChanged (https://www.greencity.cx.ua/chunk-VNNOUBDJ.js:1:16043)
    at https://www.greencity.cx.ua/chunk-VNNOUBDJ.js:1:7223
    at eE (https://www.greencity.cx.ua/chunk-NUXSP4TM.js:11:76097)
    at Object.o [as next] (https://www.greencity.cx.ua/chunk-NUXSP4TM.js:11:76277)
    at bv.next (https://www.greencity.cx.ua/chunk-NUXSP4TM.js:7:3120)
    at Fr._next (https://www.greencity.cx.ua/chunk-NUXSP4TM.js:7:2803)
    at Fr.next (https://www.greencity.cx.ua/chunk-NUXSP4TM.js:7:2530)
    at https://www.greencity.cx.ua/chunk-NUXSP4TM.js:7:7848
    at Ac (https://www.greencity.cx.ua/chunk-NUXSP4TM.js:7:2222)
    at S0.next (https://www.greencity.cx.ua/chunk-NUXSP4TM.js:7:7687), [2026-03-14T18:25:44.749Z] [SEVERE] https://www.greencity.cx.ua/chunk-NUXSP4TM.js 10:45939 "ERROR" TypeError: Cannot read properties of null (reading 'setValue')
    at n.quillContentChanged (https://www.greencity.cx.ua/chunk-VNNOUBDJ.js:1:16043)
    at https://www.greencity.cx.ua/chunk-VNNOUBDJ.js:1:7223
    at eE (https://www.greencity.cx.ua/chunk-NUXSP4TM.js:11:76097)
    at Object.o [as next] (https://www.greencity.cx.ua/chunk-NUXSP4TM.js:11:76277)
    at bv.next (https://www.greencity.cx.ua/chunk-NUXSP4TM.js:7:3120)
    at Fr._next (https://www.greencity.cx.ua/chunk-NUXSP4TM.js:7:2803)
    at Fr.next (https://www.greencity.cx.ua/chunk-NUXSP4TM.js:7:2530)
    at https://www.greencity.cx.ua/chunk-NUXSP4TM.js:7:7848
    at Ac (https://www.greencity.cx.ua/chunk-NUXSP4TM.js:7:2222)
    at S0.next (https://www.greencity.cx.ua/chunk-NUXSP4TM.js:7:7687), [2026-03-14T18:25:44.751Z] [SEVERE] https://www.greencity.cx.ua/chunk-NUXSP4TM.js 10:45939 "ERROR" TypeError: Cannot read properties of null (reading 'setValue')
    at n.quillContentChanged (https://www.greencity.cx.ua/chunk-VNNOUBDJ.js:1:16043)
    at https://www.greencity.cx.ua/chunk-VNNOUBDJ.js:1:7223
    at eE (https://www.greencity.cx.ua/chunk-NUXSP4TM.js:11:76097)
    at Object.o [as next] (https://www.greencity.cx.ua/chunk-NUXSP4TM.js:11:76277)
    at bv.next (https://www.greencity.cx.ua/chunk-NUXSP4TM.js:7:3120)
    at Fr._next (https://www.greencity.cx.ua/chunk-NUXSP4TM.js:7:2803)
    at Fr.next (https://www.greencity.cx.ua/chunk-NUXSP4TM.js:7:2530)
    at https://www.greencity.cx.ua/chunk-NUXSP4TM.js:7:7848
    at Ac (https://www.greencity.cx.ua/chunk-NUXSP4TM.js:7:2222)
    at S0.next (https://www.greencity.cx.ua/chunk-NUXSP4TM.js:7:7687), [2026-03-14T18:25:44.754Z] [SEVERE] https://www.greencity.cx.ua/chunk-NUXSP4TM.js 10:45939 "ERROR" TypeError: Cannot read properties of null (reading 'setValue')
    at n.quillContentChanged (https://www.greencity.cx.ua/chunk-VNNOUBDJ.js:1:16043)
    at https://www.greencity.cx.ua/chunk-VNNOUBDJ.js:1:7223
    at eE (https://www.greencity.cx.ua/chunk-NUXSP4TM.js:11:76097)
    at Object.o [as next] (https://www.greencity.cx.ua/chunk-NUXSP4TM.js:11:76277)
    at bv.next (https://www.greencity.cx.ua/chunk-NUXSP4TM.js:7:3120)
    at Fr._next (https://www.greencity.cx.ua/chunk-NUXSP4TM.js:7:2803)
    at Fr.next (https://www.greencity.cx.ua/chunk-NUXSP4TM.js:7:2530)
    at https://www.greencity.cx.ua/chunk-NUXSP4TM.js:7:7848
    at Ac (https://www.greencity.cx.ua/chunk-NUXSP4TM.js:7:2222)
    at S0.next (https://www.greencity.cx.ua/chunk-NUXSP4TM.js:7:7687), [2026-03-14T18:25:44.756Z] [SEVERE] https://www.greencity.cx.ua/chunk-NUXSP4TM.js 10:45939 "ERROR" TypeError: Cannot read properties of null (reading 'setValue')
    at n.quillContentChanged (https://www.greencity.cx.ua/chunk-VNNOUBDJ.js:1:16043)
    at https://www.greencity.cx.ua/chunk-VNNOUBDJ.js:1:7223
    at eE (https://www.greencity.cx.ua/chunk-NUXSP4TM.js:11:76097)
    at Object.o [as next] (https://www.greencity.cx.ua/chunk-NUXSP4TM.js:11:76277)
    at bv.next (https://www.greencity.cx.ua/chunk-NUXSP4TM.js:7:3120)
    at Fr._next (https://www.greencity.cx.ua/chunk-NUXSP4TM.js:7:2803)
    at Fr.next (https://www.greencity.cx.ua/chunk-NUXSP4TM.js:7:2530)
    at https://www.greencity.cx.ua/chunk-NUXSP4TM.js:7:7848
    at Ac (https://www.greencity.cx.ua/chunk-NUXSP4TM.js:7:2222)
    at S0.next (https://www.greencity.cx.ua/chunk-NUXSP4TM.js:7:7687), [2026-03-14T18:25:44.759Z] [SEVERE] https://www.greencity.cx.ua/chunk-NUXSP4TM.js 10:45939 "ERROR" TypeError: Cannot read properties of null (reading 'setValue')
    at n.quillContentChanged (https://www.greencity.cx.ua/chunk-VNNOUBDJ.js:1:16043)
    at https://www.greencity.cx.ua/chunk-VNNOUBDJ.js:1:7223
    at eE (https://www.greencity.cx.ua/chunk-NUXSP4TM.js:11:76097)
    at Object.o [as next] (https://www.greencity.cx.ua/chunk-NUXSP4TM.js:11:76277)
    at bv.next (https://www.greencity.cx.ua/chunk-NUXSP4TM.js:7:3120)
    at Fr._next (https://www.greencity.cx.ua/chunk-NUXSP4TM.js:7:2803)
    at Fr.next (https://www.greencity.cx.ua/chunk-NUXSP4TM.js:7:2530)
    at https://www.greencity.cx.ua/chunk-NUXSP4TM.js:7:7848
    at Ac (https://www.greencity.cx.ua/chunk-NUXSP4TM.js:7:2222)
    at S0.next (https://www.greencity.cx.ua/chunk-NUXSP4TM.js:7:7687), [2026-03-14T18:25:44.761Z] [SEVERE] https://www.greencity.cx.ua/chunk-NUXSP4TM.js 10:45939 "ERROR" TypeError: Cannot read properties of null (reading 'setValue')
    at n.quillContentChanged (https://www.greencity.cx.ua/chunk-VNNOUBDJ.js:1:16043)
    at https://www.greencity.cx.ua/chunk-VNNOUBDJ.js:1:7223
    at eE (https://www.greencity.cx.ua/chunk-NUXSP4TM.js:11:76097)
    at Object.o [as next] (https://www.greencity.cx.ua/chunk-NUXSP4TM.js:11:76277)
    at bv.next (https://www.greencity.cx.ua/chunk-NUXSP4TM.js:7:3120)
    at Fr._next (https://www.greencity.cx.ua/chunk-NUXSP4TM.js:7:2803)
    at Fr.next (https://www.greencity.cx.ua/chunk-NUXSP4TM.js:7:2530)
    at https://www.greencity.cx.ua/chunk-NUXSP4TM.js:7:7848
    at Ac (https://www.greencity.cx.ua/chunk-NUXSP4TM.js:7:2222)
    at S0.next (https://www.greencity.cx.ua/chunk-NUXSP4TM.js:7:7687), [2026-03-14T18:25:44.764Z] [SEVERE] https://www.greencity.cx.ua/chunk-NUXSP4TM.js 10:45939 "ERROR" TypeError: Cannot read properties of null (reading 'setValue')
    at n.quillContentChanged (https://www.greencity.cx.ua/chunk-VNNOUBDJ.js:1:16043)
    at https://www.greencity.cx.ua/chunk-VNNOUBDJ.js:1:7223
    at eE (https://www.greencity.cx.ua/chunk-NUXSP4TM.js:11:76097)
    at Object.o [as next] (https://www.greencity.cx.ua/chunk-NUXSP4TM.js:11:76277)
    at bv.next (https://www.greencity.cx.ua/chunk-NUXSP4TM.js:7:3120)
    at Fr._next (https://www.greencity.cx.ua/chunk-NUXSP4TM.js:7:2803)
    at Fr.next (https://www.greencity.cx.ua/chunk-NUXSP4TM.js:7:2530)
    at https://www.greencity.cx.ua/chunk-NUXSP4TM.js:7:7848
    at Ac (https://www.greencity.cx.ua/chunk-NUXSP4TM.js:7:2222)
    at S0.next (https://www.greencity.cx.ua/chunk-NUXSP4TM.js:7:7687), [2026-03-14T18:25:44.766Z] [SEVERE] https://www.greencity.cx.ua/chunk-NUXSP4TM.js 10:45939 "ERROR" TypeError: Cannot read properties of null (reading 'setValue')
    at n.quillContentChanged (https://www.greencity.cx.ua/chunk-VNNOUBDJ.js:1:16043)
    at https://www.greencity.cx.ua/chunk-VNNOUBDJ.js:1:7223
    at eE (https://www.greencity.cx.ua/chunk-NUXSP4TM.js:11:76097)
    at Object.o [as next] (https://www.greencity.cx.ua/chunk-NUXSP4TM.js:11:76277)
    at bv.next (https://www.greencity.cx.ua/chunk-NUXSP4TM.js:7:3120)
    at Fr._next (https://www.greencity.cx.ua/chunk-NUXSP4TM.js:7:2803)
    at Fr.next (https://www.greencity.cx.ua/chunk-NUXSP4TM.js:7:2530)
    at https://www.greencity.cx.ua/chunk-NUXSP4TM.js:7:7848
    at Ac (https://www.greencity.cx.ua/chunk-NUXSP4TM.js:7:2222)
    at S0.next (https://www.greencity.cx.ua/chunk-NUXSP4TM.js:7:7687), [2026-03-14T18:25:44.769Z] [SEVERE] https://www.greencity.cx.ua/chunk-NUXSP4TM.js 10:45939 "ERROR" TypeError: Cannot read properties of null (reading 'setValue')
    at n.quillContentChanged (https://www.greencity.cx.ua/chunk-VNNOUBDJ.js:1:16043)
    at https://www.greencity.cx.ua/chunk-VNNOUBDJ.js:1:7223
    at eE (https://www.greencity.cx.ua/chunk-NUXSP4TM.js:11:76097)
    at Object.o [as next] (https://www.greencity.cx.ua/chunk-NUXSP4TM.js:11:76277)
    at bv.next (https://www.greencity.cx.ua/chunk-NUXSP4TM.js:7:3120)
    at Fr._next (https://www.greencity.cx.ua/chunk-NUXSP4TM.js:7:2803)
    at Fr.next (https://www.greencity.cx.ua/chunk-NUXSP4TM.js:7:2530)
    at https://www.greencity.cx.ua/chunk-NUXSP4TM.js:7:7848
    at Ac (https://www.greencity.cx.ua/chunk-NUXSP4TM.js:7:2222)
    at S0.next (https://www.greencity.cx.ua/chunk-NUXSP4TM.js:7:7687), [2026-03-14T18:25:44.771Z] [SEVERE] https://www.greencity.cx.ua/chunk-NUXSP4TM.js 10:45939 "ERROR" TypeError: Cannot read properties of null (reading 'setValue')
    at n.quillContentChanged (https://www.greencity.cx.ua/chunk-VNNOUBDJ.js:1:16043)
    at https://www.greencity.cx.ua/chunk-VNNOUBDJ.js:1:7223
    at eE (https://www.greencity.cx.ua/chunk-NUXSP4TM.js:11:76097)
    at Object.o [as next] (https://www.greencity.cx.ua/chunk-NUXSP4TM.js:11:76277)
    at bv.next (https://www.greencity.cx.ua/chunk-NUXSP4TM.js:7:3120)
    at Fr._next (https://www.greencity.cx.ua/chunk-NUXSP4TM.js:7:2803)
    at Fr.next (https://www.greencity.cx.ua/chunk-NUXSP4TM.js:7:2530)
    at https://www.greencity.cx.ua/chunk-NUXSP4TM.js:7:7848
    at Ac (https://www.greencity.cx.ua/chunk-NUXSP4TM.js:7:2222)
    at S0.next (https://www.greencity.cx.ua/chunk-NUXSP4TM.js:7:7687), [2026-03-14T18:25:44.774Z] [SEVERE] https://www.greencity.cx.ua/chunk-NUXSP4TM.js 10:45939 "ERROR" TypeError: Cannot read properties of null (reading 'setValue')
    at n.quillContentChanged (https://www.greencity.cx.ua/chunk-VNNOUBDJ.js:1:16043)
    at https://www.greencity.cx.ua/chunk-VNNOUBDJ.js:1:7223
    at eE (https://www.greencity.cx.ua/chunk-NUXSP4TM.js:11:76097)
    at Object.o [as next] (https://www.greencity.cx.ua/chunk-NUXSP4TM.js:11:76277)
    at bv.next (https://www.greencity.cx.ua/chunk-NUXSP4TM.js:7:3120)
    at Fr._next (https://www.greencity.cx.ua/chunk-NUXSP4TM.js:7:2803)
    at Fr.next (https://www.greencity.cx.ua/chunk-NUXSP4TM.js:7:2530)
    at https://www.greencity.cx.ua/chunk-NUXSP4TM.js:7:7848
    at Ac (https://www.greencity.cx.ua/chunk-NUXSP4TM.js:7:2222)
    at S0.next (https://www.greencity.cx.ua/chunk-NUXSP4TM.js:7:7687), [2026-03-14T18:25:44.776Z] [SEVERE] https://www.greencity.cx.ua/chunk-NUXSP4TM.js 10:45939 "ERROR" TypeError: Cannot read properties of null (reading 'setValue')
    at n.quillContentChanged (https://www.greencity.cx.ua/chunk-VNNOUBDJ.js:1:16043)
    at https://www.greencity.cx.ua/chunk-VNNOUBDJ.js:1:7223
    at eE (https://www.greencity.cx.ua/chunk-NUXSP4TM.js:11:76097)
    at Object.o [as next] (https://www.greencity.cx.ua/chunk-NUXSP4TM.js:11:76277)
    at bv.next (https://www.greencity.cx.ua/chunk-NUXSP4TM.js:7:3120)
    at Fr._next (https://www.greencity.cx.ua/chunk-NUXSP4TM.js:7:2803)
    at Fr.next (https://www.greencity.cx.ua/chunk-NUXSP4TM.js:7:2530)
    at https://www.greencity.cx.ua/chunk-NUXSP4TM.js:7:7848
    at Ac (https://www.greencity.cx.ua/chunk-NUXSP4TM.js:7:2222)
    at S0.next (https://www.greencity.cx.ua/chunk-NUXSP4TM.js:7:7687), [2026-03-14T18:25:44.779Z] [SEVERE] https://www.greencity.cx.ua/chunk-NUXSP4TM.js 10:45939 "ERROR" TypeError: Cannot read properties of null (reading 'setValue')
    at n.quillContentChanged (https://www.greencity.cx.ua/chunk-VNNOUBDJ.js:1:16043)
    at https://www.greencity.cx.ua/chunk-VNNOUBDJ.js:1:7223
    at eE (https://www.greencity.cx.ua/chunk-NUXSP4TM.js:11:76097)
    at Object.o [as next] (https://www.greencity.cx.ua/chunk-NUXSP4TM.js:11:76277)
    at bv.next (https://www.greencity.cx.ua/chunk-NUXSP4TM.js:7:3120)
    at Fr._next (https://www.greencity.cx.ua/chunk-NUXSP4TM.js:7:2803)
    at Fr.next (https://www.greencity.cx.ua/chunk-NUXSP4TM.js:7:2530)
    at https://www.greencity.cx.ua/chunk-NUXSP4TM.js:7:7848
    at Ac (https://www.greencity.cx.ua/chunk-NUXSP4TM.js:7:2222)
    at S0.next (https://www.greencity.cx.ua/chunk-NUXSP4TM.js:7:7687), [2026-03-14T18:25:44.781Z] [SEVERE] https://www.greencity.cx.ua/chunk-NUXSP4TM.js 10:45939 "ERROR" TypeError: Cannot read properties of null (reading 'setValue')
    at n.quillContentChanged (https://www.greencity.cx.ua/chunk-VNNOUBDJ.js:1:16043)
    at https://www.greencity.cx.ua/chunk-VNNOUBDJ.js:1:7223
    at eE (https://www.greencity.cx.ua/chunk-NUXSP4TM.js:11:76097)
    at Object.o [as next] (https://www.greencity.cx.ua/chunk-NUXSP4TM.js:11:76277)
    at bv.next (https://www.greencity.cx.ua/chunk-NUXSP4TM.js:7:3120)
    at Fr._next (https://www.greencity.cx.ua/chunk-NUXSP4TM.js:7:2803)
    at Fr.next (https://www.greencity.cx.ua/chunk-NUXSP4TM.js:7:2530)
    at https://www.greencity.cx.ua/chunk-NUXSP4TM.js:7:7848
    at Ac (https://www.greencity.cx.ua/chunk-NUXSP4TM.js:7:2222)
    at S0.next (https://www.greencity.cx.ua/chunk-NUXSP4TM.js:7:7687), [2026-03-14T18:25:44.784Z] [SEVERE] https://www.greencity.cx.ua/chunk-NUXSP4TM.js 10:45939 "ERROR" TypeError: Cannot read properties of null (reading 'setValue')
    at n.quillContentChanged (https://www.greencity.cx.ua/chunk-VNNOUBDJ.js:1:16043)
    at https://www.greencity.cx.ua/chunk-VNNOUBDJ.js:1:7223
    at eE (https://www.greencity.cx.ua/chunk-NUXSP4TM.js:11:76097)
    at Object.o [as next] (https://www.greencity.cx.ua/chunk-NUXSP4TM.js:11:76277)
    at bv.next (https://www.greencity.cx.ua/chunk-NUXSP4TM.js:7:3120)
    at Fr._next (https://www.greencity.cx.ua/chunk-NUXSP4TM.js:7:2803)
    at Fr.next (https://www.greencity.cx.ua/chunk-NUXSP4TM.js:7:2530)
    at https://www.greencity.cx.ua/chunk-NUXSP4TM.js:7:7848
    at Ac (https://www.greencity.cx.ua/chunk-NUXSP4TM.js:7:2222)
    at S0.next (https://www.greencity.cx.ua/chunk-NUXSP4TM.js:7:7687), [2026-03-14T18:25:44.786Z] [SEVERE] https://www.greencity.cx.ua/chunk-NUXSP4TM.js 10:45939 "ERROR" TypeError: Cannot read properties of null (reading 'setValue')
    at n.quillContentChanged (https://www.greencity.cx.ua/chunk-VNNOUBDJ.js:1:16043)
    at https://www.greencity.cx.ua/chunk-VNNOUBDJ.js:1:7223
    at eE (https://www.greencity.cx.ua/chunk-NUXSP4TM.js:11:76097)
    at Object.o [as next] (https://www.greencity.cx.ua/chunk-NUXSP4TM.js:11:76277)
    at bv.next (https://www.greencity.cx.ua/chunk-NUXSP4TM.js:7:3120)
    at Fr._next (https://www.greencity.cx.ua/chunk-NUXSP4TM.js:7:2803)
    at Fr.next (https://www.greencity.cx.ua/chunk-NUXSP4TM.js:7:2530)
    at https://www.greencity.cx.ua/chunk-NUXSP4TM.js:7:7848
    at Ac (https://www.greencity.cx.ua/chunk-NUXSP4TM.js:7:2222)
    at S0.next (https://www.greencity.cx.ua/chunk-NUXSP4TM.js:7:7687), [2026-03-14T18:25:44.788Z] [SEVERE] https://www.greencity.cx.ua/chunk-NUXSP4TM.js 10:45939 "ERROR" TypeError: Cannot read properties of null (reading 'setValue')
    at n.quillContentChanged (https://www.greencity.cx.ua/chunk-VNNOUBDJ.js:1:16043)
    at https://www.greencity.cx.ua/chunk-VNNOUBDJ.js:1:7223
    at eE (https://www.greencity.cx.ua/chunk-NUXSP4TM.js:11:76097)
    at Object.o [as next] (https://www.greencity.cx.ua/chunk-NUXSP4TM.js:11:76277)
    at bv.next (https://www.greencity.cx.ua/chunk-NUXSP4TM.js:7:3120)
    at Fr._next (https://www.greencity.cx.ua/chunk-NUXSP4TM.js:7:2803)
    at Fr.next (https://www.greencity.cx.ua/chunk-NUXSP4TM.js:7:2530)
    at https://www.greencity.cx.ua/chunk-NUXSP4TM.js:7:7848
    at Ac (https://www.greencity.cx.ua/chunk-NUXSP4TM.js:7:2222)
    at S0.next (https://www.greencity.cx.ua/chunk-NUXSP4TM.js:7:7687), [2026-03-14T18:25:44.790Z] [SEVERE] https://www.greencity.cx.ua/chunk-NUXSP4TM.js 10:45939 "ERROR" TypeError: Cannot read properties of null (reading 'setValue')
    at n.quillContentChanged (https://www.greencity.cx.ua/chunk-VNNOUBDJ.js:1:16043)
    at https://www.greencity.cx.ua/chunk-VNNOUBDJ.js:1:7223
    at eE (https://www.greencity.cx.ua/chunk-NUXSP4TM.js:11:76097)
    at Object.o [as next] (https://www.greencity.cx.ua/chunk-NUXSP4TM.js:11:76277)
    at bv.next (https://www.greencity.cx.ua/chunk-NUXSP4TM.js:7:3120)
    at Fr._next (https://www.greencity.cx.ua/chunk-NUXSP4TM.js:7:2803)
    at Fr.next (https://www.greencity.cx.ua/chunk-NUXSP4TM.js:7:2530)
    at https://www.greencity.cx.ua/chunk-NUXSP4TM.js:7:7848
    at Ac (https://www.greencity.cx.ua/chunk-NUXSP4TM.js:7:2222)
    at S0.next (https://www.greencity.cx.ua/chunk-NUXSP4TM.js:7:7687), [2026-03-14T18:25:44.792Z] [SEVERE] https://www.greencity.cx.ua/chunk-NUXSP4TM.js 10:45939 "ERROR" TypeError: Cannot read properties of null (reading 'setValue')
    at n.quillContentChanged (https://www.greencity.cx.ua/chunk-VNNOUBDJ.js:1:16043)
    at https://www.greencity.cx.ua/chunk-VNNOUBDJ.js:1:7223
    at eE (https://www.greencity.cx.ua/chunk-NUXSP4TM.js:11:76097)
    at Object.o [as next] (https://www.greencity.cx.ua/chunk-NUXSP4TM.js:11:76277)
    at bv.next (https://www.greencity.cx.ua/chunk-NUXSP4TM.js:7:3120)
    at Fr._next (https://www.greencity.cx.ua/chunk-NUXSP4TM.js:7:2803)
    at Fr.next (https://www.greencity.cx.ua/chunk-NUXSP4TM.js:7:2530)
    at https://www.greencity.cx.ua/chunk-NUXSP4TM.js:7:7848
    at Ac (https://www.greencity.cx.ua/chunk-NUXSP4TM.js:7:2222)
    at S0.next (https://www.greencity.cx.ua/chunk-NUXSP4TM.js:7:7687), [2026-03-14T18:25:44.795Z] [SEVERE] https://www.greencity.cx.ua/chunk-NUXSP4TM.js 10:45939 "ERROR" TypeError: Cannot read properties of null (reading 'setValue')
    at n.quillContentChanged (https://www.greencity.cx.ua/chunk-VNNOUBDJ.js:1:16043)
    at https://www.greencity.cx.ua/chunk-VNNOUBDJ.js:1:7223
    at eE (https://www.greencity.cx.ua/chunk-NUXSP4TM.js:11:76097)
    at Object.o [as next] (https://www.greencity.cx.ua/chunk-NUXSP4TM.js:11:76277)
    at bv.next (https://www.greencity.cx.ua/chunk-NUXSP4TM.js:7:3120)
    at Fr._next (https://www.greencity.cx.ua/chunk-NUXSP4TM.js:7:2803)
    at Fr.next (https://www.greencity.cx.ua/chunk-NUXSP4TM.js:7:2530)
    at https://www.greencity.cx.ua/chunk-NUXSP4TM.js:7:7848
    at Ac (https://www.greencity.cx.ua/chunk-NUXSP4TM.js:7:2222)
    at S0.next (https://www.greencity.cx.ua/chunk-NUXSP4TM.js:7:7687), [2026-03-14T18:25:44.798Z] [SEVERE] https://www.greencity.cx.ua/chunk-NUXSP4TM.js 10:45939 "ERROR" TypeError: Cannot read properties of null (reading 'setValue')
    at n.quillContentChanged (https://www.greencity.cx.ua/chunk-VNNOUBDJ.js:1:16043)
    at https://www.greencity.cx.ua/chunk-VNNOUBDJ.js:1:7223
    at eE (https://www.greencity.cx.ua/chunk-NUXSP4TM.js:11:76097)
    at Object.o [as next] (https://www.greencity.cx.ua/chunk-NUXSP4TM.js:11:76277)
    at bv.next (https://www.greencity.cx.ua/chunk-NUXSP4TM.js:7:3120)
    at Fr._next (https://www.greencity.cx.ua/chunk-NUXSP4TM.js:7:2803)
    at Fr.next (https://www.greencity.cx.ua/chunk-NUXSP4TM.js:7:2530)
    at https://www.greencity.cx.ua/chunk-NUXSP4TM.js:7:7848
    at Ac (https://www.greencity.cx.ua/chunk-NUXSP4TM.js:7:2222)
    at S0.next (https://www.greencity.cx.ua/chunk-NUXSP4TM.js:7:7687), [2026-03-14T18:25:44.800Z] [SEVERE] https://www.greencity.cx.ua/chunk-NUXSP4TM.js 10:45939 "ERROR" TypeError: Cannot read properties of null (reading 'setValue')
    at n.quillContentChanged (https://www.greencity.cx.ua/chunk-VNNOUBDJ.js:1:16043)
    at https://www.greencity.cx.ua/chunk-VNNOUBDJ.js:1:7223
    at eE (https://www.greencity.cx.ua/chunk-NUXSP4TM.js:11:76097)
    at Object.o [as next] (https://www.greencity.cx.ua/chunk-NUXSP4TM.js:11:76277)
    at bv.next (https://www.greencity.cx.ua/chunk-NUXSP4TM.js:7:3120)
    at Fr._next (https://www.greencity.cx.ua/chunk-NUXSP4TM.js:7:2803)
    at Fr.next (https://www.greencity.cx.ua/chunk-NUXSP4TM.js:7:2530)
    at https://www.greencity.cx.ua/chunk-NUXSP4TM.js:7:7848
    at Ac (https://www.greencity.cx.ua/chunk-NUXSP4TM.js:7:2222)
    at S0.next (https://www.greencity.cx.ua/chunk-NUXSP4TM.js:7:7687), [2026-03-14T18:25:44.803Z] [SEVERE] https://www.greencity.cx.ua/chunk-NUXSP4TM.js 10:45939 "ERROR" TypeError: Cannot read properties of null (reading 'setValue')
    at n.quillContentChanged (https://www.greencity.cx.ua/chunk-VNNOUBDJ.js:1:16043)
    at https://www.greencity.cx.ua/chunk-VNNOUBDJ.js:1:7223
    at eE (https://www.greencity.cx.ua/chunk-NUXSP4TM.js:11:76097)
    at Object.o [as next] (https://www.greencity.cx.ua/chunk-NUXSP4TM.js:11:76277)
    at bv.next (https://www.greencity.cx.ua/chunk-NUXSP4TM.js:7:3120)
    at Fr._next (https://www.greencity.cx.ua/chunk-NUXSP4TM.js:7:2803)
    at Fr.next (https://www.greencity.cx.ua/chunk-NUXSP4TM.js:7:2530)
    at https://www.greencity.cx.ua/chunk-NUXSP4TM.js:7:7848
    at Ac (https://www.greencity.cx.ua/chunk-NUXSP4TM.js:7:2222)
    at S0.next (https://www.greencity.cx.ua/chunk-NUXSP4TM.js:7:7687), [2026-03-14T18:25:44.805Z] [SEVERE] https://www.greencity.cx.ua/chunk-NUXSP4TM.js 10:45939 "ERROR" TypeError: Cannot read properties of null (reading 'setValue')
    at n.quillContentChanged (https://www.greencity.cx.ua/chunk-VNNOUBDJ.js:1:16043)
    at https://www.greencity.cx.ua/chunk-VNNOUBDJ.js:1:7223
    at eE (https://www.greencity.cx.ua/chunk-NUXSP4TM.js:11:76097)
    at Object.o [as next] (https://www.greencity.cx.ua/chunk-NUXSP4TM.js:11:76277)
    at bv.next (https://www.greencity.cx.ua/chunk-NUXSP4TM.js:7:3120)
    at Fr._next (https://www.greencity.cx.ua/chunk-NUXSP4TM.js:7:2803)
    at Fr.next (https://www.greencity.cx.ua/chunk-NUXSP4TM.js:7:2530)
    at https://www.greencity.cx.ua/chunk-NUXSP4TM.js:7:7848
    at Ac (https://www.greencity.cx.ua/chunk-NUXSP4TM.js:7:2222)
    at S0.next (https://www.greencity.cx.ua/chunk-NUXSP4TM.js:7:7687), [2026-03-14T18:25:44.808Z] [SEVERE] https://www.greencity.cx.ua/chunk-NUXSP4TM.js 10:45939 "ERROR" TypeError: Cannot read properties of null (reading 'setValue')
    at n.quillContentChanged (https://www.greencity.cx.ua/chunk-VNNOUBDJ.js:1:16043)
    at https://www.greencity.cx.ua/chunk-VNNOUBDJ.js:1:7223
    at eE (https://www.greencity.cx.ua/chunk-NUXSP4TM.js:11:76097)
    at Object.o [as next] (https://www.greencity.cx.ua/chunk-NUXSP4TM.js:11:76277)
    at bv.next (https://www.greencity.cx.ua/chunk-NUXSP4TM.js:7:3120)
    at Fr._next (https://www.greencity.cx.ua/chunk-NUXSP4TM.js:7:2803)
    at Fr.next (https://www.greencity.cx.ua/chunk-NUXSP4TM.js:7:2530)
    at https://www.greencity.cx.ua/chunk-NUXSP4TM.js:7:7848
    at Ac (https://www.greencity.cx.ua/chunk-NUXSP4TM.js:7:2222)
    at S0.next (https://www.greencity.cx.ua/chunk-NUXSP4TM.js:7:7687), [2026-03-14T18:25:44.811Z] [SEVERE] https://www.greencity.cx.ua/chunk-NUXSP4TM.js 10:45939 "ERROR" TypeError: Cannot read properties of null (reading 'setValue')
    at n.quillContentChanged (https://www.greencity.cx.ua/chunk-VNNOUBDJ.js:1:16043)
    at https://www.greencity.cx.ua/chunk-VNNOUBDJ.js:1:7223
    at eE (https://www.greencity.cx.ua/chunk-NUXSP4TM.js:11:76097)
    at Object.o [as next] (https://www.greencity.cx.ua/chunk-NUXSP4TM.js:11:76277)
    at bv.next (https://www.greencity.cx.ua/chunk-NUXSP4TM.js:7:3120)
    at Fr._next (https://www.greencity.cx.ua/chunk-NUXSP4TM.js:7:2803)
    at Fr.next (https://www.greencity.cx.ua/chunk-NUXSP4TM.js:7:2530)
    at https://www.greencity.cx.ua/chunk-NUXSP4TM.js:7:7848
    at Ac (https://www.greencity.cx.ua/chunk-NUXSP4TM.js:7:2222)
    at S0.next (https://www.greencity.cx.ua/chunk-NUXSP4TM.js:7:7687), [2026-03-14T18:25:44.813Z] [SEVERE] https://www.greencity.cx.ua/chunk-NUXSP4TM.js 10:45939 "ERROR" TypeError: Cannot read properties of null (reading 'setValue')
    at n.quillContentChanged (https://www.greencity.cx.ua/chunk-VNNOUBDJ.js:1:16043)
    at https://www.greencity.cx.ua/chunk-VNNOUBDJ.js:1:7223
    at eE (https://www.greencity.cx.ua/chunk-NUXSP4TM.js:11:76097)
    at Object.o [as next] (https://www.greencity.cx.ua/chunk-NUXSP4TM.js:11:76277)
    at bv.next (https://www.greencity.cx.ua/chunk-NUXSP4TM.js:7:3120)
    at Fr._next (https://www.greencity.cx.ua/chunk-NUXSP4TM.js:7:2803)
    at Fr.next (https://www.greencity.cx.ua/chunk-NUXSP4TM.js:7:2530)
    at https://www.greencity.cx.ua/chunk-NUXSP4TM.js:7:7848
    at Ac (https://www.greencity.cx.ua/chunk-NUXSP4TM.js:7:2222)
    at S0.next (https://www.greencity.cx.ua/chunk-NUXSP4TM.js:7:7687), [2026-03-14T18:25:44.816Z] [SEVERE] https://www.greencity.cx.ua/chunk-NUXSP4TM.js 10:45939 "ERROR" TypeError: Cannot read properties of null (reading 'setValue')
    at n.quillContentChanged (https://www.greencity.cx.ua/chunk-VNNOUBDJ.js:1:16043)
    at https://www.greencity.cx.ua/chunk-VNNOUBDJ.js:1:7223
    at eE (https://www.greencity.cx.ua/chunk-NUXSP4TM.js:11:76097)
    at Object.o [as next] (https://www.greencity.cx.ua/chunk-NUXSP4TM.js:11:76277)
    at bv.next (https://www.greencity.cx.ua/chunk-NUXSP4TM.js:7:3120)
    at Fr._next (https://www.greencity.cx.ua/chunk-NUXSP4TM.js:7:2803)
    at Fr.next (https://www.greencity.cx.ua/chunk-NUXSP4TM.js:7:2530)
    at https://www.greencity.cx.ua/chunk-NUXSP4TM.js:7:7848
    at Ac (https://www.greencity.cx.ua/chunk-NUXSP4TM.js:7:2222)
    at S0.next (https://www.greencity.cx.ua/chunk-NUXSP4TM.js:7:7687), [2026-03-14T18:25:44.818Z] [SEVERE] https://www.greencity.cx.ua/chunk-NUXSP4TM.js 10:45939 "ERROR" TypeError: Cannot read properties of null (reading 'setValue')
    at n.quillContentChanged (https://www.greencity.cx.ua/chunk-VNNOUBDJ.js:1:16043)
    at https://www.greencity.cx.ua/chunk-VNNOUBDJ.js:1:7223
    at eE (https://www.greencity.cx.ua/chunk-NUXSP4TM.js:11:76097)
    at Object.o [as next] (https://www.greencity.cx.ua/chunk-NUXSP4TM.js:11:76277)
    at bv.next (https://www.greencity.cx.ua/chunk-NUXSP4TM.js:7:3120)
    at Fr._next (https://www.greencity.cx.ua/chunk-NUXSP4TM.js:7:2803)
    at Fr.next (https://www.greencity.cx.ua/chunk-NUXSP4TM.js:7:2530)
    at https://www.greencity.cx.ua/chunk-NUXSP4TM.js:7:7848
    at Ac (https://www.greencity.cx.ua/chunk-NUXSP4TM.js:7:2222)
    at S0.next (https://www.greencity.cx.ua/chunk-NUXSP4TM.js:7:7687), [2026-03-14T18:25:44.821Z] [SEVERE] https://www.greencity.cx.ua/chunk-NUXSP4TM.js 10:45939 "ERROR" TypeError: Cannot read properties of null (reading 'setValue')
    at n.quillContentChanged (https://www.greencity.cx.ua/chunk-VNNOUBDJ.js:1:16043)
    at https://www.greencity.cx.ua/chunk-VNNOUBDJ.js:1:7223
    at eE (https://www.greencity.cx.ua/chunk-NUXSP4TM.js:11:76097)
    at Object.o [as next] (https://www.greencity.cx.ua/chunk-NUXSP4TM.js:11:76277)
    at bv.next (https://www.greencity.cx.ua/chunk-NUXSP4TM.js:7:3120)
    at Fr._next (https://www.greencity.cx.ua/chunk-NUXSP4TM.js:7:2803)
    at Fr.next (https://www.greencity.cx.ua/chunk-NUXSP4TM.js:7:2530)
    at https://www.greencity.cx.ua/chunk-NUXSP4TM.js:7:7848
    at Ac (https://www.greencity.cx.ua/chunk-NUXSP4TM.js:7:2222)
    at S0.next (https://www.greencity.cx.ua/chunk-NUXSP4TM.js:7:7687), [2026-03-14T18:25:44.823Z] [SEVERE] https://www.greencity.cx.ua/chunk-NUXSP4TM.js 10:45939 "ERROR" TypeError: Cannot read properties of null (reading 'setValue')
    at n.quillContentChanged (https://www.greencity.cx.ua/chunk-VNNOUBDJ.js:1:16043)
    at https://www.greencity.cx.ua/chunk-VNNOUBDJ.js:1:7223
    at eE (https://www.greencity.cx.ua/chunk-NUXSP4TM.js:11:76097)
    at Object.o [as next] (https://www.greencity.cx.ua/chunk-NUXSP4TM.js:11:76277)
    at bv.next (https://www.greencity.cx.ua/chunk-NUXSP4TM.js:7:3120)
    at Fr._next (https://www.greencity.cx.ua/chunk-NUXSP4TM.js:7:2803)
    at Fr.next (https://www.greencity.cx.ua/chunk-NUXSP4TM.js:7:2530)
    at https://www.greencity.cx.ua/chunk-NUXSP4TM.js:7:7848
    at Ac (https://www.greencity.cx.ua/chunk-NUXSP4TM.js:7:2222)
    at S0.next (https://www.greencity.cx.ua/chunk-NUXSP4TM.js:7:7687), [2026-03-14T18:25:44.826Z] [SEVERE] https://www.greencity.cx.ua/chunk-NUXSP4TM.js 10:45939 "ERROR" TypeError: Cannot read properties of null (reading 'setValue')
    at n.quillContentChanged (https://www.greencity.cx.ua/chunk-VNNOUBDJ.js:1:16043)
    at https://www.greencity.cx.ua/chunk-VNNOUBDJ.js:1:7223
    at eE (https://www.greencity.cx.ua/chunk-NUXSP4TM.js:11:76097)
    at Object.o [as next] (https://www.greencity.cx.ua/chunk-NUXSP4TM.js:11:76277)
    at bv.next (https://www.greencity.cx.ua/chunk-NUXSP4TM.js:7:3120)
    at Fr._next (https://www.greencity.cx.ua/chunk-NUXSP4TM.js:7:2803)
    at Fr.next (https://www.greencity.cx.ua/chunk-NUXSP4TM.js:7:2530)
    at https://www.greencity.cx.ua/chunk-NUXSP4TM.js:7:7848
    at Ac (https://www.greencity.cx.ua/chunk-NUXSP4TM.js:7:2222)
    at S0.next (https://www.greencity.cx.ua/chunk-NUXSP4TM.js:7:7687), [2026-03-14T18:25:44.828Z] [SEVERE] https://www.greencity.cx.ua/chunk-NUXSP4TM.js 10:45939 "ERROR" TypeError: Cannot read properties of null (reading 'setValue')
    at n.quillContentChanged (https://www.greencity.cx.ua/chunk-VNNOUBDJ.js:1:16043)
    at https://www.greencity.cx.ua/chunk-VNNOUBDJ.js:1:7223
    at eE (https://www.greencity.cx.ua/chunk-NUXSP4TM.js:11:76097)
    at Object.o [as next] (https://www.greencity.cx.ua/chunk-NUXSP4TM.js:11:76277)
    at bv.next (https://www.greencity.cx.ua/chunk-NUXSP4TM.js:7:3120)
    at Fr._next (https://www.greencity.cx.ua/chunk-NUXSP4TM.js:7:2803)
    at Fr.next (https://www.greencity.cx.ua/chunk-NUXSP4TM.js:7:2530)
    at https://www.greencity.cx.ua/chunk-NUXSP4TM.js:7:7848
    at Ac (https://www.greencity.cx.ua/chunk-NUXSP4TM.js:7:2222)
    at S0.next (https://www.greencity.cx.ua/chunk-NUXSP4TM.js:7:7687), [2026-03-14T18:25:44.830Z] [SEVERE] https://www.greencity.cx.ua/chunk-NUXSP4TM.js 10:45939 "ERROR" TypeError: Cannot read properties of null (reading 'setValue')
    at n.quillContentChanged (https://www.greencity.cx.ua/chunk-VNNOUBDJ.js:1:16043)
    at https://www.greencity.cx.ua/chunk-VNNOUBDJ.js:1:7223
    at eE (https://www.greencity.cx.ua/chunk-NUXSP4TM.js:11:76097)
    at Object.o [as next] (https://www.greencity.cx.ua/chunk-NUXSP4TM.js:11:76277)
    at bv.next (https://www.greencity.cx.ua/chunk-NUXSP4TM.js:7:3120)
    at Fr._next (https://www.greencity.cx.ua/chunk-NUXSP4TM.js:7:2803)
    at Fr.next (https://www.greencity.cx.ua/chunk-NUXSP4TM.js:7:2530)
    at https://www.greencity.cx.ua/chunk-NUXSP4TM.js:7:7848
    at Ac (https://www.greencity.cx.ua/chunk-NUXSP4TM.js:7:2222)
    at S0.next (https://www.greencity.cx.ua/chunk-NUXSP4TM.js:7:7687), [2026-03-14T18:25:44.833Z] [SEVERE] https://www.greencity.cx.ua/chunk-NUXSP4TM.js 10:45939 "ERROR" TypeError: Cannot read properties of null (reading 'setValue')
    at n.quillContentChanged (https://www.greencity.cx.ua/chunk-VNNOUBDJ.js:1:16043)
    at https://www.greencity.cx.ua/chunk-VNNOUBDJ.js:1:7223
    at eE (https://www.greencity.cx.ua/chunk-NUXSP4TM.js:11:76097)
    at Object.o [as next] (https://www.greencity.cx.ua/chunk-NUXSP4TM.js:11:76277)
    at bv.next (https://www.greencity.cx.ua/chunk-NUXSP4TM.js:7:3120)
    at Fr._next (https://www.greencity.cx.ua/chunk-NUXSP4TM.js:7:2803)
    at Fr.next (https://www.greencity.cx.ua/chunk-NUXSP4TM.js:7:2530)
    at https://www.greencity.cx.ua/chunk-NUXSP4TM.js:7:7848
    at Ac (https://www.greencity.cx.ua/chunk-NUXSP4TM.js:7:2222)
    at S0.next (https://www.greencity.cx.ua/chunk-NUXSP4TM.js:7:7687), [2026-03-14T18:25:44.835Z] [SEVERE] https://www.greencity.cx.ua/chunk-NUXSP4TM.js 10:45939 "ERROR" TypeError: Cannot read properties of null (reading 'setValue')
    at n.quillContentChanged (https://www.greencity.cx.ua/chunk-VNNOUBDJ.js:1:16043)
    at https://www.greencity.cx.ua/chunk-VNNOUBDJ.js:1:7223
    at eE (https://www.greencity.cx.ua/chunk-NUXSP4TM.js:11:76097)
    at Object.o [as next] (https://www.greencity.cx.ua/chunk-NUXSP4TM.js:11:76277)
    at bv.next (https://www.greencity.cx.ua/chunk-NUXSP4TM.js:7:3120)
    at Fr._next (https://www.greencity.cx.ua/chunk-NUXSP4TM.js:7:2803)
    at Fr.next (https://www.greencity.cx.ua/chunk-NUXSP4TM.js:7:2530)
    at https://www.greencity.cx.ua/chunk-NUXSP4TM.js:7:7848
    at Ac (https://www.greencity.cx.ua/chunk-NUXSP4TM.js:7:2222)
    at S0.next (https://www.greencity.cx.ua/chunk-NUXSP4TM.js:7:7687), [2026-03-14T18:25:44.838Z] [SEVERE] https://www.greencity.cx.ua/chunk-NUXSP4TM.js 10:45939 "ERROR" TypeError: Cannot read properties of null (reading 'setValue')
    at n.quillContentChanged (https://www.greencity.cx.ua/chunk-VNNOUBDJ.js:1:16043)
    at https://www.greencity.cx.ua/chunk-VNNOUBDJ.js:1:7223
    at eE (https://www.greencity.cx.ua/chunk-NUXSP4TM.js:11:76097)
    at Object.o [as next] (https://www.greencity.cx.ua/chunk-NUXSP4TM.js:11:76277)
    at bv.next (https://www.greencity.cx.ua/chunk-NUXSP4TM.js:7:3120)
    at Fr._next (https://www.greencity.cx.ua/chunk-NUXSP4TM.js:7:2803)
    at Fr.next (https://www.greencity.cx.ua/chunk-NUXSP4TM.js:7:2530)
    at https://www.greencity.cx.ua/chunk-NUXSP4TM.js:7:7848
    at Ac (https://www.greencity.cx.ua/chunk-NUXSP4TM.js:7:2222)
    at S0.next (https://www.greencity.cx.ua/chunk-NUXSP4TM.js:7:7687), [2026-03-14T18:25:44.840Z] [SEVERE] https://www.greencity.cx.ua/chunk-NUXSP4TM.js 10:45939 "ERROR" TypeError: Cannot read properties of null (reading 'setValue')
    at n.quillContentChanged (https://www.greencity.cx.ua/chunk-VNNOUBDJ.js:1:16043)
    at https://www.greencity.cx.ua/chunk-VNNOUBDJ.js:1:7223
    at eE (https://www.greencity.cx.ua/chunk-NUXSP4TM.js:11:76097)
    at Object.o [as next] (https://www.greencity.cx.ua/chunk-NUXSP4TM.js:11:76277)
    at bv.next (https://www.greencity.cx.ua/chunk-NUXSP4TM.js:7:3120)
    at Fr._next (https://www.greencity.cx.ua/chunk-NUXSP4TM.js:7:2803)
    at Fr.next (https://www.greencity.cx.ua/chunk-NUXSP4TM.js:7:2530)
    at https://www.greencity.cx.ua/chunk-NUXSP4TM.js:7:7848
    at Ac (https://www.greencity.cx.ua/chunk-NUXSP4TM.js:7:2222)
    at S0.next (https://www.greencity.cx.ua/chunk-NUXSP4TM.js:7:7687), [2026-03-14T18:25:44.843Z] [SEVERE] https://www.greencity.cx.ua/chunk-NUXSP4TM.js 10:45939 "ERROR" TypeError: Cannot read properties of null (reading 'setValue')
    at n.quillContentChanged (https://www.greencity.cx.ua/chunk-VNNOUBDJ.js:1:16043)
    at https://www.greencity.cx.ua/chunk-VNNOUBDJ.js:1:7223
    at eE (https://www.greencity.cx.ua/chunk-NUXSP4TM.js:11:76097)
    at Object.o [as next] (https://www.greencity.cx.ua/chunk-NUXSP4TM.js:11:76277)
    at bv.next (https://www.greencity.cx.ua/chunk-NUXSP4TM.js:7:3120)
    at Fr._next (https://www.greencity.cx.ua/chunk-NUXSP4TM.js:7:2803)
    at Fr.next (https://www.greencity.cx.ua/chunk-NUXSP4TM.js:7:2530)
    at https://www.greencity.cx.ua/chunk-NUXSP4TM.js:7:7848
    at Ac (https://www.greencity.cx.ua/chunk-NUXSP4TM.js:7:2222)
    at S0.next (https://www.greencity.cx.ua/chunk-NUXSP4TM.js:7:7687), [2026-03-14T18:25:44.846Z] [SEVERE] https://www.greencity.cx.ua/chunk-NUXSP4TM.js 10:45939 "ERROR" TypeError: Cannot read properties of null (reading 'setValue')
    at n.quillContentChanged (https://www.greencity.cx.ua/chunk-VNNOUBDJ.js:1:16043)
    at https://www.greencity.cx.ua/chunk-VNNOUBDJ.js:1:7223
    at eE (https://www.greencity.cx.ua/chunk-NUXSP4TM.js:11:76097)
    at Object.o [as next] (https://www.greencity.cx.ua/chunk-NUXSP4TM.js:11:76277)
    at bv.next (https://www.greencity.cx.ua/chunk-NUXSP4TM.js:7:3120)
    at Fr._next (https://www.greencity.cx.ua/chunk-NUXSP4TM.js:7:2803)
    at Fr.next (https://www.greencity.cx.ua/chunk-NUXSP4TM.js:7:2530)
    at https://www.greencity.cx.ua/chunk-NUXSP4TM.js:7:7848
    at Ac (https://www.greencity.cx.ua/chunk-NUXSP4TM.js:7:2222)
    at S0.next (https://www.greencity.cx.ua/chunk-NUXSP4TM.js:7:7687), [2026-03-14T18:25:44.849Z] [SEVERE] https://www.greencity.cx.ua/chunk-NUXSP4TM.js 10:45939 "ERROR" TypeError: Cannot read properties of null (reading 'setValue')
    at n.quillContentChanged (https://www.greencity.cx.ua/chunk-VNNOUBDJ.js:1:16043)
    at https://www.greencity.cx.ua/chunk-VNNOUBDJ.js:1:7223
    at eE (https://www.greencity.cx.ua/chunk-NUXSP4TM.js:11:76097)
    at Object.o [as next] (https://www.greencity.cx.ua/chunk-NUXSP4TM.js:11:76277)
    at bv.next (https://www.greencity.cx.ua/chunk-NUXSP4TM.js:7:3120)
    at Fr._next (https://www.greencity.cx.ua/chunk-NUXSP4TM.js:7:2803)
    at Fr.next (https://www.greencity.cx.ua/chunk-NUXSP4TM.js:7:2530)
    at https://www.greencity.cx.ua/chunk-NUXSP4TM.js:7:7848
    at Ac (https://www.greencity.cx.ua/chunk-NUXSP4TM.js:7:2222)
    at S0.next (https://www.greencity.cx.ua/chunk-NUXSP4TM.js:7:7687), [2026-03-14T18:25:44.852Z] [SEVERE] https://www.greencity.cx.ua/chunk-NUXSP4TM.js 10:45939 "ERROR" TypeError: Cannot read properties of null (reading 'setValue')
    at n.quillContentChanged (https://www.greencity.cx.ua/chunk-VNNOUBDJ.js:1:16043)
    at https://www.greencity.cx.ua/chunk-VNNOUBDJ.js:1:7223
    at eE (https://www.greencity.cx.ua/chunk-NUXSP4TM.js:11:76097)
    at Object.o [as next] (https://www.greencity.cx.ua/chunk-NUXSP4TM.js:11:76277)
    at bv.next (https://www.greencity.cx.ua/chunk-NUXSP4TM.js:7:3120)
    at Fr._next (https://www.greencity.cx.ua/chunk-NUXSP4TM.js:7:2803)
    at Fr.next (https://www.greencity.cx.ua/chunk-NUXSP4TM.js:7:2530)
    at https://www.greencity.cx.ua/chunk-NUXSP4TM.js:7:7848
    at Ac (https://www.greencity.cx.ua/chunk-NUXSP4TM.js:7:2222)
    at S0.next (https://www.greencity.cx.ua/chunk-NUXSP4TM.js:7:7687), [2026-03-14T18:25:44.855Z] [SEVERE] https://www.greencity.cx.ua/chunk-NUXSP4TM.js 10:45939 "ERROR" TypeError: Cannot read properties of null (reading 'setValue')
    at n.quillContentChanged (https://www.greencity.cx.ua/chunk-VNNOUBDJ.js:1:16043)
    at https://www.greencity.cx.ua/chunk-VNNOUBDJ.js:1:7223
    at eE (https://www.greencity.cx.ua/chunk-NUXSP4TM.js:11:76097)
    at Object.o [as next] (https://www.greencity.cx.ua/chunk-NUXSP4TM.js:11:76277)
    at bv.next (https://www.greencity.cx.ua/chunk-NUXSP4TM.js:7:3120)
    at Fr._next (https://www.greencity.cx.ua/chunk-NUXSP4TM.js:7:2803)
    at Fr.next (https://www.greencity.cx.ua/chunk-NUXSP4TM.js:7:2530)
    at https://www.greencity.cx.ua/chunk-NUXSP4TM.js:7:7848
    at Ac (https://www.greencity.cx.ua/chunk-NUXSP4TM.js:7:2222)
    at S0.next (https://www.greencity.cx.ua/chunk-NUXSP4TM.js:7:7687), [2026-03-14T18:25:44.858Z] [SEVERE] https://www.greencity.cx.ua/chunk-NUXSP4TM.js 10:45939 "ERROR" TypeError: Cannot read properties of null (reading 'setValue')
    at n.quillContentChanged (https://www.greencity.cx.ua/chunk-VNNOUBDJ.js:1:16043)
    at https://www.greencity.cx.ua/chunk-VNNOUBDJ.js:1:7223
    at eE (https://www.greencity.cx.ua/chunk-NUXSP4TM.js:11:76097)
    at Object.o [as next] (https://www.greencity.cx.ua/chunk-NUXSP4TM.js:11:76277)
    at bv.next (https://www.greencity.cx.ua/chunk-NUXSP4TM.js:7:3120)
    at Fr._next (https://www.greencity.cx.ua/chunk-NUXSP4TM.js:7:2803)
    at Fr.next (https://www.greencity.cx.ua/chunk-NUXSP4TM.js:7:2530)
    at https://www.greencity.cx.ua/chunk-NUXSP4TM.js:7:7848
    at Ac (https://www.greencity.cx.ua/chunk-NUXSP4TM.js:7:2222)
    at S0.next (https://www.greencity.cx.ua/chunk-NUXSP4TM.js:7:7687), [2026-03-14T18:25:44.861Z] [SEVERE] https://www.greencity.cx.ua/chunk-NUXSP4TM.js 10:45939 "ERROR" TypeError: Cannot read properties of null (reading 'setValue')
    at n.quillContentChanged (https://www.greencity.cx.ua/chunk-VNNOUBDJ.js:1:16043)
    at https://www.greencity.cx.ua/chunk-VNNOUBDJ.js:1:7223
    at eE (https://www.greencity.cx.ua/chunk-NUXSP4TM.js:11:76097)
    at Object.o [as next] (https://www.greencity.cx.ua/chunk-NUXSP4TM.js:11:76277)
    at bv.next (https://www.greencity.cx.ua/chunk-NUXSP4TM.js:7:3120)
    at Fr._next (https://www.greencity.cx.ua/chunk-NUXSP4TM.js:7:2803)
    at Fr.next (https://www.greencity.cx.ua/chunk-NUXSP4TM.js:7:2530)
    at https://www.greencity.cx.ua/chunk-NUXSP4TM.js:7:7848
    at Ac (https://www.greencity.cx.ua/chunk-NUXSP4TM.js:7:2222)
    at S0.next (https://www.greencity.cx.ua/chunk-NUXSP4TM.js:7:7687), [2026-03-14T18:25:44.863Z] [SEVERE] https://www.greencity.cx.ua/chunk-NUXSP4TM.js 10:45939 "ERROR" TypeError: Cannot read properties of null (reading 'setValue')
    at n.quillContentChanged (https://www.greencity.cx.ua/chunk-VNNOUBDJ.js:1:16043)
    at https://www.greencity.cx.ua/chunk-VNNOUBDJ.js:1:7223
    at eE (https://www.greencity.cx.ua/chunk-NUXSP4TM.js:11:76097)
    at Object.o [as next] (https://www.greencity.cx.ua/chunk-NUXSP4TM.js:11:76277)
    at bv.next (https://www.greencity.cx.ua/chunk-NUXSP4TM.js:7:3120)
    at Fr._next (https://www.greencity.cx.ua/chunk-NUXSP4TM.js:7:2803)
    at Fr.next (https://www.greencity.cx.ua/chunk-NUXSP4TM.js:7:2530)
    at https://www.greencity.cx.ua/chunk-NUXSP4TM.js:7:7848
    at Ac (https://www.greencity.cx.ua/chunk-NUXSP4TM.js:7:2222)
    at S0.next (https://www.greencity.cx.ua/chunk-NUXSP4TM.js:7:7687), [2026-03-14T18:25:44.866Z] [SEVERE] https://www.greencity.cx.ua/chunk-NUXSP4TM.js 10:45939 "ERROR" TypeError: Cannot read properties of null (reading 'setValue')
    at n.quillContentChanged (https://www.greencity.cx.ua/chunk-VNNOUBDJ.js:1:16043)
    at https://www.greencity.cx.ua/chunk-VNNOUBDJ.js:1:7223
    at eE (https://www.greencity.cx.ua/chunk-NUXSP4TM.js:11:76097)
    at Object.o [as next] (https://www.greencity.cx.ua/chunk-NUXSP4TM.js:11:76277)
    at bv.next (https://www.greencity.cx.ua/chunk-NUXSP4TM.js:7:3120)
    at Fr._next (https://www.greencity.cx.ua/chunk-NUXSP4TM.js:7:2803)
    at Fr.next (https://www.greencity.cx.ua/chunk-NUXSP4TM.js:7:2530)
    at https://www.greencity.cx.ua/chunk-NUXSP4TM.js:7:7848
    at Ac (https://www.greencity.cx.ua/chunk-NUXSP4TM.js:7:2222)
    at S0.next (https://www.greencity.cx.ua/chunk-NUXSP4TM.js:7:7687), [2026-03-14T18:25:44.868Z] [SEVERE] https://www.greencity.cx.ua/chunk-NUXSP4TM.js 10:45939 "ERROR" TypeError: Cannot read properties of null (reading 'setValue')
    at n.quillContentChanged (https://www.greencity.cx.ua/chunk-VNNOUBDJ.js:1:16043)
    at https://www.greencity.cx.ua/chunk-VNNOUBDJ.js:1:7223
    at eE (https://www.greencity.cx.ua/chunk-NUXSP4TM.js:11:76097)
    at Object.o [as next] (https://www.greencity.cx.ua/chunk-NUXSP4TM.js:11:76277)
    at bv.next (https://www.greencity.cx.ua/chunk-NUXSP4TM.js:7:3120)
    at Fr._next (https://www.greencity.cx.ua/chunk-NUXSP4TM.js:7:2803)
    at Fr.next (https://www.greencity.cx.ua/chunk-NUXSP4TM.js:7:2530)
    at https://www.greencity.cx.ua/chunk-NUXSP4TM.js:7:7848
    at Ac (https://www.greencity.cx.ua/chunk-NUXSP4TM.js:7:2222)
    at S0.next (https://www.greencity.cx.ua/chunk-NUXSP4TM.js:7:7687), [2026-03-14T18:25:44.871Z] [SEVERE] https://www.greencity.cx.ua/chunk-NUXSP4TM.js 10:45939 "ERROR" TypeError: Cannot read properties of null (reading 'setValue')
    at n.quillContentChanged (https://www.greencity.cx.ua/chunk-VNNOUBDJ.js:1:16043)
    at https://www.greencity.cx.ua/chunk-VNNOUBDJ.js:1:7223
    at eE (https://www.greencity.cx.ua/chunk-NUXSP4TM.js:11:76097)
    at Object.o [as next] (https://www.greencity.cx.ua/chunk-NUXSP4TM.js:11:76277)
    at bv.next (https://www.greencity.cx.ua/chunk-NUXSP4TM.js:7:3120)
    at Fr._next (https://www.greencity.cx.ua/chunk-NUXSP4TM.js:7:2803)
    at Fr.next (https://www.greencity.cx.ua/chunk-NUXSP4TM.js:7:2530)
    at https://www.greencity.cx.ua/chunk-NUXSP4TM.js:7:7848
    at Ac (https://www.greencity.cx.ua/chunk-NUXSP4TM.js:7:2222)
    at S0.next (https://www.greencity.cx.ua/chunk-NUXSP4TM.js:7:7687), [2026-03-14T18:25:44.873Z] [SEVERE] https://www.greencity.cx.ua/chunk-NUXSP4TM.js 10:45939 "ERROR" TypeError: Cannot read properties of null (reading 'setValue')
    at n.quillContentChanged (https://www.greencity.cx.ua/chunk-VNNOUBDJ.js:1:16043)
    at https://www.greencity.cx.ua/chunk-VNNOUBDJ.js:1:7223
    at eE (https://www.greencity.cx.ua/chunk-NUXSP4TM.js:11:76097)
    at Object.o [as next] (https://www.greencity.cx.ua/chunk-NUXSP4TM.js:11:76277)
    at bv.next (https://www.greencity.cx.ua/chunk-NUXSP4TM.js:7:3120)
    at Fr._next (https://www.greencity.cx.ua/chunk-NUXSP4TM.js:7:2803)
    at Fr.next (https://www.greencity.cx.ua/chunk-NUXSP4TM.js:7:2530)
    at https://www.greencity.cx.ua/chunk-NUXSP4TM.js:7:7848
    at Ac (https://www.greencity.cx.ua/chunk-NUXSP4TM.js:7:2222)
    at S0.next (https://www.greencity.cx.ua/chunk-NUXSP4TM.js:7:7687), [2026-03-14T18:25:44.876Z] [SEVERE] https://www.greencity.cx.ua/chunk-NUXSP4TM.js 10:45939 "ERROR" TypeError: Cannot read properties of null (reading 'setValue')
    at n.quillContentChanged (https://www.greencity.cx.ua/chunk-VNNOUBDJ.js:1:16043)
    at https://www.greencity.cx.ua/chunk-VNNOUBDJ.js:1:7223
    at eE (https://www.greencity.cx.ua/chunk-NUXSP4TM.js:11:76097)
    at Object.o [as next] (https://www.greencity.cx.ua/chunk-NUXSP4TM.js:11:76277)
    at bv.next (https://www.greencity.cx.ua/chunk-NUXSP4TM.js:7:3120)
    at Fr._next (https://www.greencity.cx.ua/chunk-NUXSP4TM.js:7:2803)
    at Fr.next (https://www.greencity.cx.ua/chunk-NUXSP4TM.js:7:2530)
    at https://www.greencity.cx.ua/chunk-NUXSP4TM.js:7:7848
    at Ac (https://www.greencity.cx.ua/chunk-NUXSP4TM.js:7:2222)
    at S0.next (https://www.greencity.cx.ua/chunk-NUXSP4TM.js:7:7687), [2026-03-14T18:25:44.878Z] [SEVERE] https://www.greencity.cx.ua/chunk-NUXSP4TM.js 10:45939 "ERROR" TypeError: Cannot read properties of null (reading 'setValue')
    at n.quillContentChanged (https://www.greencity.cx.ua/chunk-VNNOUBDJ.js:1:16043)
    at https://www.greencity.cx.ua/chunk-VNNOUBDJ.js:1:7223
    at eE (https://www.greencity.cx.ua/chunk-NUXSP4TM.js:11:76097)
    at Object.o [as next] (https://www.greencity.cx.ua/chunk-NUXSP4TM.js:11:76277)
    at bv.next (https://www.greencity.cx.ua/chunk-NUXSP4TM.js:7:3120)
    at Fr._next (https://www.greencity.cx.ua/chunk-NUXSP4TM.js:7:2803)
    at Fr.next (https://www.greencity.cx.ua/chunk-NUXSP4TM.js:7:2530)
    at https://www.greencity.cx.ua/chunk-NUXSP4TM.js:7:7848
    at Ac (https://www.greencity.cx.ua/chunk-NUXSP4TM.js:7:2222)
    at S0.next (https://www.greencity.cx.ua/chunk-NUXSP4TM.js:7:7687), [2026-03-14T18:25:44.881Z] [SEVERE] https://www.greencity.cx.ua/chunk-NUXSP4TM.js 10:45939 "ERROR" TypeError: Cannot read properties of null (reading 'setValue')
    at n.quillContentChanged (https://www.greencity.cx.ua/chunk-VNNOUBDJ.js:1:16043)
    at https://www.greencity.cx.ua/chunk-VNNOUBDJ.js:1:7223
    at eE (https://www.greencity.cx.ua/chunk-NUXSP4TM.js:11:76097)
    at Object.o [as next] (https://www.greencity.cx.ua/chunk-NUXSP4TM.js:11:76277)
    at bv.next (https://www.greencity.cx.ua/chunk-NUXSP4TM.js:7:3120)
    at Fr._next (https://www.greencity.cx.ua/chunk-NUXSP4TM.js:7:2803)
    at Fr.next (https://www.greencity.cx.ua/chunk-NUXSP4TM.js:7:2530)
    at https://www.greencity.cx.ua/chunk-NUXSP4TM.js:7:7848
    at Ac (https://www.greencity.cx.ua/chunk-NUXSP4TM.js:7:2222)
    at S0.next (https://www.greencity.cx.ua/chunk-NUXSP4TM.js:7:7687), [2026-03-14T18:25:44.883Z] [SEVERE] https://www.greencity.cx.ua/chunk-NUXSP4TM.js 10:45939 "ERROR" TypeError: Cannot read properties of null (reading 'setValue')
    at n.quillContentChanged (https://www.greencity.cx.ua/chunk-VNNOUBDJ.js:1:16043)
    at https://www.greencity.cx.ua/chunk-VNNOUBDJ.js:1:7223
    at eE (https://www.greencity.cx.ua/chunk-NUXSP4TM.js:11:76097)
    at Object.o [as next] (https://www.greencity.cx.ua/chunk-NUXSP4TM.js:11:76277)
    at bv.next (https://www.greencity.cx.ua/chunk-NUXSP4TM.js:7:3120)
    at Fr._next (https://www.greencity.cx.ua/chunk-NUXSP4TM.js:7:2803)
    at Fr.next (https://www.greencity.cx.ua/chunk-NUXSP4TM.js:7:2530)
    at https://www.greencity.cx.ua/chunk-NUXSP4TM.js:7:7848
    at Ac (https://www.greencity.cx.ua/chunk-NUXSP4TM.js:7:2222)
    at S0.next (https://www.greencity.cx.ua/chunk-NUXSP4TM.js:7:7687), [2026-03-14T18:25:44.888Z] [SEVERE] https://www.greencity.cx.ua/chunk-NUXSP4TM.js 10:45939 "ERROR" TypeError: Cannot read properties of null (reading 'setValue')
    at n.quillContentChanged (https://www.greencity.cx.ua/chunk-VNNOUBDJ.js:1:16043)
    at https://www.greencity.cx.ua/chunk-VNNOUBDJ.js:1:7223
    at eE (https://www.greencity.cx.ua/chunk-NUXSP4TM.js:11:76097)
    at Object.o [as next] (https://www.greencity.cx.ua/chunk-NUXSP4TM.js:11:76277)
    at bv.next (https://www.greencity.cx.ua/chunk-NUXSP4TM.js:7:3120)
    at Fr._next (https://www.greencity.cx.ua/chunk-NUXSP4TM.js:7:2803)
    at Fr.next (https://www.greencity.cx.ua/chunk-NUXSP4TM.js:7:2530)
    at https://www.greencity.cx.ua/chunk-NUXSP4TM.js:7:7848
    at Ac (https://www.greencity.cx.ua/chunk-NUXSP4TM.js:7:2222)
    at S0.next (https://www.greencity.cx.ua/chunk-NUXSP4TM.js:7:7687), [2026-03-14T18:25:44.895Z] [SEVERE] https://www.greencity.cx.ua/chunk-NUXSP4TM.js 10:45939 "ERROR" TypeError: Cannot read properties of null (reading 'setValue')
    at n.quillContentChanged (https://www.greencity.cx.ua/chunk-VNNOUBDJ.js:1:16043)
    at https://www.greencity.cx.ua/chunk-VNNOUBDJ.js:1:7223
    at eE (https://www.greencity.cx.ua/chunk-NUXSP4TM.js:11:76097)
    at Object.o [as next] (https://www.greencity.cx.ua/chunk-NUXSP4TM.js:11:76277)
    at bv.next (https://www.greencity.cx.ua/chunk-NUXSP4TM.js:7:3120)
    at Fr._next (https://www.greencity.cx.ua/chunk-NUXSP4TM.js:7:2803)
    at Fr.next (https://www.greencity.cx.ua/chunk-NUXSP4TM.js:7:2530)
    at https://www.greencity.cx.ua/chunk-NUXSP4TM.js:7:7848
    at Ac (https://www.greencity.cx.ua/chunk-NUXSP4TM.js:7:2222)
    at S0.next (https://www.greencity.cx.ua/chunk-NUXSP4TM.js:7:7687), [2026-03-14T18:25:44.895Z] [SEVERE] https://www.greencity.cx.ua/chunk-NUXSP4TM.js 10:45939 "ERROR" TypeError: Cannot read properties of null (reading 'setValue')
    at n.quillContentChanged (https://www.greencity.cx.ua/chunk-VNNOUBDJ.js:1:16043)
    at https://www.greencity.cx.ua/chunk-VNNOUBDJ.js:1:7223
    at eE (https://www.greencity.cx.ua/chunk-NUXSP4TM.js:11:76097)
    at Object.o [as next] (https://www.greencity.cx.ua/chunk-NUXSP4TM.js:11:76277)
    at bv.next (https://www.greencity.cx.ua/chunk-NUXSP4TM.js:7:3120)
    at Fr._next (https://www.greencity.cx.ua/chunk-NUXSP4TM.js:7:2803)
    at Fr.next (https://www.greencity.cx.ua/chunk-NUXSP4TM.js:7:2530)
    at https://www.greencity.cx.ua/chunk-NUXSP4TM.js:7:7848
    at Ac (https://www.greencity.cx.ua/chunk-NUXSP4TM.js:7:2222)
    at S0.next (https://www.greencity.cx.ua/chunk-NUXSP4TM.js:7:7687), [2026-03-14T18:25:44.899Z] [SEVERE] https://www.greencity.cx.ua/chunk-NUXSP4TM.js 10:45939 "ERROR" TypeError: Cannot read properties of null (reading 'setValue')
    at n.quillContentChanged (https://www.greencity.cx.ua/chunk-VNNOUBDJ.js:1:16043)
    at https://www.greencity.cx.ua/chunk-VNNOUBDJ.js:1:7223
    at eE (https://www.greencity.cx.ua/chunk-NUXSP4TM.js:11:76097)
    at Object.o [as next] (https://www.greencity.cx.ua/chunk-NUXSP4TM.js:11:76277)
    at bv.next (https://www.greencity.cx.ua/chunk-NUXSP4TM.js:7:3120)
    at Fr._next (https://www.greencity.cx.ua/chunk-NUXSP4TM.js:7:2803)
    at Fr.next (https://www.greencity.cx.ua/chunk-NUXSP4TM.js:7:2530)
    at https://www.greencity.cx.ua/chunk-NUXSP4TM.js:7:7848
    at Ac (https://www.greencity.cx.ua/chunk-NUXSP4TM.js:7:2222)
    at S0.next (https://www.greencity.cx.ua/chunk-NUXSP4TM.js:7:7687), [2026-03-14T18:25:44.905Z] [SEVERE] https://www.greencity.cx.ua/chunk-NUXSP4TM.js 10:45939 "ERROR" TypeError: Cannot read properties of null (reading 'setValue')
    at n.quillContentChanged (https://www.greencity.cx.ua/chunk-VNNOUBDJ.js:1:16043)
    at https://www.greencity.cx.ua/chunk-VNNOUBDJ.js:1:7223
    at eE (https://www.greencity.cx.ua/chunk-NUXSP4TM.js:11:76097)
    at Object.o [as next] (https://www.greencity.cx.ua/chunk-NUXSP4TM.js:11:76277)
    at bv.next (https://www.greencity.cx.ua/chunk-NUXSP4TM.js:7:3120)
    at Fr._next (https://www.greencity.cx.ua/chunk-NUXSP4TM.js:7:2803)
    at Fr.next (https://www.greencity.cx.ua/chunk-NUXSP4TM.js:7:2530)
    at https://www.greencity.cx.ua/chunk-NUXSP4TM.js:7:7848
    at Ac (https://www.greencity.cx.ua/chunk-NUXSP4TM.js:7:2222)
    at S0.next (https://www.greencity.cx.ua/chunk-NUXSP4TM.js:7:7687), [2026-03-14T18:25:44.908Z] [SEVERE] https://www.greencity.cx.ua/chunk-NUXSP4TM.js 10:45939 "ERROR" TypeError: Cannot read properties of null (reading 'setValue')
    at n.quillContentChanged (https://www.greencity.cx.ua/chunk-VNNOUBDJ.js:1:16043)
    at https://www.greencity.cx.ua/chunk-VNNOUBDJ.js:1:7223
    at eE (https://www.greencity.cx.ua/chunk-NUXSP4TM.js:11:76097)
    at Object.o [as next] (https://www.greencity.cx.ua/chunk-NUXSP4TM.js:11:76277)
    at bv.next (https://www.greencity.cx.ua/chunk-NUXSP4TM.js:7:3120)
    at Fr._next (https://www.greencity.cx.ua/chunk-NUXSP4TM.js:7:2803)
    at Fr.next (https://www.greencity.cx.ua/chunk-NUXSP4TM.js:7:2530)
    at https://www.greencity.cx.ua/chunk-NUXSP4TM.js:7:7848
    at Ac (https://www.greencity.cx.ua/chunk-NUXSP4TM.js:7:2222)
    at S0.next (https://www.greencity.cx.ua/chunk-NUXSP4TM.js:7:7687), [2026-03-14T18:25:44.911Z] [SEVERE] https://www.greencity.cx.ua/chunk-NUXSP4TM.js 10:45939 "ERROR" TypeError: Cannot read properties of null (reading 'setValue')
    at n.quillContentChanged (https://www.greencity.cx.ua/chunk-VNNOUBDJ.js:1:16043)
    at https://www.greencity.cx.ua/chunk-VNNOUBDJ.js:1:7223
    at eE (https://www.greencity.cx.ua/chunk-NUXSP4TM.js:11:76097)
    at Object.o [as next] (https://www.greencity.cx.ua/chunk-NUXSP4TM.js:11:76277)
    at bv.next (https://www.greencity.cx.ua/chunk-NUXSP4TM.js:7:3120)
    at Fr._next (https://www.greencity.cx.ua/chunk-NUXSP4TM.js:7:2803)
    at Fr.next (https://www.greencity.cx.ua/chunk-NUXSP4TM.js:7:2530)
    at https://www.greencity.cx.ua/chunk-NUXSP4TM.js:7:7848
    at Ac (https://www.greencity.cx.ua/chunk-NUXSP4TM.js:7:2222)
    at S0.next (https://www.greencity.cx.ua/chunk-NUXSP4TM.js:7:7687), [2026-03-14T18:25:44.915Z] [SEVERE] https://www.greencity.cx.ua/chunk-NUXSP4TM.js 10:45939 "ERROR" TypeError: Cannot read properties of null (reading 'setValue')
    at n.quillContentChanged (https://www.greencity.cx.ua/chunk-VNNOUBDJ.js:1:16043)
    at https://www.greencity.cx.ua/chunk-VNNOUBDJ.js:1:7223
    at eE (https://www.greencity.cx.ua/chunk-NUXSP4TM.js:11:76097)
    at Object.o [as next] (https://www.greencity.cx.ua/chunk-NUXSP4TM.js:11:76277)
    at bv.next (https://www.greencity.cx.ua/chunk-NUXSP4TM.js:7:3120)
    at Fr._next (https://www.greencity.cx.ua/chunk-NUXSP4TM.js:7:2803)
    at Fr.next (https://www.greencity.cx.ua/chunk-NUXSP4TM.js:7:2530)
    at https://www.greencity.cx.ua/chunk-NUXSP4TM.js:7:7848
    at Ac (https://www.greencity.cx.ua/chunk-NUXSP4TM.js:7:2222)
    at S0.next (https://www.greencity.cx.ua/chunk-NUXSP4TM.js:7:7687), [2026-03-14T18:25:44.918Z] [SEVERE] https://www.greencity.cx.ua/chunk-NUXSP4TM.js 10:45939 "ERROR" TypeError: Cannot read properties of null (reading 'setValue')
    at n.quillContentChanged (https://www.greencity.cx.ua/chunk-VNNOUBDJ.js:1:16043)
    at https://www.greencity.cx.ua/chunk-VNNOUBDJ.js:1:7223
    at eE (https://www.greencity.cx.ua/chunk-NUXSP4TM.js:11:76097)
    at Object.o [as next] (https://www.greencity.cx.ua/chunk-NUXSP4TM.js:11:76277)
    at bv.next (https://www.greencity.cx.ua/chunk-NUXSP4TM.js:7:3120)
    at Fr._next (https://www.greencity.cx.ua/chunk-NUXSP4TM.js:7:2803)
    at Fr.next (https://www.greencity.cx.ua/chunk-NUXSP4TM.js:7:2530)
    at https://www.greencity.cx.ua/chunk-NUXSP4TM.js:7:7848
    at Ac (https://www.greencity.cx.ua/chunk-NUXSP4TM.js:7:2222)
    at S0.next (https://www.greencity.cx.ua/chunk-NUXSP4TM.js:7:7687), [2026-03-14T18:25:44.921Z] [SEVERE] https://www.greencity.cx.ua/chunk-NUXSP4TM.js 10:45939 "ERROR" TypeError: Cannot read properties of null (reading 'setValue')
    at n.quillContentChanged (https://www.greencity.cx.ua/chunk-VNNOUBDJ.js:1:16043)
    at https://www.greencity.cx.ua/chunk-VNNOUBDJ.js:1:7223
    at eE (https://www.greencity.cx.ua/chunk-NUXSP4TM.js:11:76097)
    at Object.o [as next] (https://www.greencity.cx.ua/chunk-NUXSP4TM.js:11:76277)
    at bv.next (https://www.greencity.cx.ua/chunk-NUXSP4TM.js:7:3120)
    at Fr._next (https://www.greencity.cx.ua/chunk-NUXSP4TM.js:7:2803)
    at Fr.next (https://www.greencity.cx.ua/chunk-NUXSP4TM.js:7:2530)
    at https://www.greencity.cx.ua/chunk-NUXSP4TM.js:7:7848
    at Ac (https://www.greencity.cx.ua/chunk-NUXSP4TM.js:7:2222)
    at S0.next (https://www.greencity.cx.ua/chunk-NUXSP4TM.js:7:7687), [2026-03-14T18:25:44.924Z] [SEVERE] https://www.greencity.cx.ua/chunk-NUXSP4TM.js 10:45939 "ERROR" TypeError: Cannot read properties of null (reading 'setValue')
    at n.quillContentChanged (https://www.greencity.cx.ua/chunk-VNNOUBDJ.js:1:16043)
    at https://www.greencity.cx.ua/chunk-VNNOUBDJ.js:1:7223
    at eE (https://www.greencity.cx.ua/chunk-NUXSP4TM.js:11:76097)
    at Object.o [as next] (https://www.greencity.cx.ua/chunk-NUXSP4TM.js:11:76277)
    at bv.next (https://www.greencity.cx.ua/chunk-NUXSP4TM.js:7:3120)
    at Fr._next (https://www.greencity.cx.ua/chunk-NUXSP4TM.js:7:2803)
    at Fr.next (https://www.greencity.cx.ua/chunk-NUXSP4TM.js:7:2530)
    at https://www.greencity.cx.ua/chunk-NUXSP4TM.js:7:7848
    at Ac (https://www.greencity.cx.ua/chunk-NUXSP4TM.js:7:2222)
    at S0.next (https://www.greencity.cx.ua/chunk-NUXSP4TM.js:7:7687), [2026-03-14T18:25:44.926Z] [SEVERE] https://www.greencity.cx.ua/chunk-NUXSP4TM.js 10:45939 "ERROR" TypeError: Cannot read properties of null (reading 'setValue')
    at n.quillContentChanged (https://www.greencity.cx.ua/chunk-VNNOUBDJ.js:1:16043)
    at https://www.greencity.cx.ua/chunk-VNNOUBDJ.js:1:7223
    at eE (https://www.greencity.cx.ua/chunk-NUXSP4TM.js:11:76097)
    at Object.o [as next] (https://www.greencity.cx.ua/chunk-NUXSP4TM.js:11:76277)
    at bv.next (https://www.greencity.cx.ua/chunk-NUXSP4TM.js:7:3120)
    at Fr._next (https://www.greencity.cx.ua/chunk-NUXSP4TM.js:7:2803)
    at Fr.next (https://www.greencity.cx.ua/chunk-NUXSP4TM.js:7:2530)
    at https://www.greencity.cx.ua/chunk-NUXSP4TM.js:7:7848
    at Ac (https://www.greencity.cx.ua/chunk-NUXSP4TM.js:7:2222)
    at S0.next (https://www.greencity.cx.ua/chunk-NUXSP4TM.js:7:7687), [2026-03-14T18:25:44.929Z] [SEVERE] https://www.greencity.cx.ua/chunk-NUXSP4TM.js 10:45939 "ERROR" TypeError: Cannot read properties of null (reading 'setValue')
    at n.quillContentChanged (https://www.greencity.cx.ua/chunk-VNNOUBDJ.js:1:16043)
    at https://www.greencity.cx.ua/chunk-VNNOUBDJ.js:1:7223
    at eE (https://www.greencity.cx.ua/chunk-NUXSP4TM.js:11:76097)
    at Object.o [as next] (https://www.greencity.cx.ua/chunk-NUXSP4TM.js:11:76277)
    at bv.next (https://www.greencity.cx.ua/chunk-NUXSP4TM.js:7:3120)
    at Fr._next (https://www.greencity.cx.ua/chunk-NUXSP4TM.js:7:2803)
    at Fr.next (https://www.greencity.cx.ua/chunk-NUXSP4TM.js:7:2530)
    at https://www.greencity.cx.ua/chunk-NUXSP4TM.js:7:7848
    at Ac (https://www.greencity.cx.ua/chunk-NUXSP4TM.js:7:2222)
    at S0.next (https://www.greencity.cx.ua/chunk-NUXSP4TM.js:7:7687), [2026-03-14T18:25:44.931Z] [SEVERE] https://www.greencity.cx.ua/chunk-NUXSP4TM.js 10:45939 "ERROR" TypeError: Cannot read properties of null (reading 'setValue')
    at n.quillContentChanged (https://www.greencity.cx.ua/chunk-VNNOUBDJ.js:1:16043)
    at https://www.greencity.cx.ua/chunk-VNNOUBDJ.js:1:7223
    at eE (https://www.greencity.cx.ua/chunk-NUXSP4TM.js:11:76097)
    at Object.o [as next] (https://www.greencity.cx.ua/chunk-NUXSP4TM.js:11:76277)
    at bv.next (https://www.greencity.cx.ua/chunk-NUXSP4TM.js:7:3120)
    at Fr._next (https://www.greencity.cx.ua/chunk-NUXSP4TM.js:7:2803)
    at Fr.next (https://www.greencity.cx.ua/chunk-NUXSP4TM.js:7:2530)
    at https://www.greencity.cx.ua/chunk-NUXSP4TM.js:7:7848
    at Ac (https://www.greencity.cx.ua/chunk-NUXSP4TM.js:7:2222)
    at S0.next (https://www.greencity.cx.ua/chunk-NUXSP4TM.js:7:7687), [2026-03-14T18:25:44.934Z] [SEVERE] https://www.greencity.cx.ua/chunk-NUXSP4TM.js 10:45939 "ERROR" TypeError: Cannot read properties of null (reading 'setValue')
    at n.quillContentChanged (https://www.greencity.cx.ua/chunk-VNNOUBDJ.js:1:16043)
    at https://www.greencity.cx.ua/chunk-VNNOUBDJ.js:1:7223
    at eE (https://www.greencity.cx.ua/chunk-NUXSP4TM.js:11:76097)
    at Object.o [as next] (https://www.greencity.cx.ua/chunk-NUXSP4TM.js:11:76277)
    at bv.next (https://www.greencity.cx.ua/chunk-NUXSP4TM.js:7:3120)
    at Fr._next (https://www.greencity.cx.ua/chunk-NUXSP4TM.js:7:2803)
    at Fr.next (https://www.greencity.cx.ua/chunk-NUXSP4TM.js:7:2530)
    at https://www.greencity.cx.ua/chunk-NUXSP4TM.js:7:7848
    at Ac (https://www.greencity.cx.ua/chunk-NUXSP4TM.js:7:2222)
    at S0.next (https://www.greencity.cx.ua/chunk-NUXSP4TM.js:7:7687), [2026-03-14T18:25:44.936Z] [SEVERE] https://www.greencity.cx.ua/chunk-NUXSP4TM.js 10:45939 "ERROR" TypeError: Cannot read properties of null (reading 'setValue')
    at n.quillContentChanged (https://www.greencity.cx.ua/chunk-VNNOUBDJ.js:1:16043)
    at https://www.greencity.cx.ua/chunk-VNNOUBDJ.js:1:7223
    at eE (https://www.greencity.cx.ua/chunk-NUXSP4TM.js:11:76097)
    at Object.o [as next] (https://www.greencity.cx.ua/chunk-NUXSP4TM.js:11:76277)
    at bv.next (https://www.greencity.cx.ua/chunk-NUXSP4TM.js:7:3120)
    at Fr._next (https://www.greencity.cx.ua/chunk-NUXSP4TM.js:7:2803)
    at Fr.next (https://www.greencity.cx.ua/chunk-NUXSP4TM.js:7:2530)
    at https://www.greencity.cx.ua/chunk-NUXSP4TM.js:7:7848
    at Ac (https://www.greencity.cx.ua/chunk-NUXSP4TM.js:7:2222)
    at S0.next (https://www.greencity.cx.ua/chunk-NUXSP4TM.js:7:7687), [2026-03-14T18:25:44.940Z] [SEVERE] https://www.greencity.cx.ua/chunk-NUXSP4TM.js 10:45939 "ERROR" TypeError: Cannot read properties of null (reading 'setValue')
    at n.quillContentChanged (https://www.greencity.cx.ua/chunk-VNNOUBDJ.js:1:16043)
    at https://www.greencity.cx.ua/chunk-VNNOUBDJ.js:1:7223
    at eE (https://www.greencity.cx.ua/chunk-NUXSP4TM.js:11:76097)
    at Object.o [as next] (https://www.greencity.cx.ua/chunk-NUXSP4TM.js:11:76277)
    at bv.next (https://www.greencity.cx.ua/chunk-NUXSP4TM.js:7:3120)
    at Fr._next (https://www.greencity.cx.ua/chunk-NUXSP4TM.js:7:2803)
    at Fr.next (https://www.greencity.cx.ua/chunk-NUXSP4TM.js:7:2530)
    at https://www.greencity.cx.ua/chunk-NUXSP4TM.js:7:7848
    at Ac (https://www.greencity.cx.ua/chunk-NUXSP4TM.js:7:2222)
    at S0.next (https://www.greencity.cx.ua/chunk-NUXSP4TM.js:7:7687), [2026-03-14T18:25:44.942Z] [SEVERE] https://www.greencity.cx.ua/chunk-NUXSP4TM.js 10:45939 "ERROR" TypeError: Cannot read properties of null (reading 'setValue')
    at n.quillContentChanged (https://www.greencity.cx.ua/chunk-VNNOUBDJ.js:1:16043)
    at https://www.greencity.cx.ua/chunk-VNNOUBDJ.js:1:7223
    at eE (https://www.greencity.cx.ua/chunk-NUXSP4TM.js:11:76097)
    at Object.o [as next] (https://www.greencity.cx.ua/chunk-NUXSP4TM.js:11:76277)
    at bv.next (https://www.greencity.cx.ua/chunk-NUXSP4TM.js:7:3120)
    at Fr._next (https://www.greencity.cx.ua/chunk-NUXSP4TM.js:7:2803)
    at Fr.next (https://www.greencity.cx.ua/chunk-NUXSP4TM.js:7:2530)
    at https://www.greencity.cx.ua/chunk-NUXSP4TM.js:7:7848
    at Ac (https://www.greencity.cx.ua/chunk-NUXSP4TM.js:7:2222)
    at S0.next (https://www.greencity.cx.ua/chunk-NUXSP4TM.js:7:7687), [2026-03-14T18:25:44.944Z] [SEVERE] https://www.greencity.cx.ua/chunk-NUXSP4TM.js 10:45939 "ERROR" TypeError: Cannot read properties of null (reading 'setValue')
    at n.quillContentChanged (https://www.greencity.cx.ua/chunk-VNNOUBDJ.js:1:16043)
    at https://www.greencity.cx.ua/chunk-VNNOUBDJ.js:1:7223
    at eE (https://www.greencity.cx.ua/chunk-NUXSP4TM.js:11:76097)
    at Object.o [as next] (https://www.greencity.cx.ua/chunk-NUXSP4TM.js:11:76277)
    at bv.next (https://www.greencity.cx.ua/chunk-NUXSP4TM.js:7:3120)
    at Fr._next (https://www.greencity.cx.ua/chunk-NUXSP4TM.js:7:2803)
    at Fr.next (https://www.greencity.cx.ua/chunk-NUXSP4TM.js:7:2530)
    at https://www.greencity.cx.ua/chunk-NUXSP4TM.js:7:7848
    at Ac (https://www.greencity.cx.ua/chunk-NUXSP4TM.js:7:2222)
    at S0.next (https://www.greencity.cx.ua/chunk-NUXSP4TM.js:7:7687), [2026-03-14T18:25:44.947Z] [SEVERE] https://www.greencity.cx.ua/chunk-NUXSP4TM.js 10:45939 "ERROR" TypeError: Cannot read properties of null (reading 'setValue')
    at n.quillContentChanged (https://www.greencity.cx.ua/chunk-VNNOUBDJ.js:1:16043)
    at https://www.greencity.cx.ua/chunk-VNNOUBDJ.js:1:7223
    at eE (https://www.greencity.cx.ua/chunk-NUXSP4TM.js:11:76097)
    at Object.o [as next] (https://www.greencity.cx.ua/chunk-NUXSP4TM.js:11:76277)
    at bv.next (https://www.greencity.cx.ua/chunk-NUXSP4TM.js:7:3120)
    at Fr._next (https://www.greencity.cx.ua/chunk-NUXSP4TM.js:7:2803)
    at Fr.next (https://www.greencity.cx.ua/chunk-NUXSP4TM.js:7:2530)
    at https://www.greencity.cx.ua/chunk-NUXSP4TM.js:7:7848
    at Ac (https://www.greencity.cx.ua/chunk-NUXSP4TM.js:7:2222)
    at S0.next (https://www.greencity.cx.ua/chunk-NUXSP4TM.js:7:7687), [2026-03-14T18:25:44.950Z] [SEVERE] https://www.greencity.cx.ua/chunk-NUXSP4TM.js 10:45939 "ERROR" TypeError: Cannot read properties of null (reading 'setValue')
    at n.quillContentChanged (https://www.greencity.cx.ua/chunk-VNNOUBDJ.js:1:16043)
    at https://www.greencity.cx.ua/chunk-VNNOUBDJ.js:1:7223
    at eE (https://www.greencity.cx.ua/chunk-NUXSP4TM.js:11:76097)
    at Object.o [as next] (https://www.greencity.cx.ua/chunk-NUXSP4TM.js:11:76277)
    at bv.next (https://www.greencity.cx.ua/chunk-NUXSP4TM.js:7:3120)
    at Fr._next (https://www.greencity.cx.ua/chunk-NUXSP4TM.js:7:2803)
    at Fr.next (https://www.greencity.cx.ua/chunk-NUXSP4TM.js:7:2530)
    at https://www.greencity.cx.ua/chunk-NUXSP4TM.js:7:7848
    at Ac (https://www.greencity.cx.ua/chunk-NUXSP4TM.js:7:2222)
    at S0.next (https://www.greencity.cx.ua/chunk-NUXSP4TM.js:7:7687), [2026-03-14T18:25:44.952Z] [SEVERE] https://www.greencity.cx.ua/chunk-NUXSP4TM.js 10:45939 "ERROR" TypeError: Cannot read properties of null (reading 'setValue')
    at n.quillContentChanged (https://www.greencity.cx.ua/chunk-VNNOUBDJ.js:1:16043)
    at https://www.greencity.cx.ua/chunk-VNNOUBDJ.js:1:7223
    at eE (https://www.greencity.cx.ua/chunk-NUXSP4TM.js:11:76097)
    at Object.o [as next] (https://www.greencity.cx.ua/chunk-NUXSP4TM.js:11:76277)
    at bv.next (https://www.greencity.cx.ua/chunk-NUXSP4TM.js:7:3120)
    at Fr._next (https://www.greencity.cx.ua/chunk-NUXSP4TM.js:7:2803)
    at Fr.next (https://www.greencity.cx.ua/chunk-NUXSP4TM.js:7:2530)
    at https://www.greencity.cx.ua/chunk-NUXSP4TM.js:7:7848
    at Ac (https://www.greencity.cx.ua/chunk-NUXSP4TM.js:7:2222)
    at S0.next (https://www.greencity.cx.ua/chunk-NUXSP4TM.js:7:7687), [2026-03-14T18:25:44.955Z] [SEVERE] https://www.greencity.cx.ua/chunk-NUXSP4TM.js 10:45939 "ERROR" TypeError: Cannot read properties of null (reading 'setValue')
    at n.quillContentChanged (https://www.greencity.cx.ua/chunk-VNNOUBDJ.js:1:16043)
    at https://www.greencity.cx.ua/chunk-VNNOUBDJ.js:1:7223
    at eE (https://www.greencity.cx.ua/chunk-NUXSP4TM.js:11:76097)
    at Object.o [as next] (https://www.greencity.cx.ua/chunk-NUXSP4TM.js:11:76277)
    at bv.next (https://www.greencity.cx.ua/chunk-NUXSP4TM.js:7:3120)
    at Fr._next (https://www.greencity.cx.ua/chunk-NUXSP4TM.js:7:2803)
    at Fr.next (https://www.greencity.cx.ua/chunk-NUXSP4TM.js:7:2530)
    at https://www.greencity.cx.ua/chunk-NUXSP4TM.js:7:7848
    at Ac (https://www.greencity.cx.ua/chunk-NUXSP4TM.js:7:2222)
    at S0.next (https://www.greencity.cx.ua/chunk-NUXSP4TM.js:7:7687), [2026-03-14T18:25:44.957Z] [SEVERE] https://www.greencity.cx.ua/chunk-NUXSP4TM.js 10:45939 "ERROR" TypeError: Cannot read properties of null (reading 'setValue')
    at n.quillContentChanged (https://www.greencity.cx.ua/chunk-VNNOUBDJ.js:1:16043)
    at https://www.greencity.cx.ua/chunk-VNNOUBDJ.js:1:7223
    at eE (https://www.greencity.cx.ua/chunk-NUXSP4TM.js:11:76097)
    at Object.o [as next] (https://www.greencity.cx.ua/chunk-NUXSP4TM.js:11:76277)
    at bv.next (https://www.greencity.cx.ua/chunk-NUXSP4TM.js:7:3120)
    at Fr._next (https://www.greencity.cx.ua/chunk-NUXSP4TM.js:7:2803)
    at Fr.next (https://www.greencity.cx.ua/chunk-NUXSP4TM.js:7:2530)
    at https://www.greencity.cx.ua/chunk-NUXSP4TM.js:7:7848
    at Ac (https://www.greencity.cx.ua/chunk-NUXSP4TM.js:7:2222)
    at S0.next (https://www.greencity.cx.ua/chunk-NUXSP4TM.js:7:7687), [2026-03-14T18:25:44.960Z] [SEVERE] https://www.greencity.cx.ua/chunk-NUXSP4TM.js 10:45939 "ERROR" TypeError: Cannot read properties of null (reading 'setValue')
    at n.quillContentChanged (https://www.greencity.cx.ua/chunk-VNNOUBDJ.js:1:16043)
    at https://www.greencity.cx.ua/chunk-VNNOUBDJ.js:1:7223
    at eE (https://www.greencity.cx.ua/chunk-NUXSP4TM.js:11:76097)
    at Object.o [as next] (https://www.greencity.cx.ua/chunk-NUXSP4TM.js:11:76277)
    at bv.next (https://www.greencity.cx.ua/chunk-NUXSP4TM.js:7:3120)
    at Fr._next (https://www.greencity.cx.ua/chunk-NUXSP4TM.js:7:2803)
    at Fr.next (https://www.greencity.cx.ua/chunk-NUXSP4TM.js:7:2530)
    at https://www.greencity.cx.ua/chunk-NUXSP4TM.js:7:7848
    at Ac (https://www.greencity.cx.ua/chunk-NUXSP4TM.js:7:2222)
    at S0.next (https://www.greencity.cx.ua/chunk-NUXSP4TM.js:7:7687), [2026-03-14T18:25:44.963Z] [SEVERE] https://www.greencity.cx.ua/chunk-NUXSP4TM.js 10:45939 "ERROR" TypeError: Cannot read properties of null (reading 'setValue')
    at n.quillContentChanged (https://www.greencity.cx.ua/chunk-VNNOUBDJ.js:1:16043)
    at https://www.greencity.cx.ua/chunk-VNNOUBDJ.js:1:7223
    at eE (https://www.greencity.cx.ua/chunk-NUXSP4TM.js:11:76097)
    at Object.o [as next] (https://www.greencity.cx.ua/chunk-NUXSP4TM.js:11:76277)
    at bv.next (https://www.greencity.cx.ua/chunk-NUXSP4TM.js:7:3120)
    at Fr._next (https://www.greencity.cx.ua/chunk-NUXSP4TM.js:7:2803)
    at Fr.next (https://www.greencity.cx.ua/chunk-NUXSP4TM.js:7:2530)
    at https://www.greencity.cx.ua/chunk-NUXSP4TM.js:7:7848
    at Ac (https://www.greencity.cx.ua/chunk-NUXSP4TM.js:7:2222)
    at S0.next (https://www.greencity.cx.ua/chunk-NUXSP4TM.js:7:7687), [2026-03-14T18:25:44.965Z] [SEVERE] https://www.greencity.cx.ua/chunk-NUXSP4TM.js 10:45939 "ERROR" TypeError: Cannot read properties of null (reading 'setValue')
    at n.quillContentChanged (https://www.greencity.cx.ua/chunk-VNNOUBDJ.js:1:16043)
    at https://www.greencity.cx.ua/chunk-VNNOUBDJ.js:1:7223
    at eE (https://www.greencity.cx.ua/chunk-NUXSP4TM.js:11:76097)
    at Object.o [as next] (https://www.greencity.cx.ua/chunk-NUXSP4TM.js:11:76277)
    at bv.next (https://www.greencity.cx.ua/chunk-NUXSP4TM.js:7:3120)
    at Fr._next (https://www.greencity.cx.ua/chunk-NUXSP4TM.js:7:2803)
    at Fr.next (https://www.greencity.cx.ua/chunk-NUXSP4TM.js:7:2530)
    at https://www.greencity.cx.ua/chunk-NUXSP4TM.js:7:7848
    at Ac (https://www.greencity.cx.ua/chunk-NUXSP4TM.js:7:2222)
    at S0.next (https://www.greencity.cx.ua/chunk-NUXSP4TM.js:7:7687), [2026-03-14T18:25:44.968Z] [SEVERE] https://www.greencity.cx.ua/chunk-NUXSP4TM.js 10:45939 "ERROR" TypeError: Cannot read properties of null (reading 'setValue')
    at n.quillContentChanged (https://www.greencity.cx.ua/chunk-VNNOUBDJ.js:1:16043)
    at https://www.greencity.cx.ua/chunk-VNNOUBDJ.js:1:7223
    at eE (https://www.greencity.cx.ua/chunk-NUXSP4TM.js:11:76097)
    at Object.o [as next] (https://www.greencity.cx.ua/chunk-NUXSP4TM.js:11:76277)
    at bv.next (https://www.greencity.cx.ua/chunk-NUXSP4TM.js:7:3120)
    at Fr._next (https://www.greencity.cx.ua/chunk-NUXSP4TM.js:7:2803)
    at Fr.next (https://www.greencity.cx.ua/chunk-NUXSP4TM.js:7:2530)
    at https://www.greencity.cx.ua/chunk-NUXSP4TM.js:7:7848
    at Ac (https://www.greencity.cx.ua/chunk-NUXSP4TM.js:7:2222)
    at S0.next (https://www.greencity.cx.ua/chunk-NUXSP4TM.js:7:7687), [2026-03-14T18:25:44.970Z] [SEVERE] https://www.greencity.cx.ua/chunk-NUXSP4TM.js 10:45939 "ERROR" TypeError: Cannot read properties of null (reading 'setValue')
    at n.quillContentChanged (https://www.greencity.cx.ua/chunk-VNNOUBDJ.js:1:16043)
    at https://www.greencity.cx.ua/chunk-VNNOUBDJ.js:1:7223
    at eE (https://www.greencity.cx.ua/chunk-NUXSP4TM.js:11:76097)
    at Object.o [as next] (https://www.greencity.cx.ua/chunk-NUXSP4TM.js:11:76277)
    at bv.next (https://www.greencity.cx.ua/chunk-NUXSP4TM.js:7:3120)
    at Fr._next (https://www.greencity.cx.ua/chunk-NUXSP4TM.js:7:2803)
    at Fr.next (https://www.greencity.cx.ua/chunk-NUXSP4TM.js:7:2530)
    at https://www.greencity.cx.ua/chunk-NUXSP4TM.js:7:7848
    at Ac (https://www.greencity.cx.ua/chunk-NUXSP4TM.js:7:2222)
    at S0.next (https://www.greencity.cx.ua/chunk-NUXSP4TM.js:7:7687), [2026-03-14T18:25:44.973Z] [SEVERE] https://www.greencity.cx.ua/chunk-NUXSP4TM.js 10:45939 "ERROR" TypeError: Cannot read properties of null (reading 'setValue')
    at n.quillContentChanged (https://www.greencity.cx.ua/chunk-VNNOUBDJ.js:1:16043)
    at https://www.greencity.cx.ua/chunk-VNNOUBDJ.js:1:7223
    at eE (https://www.greencity.cx.ua/chunk-NUXSP4TM.js:11:76097)
    at Object.o [as next] (https://www.greencity.cx.ua/chunk-NUXSP4TM.js:11:76277)
    at bv.next (https://www.greencity.cx.ua/chunk-NUXSP4TM.js:7:3120)
    at Fr._next (https://www.greencity.cx.ua/chunk-NUXSP4TM.js:7:2803)
    at Fr.next (https://www.greencity.cx.ua/chunk-NUXSP4TM.js:7:2530)
    at https://www.greencity.cx.ua/chunk-NUXSP4TM.js:7:7848
    at Ac (https://www.greencity.cx.ua/chunk-NUXSP4TM.js:7:2222)
    at S0.next (https://www.greencity.cx.ua/chunk-NUXSP4TM.js:7:7687), [2026-03-14T18:25:44.976Z] [SEVERE] https://www.greencity.cx.ua/chunk-NUXSP4TM.js 10:45939 "ERROR" TypeError: Cannot read properties of null (reading 'setValue')
    at n.quillContentChanged (https://www.greencity.cx.ua/chunk-VNNOUBDJ.js:1:16043)
    at https://www.greencity.cx.ua/chunk-VNNOUBDJ.js:1:7223
    at eE (https://www.greencity.cx.ua/chunk-NUXSP4TM.js:11:76097)
    at Object.o [as next] (https://www.greencity.cx.ua/chunk-NUXSP4TM.js:11:76277)
    at bv.next (https://www.greencity.cx.ua/chunk-NUXSP4TM.js:7:3120)
    at Fr._next (https://www.greencity.cx.ua/chunk-NUXSP4TM.js:7:2803)
    at Fr.next (https://www.greencity.cx.ua/chunk-NUXSP4TM.js:7:2530)
    at https://www.greencity.cx.ua/chunk-NUXSP4TM.js:7:7848
    at Ac (https://www.greencity.cx.ua/chunk-NUXSP4TM.js:7:2222)
    at S0.next (https://www.greencity.cx.ua/chunk-NUXSP4TM.js:7:7687), [2026-03-14T18:25:44.979Z] [SEVERE] https://www.greencity.cx.ua/chunk-NUXSP4TM.js 10:45939 "ERROR" TypeError: Cannot read properties of null (reading 'setValue')
    at n.quillContentChanged (https://www.greencity.cx.ua/chunk-VNNOUBDJ.js:1:16043)
    at https://www.greencity.cx.ua/chunk-VNNOUBDJ.js:1:7223
    at eE (https://www.greencity.cx.ua/chunk-NUXSP4TM.js:11:76097)
    at Object.o [as next] (https://www.greencity.cx.ua/chunk-NUXSP4TM.js:11:76277)
    at bv.next (https://www.greencity.cx.ua/chunk-NUXSP4TM.js:7:3120)
    at Fr._next (https://www.greencity.cx.ua/chunk-NUXSP4TM.js:7:2803)
    at Fr.next (https://www.greencity.cx.ua/chunk-NUXSP4TM.js:7:2530)
    at https://www.greencity.cx.ua/chunk-NUXSP4TM.js:7:7848
    at Ac (https://www.greencity.cx.ua/chunk-NUXSP4TM.js:7:2222)
    at S0.next (https://www.greencity.cx.ua/chunk-NUXSP4TM.js:7:7687), [2026-03-14T18:25:44.982Z] [SEVERE] https://www.greencity.cx.ua/chunk-NUXSP4TM.js 10:45939 "ERROR" TypeError: Cannot read properties of null (reading 'setValue')
    at n.quillContentChanged (https://www.greencity.cx.ua/chunk-VNNOUBDJ.js:1:16043)
    at https://www.greencity.cx.ua/chunk-VNNOUBDJ.js:1:7223
    at eE (https://www.greencity.cx.ua/chunk-NUXSP4TM.js:11:76097)
    at Object.o [as next] (https://www.greencity.cx.ua/chunk-NUXSP4TM.js:11:76277)
    at bv.next (https://www.greencity.cx.ua/chunk-NUXSP4TM.js:7:3120)
    at Fr._next (https://www.greencity.cx.ua/chunk-NUXSP4TM.js:7:2803)
    at Fr.next (https://www.greencity.cx.ua/chunk-NUXSP4TM.js:7:2530)
    at https://www.greencity.cx.ua/chunk-NUXSP4TM.js:7:7848
    at Ac (https://www.greencity.cx.ua/chunk-NUXSP4TM.js:7:2222)
    at S0.next (https://www.greencity.cx.ua/chunk-NUXSP4TM.js:7:7687), [2026-03-14T18:25:44.984Z] [SEVERE] https://www.greencity.cx.ua/chunk-NUXSP4TM.js 10:45939 "ERROR" TypeError: Cannot read properties of null (reading 'setValue')
    at n.quillContentChanged (https://www.greencity.cx.ua/chunk-VNNOUBDJ.js:1:16043)
    at https://www.greencity.cx.ua/chunk-VNNOUBDJ.js:1:7223
    at eE (https://www.greencity.cx.ua/chunk-NUXSP4TM.js:11:76097)
    at Object.o [as next] (https://www.greencity.cx.ua/chunk-NUXSP4TM.js:11:76277)
    at bv.next (https://www.greencity.cx.ua/chunk-NUXSP4TM.js:7:3120)
    at Fr._next (https://www.greencity.cx.ua/chunk-NUXSP4TM.js:7:2803)
    at Fr.next (https://www.greencity.cx.ua/chunk-NUXSP4TM.js:7:2530)
    at https://www.greencity.cx.ua/chunk-NUXSP4TM.js:7:7848
    at Ac (https://www.greencity.cx.ua/chunk-NUXSP4TM.js:7:2222)
    at S0.next (https://www.greencity.cx.ua/chunk-NUXSP4TM.js:7:7687), [2026-03-14T18:25:44.986Z] [SEVERE] https://www.greencity.cx.ua/chunk-NUXSP4TM.js 10:45939 "ERROR" TypeError: Cannot read properties of null (reading 'setValue')
    at n.quillContentChanged (https://www.greencity.cx.ua/chunk-VNNOUBDJ.js:1:16043)
    at https://www.greencity.cx.ua/chunk-VNNOUBDJ.js:1:7223
    at eE (https://www.greencity.cx.ua/chunk-NUXSP4TM.js:11:76097)
    at Object.o [as next] (https://www.greencity.cx.ua/chunk-NUXSP4TM.js:11:76277)
    at bv.next (https://www.greencity.cx.ua/chunk-NUXSP4TM.js:7:3120)
    at Fr._next (https://www.greencity.cx.ua/chunk-NUXSP4TM.js:7:2803)
    at Fr.next (https://www.greencity.cx.ua/chunk-NUXSP4TM.js:7:2530)
    at https://www.greencity.cx.ua/chunk-NUXSP4TM.js:7:7848
    at Ac (https://www.greencity.cx.ua/chunk-NUXSP4TM.js:7:2222)
    at S0.next (https://www.greencity.cx.ua/chunk-NUXSP4TM.js:7:7687), [2026-03-14T18:25:44.989Z] [SEVERE] https://www.greencity.cx.ua/chunk-NUXSP4TM.js 10:45939 "ERROR" TypeError: Cannot read properties of null (reading 'setValue')
    at n.quillContentChanged (https://www.greencity.cx.ua/chunk-VNNOUBDJ.js:1:16043)
    at https://www.greencity.cx.ua/chunk-VNNOUBDJ.js:1:7223
    at eE (https://www.greencity.cx.ua/chunk-NUXSP4TM.js:11:76097)
    at Object.o [as next] (https://www.greencity.cx.ua/chunk-NUXSP4TM.js:11:76277)
    at bv.next (https://www.greencity.cx.ua/chunk-NUXSP4TM.js:7:3120)
    at Fr._next (https://www.greencity.cx.ua/chunk-NUXSP4TM.js:7:2803)
    at Fr.next (https://www.greencity.cx.ua/chunk-NUXSP4TM.js:7:2530)
    at https://www.greencity.cx.ua/chunk-NUXSP4TM.js:7:7848
    at Ac (https://www.greencity.cx.ua/chunk-NUXSP4TM.js:7:2222)
    at S0.next (https://www.greencity.cx.ua/chunk-NUXSP4TM.js:7:7687), [2026-03-14T18:25:44.991Z] [SEVERE] https://www.greencity.cx.ua/chunk-NUXSP4TM.js 10:45939 "ERROR" TypeError: Cannot read properties of null (reading 'setValue')
    at n.quillContentChanged (https://www.greencity.cx.ua/chunk-VNNOUBDJ.js:1:16043)
    at https://www.greencity.cx.ua/chunk-VNNOUBDJ.js:1:7223
    at eE (https://www.greencity.cx.ua/chunk-NUXSP4TM.js:11:76097)
    at Object.o [as next] (https://www.greencity.cx.ua/chunk-NUXSP4TM.js:11:76277)
    at bv.next (https://www.greencity.cx.ua/chunk-NUXSP4TM.js:7:3120)
    at Fr._next (https://www.greencity.cx.ua/chunk-NUXSP4TM.js:7:2803)
    at Fr.next (https://www.greencity.cx.ua/chunk-NUXSP4TM.js:7:2530)
    at https://www.greencity.cx.ua/chunk-NUXSP4TM.js:7:7848
    at Ac (https://www.greencity.cx.ua/chunk-NUXSP4TM.js:7:2222)
    at S0.next (https://www.greencity.cx.ua/chunk-NUXSP4TM.js:7:7687), [2026-03-14T18:25:44.994Z] [SEVERE] https://www.greencity.cx.ua/chunk-NUXSP4TM.js 10:45939 "ERROR" TypeError: Cannot read properties of null (reading 'setValue')
    at n.quillContentChanged (https://www.greencity.cx.ua/chunk-VNNOUBDJ.js:1:16043)
    at https://www.greencity.cx.ua/chunk-VNNOUBDJ.js:1:7223
    at eE (https://www.greencity.cx.ua/chunk-NUXSP4TM.js:11:76097)
    at Object.o [as next] (https://www.greencity.cx.ua/chunk-NUXSP4TM.js:11:76277)
    at bv.next (https://www.greencity.cx.ua/chunk-NUXSP4TM.js:7:3120)
    at Fr._next (https://www.greencity.cx.ua/chunk-NUXSP4TM.js:7:2803)
    at Fr.next (https://www.greencity.cx.ua/chunk-NUXSP4TM.js:7:2530)
    at https://www.greencity.cx.ua/chunk-NUXSP4TM.js:7:7848
    at Ac (https://www.greencity.cx.ua/chunk-NUXSP4TM.js:7:2222)
    at S0.next (https://www.greencity.cx.ua/chunk-NUXSP4TM.js:7:7687), [2026-03-14T18:25:44.996Z] [SEVERE] https://www.greencity.cx.ua/chunk-NUXSP4TM.js 10:45939 "ERROR" TypeError: Cannot read properties of null (reading 'setValue')
    at n.quillContentChanged (https://www.greencity.cx.ua/chunk-VNNOUBDJ.js:1:16043)
    at https://www.greencity.cx.ua/chunk-VNNOUBDJ.js:1:7223
    at eE (https://www.greencity.cx.ua/chunk-NUXSP4TM.js:11:76097)
    at Object.o [as next] (https://www.greencity.cx.ua/chunk-NUXSP4TM.js:11:76277)
    at bv.next (https://www.greencity.cx.ua/chunk-NUXSP4TM.js:7:3120)
    at Fr._next (https://www.greencity.cx.ua/chunk-NUXSP4TM.js:7:2803)
    at Fr.next (https://www.greencity.cx.ua/chunk-NUXSP4TM.js:7:2530)
    at https://www.greencity.cx.ua/chunk-NUXSP4TM.js:7:7848
    at Ac (https://www.greencity.cx.ua/chunk-NUXSP4TM.js:7:2222)
    at S0.next (https://www.greencity.cx.ua/chunk-NUXSP4TM.js:7:7687), [2026-03-14T18:25:44.999Z] [SEVERE] https://www.greencity.cx.ua/chunk-NUXSP4TM.js 10:45939 "ERROR" TypeError: Cannot read properties of null (reading 'setValue')
    at n.quillContentChanged (https://www.greencity.cx.ua/chunk-VNNOUBDJ.js:1:16043)
    at https://www.greencity.cx.ua/chunk-VNNOUBDJ.js:1:7223
    at eE (https://www.greencity.cx.ua/chunk-NUXSP4TM.js:11:76097)
    at Object.o [as next] (https://www.greencity.cx.ua/chunk-NUXSP4TM.js:11:76277)
    at bv.next (https://www.greencity.cx.ua/chunk-NUXSP4TM.js:7:3120)
    at Fr._next (https://www.greencity.cx.ua/chunk-NUXSP4TM.js:7:2803)
    at Fr.next (https://www.greencity.cx.ua/chunk-NUXSP4TM.js:7:2530)
    at https://www.greencity.cx.ua/chunk-NUXSP4TM.js:7:7848
    at Ac (https://www.greencity.cx.ua/chunk-NUXSP4TM.js:7:2222)
    at S0.next (https://www.greencity.cx.ua/chunk-NUXSP4TM.js:7:7687), [2026-03-14T18:25:45.001Z] [SEVERE] https://www.greencity.cx.ua/chunk-NUXSP4TM.js 10:45939 "ERROR" TypeError: Cannot read properties of null (reading 'setValue')
    at n.quillContentChanged (https://www.greencity.cx.ua/chunk-VNNOUBDJ.js:1:16043)
    at https://www.greencity.cx.ua/chunk-VNNOUBDJ.js:1:7223
    at eE (https://www.greencity.cx.ua/chunk-NUXSP4TM.js:11:76097)
    at Object.o [as next] (https://www.greencity.cx.ua/chunk-NUXSP4TM.js:11:76277)
    at bv.next (https://www.greencity.cx.ua/chunk-NUXSP4TM.js:7:3120)
    at Fr._next (https://www.greencity.cx.ua/chunk-NUXSP4TM.js:7:2803)
    at Fr.next (https://www.greencity.cx.ua/chunk-NUXSP4TM.js:7:2530)
    at https://www.greencity.cx.ua/chunk-NUXSP4TM.js:7:7848
    at Ac (https://www.greencity.cx.ua/chunk-NUXSP4TM.js:7:2222)
    at S0.next (https://www.greencity.cx.ua/chunk-NUXSP4TM.js:7:7687), [2026-03-14T18:25:45.003Z] [SEVERE] https://www.greencity.cx.ua/chunk-NUXSP4TM.js 10:45939 "ERROR" TypeError: Cannot read properties of null (reading 'setValue')
    at n.quillContentChanged (https://www.greencity.cx.ua/chunk-VNNOUBDJ.js:1:16043)
    at https://www.greencity.cx.ua/chunk-VNNOUBDJ.js:1:7223
    at eE (https://www.greencity.cx.ua/chunk-NUXSP4TM.js:11:76097)
    at Object.o [as next] (https://www.greencity.cx.ua/chunk-NUXSP4TM.js:11:76277)
    at bv.next (https://www.greencity.cx.ua/chunk-NUXSP4TM.js:7:3120)
    at Fr._next (https://www.greencity.cx.ua/chunk-NUXSP4TM.js:7:2803)
    at Fr.next (https://www.greencity.cx.ua/chunk-NUXSP4TM.js:7:2530)
    at https://www.greencity.cx.ua/chunk-NUXSP4TM.js:7:7848
    at Ac (https://www.greencity.cx.ua/chunk-NUXSP4TM.js:7:2222)
    at S0.next (https://www.greencity.cx.ua/chunk-NUXSP4TM.js:7:7687), [2026-03-14T18:25:45.006Z] [SEVERE] https://www.greencity.cx.ua/chunk-NUXSP4TM.js 10:45939 "ERROR" TypeError: Cannot read properties of null (reading 'setValue')
    at n.quillContentChanged (https://www.greencity.cx.ua/chunk-VNNOUBDJ.js:1:16043)
    at https://www.greencity.cx.ua/chunk-VNNOUBDJ.js:1:7223
    at eE (https://www.greencity.cx.ua/chunk-NUXSP4TM.js:11:76097)
    at Object.o [as next] (https://www.greencity.cx.ua/chunk-NUXSP4TM.js:11:76277)
    at bv.next (https://www.greencity.cx.ua/chunk-NUXSP4TM.js:7:3120)
    at Fr._next (https://www.greencity.cx.ua/chunk-NUXSP4TM.js:7:2803)
    at Fr.next (https://www.greencity.cx.ua/chunk-NUXSP4TM.js:7:2530)
    at https://www.greencity.cx.ua/chunk-NUXSP4TM.js:7:7848
    at Ac (https://www.greencity.cx.ua/chunk-NUXSP4TM.js:7:2222)
    at S0.next (https://www.greencity.cx.ua/chunk-NUXSP4TM.js:7:7687), [2026-03-14T18:25:45.009Z] [SEVERE] https://www.greencity.cx.ua/chunk-NUXSP4TM.js 10:45939 "ERROR" TypeError: Cannot read properties of null (reading 'setValue')
    at n.quillContentChanged (https://www.greencity.cx.ua/chunk-VNNOUBDJ.js:1:16043)
    at https://www.greencity.cx.ua/chunk-VNNOUBDJ.js:1:7223
    at eE (https://www.greencity.cx.ua/chunk-NUXSP4TM.js:11:76097)
    at Object.o [as next] (https://www.greencity.cx.ua/chunk-NUXSP4TM.js:11:76277)
    at bv.next (https://www.greencity.cx.ua/chunk-NUXSP4TM.js:7:3120)
    at Fr._next (https://www.greencity.cx.ua/chunk-NUXSP4TM.js:7:2803)
    at Fr.next (https://www.greencity.cx.ua/chunk-NUXSP4TM.js:7:2530)
    at https://www.greencity.cx.ua/chunk-NUXSP4TM.js:7:7848
    at Ac (https://www.greencity.cx.ua/chunk-NUXSP4TM.js:7:2222)
    at S0.next (https://www.greencity.cx.ua/chunk-NUXSP4TM.js:7:7687), [2026-03-14T18:25:45.012Z] [SEVERE] https://www.greencity.cx.ua/chunk-NUXSP4TM.js 10:45939 "ERROR" TypeError: Cannot read properties of null (reading 'setValue')
    at n.quillContentChanged (https://www.greencity.cx.ua/chunk-VNNOUBDJ.js:1:16043)
    at https://www.greencity.cx.ua/chunk-VNNOUBDJ.js:1:7223
    at eE (https://www.greencity.cx.ua/chunk-NUXSP4TM.js:11:76097)
    at Object.o [as next] (https://www.greencity.cx.ua/chunk-NUXSP4TM.js:11:76277)
    at bv.next (https://www.greencity.cx.ua/chunk-NUXSP4TM.js:7:3120)
    at Fr._next (https://www.greencity.cx.ua/chunk-NUXSP4TM.js:7:2803)
    at Fr.next (https://www.greencity.cx.ua/chunk-NUXSP4TM.js:7:2530)
    at https://www.greencity.cx.ua/chunk-NUXSP4TM.js:7:7848
    at Ac (https://www.greencity.cx.ua/chunk-NUXSP4TM.js:7:2222)
    at S0.next (https://www.greencity.cx.ua/chunk-NUXSP4TM.js:7:7687), [2026-03-14T18:25:45.014Z] [SEVERE] https://www.greencity.cx.ua/chunk-NUXSP4TM.js 10:45939 "ERROR" TypeError: Cannot read properties of null (reading 'setValue')
    at n.quillContentChanged (https://www.greencity.cx.ua/chunk-VNNOUBDJ.js:1:16043)
    at https://www.greencity.cx.ua/chunk-VNNOUBDJ.js:1:7223
    at eE (https://www.greencity.cx.ua/chunk-NUXSP4TM.js:11:76097)
    at Object.o [as next] (https://www.greencity.cx.ua/chunk-NUXSP4TM.js:11:76277)
    at bv.next (https://www.greencity.cx.ua/chunk-NUXSP4TM.js:7:3120)
    at Fr._next (https://www.greencity.cx.ua/chunk-NUXSP4TM.js:7:2803)
    at Fr.next (https://www.greencity.cx.ua/chunk-NUXSP4TM.js:7:2530)
    at https://www.greencity.cx.ua/chunk-NUXSP4TM.js:7:7848
    at Ac (https://www.greencity.cx.ua/chunk-NUXSP4TM.js:7:2222)
    at S0.next (https://www.greencity.cx.ua/chunk-NUXSP4TM.js:7:7687), [2026-03-14T18:25:45.017Z] [SEVERE] https://www.greencity.cx.ua/chunk-NUXSP4TM.js 10:45939 "ERROR" TypeError: Cannot read properties of null (reading 'setValue')
    at n.quillContentChanged (https://www.greencity.cx.ua/chunk-VNNOUBDJ.js:1:16043)
    at https://www.greencity.cx.ua/chunk-VNNOUBDJ.js:1:7223
    at eE (https://www.greencity.cx.ua/chunk-NUXSP4TM.js:11:76097)
    at Object.o [as next] (https://www.greencity.cx.ua/chunk-NUXSP4TM.js:11:76277)
    at bv.next (https://www.greencity.cx.ua/chunk-NUXSP4TM.js:7:3120)
    at Fr._next (https://www.greencity.cx.ua/chunk-NUXSP4TM.js:7:2803)
    at Fr.next (https://www.greencity.cx.ua/chunk-NUXSP4TM.js:7:2530)
    at https://www.greencity.cx.ua/chunk-NUXSP4TM.js:7:7848
    at Ac (https://www.greencity.cx.ua/chunk-NUXSP4TM.js:7:2222)
    at S0.next (https://www.greencity.cx.ua/chunk-NUXSP4TM.js:7:7687), [2026-03-14T18:25:45.020Z] [SEVERE] https://www.greencity.cx.ua/chunk-NUXSP4TM.js 10:45939 "ERROR" TypeError: Cannot read properties of null (reading 'setValue')
    at n.quillContentChanged (https://www.greencity.cx.ua/chunk-VNNOUBDJ.js:1:16043)
    at https://www.greencity.cx.ua/chunk-VNNOUBDJ.js:1:7223
    at eE (https://www.greencity.cx.ua/chunk-NUXSP4TM.js:11:76097)
    at Object.o [as next] (https://www.greencity.cx.ua/chunk-NUXSP4TM.js:11:76277)
    at bv.next (https://www.greencity.cx.ua/chunk-NUXSP4TM.js:7:3120)
    at Fr._next (https://www.greencity.cx.ua/chunk-NUXSP4TM.js:7:2803)
    at Fr.next (https://www.greencity.cx.ua/chunk-NUXSP4TM.js:7:2530)
    at https://www.greencity.cx.ua/chunk-NUXSP4TM.js:7:7848
    at Ac (https://www.greencity.cx.ua/chunk-NUXSP4TM.js:7:2222)
    at S0.next (https://www.greencity.cx.ua/chunk-NUXSP4TM.js:7:7687), [2026-03-14T18:25:45.022Z] [SEVERE] https://www.greencity.cx.ua/chunk-NUXSP4TM.js 10:45939 "ERROR" TypeError: Cannot read properties of null (reading 'setValue')
    at n.quillContentChanged (https://www.greencity.cx.ua/chunk-VNNOUBDJ.js:1:16043)
    at https://www.greencity.cx.ua/chunk-VNNOUBDJ.js:1:7223
    at eE (https://www.greencity.cx.ua/chunk-NUXSP4TM.js:11:76097)
    at Object.o [as next] (https://www.greencity.cx.ua/chunk-NUXSP4TM.js:11:76277)
    at bv.next (https://www.greencity.cx.ua/chunk-NUXSP4TM.js:7:3120)
    at Fr._next (https://www.greencity.cx.ua/chunk-NUXSP4TM.js:7:2803)
    at Fr.next (https://www.greencity.cx.ua/chunk-NUXSP4TM.js:7:2530)
    at https://www.greencity.cx.ua/chunk-NUXSP4TM.js:7:7848
    at Ac (https://www.greencity.cx.ua/chunk-NUXSP4TM.js:7:2222)
    at S0.next (https://www.greencity.cx.ua/chunk-NUXSP4TM.js:7:7687), [2026-03-14T18:25:45.025Z] [SEVERE] https://www.greencity.cx.ua/chunk-NUXSP4TM.js 10:45939 "ERROR" TypeError: Cannot read properties of null (reading 'setValue')
    at n.quillContentChanged (https://www.greencity.cx.ua/chunk-VNNOUBDJ.js:1:16043)
    at https://www.greencity.cx.ua/chunk-VNNOUBDJ.js:1:7223
    at eE (https://www.greencity.cx.ua/chunk-NUXSP4TM.js:11:76097)
    at Object.o [as next] (https://www.greencity.cx.ua/chunk-NUXSP4TM.js:11:76277)
    at bv.next (https://www.greencity.cx.ua/chunk-NUXSP4TM.js:7:3120)
    at Fr._next (https://www.greencity.cx.ua/chunk-NUXSP4TM.js:7:2803)
    at Fr.next (https://www.greencity.cx.ua/chunk-NUXSP4TM.js:7:2530)
    at https://www.greencity.cx.ua/chunk-NUXSP4TM.js:7:7848
    at Ac (https://www.greencity.cx.ua/chunk-NUXSP4TM.js:7:2222)
    at S0.next (https://www.greencity.cx.ua/chunk-NUXSP4TM.js:7:7687), [2026-03-14T18:25:45.027Z] [SEVERE] https://www.greencity.cx.ua/chunk-NUXSP4TM.js 10:45939 "ERROR" TypeError: Cannot read properties of null (reading 'setValue')
    at n.quillContentChanged (https://www.greencity.cx.ua/chunk-VNNOUBDJ.js:1:16043)
    at https://www.greencity.cx.ua/chunk-VNNOUBDJ.js:1:7223
    at eE (https://www.greencity.cx.ua/chunk-NUXSP4TM.js:11:76097)
    at Object.o [as next] (https://www.greencity.cx.ua/chunk-NUXSP4TM.js:11:76277)
    at bv.next (https://www.greencity.cx.ua/chunk-NUXSP4TM.js:7:3120)
    at Fr._next (https://www.greencity.cx.ua/chunk-NUXSP4TM.js:7:2803)
    at Fr.next (https://www.greencity.cx.ua/chunk-NUXSP4TM.js:7:2530)
    at https://www.greencity.cx.ua/chunk-NUXSP4TM.js:7:7848
    at Ac (https://www.greencity.cx.ua/chunk-NUXSP4TM.js:7:2222)
    at S0.next (https://www.greencity.cx.ua/chunk-NUXSP4TM.js:7:7687), [2026-03-14T18:25:45.030Z] [SEVERE] https://www.greencity.cx.ua/chunk-NUXSP4TM.js 10:45939 "ERROR" TypeError: Cannot read properties of null (reading 'setValue')
    at n.quillContentChanged (https://www.greencity.cx.ua/chunk-VNNOUBDJ.js:1:16043)
    at https://www.greencity.cx.ua/chunk-VNNOUBDJ.js:1:7223
    at eE (https://www.greencity.cx.ua/chunk-NUXSP4TM.js:11:76097)
    at Object.o [as next] (https://www.greencity.cx.ua/chunk-NUXSP4TM.js:11:76277)
    at bv.next (https://www.greencity.cx.ua/chunk-NUXSP4TM.js:7:3120)
    at Fr._next (https://www.greencity.cx.ua/chunk-NUXSP4TM.js:7:2803)
    at Fr.next (https://www.greencity.cx.ua/chunk-NUXSP4TM.js:7:2530)
    at https://www.greencity.cx.ua/chunk-NUXSP4TM.js:7:7848
    at Ac (https://www.greencity.cx.ua/chunk-NUXSP4TM.js:7:2222)
    at S0.next (https://www.greencity.cx.ua/chunk-NUXSP4TM.js:7:7687), [2026-03-14T18:25:45.032Z] [SEVERE] https://www.greencity.cx.ua/chunk-NUXSP4TM.js 10:45939 "ERROR" TypeError: Cannot read properties of null (reading 'setValue')
    at n.quillContentChanged (https://www.greencity.cx.ua/chunk-VNNOUBDJ.js:1:16043)
    at https://www.greencity.cx.ua/chunk-VNNOUBDJ.js:1:7223
    at eE (https://www.greencity.cx.ua/chunk-NUXSP4TM.js:11:76097)
    at Object.o [as next] (https://www.greencity.cx.ua/chunk-NUXSP4TM.js:11:76277)
    at bv.next (https://www.greencity.cx.ua/chunk-NUXSP4TM.js:7:3120)
    at Fr._next (https://www.greencity.cx.ua/chunk-NUXSP4TM.js:7:2803)
    at Fr.next (https://www.greencity.cx.ua/chunk-NUXSP4TM.js:7:2530)
    at https://www.greencity.cx.ua/chunk-NUXSP4TM.js:7:7848
    at Ac (https://www.greencity.cx.ua/chunk-NUXSP4TM.js:7:2222)
    at S0.next (https://www.greencity.cx.ua/chunk-NUXSP4TM.js:7:7687), [2026-03-14T18:25:45.035Z] [SEVERE] https://www.greencity.cx.ua/chunk-NUXSP4TM.js 10:45939 "ERROR" TypeError: Cannot read properties of null (reading 'setValue')
    at n.quillContentChanged (https://www.greencity.cx.ua/chunk-VNNOUBDJ.js:1:16043)
    at https://www.greencity.cx.ua/chunk-VNNOUBDJ.js:1:7223
    at eE (https://www.greencity.cx.ua/chunk-NUXSP4TM.js:11:76097)
    at Object.o [as next] (https://www.greencity.cx.ua/chunk-NUXSP4TM.js:11:76277)
    at bv.next (https://www.greencity.cx.ua/chunk-NUXSP4TM.js:7:3120)
    at Fr._next (https://www.greencity.cx.ua/chunk-NUXSP4TM.js:7:2803)
    at Fr.next (https://www.greencity.cx.ua/chunk-NUXSP4TM.js:7:2530)
    at https://www.greencity.cx.ua/chunk-NUXSP4TM.js:7:7848
    at Ac (https://www.greencity.cx.ua/chunk-NUXSP4TM.js:7:2222)
    at S0.next (https://www.greencity.cx.ua/chunk-NUXSP4TM.js:7:7687), [2026-03-14T18:25:45.038Z] [SEVERE] https://www.greencity.cx.ua/chunk-NUXSP4TM.js 10:45939 "ERROR" TypeError: Cannot read properties of null (reading 'setValue')
    at n.quillContentChanged (https://www.greencity.cx.ua/chunk-VNNOUBDJ.js:1:16043)
    at https://www.greencity.cx.ua/chunk-VNNOUBDJ.js:1:7223
    at eE (https://www.greencity.cx.ua/chunk-NUXSP4TM.js:11:76097)
    at Object.o [as next] (https://www.greencity.cx.ua/chunk-NUXSP4TM.js:11:76277)
    at bv.next (https://www.greencity.cx.ua/chunk-NUXSP4TM.js:7:3120)
    at Fr._next (https://www.greencity.cx.ua/chunk-NUXSP4TM.js:7:2803)
    at Fr.next (https://www.greencity.cx.ua/chunk-NUXSP4TM.js:7:2530)
    at https://www.greencity.cx.ua/chunk-NUXSP4TM.js:7:7848
    at Ac (https://www.greencity.cx.ua/chunk-NUXSP4TM.js:7:2222)
    at S0.next (https://www.greencity.cx.ua/chunk-NUXSP4TM.js:7:7687), [2026-03-14T18:25:45.040Z] [SEVERE] https://www.greencity.cx.ua/chunk-NUXSP4TM.js 10:45939 "ERROR" TypeError: Cannot read properties of null (reading 'setValue')
    at n.quillContentChanged (https://www.greencity.cx.ua/chunk-VNNOUBDJ.js:1:16043)
    at https://www.greencity.cx.ua/chunk-VNNOUBDJ.js:1:7223
    at eE (https://www.greencity.cx.ua/chunk-NUXSP4TM.js:11:76097)
    at Object.o [as next] (https://www.greencity.cx.ua/chunk-NUXSP4TM.js:11:76277)
    at bv.next (https://www.greencity.cx.ua/chunk-NUXSP4TM.js:7:3120)
    at Fr._next (https://www.greencity.cx.ua/chunk-NUXSP4TM.js:7:2803)
    at Fr.next (https://www.greencity.cx.ua/chunk-NUXSP4TM.js:7:2530)
    at https://www.greencity.cx.ua/chunk-NUXSP4TM.js:7:7848
    at Ac (https://www.greencity.cx.ua/chunk-NUXSP4TM.js:7:2222)
    at S0.next (https://www.greencity.cx.ua/chunk-NUXSP4TM.js:7:7687), [2026-03-14T18:25:45.042Z] [SEVERE] https://www.greencity.cx.ua/chunk-NUXSP4TM.js 10:45939 "ERROR" TypeError: Cannot read properties of null (reading 'setValue')
    at n.quillContentChanged (https://www.greencity.cx.ua/chunk-VNNOUBDJ.js:1:16043)
    at https://www.greencity.cx.ua/chunk-VNNOUBDJ.js:1:7223
    at eE (https://www.greencity.cx.ua/chunk-NUXSP4TM.js:11:76097)
    at Object.o [as next] (https://www.greencity.cx.ua/chunk-NUXSP4TM.js:11:76277)
    at bv.next (https://www.greencity.cx.ua/chunk-NUXSP4TM.js:7:3120)
    at Fr._next (https://www.greencity.cx.ua/chunk-NUXSP4TM.js:7:2803)
    at Fr.next (https://www.greencity.cx.ua/chunk-NUXSP4TM.js:7:2530)
    at https://www.greencity.cx.ua/chunk-NUXSP4TM.js:7:7848
    at Ac (https://www.greencity.cx.ua/chunk-NUXSP4TM.js:7:2222)
    at S0.next (https://www.greencity.cx.ua/chunk-NUXSP4TM.js:7:7687), [2026-03-14T18:25:45.045Z] [SEVERE] https://www.greencity.cx.ua/chunk-NUXSP4TM.js 10:45939 "ERROR" TypeError: Cannot read properties of null (reading 'setValue')
    at n.quillContentChanged (https://www.greencity.cx.ua/chunk-VNNOUBDJ.js:1:16043)
    at https://www.greencity.cx.ua/chunk-VNNOUBDJ.js:1:7223
    at eE (https://www.greencity.cx.ua/chunk-NUXSP4TM.js:11:76097)
    at Object.o [as next] (https://www.greencity.cx.ua/chunk-NUXSP4TM.js:11:76277)
    at bv.next (https://www.greencity.cx.ua/chunk-NUXSP4TM.js:7:3120)
    at Fr._next (https://www.greencity.cx.ua/chunk-NUXSP4TM.js:7:2803)
    at Fr.next (https://www.greencity.cx.ua/chunk-NUXSP4TM.js:7:2530)
    at https://www.greencity.cx.ua/chunk-NUXSP4TM.js:7:7848
    at Ac (https://www.greencity.cx.ua/chunk-NUXSP4TM.js:7:2222)
    at S0.next (https://www.greencity.cx.ua/chunk-NUXSP4TM.js:7:7687), [2026-03-14T18:25:45.047Z] [SEVERE] https://www.greencity.cx.ua/chunk-NUXSP4TM.js 10:45939 "ERROR" TypeError: Cannot read properties of null (reading 'setValue')
    at n.quillContentChanged (https://www.greencity.cx.ua/chunk-VNNOUBDJ.js:1:16043)
    at https://www.greencity.cx.ua/chunk-VNNOUBDJ.js:1:7223
    at eE (https://www.greencity.cx.ua/chunk-NUXSP4TM.js:11:76097)
    at Object.o [as next] (https://www.greencity.cx.ua/chunk-NUXSP4TM.js:11:76277)
    at bv.next (https://www.greencity.cx.ua/chunk-NUXSP4TM.js:7:3120)
    at Fr._next (https://www.greencity.cx.ua/chunk-NUXSP4TM.js:7:2803)
    at Fr.next (https://www.greencity.cx.ua/chunk-NUXSP4TM.js:7:2530)
    at https://www.greencity.cx.ua/chunk-NUXSP4TM.js:7:7848
    at Ac (https://www.greencity.cx.ua/chunk-NUXSP4TM.js:7:2222)
    at S0.next (https://www.greencity.cx.ua/chunk-NUXSP4TM.js:7:7687), [2026-03-14T18:25:45.050Z] [SEVERE] https://www.greencity.cx.ua/chunk-NUXSP4TM.js 10:45939 "ERROR" TypeError: Cannot read properties of null (reading 'setValue')
    at n.quillContentChanged (https://www.greencity.cx.ua/chunk-VNNOUBDJ.js:1:16043)
    at https://www.greencity.cx.ua/chunk-VNNOUBDJ.js:1:7223
    at eE (https://www.greencity.cx.ua/chunk-NUXSP4TM.js:11:76097)
    at Object.o [as next] (https://www.greencity.cx.ua/chunk-NUXSP4TM.js:11:76277)
    at bv.next (https://www.greencity.cx.ua/chunk-NUXSP4TM.js:7:3120)
    at Fr._next (https://www.greencity.cx.ua/chunk-NUXSP4TM.js:7:2803)
    at Fr.next (https://www.greencity.cx.ua/chunk-NUXSP4TM.js:7:2530)
    at https://www.greencity.cx.ua/chunk-NUXSP4TM.js:7:7848
    at Ac (https://www.greencity.cx.ua/chunk-NUXSP4TM.js:7:2222)
    at S0.next (https://www.greencity.cx.ua/chunk-NUXSP4TM.js:7:7687), [2026-03-14T18:25:45.052Z] [SEVERE] https://www.greencity.cx.ua/chunk-NUXSP4TM.js 10:45939 "ERROR" TypeError: Cannot read properties of null (reading 'setValue')
    at n.quillContentChanged (https://www.greencity.cx.ua/chunk-VNNOUBDJ.js:1:16043)
    at https://www.greencity.cx.ua/chunk-VNNOUBDJ.js:1:7223
    at eE (https://www.greencity.cx.ua/chunk-NUXSP4TM.js:11:76097)
    at Object.o [as next] (https://www.greencity.cx.ua/chunk-NUXSP4TM.js:11:76277)
    at bv.next (https://www.greencity.cx.ua/chunk-NUXSP4TM.js:7:3120)
    at Fr._next (https://www.greencity.cx.ua/chunk-NUXSP4TM.js:7:2803)
    at Fr.next (https://www.greencity.cx.ua/chunk-NUXSP4TM.js:7:2530)
    at https://www.greencity.cx.ua/chunk-NUXSP4TM.js:7:7848
    at Ac (https://www.greencity.cx.ua/chunk-NUXSP4TM.js:7:2222)
    at S0.next (https://www.greencity.cx.ua/chunk-NUXSP4TM.js:7:7687), [2026-03-14T18:25:45.055Z] [SEVERE] https://www.greencity.cx.ua/chunk-NUXSP4TM.js 10:45939 "ERROR" TypeError: Cannot read properties of null (reading 'setValue')
    at n.quillContentChanged (https://www.greencity.cx.ua/chunk-VNNOUBDJ.js:1:16043)
    at https://www.greencity.cx.ua/chunk-VNNOUBDJ.js:1:7223
    at eE (https://www.greencity.cx.ua/chunk-NUXSP4TM.js:11:76097)
    at Object.o [as next] (https://www.greencity.cx.ua/chunk-NUXSP4TM.js:11:76277)
    at bv.next (https://www.greencity.cx.ua/chunk-NUXSP4TM.js:7:3120)
    at Fr._next (https://www.greencity.cx.ua/chunk-NUXSP4TM.js:7:2803)
    at Fr.next (https://www.greencity.cx.ua/chunk-NUXSP4TM.js:7:2530)
    at https://www.greencity.cx.ua/chunk-NUXSP4TM.js:7:7848
    at Ac (https://www.greencity.cx.ua/chunk-NUXSP4TM.js:7:2222)
    at S0.next (https://www.greencity.cx.ua/chunk-NUXSP4TM.js:7:7687), [2026-03-14T18:25:45.057Z] [SEVERE] https://www.greencity.cx.ua/chunk-NUXSP4TM.js 10:45939 "ERROR" TypeError: Cannot read properties of null (reading 'setValue')
    at n.quillContentChanged (https://www.greencity.cx.ua/chunk-VNNOUBDJ.js:1:16043)
    at https://www.greencity.cx.ua/chunk-VNNOUBDJ.js:1:7223
    at eE (https://www.greencity.cx.ua/chunk-NUXSP4TM.js:11:76097)
    at Object.o [as next] (https://www.greencity.cx.ua/chunk-NUXSP4TM.js:11:76277)
    at bv.next (https://www.greencity.cx.ua/chunk-NUXSP4TM.js:7:3120)
    at Fr._next (https://www.greencity.cx.ua/chunk-NUXSP4TM.js:7:2803)
    at Fr.next (https://www.greencity.cx.ua/chunk-NUXSP4TM.js:7:2530)
    at https://www.greencity.cx.ua/chunk-NUXSP4TM.js:7:7848
    at Ac (https://www.greencity.cx.ua/chunk-NUXSP4TM.js:7:2222)
    at S0.next (https://www.greencity.cx.ua/chunk-NUXSP4TM.js:7:7687), [2026-03-14T18:25:45.060Z] [SEVERE] https://www.greencity.cx.ua/chunk-NUXSP4TM.js 10:45939 "ERROR" TypeError: Cannot read properties of null (reading 'setValue')
    at n.quillContentChanged (https://www.greencity.cx.ua/chunk-VNNOUBDJ.js:1:16043)
    at https://www.greencity.cx.ua/chunk-VNNOUBDJ.js:1:7223
    at eE (https://www.greencity.cx.ua/chunk-NUXSP4TM.js:11:76097)
    at Object.o [as next] (https://www.greencity.cx.ua/chunk-NUXSP4TM.js:11:76277)
    at bv.next (https://www.greencity.cx.ua/chunk-NUXSP4TM.js:7:3120)
    at Fr._next (https://www.greencity.cx.ua/chunk-NUXSP4TM.js:7:2803)
    at Fr.next (https://www.greencity.cx.ua/chunk-NUXSP4TM.js:7:2530)
    at https://www.greencity.cx.ua/chunk-NUXSP4TM.js:7:7848
    at Ac (https://www.greencity.cx.ua/chunk-NUXSP4TM.js:7:2222)
    at S0.next (https://www.greencity.cx.ua/chunk-NUXSP4TM.js:7:7687), [2026-03-14T18:25:45.062Z] [SEVERE] https://www.greencity.cx.ua/chunk-NUXSP4TM.js 10:45939 "ERROR" TypeError: Cannot read properties of null (reading 'setValue')
    at n.quillContentChanged (https://www.greencity.cx.ua/chunk-VNNOUBDJ.js:1:16043)
    at https://www.greencity.cx.ua/chunk-VNNOUBDJ.js:1:7223
    at eE (https://www.greencity.cx.ua/chunk-NUXSP4TM.js:11:76097)
    at Object.o [as next] (https://www.greencity.cx.ua/chunk-NUXSP4TM.js:11:76277)
    at bv.next (https://www.greencity.cx.ua/chunk-NUXSP4TM.js:7:3120)
    at Fr._next (https://www.greencity.cx.ua/chunk-NUXSP4TM.js:7:2803)
    at Fr.next (https://www.greencity.cx.ua/chunk-NUXSP4TM.js:7:2530)
    at https://www.greencity.cx.ua/chunk-NUXSP4TM.js:7:7848
    at Ac (https://www.greencity.cx.ua/chunk-NUXSP4TM.js:7:2222)
    at S0.next (https://www.greencity.cx.ua/chunk-NUXSP4TM.js:7:7687), [2026-03-14T18:25:45.065Z] [SEVERE] https://www.greencity.cx.ua/chunk-NUXSP4TM.js 10:45939 "ERROR" TypeError: Cannot read properties of null (reading 'setValue')
    at n.quillContentChanged (https://www.greencity.cx.ua/chunk-VNNOUBDJ.js:1:16043)
    at https://www.greencity.cx.ua/chunk-VNNOUBDJ.js:1:7223
    at eE (https://www.greencity.cx.ua/chunk-NUXSP4TM.js:11:76097)
    at Object.o [as next] (https://www.greencity.cx.ua/chunk-NUXSP4TM.js:11:76277)
    at bv.next (https://www.greencity.cx.ua/chunk-NUXSP4TM.js:7:3120)
    at Fr._next (https://www.greencity.cx.ua/chunk-NUXSP4TM.js:7:2803)
    at Fr.next (https://www.greencity.cx.ua/chunk-NUXSP4TM.js:7:2530)
    at https://www.greencity.cx.ua/chunk-NUXSP4TM.js:7:7848
    at Ac (https://www.greencity.cx.ua/chunk-NUXSP4TM.js:7:2222)
    at S0.next (https://www.greencity.cx.ua/chunk-NUXSP4TM.js:7:7687), [2026-03-14T18:25:45.067Z] [SEVERE] https://www.greencity.cx.ua/chunk-NUXSP4TM.js 10:45939 "ERROR" TypeError: Cannot read properties of null (reading 'setValue')
    at n.quillContentChanged (https://www.greencity.cx.ua/chunk-VNNOUBDJ.js:1:16043)
    at https://www.greencity.cx.ua/chunk-VNNOUBDJ.js:1:7223
    at eE (https://www.greencity.cx.ua/chunk-NUXSP4TM.js:11:76097)
    at Object.o [as next] (https://www.greencity.cx.ua/chunk-NUXSP4TM.js:11:76277)
    at bv.next (https://www.greencity.cx.ua/chunk-NUXSP4TM.js:7:3120)
    at Fr._next (https://www.greencity.cx.ua/chunk-NUXSP4TM.js:7:2803)
    at Fr.next (https://www.greencity.cx.ua/chunk-NUXSP4TM.js:7:2530)
    at https://www.greencity.cx.ua/chunk-NUXSP4TM.js:7:7848
    at Ac (https://www.greencity.cx.ua/chunk-NUXSP4TM.js:7:2222)
    at S0.next (https://www.greencity.cx.ua/chunk-NUXSP4TM.js:7:7687), [2026-03-14T18:25:45.070Z] [SEVERE] https://www.greencity.cx.ua/chunk-NUXSP4TM.js 10:45939 "ERROR" TypeError: Cannot read properties of null (reading 'setValue')
    at n.quillContentChanged (https://www.greencity.cx.ua/chunk-VNNOUBDJ.js:1:16043)
    at https://www.greencity.cx.ua/chunk-VNNOUBDJ.js:1:7223
    at eE (https://www.greencity.cx.ua/chunk-NUXSP4TM.js:11:76097)
    at Object.o [as next] (https://www.greencity.cx.ua/chunk-NUXSP4TM.js:11:76277)
    at bv.next (https://www.greencity.cx.ua/chunk-NUXSP4TM.js:7:3120)
    at Fr._next (https://www.greencity.cx.ua/chunk-NUXSP4TM.js:7:2803)
    at Fr.next (https://www.greencity.cx.ua/chunk-NUXSP4TM.js:7:2530)
    at https://www.greencity.cx.ua/chunk-NUXSP4TM.js:7:7848
    at Ac (https://www.greencity.cx.ua/chunk-NUXSP4TM.js:7:2222)
    at S0.next (https://www.greencity.cx.ua/chunk-NUXSP4TM.js:7:7687), [2026-03-14T18:25:45.072Z] [SEVERE] https://www.greencity.cx.ua/chunk-NUXSP4TM.js 10:45939 "ERROR" TypeError: Cannot read properties of null (reading 'setValue')
    at n.quillContentChanged (https://www.greencity.cx.ua/chunk-VNNOUBDJ.js:1:16043)
    at https://www.greencity.cx.ua/chunk-VNNOUBDJ.js:1:7223
    at eE (https://www.greencity.cx.ua/chunk-NUXSP4TM.js:11:76097)
    at Object.o [as next] (https://www.greencity.cx.ua/chunk-NUXSP4TM.js:11:76277)
    at bv.next (https://www.greencity.cx.ua/chunk-NUXSP4TM.js:7:3120)
    at Fr._next (https://www.greencity.cx.ua/chunk-NUXSP4TM.js:7:2803)
    at Fr.next (https://www.greencity.cx.ua/chunk-NUXSP4TM.js:7:2530)
    at https://www.greencity.cx.ua/chunk-NUXSP4TM.js:7:7848
    at Ac (https://www.greencity.cx.ua/chunk-NUXSP4TM.js:7:2222)
    at S0.next (https://www.greencity.cx.ua/chunk-NUXSP4TM.js:7:7687), [2026-03-14T18:25:45.075Z] [SEVERE] https://www.greencity.cx.ua/chunk-NUXSP4TM.js 10:45939 "ERROR" TypeError: Cannot read properties of null (reading 'setValue')
    at n.quillContentChanged (https://www.greencity.cx.ua/chunk-VNNOUBDJ.js:1:16043)
    at https://www.greencity.cx.ua/chunk-VNNOUBDJ.js:1:7223
    at eE (https://www.greencity.cx.ua/chunk-NUXSP4TM.js:11:76097)
    at Object.o [as next] (https://www.greencity.cx.ua/chunk-NUXSP4TM.js:11:76277)
    at bv.next (https://www.greencity.cx.ua/chunk-NUXSP4TM.js:7:3120)
    at Fr._next (https://www.greencity.cx.ua/chunk-NUXSP4TM.js:7:2803)
    at Fr.next (https://www.greencity.cx.ua/chunk-NUXSP4TM.js:7:2530)
    at https://www.greencity.cx.ua/chunk-NUXSP4TM.js:7:7848
    at Ac (https://www.greencity.cx.ua/chunk-NUXSP4TM.js:7:2222)
    at S0.next (https://www.greencity.cx.ua/chunk-NUXSP4TM.js:7:7687), [2026-03-14T18:25:45.077Z] [SEVERE] https://www.greencity.cx.ua/chunk-NUXSP4TM.js 10:45939 "ERROR" TypeError: Cannot read properties of null (reading 'setValue')
    at n.quillContentChanged (https://www.greencity.cx.ua/chunk-VNNOUBDJ.js:1:16043)
    at https://www.greencity.cx.ua/chunk-VNNOUBDJ.js:1:7223
    at eE (https://www.greencity.cx.ua/chunk-NUXSP4TM.js:11:76097)
    at Object.o [as next] (https://www.greencity.cx.ua/chunk-NUXSP4TM.js:11:76277)
    at bv.next (https://www.greencity.cx.ua/chunk-NUXSP4TM.js:7:3120)
    at Fr._next (https://www.greencity.cx.ua/chunk-NUXSP4TM.js:7:2803)
    at Fr.next (https://www.greencity.cx.ua/chunk-NUXSP4TM.js:7:2530)
    at https://www.greencity.cx.ua/chunk-NUXSP4TM.js:7:7848
    at Ac (https://www.greencity.cx.ua/chunk-NUXSP4TM.js:7:2222)
    at S0.next (https://www.greencity.cx.ua/chunk-NUXSP4TM.js:7:7687), [2026-03-14T18:25:45.080Z] [SEVERE] https://www.greencity.cx.ua/chunk-NUXSP4TM.js 10:45939 "ERROR" TypeError: Cannot read properties of null (reading 'setValue')
    at n.quillContentChanged (https://www.greencity.cx.ua/chunk-VNNOUBDJ.js:1:16043)
    at https://www.greencity.cx.ua/chunk-VNNOUBDJ.js:1:7223
    at eE (https://www.greencity.cx.ua/chunk-NUXSP4TM.js:11:76097)
    at Object.o [as next] (https://www.greencity.cx.ua/chunk-NUXSP4TM.js:11:76277)
    at bv.next (https://www.greencity.cx.ua/chunk-NUXSP4TM.js:7:3120)
    at Fr._next (https://www.greencity.cx.ua/chunk-NUXSP4TM.js:7:2803)
    at Fr.next (https://www.greencity.cx.ua/chunk-NUXSP4TM.js:7:2530)
    at https://www.greencity.cx.ua/chunk-NUXSP4TM.js:7:7848
    at Ac (https://www.greencity.cx.ua/chunk-NUXSP4TM.js:7:2222)
    at S0.next (https://www.greencity.cx.ua/chunk-NUXSP4TM.js:7:7687), [2026-03-14T18:25:45.082Z] [SEVERE] https://www.greencity.cx.ua/chunk-NUXSP4TM.js 10:45939 "ERROR" TypeError: Cannot read properties of null (reading 'setValue')
    at n.quillContentChanged (https://www.greencity.cx.ua/chunk-VNNOUBDJ.js:1:16043)
    at https://www.greencity.cx.ua/chunk-VNNOUBDJ.js:1:7223
    at eE (https://www.greencity.cx.ua/chunk-NUXSP4TM.js:11:76097)
    at Object.o [as next] (https://www.greencity.cx.ua/chunk-NUXSP4TM.js:11:76277)
    at bv.next (https://www.greencity.cx.ua/chunk-NUXSP4TM.js:7:3120)
    at Fr._next (https://www.greencity.cx.ua/chunk-NUXSP4TM.js:7:2803)
    at Fr.next (https://www.greencity.cx.ua/chunk-NUXSP4TM.js:7:2530)
    at https://www.greencity.cx.ua/chunk-NUXSP4TM.js:7:7848
    at Ac (https://www.greencity.cx.ua/chunk-NUXSP4TM.js:7:2222)
    at S0.next (https://www.greencity.cx.ua/chunk-NUXSP4TM.js:7:7687), [2026-03-14T18:25:45.084Z] [SEVERE] https://www.greencity.cx.ua/chunk-NUXSP4TM.js 10:45939 "ERROR" TypeError: Cannot read properties of null (reading 'setValue')
    at n.quillContentChanged (https://www.greencity.cx.ua/chunk-VNNOUBDJ.js:1:16043)
    at https://www.greencity.cx.ua/chunk-VNNOUBDJ.js:1:7223
    at eE (https://www.greencity.cx.ua/chunk-NUXSP4TM.js:11:76097)
    at Object.o [as next] (https://www.greencity.cx.ua/chunk-NUXSP4TM.js:11:76277)
    at bv.next (https://www.greencity.cx.ua/chunk-NUXSP4TM.js:7:3120)
    at Fr._next (https://www.greencity.cx.ua/chunk-NUXSP4TM.js:7:2803)
    at Fr.next (https://www.greencity.cx.ua/chunk-NUXSP4TM.js:7:2530)
    at https://www.greencity.cx.ua/chunk-NUXSP4TM.js:7:7848
    at Ac (https://www.greencity.cx.ua/chunk-NUXSP4TM.js:7:2222)
    at S0.next (https://www.greencity.cx.ua/chunk-NUXSP4TM.js:7:7687), [2026-03-14T18:25:45.087Z] [SEVERE] https://www.greencity.cx.ua/chunk-NUXSP4TM.js 10:45939 "ERROR" TypeError: Cannot read properties of null (reading 'setValue')
    at n.quillContentChanged (https://www.greencity.cx.ua/chunk-VNNOUBDJ.js:1:16043)
    at https://www.greencity.cx.ua/chunk-VNNOUBDJ.js:1:7223
    at eE (https://www.greencity.cx.ua/chunk-NUXSP4TM.js:11:76097)
    at Object.o [as next] (https://www.greencity.cx.ua/chunk-NUXSP4TM.js:11:76277)
    at bv.next (https://www.greencity.cx.ua/chunk-NUXSP4TM.js:7:3120)
    at Fr._next (https://www.greencity.cx.ua/chunk-NUXSP4TM.js:7:2803)
    at Fr.next (https://www.greencity.cx.ua/chunk-NUXSP4TM.js:7:2530)
    at https://www.greencity.cx.ua/chunk-NUXSP4TM.js:7:7848
    at Ac (https://www.greencity.cx.ua/chunk-NUXSP4TM.js:7:2222)
    at S0.next (https://www.greencity.cx.ua/chunk-NUXSP4TM.js:7:7687), [2026-03-14T18:25:45.089Z] [SEVERE] https://www.greencity.cx.ua/chunk-NUXSP4TM.js 10:45939 "ERROR" TypeError: Cannot read properties of null (reading 'setValue')
    at n.quillContentChanged (https://www.greencity.cx.ua/chunk-VNNOUBDJ.js:1:16043)
    at https://www.greencity.cx.ua/chunk-VNNOUBDJ.js:1:7223
    at eE (https://www.greencity.cx.ua/chunk-NUXSP4TM.js:11:76097)
    at Object.o [as next] (https://www.greencity.cx.ua/chunk-NUXSP4TM.js:11:76277)
    at bv.next (https://www.greencity.cx.ua/chunk-NUXSP4TM.js:7:3120)
    at Fr._next (https://www.greencity.cx.ua/chunk-NUXSP4TM.js:7:2803)
    at Fr.next (https://www.greencity.cx.ua/chunk-NUXSP4TM.js:7:2530)
    at https://www.greencity.cx.ua/chunk-NUXSP4TM.js:7:7848
    at Ac (https://www.greencity.cx.ua/chunk-NUXSP4TM.js:7:2222)
    at S0.next (https://www.greencity.cx.ua/chunk-NUXSP4TM.js:7:7687), [2026-03-14T18:25:45.092Z] [SEVERE] https://www.greencity.cx.ua/chunk-NUXSP4TM.js 10:45939 "ERROR" TypeError: Cannot read properties of null (reading 'setValue')
    at n.quillContentChanged (https://www.greencity.cx.ua/chunk-VNNOUBDJ.js:1:16043)
    at https://www.greencity.cx.ua/chunk-VNNOUBDJ.js:1:7223
    at eE (https://www.greencity.cx.ua/chunk-NUXSP4TM.js:11:76097)
    at Object.o [as next] (https://www.greencity.cx.ua/chunk-NUXSP4TM.js:11:76277)
    at bv.next (https://www.greencity.cx.ua/chunk-NUXSP4TM.js:7:3120)
    at Fr._next (https://www.greencity.cx.ua/chunk-NUXSP4TM.js:7:2803)
    at Fr.next (https://www.greencity.cx.ua/chunk-NUXSP4TM.js:7:2530)
    at https://www.greencity.cx.ua/chunk-NUXSP4TM.js:7:7848
    at Ac (https://www.greencity.cx.ua/chunk-NUXSP4TM.js:7:2222)
    at S0.next (https://www.greencity.cx.ua/chunk-NUXSP4TM.js:7:7687), [2026-03-14T18:25:45.094Z] [SEVERE] https://www.greencity.cx.ua/chunk-NUXSP4TM.js 10:45939 "ERROR" TypeError: Cannot read properties of null (reading 'setValue')
    at n.quillContentChanged (https://www.greencity.cx.ua/chunk-VNNOUBDJ.js:1:16043)
    at https://www.greencity.cx.ua/chunk-VNNOUBDJ.js:1:7223
    at eE (https://www.greencity.cx.ua/chunk-NUXSP4TM.js:11:76097)
    at Object.o [as next] (https://www.greencity.cx.ua/chunk-NUXSP4TM.js:11:76277)
    at bv.next (https://www.greencity.cx.ua/chunk-NUXSP4TM.js:7:3120)
    at Fr._next (https://www.greencity.cx.ua/chunk-NUXSP4TM.js:7:2803)
    at Fr.next (https://www.greencity.cx.ua/chunk-NUXSP4TM.js:7:2530)
    at https://www.greencity.cx.ua/chunk-NUXSP4TM.js:7:7848
    at Ac (https://www.greencity.cx.ua/chunk-NUXSP4TM.js:7:2222)
    at S0.next (https://www.greencity.cx.ua/chunk-NUXSP4TM.js:7:7687), [2026-03-14T18:25:45.096Z] [SEVERE] https://www.greencity.cx.ua/chunk-NUXSP4TM.js 10:45939 "ERROR" TypeError: Cannot read properties of null (reading 'setValue')
    at n.quillContentChanged (https://www.greencity.cx.ua/chunk-VNNOUBDJ.js:1:16043)
    at https://www.greencity.cx.ua/chunk-VNNOUBDJ.js:1:7223
    at eE (https://www.greencity.cx.ua/chunk-NUXSP4TM.js:11:76097)
    at Object.o [as next] (https://www.greencity.cx.ua/chunk-NUXSP4TM.js:11:76277)
    at bv.next (https://www.greencity.cx.ua/chunk-NUXSP4TM.js:7:3120)
    at Fr._next (https://www.greencity.cx.ua/chunk-NUXSP4TM.js:7:2803)
    at Fr.next (https://www.greencity.cx.ua/chunk-NUXSP4TM.js:7:2530)
    at https://www.greencity.cx.ua/chunk-NUXSP4TM.js:7:7848
    at Ac (https://www.greencity.cx.ua/chunk-NUXSP4TM.js:7:2222)
    at S0.next (https://www.greencity.cx.ua/chunk-NUXSP4TM.js:7:7687), [2026-03-14T18:25:45.099Z] [SEVERE] https://www.greencity.cx.ua/chunk-NUXSP4TM.js 10:45939 "ERROR" TypeError: Cannot read properties of null (reading 'setValue')
    at n.quillContentChanged (https://www.greencity.cx.ua/chunk-VNNOUBDJ.js:1:16043)
    at https://www.greencity.cx.ua/chunk-VNNOUBDJ.js:1:7223
    at eE (https://www.greencity.cx.ua/chunk-NUXSP4TM.js:11:76097)
    at Object.o [as next] (https://www.greencity.cx.ua/chunk-NUXSP4TM.js:11:76277)
    at bv.next (https://www.greencity.cx.ua/chunk-NUXSP4TM.js:7:3120)
    at Fr._next (https://www.greencity.cx.ua/chunk-NUXSP4TM.js:7:2803)
    at Fr.next (https://www.greencity.cx.ua/chunk-NUXSP4TM.js:7:2530)
    at https://www.greencity.cx.ua/chunk-NUXSP4TM.js:7:7848
    at Ac (https://www.greencity.cx.ua/chunk-NUXSP4TM.js:7:2222)
    at S0.next (https://www.greencity.cx.ua/chunk-NUXSP4TM.js:7:7687), [2026-03-14T18:25:45.101Z] [SEVERE] https://www.greencity.cx.ua/chunk-NUXSP4TM.js 10:45939 "ERROR" TypeError: Cannot read properties of null (reading 'setValue')
    at n.quillContentChanged (https://www.greencity.cx.ua/chunk-VNNOUBDJ.js:1:16043)
    at https://www.greencity.cx.ua/chunk-VNNOUBDJ.js:1:7223
    at eE (https://www.greencity.cx.ua/chunk-NUXSP4TM.js:11:76097)
    at Object.o [as next] (https://www.greencity.cx.ua/chunk-NUXSP4TM.js:11:76277)
    at bv.next (https://www.greencity.cx.ua/chunk-NUXSP4TM.js:7:3120)
    at Fr._next (https://www.greencity.cx.ua/chunk-NUXSP4TM.js:7:2803)
    at Fr.next (https://www.greencity.cx.ua/chunk-NUXSP4TM.js:7:2530)
    at https://www.greencity.cx.ua/chunk-NUXSP4TM.js:7:7848
    at Ac (https://www.greencity.cx.ua/chunk-NUXSP4TM.js:7:2222)
    at S0.next (https://www.greencity.cx.ua/chunk-NUXSP4TM.js:7:7687), [2026-03-14T18:25:45.104Z] [SEVERE] https://www.greencity.cx.ua/chunk-NUXSP4TM.js 10:45939 "ERROR" TypeError: Cannot read properties of null (reading 'setValue')
    at n.quillContentChanged (https://www.greencity.cx.ua/chunk-VNNOUBDJ.js:1:16043)
    at https://www.greencity.cx.ua/chunk-VNNOUBDJ.js:1:7223
    at eE (https://www.greencity.cx.ua/chunk-NUXSP4TM.js:11:76097)
    at Object.o [as next] (https://www.greencity.cx.ua/chunk-NUXSP4TM.js:11:76277)
    at bv.next (https://www.greencity.cx.ua/chunk-NUXSP4TM.js:7:3120)
    at Fr._next (https://www.greencity.cx.ua/chunk-NUXSP4TM.js:7:2803)
    at Fr.next (https://www.greencity.cx.ua/chunk-NUXSP4TM.js:7:2530)
    at https://www.greencity.cx.ua/chunk-NUXSP4TM.js:7:7848
    at Ac (https://www.greencity.cx.ua/chunk-NUXSP4TM.js:7:2222)
    at S0.next (https://www.greencity.cx.ua/chunk-NUXSP4TM.js:7:7687), [2026-03-14T18:25:45.106Z] [SEVERE] https://www.greencity.cx.ua/chunk-NUXSP4TM.js 10:45939 "ERROR" TypeError: Cannot read properties of null (reading 'setValue')
    at n.quillContentChanged (https://www.greencity.cx.ua/chunk-VNNOUBDJ.js:1:16043)
    at https://www.greencity.cx.ua/chunk-VNNOUBDJ.js:1:7223
    at eE (https://www.greencity.cx.ua/chunk-NUXSP4TM.js:11:76097)
    at Object.o [as next] (https://www.greencity.cx.ua/chunk-NUXSP4TM.js:11:76277)
    at bv.next (https://www.greencity.cx.ua/chunk-NUXSP4TM.js:7:3120)
    at Fr._next (https://www.greencity.cx.ua/chunk-NUXSP4TM.js:7:2803)
    at Fr.next (https://www.greencity.cx.ua/chunk-NUXSP4TM.js:7:2530)
    at https://www.greencity.cx.ua/chunk-NUXSP4TM.js:7:7848
    at Ac (https://www.greencity.cx.ua/chunk-NUXSP4TM.js:7:2222)
    at S0.next (https://www.greencity.cx.ua/chunk-NUXSP4TM.js:7:7687), [2026-03-14T18:25:45.109Z] [SEVERE] https://www.greencity.cx.ua/chunk-NUXSP4TM.js 10:45939 "ERROR" TypeError: Cannot read properties of null (reading 'setValue')
    at n.quillContentChanged (https://www.greencity.cx.ua/chunk-VNNOUBDJ.js:1:16043)
    at https://www.greencity.cx.ua/chunk-VNNOUBDJ.js:1:7223
    at eE (https://www.greencity.cx.ua/chunk-NUXSP4TM.js:11:76097)
    at Object.o [as next] (https://www.greencity.cx.ua/chunk-NUXSP4TM.js:11:76277)
    at bv.next (https://www.greencity.cx.ua/chunk-NUXSP4TM.js:7:3120)
    at Fr._next (https://www.greencity.cx.ua/chunk-NUXSP4TM.js:7:2803)
    at Fr.next (https://www.greencity.cx.ua/chunk-NUXSP4TM.js:7:2530)
    at https://www.greencity.cx.ua/chunk-NUXSP4TM.js:7:7848
    at Ac (https://www.greencity.cx.ua/chunk-NUXSP4TM.js:7:2222)
    at S0.next (https://www.greencity.cx.ua/chunk-NUXSP4TM.js:7:7687), [2026-03-14T18:25:45.111Z] [SEVERE] https://www.greencity.cx.ua/chunk-NUXSP4TM.js 10:45939 "ERROR" TypeError: Cannot read properties of null (reading 'setValue')
    at n.quillContentChanged (https://www.greencity.cx.ua/chunk-VNNOUBDJ.js:1:16043)
    at https://www.greencity.cx.ua/chunk-VNNOUBDJ.js:1:7223
    at eE (https://www.greencity.cx.ua/chunk-NUXSP4TM.js:11:76097)
    at Object.o [as next] (https://www.greencity.cx.ua/chunk-NUXSP4TM.js:11:76277)
    at bv.next (https://www.greencity.cx.ua/chunk-NUXSP4TM.js:7:3120)
    at Fr._next (https://www.greencity.cx.ua/chunk-NUXSP4TM.js:7:2803)
    at Fr.next (https://www.greencity.cx.ua/chunk-NUXSP4TM.js:7:2530)
    at https://www.greencity.cx.ua/chunk-NUXSP4TM.js:7:7848
    at Ac (https://www.greencity.cx.ua/chunk-NUXSP4TM.js:7:2222)
    at S0.next (https://www.greencity.cx.ua/chunk-NUXSP4TM.js:7:7687), [2026-03-14T18:25:45.113Z] [SEVERE] https://www.greencity.cx.ua/chunk-NUXSP4TM.js 10:45939 "ERROR" TypeError: Cannot read properties of null (reading 'setValue')
    at n.quillContentChanged (https://www.greencity.cx.ua/chunk-VNNOUBDJ.js:1:16043)
    at https://www.greencity.cx.ua/chunk-VNNOUBDJ.js:1:7223
    at eE (https://www.greencity.cx.ua/chunk-NUXSP4TM.js:11:76097)
    at Object.o [as next] (https://www.greencity.cx.ua/chunk-NUXSP4TM.js:11:76277)
    at bv.next (https://www.greencity.cx.ua/chunk-NUXSP4TM.js:7:3120)
    at Fr._next (https://www.greencity.cx.ua/chunk-NUXSP4TM.js:7:2803)
    at Fr.next (https://www.greencity.cx.ua/chunk-NUXSP4TM.js:7:2530)
    at https://www.greencity.cx.ua/chunk-NUXSP4TM.js:7:7848
    at Ac (https://www.greencity.cx.ua/chunk-NUXSP4TM.js:7:2222)
    at S0.next (https://www.greencity.cx.ua/chunk-NUXSP4TM.js:7:7687), [2026-03-14T18:25:45.116Z] [SEVERE] https://www.greencity.cx.ua/chunk-NUXSP4TM.js 10:45939 "ERROR" TypeError: Cannot read properties of null (reading 'setValue')
    at n.quillContentChanged (https://www.greencity.cx.ua/chunk-VNNOUBDJ.js:1:16043)
    at https://www.greencity.cx.ua/chunk-VNNOUBDJ.js:1:7223
    at eE (https://www.greencity.cx.ua/chunk-NUXSP4TM.js:11:76097)
    at Object.o [as next] (https://www.greencity.cx.ua/chunk-NUXSP4TM.js:11:76277)
    at bv.next (https://www.greencity.cx.ua/chunk-NUXSP4TM.js:7:3120)
    at Fr._next (https://www.greencity.cx.ua/chunk-NUXSP4TM.js:7:2803)
    at Fr.next (https://www.greencity.cx.ua/chunk-NUXSP4TM.js:7:2530)
    at https://www.greencity.cx.ua/chunk-NUXSP4TM.js:7:7848
    at Ac (https://www.greencity.cx.ua/chunk-NUXSP4TM.js:7:2222)
    at S0.next (https://www.greencity.cx.ua/chunk-NUXSP4TM.js:7:7687), [2026-03-14T18:25:45.118Z] [SEVERE] https://www.greencity.cx.ua/chunk-NUXSP4TM.js 10:45939 "ERROR" TypeError: Cannot read properties of null (reading 'setValue')
    at n.quillContentChanged (https://www.greencity.cx.ua/chunk-VNNOUBDJ.js:1:16043)
    at https://www.greencity.cx.ua/chunk-VNNOUBDJ.js:1:7223
    at eE (https://www.greencity.cx.ua/chunk-NUXSP4TM.js:11:76097)
    at Object.o [as next] (https://www.greencity.cx.ua/chunk-NUXSP4TM.js:11:76277)
    at bv.next (https://www.greencity.cx.ua/chunk-NUXSP4TM.js:7:3120)
    at Fr._next (https://www.greencity.cx.ua/chunk-NUXSP4TM.js:7:2803)
    at Fr.next (https://www.greencity.cx.ua/chunk-NUXSP4TM.js:7:2530)
    at https://www.greencity.cx.ua/chunk-NUXSP4TM.js:7:7848
    at Ac (https://www.greencity.cx.ua/chunk-NUXSP4TM.js:7:2222)
    at S0.next (https://www.greencity.cx.ua/chunk-NUXSP4TM.js:7:7687), [2026-03-14T18:25:45.120Z] [SEVERE] https://www.greencity.cx.ua/chunk-NUXSP4TM.js 10:45939 "ERROR" TypeError: Cannot read properties of null (reading 'setValue')
    at n.quillContentChanged (https://www.greencity.cx.ua/chunk-VNNOUBDJ.js:1:16043)
    at https://www.greencity.cx.ua/chunk-VNNOUBDJ.js:1:7223
    at eE (https://www.greencity.cx.ua/chunk-NUXSP4TM.js:11:76097)
    at Object.o [as next] (https://www.greencity.cx.ua/chunk-NUXSP4TM.js:11:76277)
    at bv.next (https://www.greencity.cx.ua/chunk-NUXSP4TM.js:7:3120)
    at Fr._next (https://www.greencity.cx.ua/chunk-NUXSP4TM.js:7:2803)
    at Fr.next (https://www.greencity.cx.ua/chunk-NUXSP4TM.js:7:2530)
    at https://www.greencity.cx.ua/chunk-NUXSP4TM.js:7:7848
    at Ac (https://www.greencity.cx.ua/chunk-NUXSP4TM.js:7:2222)
    at S0.next (https://www.greencity.cx.ua/chunk-NUXSP4TM.js:7:7687), [2026-03-14T18:25:45.123Z] [SEVERE] https://www.greencity.cx.ua/chunk-NUXSP4TM.js 10:45939 "ERROR" TypeError: Cannot read properties of null (reading 'setValue')
    at n.quillContentChanged (https://www.greencity.cx.ua/chunk-VNNOUBDJ.js:1:16043)
    at https://www.greencity.cx.ua/chunk-VNNOUBDJ.js:1:7223
    at eE (https://www.greencity.cx.ua/chunk-NUXSP4TM.js:11:76097)
    at Object.o [as next] (https://www.greencity.cx.ua/chunk-NUXSP4TM.js:11:76277)
    at bv.next (https://www.greencity.cx.ua/chunk-NUXSP4TM.js:7:3120)
    at Fr._next (https://www.greencity.cx.ua/chunk-NUXSP4TM.js:7:2803)
    at Fr.next (https://www.greencity.cx.ua/chunk-NUXSP4TM.js:7:2530)
    at https://www.greencity.cx.ua/chunk-NUXSP4TM.js:7:7848
    at Ac (https://www.greencity.cx.ua/chunk-NUXSP4TM.js:7:2222)
    at S0.next (https://www.greencity.cx.ua/chunk-NUXSP4TM.js:7:7687), [2026-03-14T18:25:45.126Z] [SEVERE] https://www.greencity.cx.ua/chunk-NUXSP4TM.js 10:45939 "ERROR" TypeError: Cannot read properties of null (reading 'setValue')
    at n.quillContentChanged (https://www.greencity.cx.ua/chunk-VNNOUBDJ.js:1:16043)
    at https://www.greencity.cx.ua/chunk-VNNOUBDJ.js:1:7223
    at eE (https://www.greencity.cx.ua/chunk-NUXSP4TM.js:11:76097)
    at Object.o [as next] (https://www.greencity.cx.ua/chunk-NUXSP4TM.js:11:76277)
    at bv.next (https://www.greencity.cx.ua/chunk-NUXSP4TM.js:7:3120)
    at Fr._next (https://www.greencity.cx.ua/chunk-NUXSP4TM.js:7:2803)
    at Fr.next (https://www.greencity.cx.ua/chunk-NUXSP4TM.js:7:2530)
    at https://www.greencity.cx.ua/chunk-NUXSP4TM.js:7:7848
    at Ac (https://www.greencity.cx.ua/chunk-NUXSP4TM.js:7:2222)
    at S0.next (https://www.greencity.cx.ua/chunk-NUXSP4TM.js:7:7687), [2026-03-14T18:25:45.128Z] [SEVERE] https://www.greencity.cx.ua/chunk-NUXSP4TM.js 10:45939 "ERROR" TypeError: Cannot read properties of null (reading 'setValue')
    at n.quillContentChanged (https://www.greencity.cx.ua/chunk-VNNOUBDJ.js:1:16043)
    at https://www.greencity.cx.ua/chunk-VNNOUBDJ.js:1:7223
    at eE (https://www.greencity.cx.ua/chunk-NUXSP4TM.js:11:76097)
    at Object.o [as next] (https://www.greencity.cx.ua/chunk-NUXSP4TM.js:11:76277)
    at bv.next (https://www.greencity.cx.ua/chunk-NUXSP4TM.js:7:3120)
    at Fr._next (https://www.greencity.cx.ua/chunk-NUXSP4TM.js:7:2803)
    at Fr.next (https://www.greencity.cx.ua/chunk-NUXSP4TM.js:7:2530)
    at https://www.greencity.cx.ua/chunk-NUXSP4TM.js:7:7848
    at Ac (https://www.greencity.cx.ua/chunk-NUXSP4TM.js:7:2222)
    at S0.next (https://www.greencity.cx.ua/chunk-NUXSP4TM.js:7:7687), [2026-03-14T18:25:45.130Z] [SEVERE] https://www.greencity.cx.ua/chunk-NUXSP4TM.js 10:45939 "ERROR" TypeError: Cannot read properties of null (reading 'setValue')
    at n.quillContentChanged (https://www.greencity.cx.ua/chunk-VNNOUBDJ.js:1:16043)
    at https://www.greencity.cx.ua/chunk-VNNOUBDJ.js:1:7223
    at eE (https://www.greencity.cx.ua/chunk-NUXSP4TM.js:11:76097)
    at Object.o [as next] (https://www.greencity.cx.ua/chunk-NUXSP4TM.js:11:76277)
    at bv.next (https://www.greencity.cx.ua/chunk-NUXSP4TM.js:7:3120)
    at Fr._next (https://www.greencity.cx.ua/chunk-NUXSP4TM.js:7:2803)
    at Fr.next (https://www.greencity.cx.ua/chunk-NUXSP4TM.js:7:2530)
    at https://www.greencity.cx.ua/chunk-NUXSP4TM.js:7:7848
    at Ac (https://www.greencity.cx.ua/chunk-NUXSP4TM.js:7:2222)
    at S0.next (https://www.greencity.cx.ua/chunk-NUXSP4TM.js:7:7687), [2026-03-14T18:25:45.133Z] [SEVERE] https://www.greencity.cx.ua/chunk-NUXSP4TM.js 10:45939 "ERROR" TypeError: Cannot read properties of null (reading 'setValue')
    at n.quillContentChanged (https://www.greencity.cx.ua/chunk-VNNOUBDJ.js:1:16043)
    at https://www.greencity.cx.ua/chunk-VNNOUBDJ.js:1:7223
    at eE (https://www.greencity.cx.ua/chunk-NUXSP4TM.js:11:76097)
    at Object.o [as next] (https://www.greencity.cx.ua/chunk-NUXSP4TM.js:11:76277)
    at bv.next (https://www.greencity.cx.ua/chunk-NUXSP4TM.js:7:3120)
    at Fr._next (https://www.greencity.cx.ua/chunk-NUXSP4TM.js:7:2803)
    at Fr.next (https://www.greencity.cx.ua/chunk-NUXSP4TM.js:7:2530)
    at https://www.greencity.cx.ua/chunk-NUXSP4TM.js:7:7848
    at Ac (https://www.greencity.cx.ua/chunk-NUXSP4TM.js:7:2222)
    at S0.next (https://www.greencity.cx.ua/chunk-NUXSP4TM.js:7:7687), [2026-03-14T18:25:45.136Z] [SEVERE] https://www.greencity.cx.ua/chunk-NUXSP4TM.js 10:45939 "ERROR" TypeError: Cannot read properties of null (reading 'setValue')
    at n.quillContentChanged (https://www.greencity.cx.ua/chunk-VNNOUBDJ.js:1:16043)
    at https://www.greencity.cx.ua/chunk-VNNOUBDJ.js:1:7223
    at eE (https://www.greencity.cx.ua/chunk-NUXSP4TM.js:11:76097)
    at Object.o [as next] (https://www.greencity.cx.ua/chunk-NUXSP4TM.js:11:76277)
    at bv.next (https://www.greencity.cx.ua/chunk-NUXSP4TM.js:7:3120)
    at Fr._next (https://www.greencity.cx.ua/chunk-NUXSP4TM.js:7:2803)
    at Fr.next (https://www.greencity.cx.ua/chunk-NUXSP4TM.js:7:2530)
    at https://www.greencity.cx.ua/chunk-NUXSP4TM.js:7:7848
    at Ac (https://www.greencity.cx.ua/chunk-NUXSP4TM.js:7:2222)
    at S0.next (https://www.greencity.cx.ua/chunk-NUXSP4TM.js:7:7687), [2026-03-14T18:25:45.138Z] [SEVERE] https://www.greencity.cx.ua/chunk-NUXSP4TM.js 10:45939 "ERROR" TypeError: Cannot read properties of null (reading 'setValue')
    at n.quillContentChanged (https://www.greencity.cx.ua/chunk-VNNOUBDJ.js:1:16043)
    at https://www.greencity.cx.ua/chunk-VNNOUBDJ.js:1:7223
    at eE (https://www.greencity.cx.ua/chunk-NUXSP4TM.js:11:76097)
    at Object.o [as next] (https://www.greencity.cx.ua/chunk-NUXSP4TM.js:11:76277)
    at bv.next (https://www.greencity.cx.ua/chunk-NUXSP4TM.js:7:3120)
    at Fr._next (https://www.greencity.cx.ua/chunk-NUXSP4TM.js:7:2803)
    at Fr.next (https://www.greencity.cx.ua/chunk-NUXSP4TM.js:7:2530)
    at https://www.greencity.cx.ua/chunk-NUXSP4TM.js:7:7848
    at Ac (https://www.greencity.cx.ua/chunk-NUXSP4TM.js:7:2222)
    at S0.next (https://www.greencity.cx.ua/chunk-NUXSP4TM.js:7:7687), [2026-03-14T18:25:45.141Z] [SEVERE] https://www.greencity.cx.ua/chunk-NUXSP4TM.js 10:45939 "ERROR" TypeError: Cannot read properties of null (reading 'setValue')
    at n.quillContentChanged (https://www.greencity.cx.ua/chunk-VNNOUBDJ.js:1:16043)
    at https://www.greencity.cx.ua/chunk-VNNOUBDJ.js:1:7223
    at eE (https://www.greencity.cx.ua/chunk-NUXSP4TM.js:11:76097)
    at Object.o [as next] (https://www.greencity.cx.ua/chunk-NUXSP4TM.js:11:76277)
    at bv.next (https://www.greencity.cx.ua/chunk-NUXSP4TM.js:7:3120)
    at Fr._next (https://www.greencity.cx.ua/chunk-NUXSP4TM.js:7:2803)
    at Fr.next (https://www.greencity.cx.ua/chunk-NUXSP4TM.js:7:2530)
    at https://www.greencity.cx.ua/chunk-NUXSP4TM.js:7:7848
    at Ac (https://www.greencity.cx.ua/chunk-NUXSP4TM.js:7:2222)
    at S0.next (https://www.greencity.cx.ua/chunk-NUXSP4TM.js:7:7687), [2026-03-14T18:25:45.143Z] [SEVERE] https://www.greencity.cx.ua/chunk-NUXSP4TM.js 10:45939 "ERROR" TypeError: Cannot read properties of null (reading 'setValue')
    at n.quillContentChanged (https://www.greencity.cx.ua/chunk-VNNOUBDJ.js:1:16043)
    at https://www.greencity.cx.ua/chunk-VNNOUBDJ.js:1:7223
    at eE (https://www.greencity.cx.ua/chunk-NUXSP4TM.js:11:76097)
    at Object.o [as next] (https://www.greencity.cx.ua/chunk-NUXSP4TM.js:11:76277)
    at bv.next (https://www.greencity.cx.ua/chunk-NUXSP4TM.js:7:3120)
    at Fr._next (https://www.greencity.cx.ua/chunk-NUXSP4TM.js:7:2803)
    at Fr.next (https://www.greencity.cx.ua/chunk-NUXSP4TM.js:7:2530)
    at https://www.greencity.cx.ua/chunk-NUXSP4TM.js:7:7848
    at Ac (https://www.greencity.cx.ua/chunk-NUXSP4TM.js:7:2222)
    at S0.next (https://www.greencity.cx.ua/chunk-NUXSP4TM.js:7:7687), [2026-03-14T18:25:45.145Z] [SEVERE] https://www.greencity.cx.ua/chunk-NUXSP4TM.js 10:45939 "ERROR" TypeError: Cannot read properties of null (reading 'setValue')
    at n.quillContentChanged (https://www.greencity.cx.ua/chunk-VNNOUBDJ.js:1:16043)
    at https://www.greencity.cx.ua/chunk-VNNOUBDJ.js:1:7223
    at eE (https://www.greencity.cx.ua/chunk-NUXSP4TM.js:11:76097)
    at Object.o [as next] (https://www.greencity.cx.ua/chunk-NUXSP4TM.js:11:76277)
    at bv.next (https://www.greencity.cx.ua/chunk-NUXSP4TM.js:7:3120)
    at Fr._next (https://www.greencity.cx.ua/chunk-NUXSP4TM.js:7:2803)
    at Fr.next (https://www.greencity.cx.ua/chunk-NUXSP4TM.js:7:2530)
    at https://www.greencity.cx.ua/chunk-NUXSP4TM.js:7:7848
    at Ac (https://www.greencity.cx.ua/chunk-NUXSP4TM.js:7:2222)
    at S0.next (https://www.greencity.cx.ua/chunk-NUXSP4TM.js:7:7687), [2026-03-14T18:25:45.148Z] [SEVERE] https://www.greencity.cx.ua/chunk-NUXSP4TM.js 10:45939 "ERROR" TypeError: Cannot read properties of null (reading 'setValue')
    at n.quillContentChanged (https://www.greencity.cx.ua/chunk-VNNOUBDJ.js:1:16043)
    at https://www.greencity.cx.ua/chunk-VNNOUBDJ.js:1:7223
    at eE (https://www.greencity.cx.ua/chunk-NUXSP4TM.js:11:76097)
    at Object.o [as next] (https://www.greencity.cx.ua/chunk-NUXSP4TM.js:11:76277)
    at bv.next (https://www.greencity.cx.ua/chunk-NUXSP4TM.js:7:3120)
    at Fr._next (https://www.greencity.cx.ua/chunk-NUXSP4TM.js:7:2803)
    at Fr.next (https://www.greencity.cx.ua/chunk-NUXSP4TM.js:7:2530)
    at https://www.greencity.cx.ua/chunk-NUXSP4TM.js:7:7848
    at Ac (https://www.greencity.cx.ua/chunk-NUXSP4TM.js:7:2222)
    at S0.next (https://www.greencity.cx.ua/chunk-NUXSP4TM.js:7:7687), [2026-03-14T18:25:45.150Z] [SEVERE] https://www.greencity.cx.ua/chunk-NUXSP4TM.js 10:45939 "ERROR" TypeError: Cannot read properties of null (reading 'setValue')
    at n.quillContentChanged (https://www.greencity.cx.ua/chunk-VNNOUBDJ.js:1:16043)
    at https://www.greencity.cx.ua/chunk-VNNOUBDJ.js:1:7223
    at eE (https://www.greencity.cx.ua/chunk-NUXSP4TM.js:11:76097)
    at Object.o [as next] (https://www.greencity.cx.ua/chunk-NUXSP4TM.js:11:76277)
    at bv.next (https://www.greencity.cx.ua/chunk-NUXSP4TM.js:7:3120)
    at Fr._next (https://www.greencity.cx.ua/chunk-NUXSP4TM.js:7:2803)
    at Fr.next (https://www.greencity.cx.ua/chunk-NUXSP4TM.js:7:2530)
    at https://www.greencity.cx.ua/chunk-NUXSP4TM.js:7:7848
    at Ac (https://www.greencity.cx.ua/chunk-NUXSP4TM.js:7:2222)
    at S0.next (https://www.greencity.cx.ua/chunk-NUXSP4TM.js:7:7687), [2026-03-14T18:25:45.153Z] [SEVERE] https://www.greencity.cx.ua/chunk-NUXSP4TM.js 10:45939 "ERROR" TypeError: Cannot read properties of null (reading 'setValue')
    at n.quillContentChanged (https://www.greencity.cx.ua/chunk-VNNOUBDJ.js:1:16043)
    at https://www.greencity.cx.ua/chunk-VNNOUBDJ.js:1:7223
    at eE (https://www.greencity.cx.ua/chunk-NUXSP4TM.js:11:76097)
    at Object.o [as next] (https://www.greencity.cx.ua/chunk-NUXSP4TM.js:11:76277)
    at bv.next (https://www.greencity.cx.ua/chunk-NUXSP4TM.js:7:3120)
    at Fr._next (https://www.greencity.cx.ua/chunk-NUXSP4TM.js:7:2803)
    at Fr.next (https://www.greencity.cx.ua/chunk-NUXSP4TM.js:7:2530)
    at https://www.greencity.cx.ua/chunk-NUXSP4TM.js:7:7848
    at Ac (https://www.greencity.cx.ua/chunk-NUXSP4TM.js:7:2222)
    at S0.next (https://www.greencity.cx.ua/chunk-NUXSP4TM.js:7:7687), [2026-03-14T18:25:45.155Z] [SEVERE] https://www.greencity.cx.ua/chunk-NUXSP4TM.js 10:45939 "ERROR" TypeError: Cannot read properties of null (reading 'setValue')
    at n.quillContentChanged (https://www.greencity.cx.ua/chunk-VNNOUBDJ.js:1:16043)
    at https://www.greencity.cx.ua/chunk-VNNOUBDJ.js:1:7223
    at eE (https://www.greencity.cx.ua/chunk-NUXSP4TM.js:11:76097)
    at Object.o [as next] (https://www.greencity.cx.ua/chunk-NUXSP4TM.js:11:76277)
    at bv.next (https://www.greencity.cx.ua/chunk-NUXSP4TM.js:7:3120)
    at Fr._next (https://www.greencity.cx.ua/chunk-NUXSP4TM.js:7:2803)
    at Fr.next (https://www.greencity.cx.ua/chunk-NUXSP4TM.js:7:2530)
    at https://www.greencity.cx.ua/chunk-NUXSP4TM.js:7:7848
    at Ac (https://www.greencity.cx.ua/chunk-NUXSP4TM.js:7:2222)
    at S0.next (https://www.greencity.cx.ua/chunk-NUXSP4TM.js:7:7687), [2026-03-14T18:25:45.157Z] [SEVERE] https://www.greencity.cx.ua/chunk-NUXSP4TM.js 10:45939 "ERROR" TypeError: Cannot read properties of null (reading 'setValue')
    at n.quillContentChanged (https://www.greencity.cx.ua/chunk-VNNOUBDJ.js:1:16043)
    at https://www.greencity.cx.ua/chunk-VNNOUBDJ.js:1:7223
    at eE (https://www.greencity.cx.ua/chunk-NUXSP4TM.js:11:76097)
    at Object.o [as next] (https://www.greencity.cx.ua/chunk-NUXSP4TM.js:11:76277)
    at bv.next (https://www.greencity.cx.ua/chunk-NUXSP4TM.js:7:3120)
    at Fr._next (https://www.greencity.cx.ua/chunk-NUXSP4TM.js:7:2803)
    at Fr.next (https://www.greencity.cx.ua/chunk-NUXSP4TM.js:7:2530)
    at https://www.greencity.cx.ua/chunk-NUXSP4TM.js:7:7848
    at Ac (https://www.greencity.cx.ua/chunk-NUXSP4TM.js:7:2222)
    at S0.next (https://www.greencity.cx.ua/chunk-NUXSP4TM.js:7:7687), [2026-03-14T18:25:45.160Z] [SEVERE] https://www.greencity.cx.ua/chunk-NUXSP4TM.js 10:45939 "ERROR" TypeError: Cannot read properties of null (reading 'setValue')
    at n.quillContentChanged (https://www.greencity.cx.ua/chunk-VNNOUBDJ.js:1:16043)
    at https://www.greencity.cx.ua/chunk-VNNOUBDJ.js:1:7223
    at eE (https://www.greencity.cx.ua/chunk-NUXSP4TM.js:11:76097)
    at Object.o [as next] (https://www.greencity.cx.ua/chunk-NUXSP4TM.js:11:76277)
    at bv.next (https://www.greencity.cx.ua/chunk-NUXSP4TM.js:7:3120)
    at Fr._next (https://www.greencity.cx.ua/chunk-NUXSP4TM.js:7:2803)
    at Fr.next (https://www.greencity.cx.ua/chunk-NUXSP4TM.js:7:2530)
    at https://www.greencity.cx.ua/chunk-NUXSP4TM.js:7:7848
    at Ac (https://www.greencity.cx.ua/chunk-NUXSP4TM.js:7:2222)
    at S0.next (https://www.greencity.cx.ua/chunk-NUXSP4TM.js:7:7687), [2026-03-14T18:25:45.162Z] [SEVERE] https://www.greencity.cx.ua/chunk-NUXSP4TM.js 10:45939 "ERROR" TypeError: Cannot read properties of null (reading 'setValue')
    at n.quillContentChanged (https://www.greencity.cx.ua/chunk-VNNOUBDJ.js:1:16043)
    at https://www.greencity.cx.ua/chunk-VNNOUBDJ.js:1:7223
    at eE (https://www.greencity.cx.ua/chunk-NUXSP4TM.js:11:76097)
    at Object.o [as next] (https://www.greencity.cx.ua/chunk-NUXSP4TM.js:11:76277)
    at bv.next (https://www.greencity.cx.ua/chunk-NUXSP4TM.js:7:3120)
    at Fr._next (https://www.greencity.cx.ua/chunk-NUXSP4TM.js:7:2803)
    at Fr.next (https://www.greencity.cx.ua/chunk-NUXSP4TM.js:7:2530)
    at https://www.greencity.cx.ua/chunk-NUXSP4TM.js:7:7848
    at Ac (https://www.greencity.cx.ua/chunk-NUXSP4TM.js:7:2222)
    at S0.next (https://www.greencity.cx.ua/chunk-NUXSP4TM.js:7:7687), [2026-03-14T18:25:45.165Z] [SEVERE] https://www.greencity.cx.ua/chunk-NUXSP4TM.js 10:45939 "ERROR" TypeError: Cannot read properties of null (reading 'setValue')
    at n.quillContentChanged (https://www.greencity.cx.ua/chunk-VNNOUBDJ.js:1:16043)
    at https://www.greencity.cx.ua/chunk-VNNOUBDJ.js:1:7223
    at eE (https://www.greencity.cx.ua/chunk-NUXSP4TM.js:11:76097)
    at Object.o [as next] (https://www.greencity.cx.ua/chunk-NUXSP4TM.js:11:76277)
    at bv.next (https://www.greencity.cx.ua/chunk-NUXSP4TM.js:7:3120)
    at Fr._next (https://www.greencity.cx.ua/chunk-NUXSP4TM.js:7:2803)
    at Fr.next (https://www.greencity.cx.ua/chunk-NUXSP4TM.js:7:2530)
    at https://www.greencity.cx.ua/chunk-NUXSP4TM.js:7:7848
    at Ac (https://www.greencity.cx.ua/chunk-NUXSP4TM.js:7:2222)
    at S0.next (https://www.greencity.cx.ua/chunk-NUXSP4TM.js:7:7687), [2026-03-14T18:25:45.167Z] [SEVERE] https://www.greencity.cx.ua/chunk-NUXSP4TM.js 10:45939 "ERROR" TypeError: Cannot read properties of null (reading 'setValue')
    at n.quillContentChanged (https://www.greencity.cx.ua/chunk-VNNOUBDJ.js:1:16043)
    at https://www.greencity.cx.ua/chunk-VNNOUBDJ.js:1:7223
    at eE (https://www.greencity.cx.ua/chunk-NUXSP4TM.js:11:76097)
    at Object.o [as next] (https://www.greencity.cx.ua/chunk-NUXSP4TM.js:11:76277)
    at bv.next (https://www.greencity.cx.ua/chunk-NUXSP4TM.js:7:3120)
    at Fr._next (https://www.greencity.cx.ua/chunk-NUXSP4TM.js:7:2803)
    at Fr.next (https://www.greencity.cx.ua/chunk-NUXSP4TM.js:7:2530)
    at https://www.greencity.cx.ua/chunk-NUXSP4TM.js:7:7848
    at Ac (https://www.greencity.cx.ua/chunk-NUXSP4TM.js:7:2222)
    at S0.next (https://www.greencity.cx.ua/chunk-NUXSP4TM.js:7:7687), [2026-03-14T18:25:45.170Z] [SEVERE] https://www.greencity.cx.ua/chunk-NUXSP4TM.js 10:45939 "ERROR" TypeError: Cannot read properties of null (reading 'setValue')
    at n.quillContentChanged (https://www.greencity.cx.ua/chunk-VNNOUBDJ.js:1:16043)
    at https://www.greencity.cx.ua/chunk-VNNOUBDJ.js:1:7223
    at eE (https://www.greencity.cx.ua/chunk-NUXSP4TM.js:11:76097)
    at Object.o [as next] (https://www.greencity.cx.ua/chunk-NUXSP4TM.js:11:76277)
    at bv.next (https://www.greencity.cx.ua/chunk-NUXSP4TM.js:7:3120)
    at Fr._next (https://www.greencity.cx.ua/chunk-NUXSP4TM.js:7:2803)
    at Fr.next (https://www.greencity.cx.ua/chunk-NUXSP4TM.js:7:2530)
    at https://www.greencity.cx.ua/chunk-NUXSP4TM.js:7:7848
    at Ac (https://www.greencity.cx.ua/chunk-NUXSP4TM.js:7:2222)
    at S0.next (https://www.greencity.cx.ua/chunk-NUXSP4TM.js:7:7687), [2026-03-14T18:25:45.172Z] [SEVERE] https://www.greencity.cx.ua/chunk-NUXSP4TM.js 10:45939 "ERROR" TypeError: Cannot read properties of null (reading 'setValue')
    at n.quillContentChanged (https://www.greencity.cx.ua/chunk-VNNOUBDJ.js:1:16043)
    at https://www.greencity.cx.ua/chunk-VNNOUBDJ.js:1:7223
    at eE (https://www.greencity.cx.ua/chunk-NUXSP4TM.js:11:76097)
    at Object.o [as next] (https://www.greencity.cx.ua/chunk-NUXSP4TM.js:11:76277)
    at bv.next (https://www.greencity.cx.ua/chunk-NUXSP4TM.js:7:3120)
    at Fr._next (https://www.greencity.cx.ua/chunk-NUXSP4TM.js:7:2803)
    at Fr.next (https://www.greencity.cx.ua/chunk-NUXSP4TM.js:7:2530)
    at https://www.greencity.cx.ua/chunk-NUXSP4TM.js:7:7848
    at Ac (https://www.greencity.cx.ua/chunk-NUXSP4TM.js:7:2222)
    at S0.next (https://www.greencity.cx.ua/chunk-NUXSP4TM.js:7:7687), [2026-03-14T18:25:45.175Z] [SEVERE] https://www.greencity.cx.ua/chunk-NUXSP4TM.js 10:45939 "ERROR" TypeError: Cannot read properties of null (reading 'setValue')
    at n.quillContentChanged (https://www.greencity.cx.ua/chunk-VNNOUBDJ.js:1:16043)
    at https://www.greencity.cx.ua/chunk-VNNOUBDJ.js:1:7223
    at eE (https://www.greencity.cx.ua/chunk-NUXSP4TM.js:11:76097)
    at Object.o [as next] (https://www.greencity.cx.ua/chunk-NUXSP4TM.js:11:76277)
    at bv.next (https://www.greencity.cx.ua/chunk-NUXSP4TM.js:7:3120)
    at Fr._next (https://www.greencity.cx.ua/chunk-NUXSP4TM.js:7:2803)
    at Fr.next (https://www.greencity.cx.ua/chunk-NUXSP4TM.js:7:2530)
    at https://www.greencity.cx.ua/chunk-NUXSP4TM.js:7:7848
    at Ac (https://www.greencity.cx.ua/chunk-NUXSP4TM.js:7:2222)
    at S0.next (https://www.greencity.cx.ua/chunk-NUXSP4TM.js:7:7687), [2026-03-14T18:25:45.177Z] [SEVERE] https://www.greencity.cx.ua/chunk-NUXSP4TM.js 10:45939 "ERROR" TypeError: Cannot read properties of null (reading 'setValue')
    at n.quillContentChanged (https://www.greencity.cx.ua/chunk-VNNOUBDJ.js:1:16043)
    at https://www.greencity.cx.ua/chunk-VNNOUBDJ.js:1:7223
    at eE (https://www.greencity.cx.ua/chunk-NUXSP4TM.js:11:76097)
    at Object.o [as next] (https://www.greencity.cx.ua/chunk-NUXSP4TM.js:11:76277)
    at bv.next (https://www.greencity.cx.ua/chunk-NUXSP4TM.js:7:3120)
    at Fr._next (https://www.greencity.cx.ua/chunk-NUXSP4TM.js:7:2803)
    at Fr.next (https://www.greencity.cx.ua/chunk-NUXSP4TM.js:7:2530)
    at https://www.greencity.cx.ua/chunk-NUXSP4TM.js:7:7848
    at Ac (https://www.greencity.cx.ua/chunk-NUXSP4TM.js:7:2222)
    at S0.next (https://www.greencity.cx.ua/chunk-NUXSP4TM.js:7:7687), [2026-03-14T18:25:45.180Z] [SEVERE] https://www.greencity.cx.ua/chunk-NUXSP4TM.js 10:45939 "ERROR" TypeError: Cannot read properties of null (reading 'setValue')
    at n.quillContentChanged (https://www.greencity.cx.ua/chunk-VNNOUBDJ.js:1:16043)
    at https://www.greencity.cx.ua/chunk-VNNOUBDJ.js:1:7223
    at eE (https://www.greencity.cx.ua/chunk-NUXSP4TM.js:11:76097)
    at Object.o [as next] (https://www.greencity.cx.ua/chunk-NUXSP4TM.js:11:76277)
    at bv.next (https://www.greencity.cx.ua/chunk-NUXSP4TM.js:7:3120)
    at Fr._next (https://www.greencity.cx.ua/chunk-NUXSP4TM.js:7:2803)
    at Fr.next (https://www.greencity.cx.ua/chunk-NUXSP4TM.js:7:2530)
    at https://www.greencity.cx.ua/chunk-NUXSP4TM.js:7:7848
    at Ac (https://www.greencity.cx.ua/chunk-NUXSP4TM.js:7:2222)
    at S0.next (https://www.greencity.cx.ua/chunk-NUXSP4TM.js:7:7687), [2026-03-14T18:25:45.182Z] [SEVERE] https://www.greencity.cx.ua/chunk-NUXSP4TM.js 10:45939 "ERROR" TypeError: Cannot read properties of null (reading 'setValue')
    at n.quillContentChanged (https://www.greencity.cx.ua/chunk-VNNOUBDJ.js:1:16043)
    at https://www.greencity.cx.ua/chunk-VNNOUBDJ.js:1:7223
    at eE (https://www.greencity.cx.ua/chunk-NUXSP4TM.js:11:76097)
    at Object.o [as next] (https://www.greencity.cx.ua/chunk-NUXSP4TM.js:11:76277)
    at bv.next (https://www.greencity.cx.ua/chunk-NUXSP4TM.js:7:3120)
    at Fr._next (https://www.greencity.cx.ua/chunk-NUXSP4TM.js:7:2803)
    at Fr.next (https://www.greencity.cx.ua/chunk-NUXSP4TM.js:7:2530)
    at https://www.greencity.cx.ua/chunk-NUXSP4TM.js:7:7848
    at Ac (https://www.greencity.cx.ua/chunk-NUXSP4TM.js:7:2222)
    at S0.next (https://www.greencity.cx.ua/chunk-NUXSP4TM.js:7:7687), [2026-03-14T18:25:45.185Z] [SEVERE] https://www.greencity.cx.ua/chunk-NUXSP4TM.js 10:45939 "ERROR" TypeError: Cannot read properties of null (reading 'setValue')
    at n.quillContentChanged (https://www.greencity.cx.ua/chunk-VNNOUBDJ.js:1:16043)
    at https://www.greencity.cx.ua/chunk-VNNOUBDJ.js:1:7223
    at eE (https://www.greencity.cx.ua/chunk-NUXSP4TM.js:11:76097)
    at Object.o [as next] (https://www.greencity.cx.ua/chunk-NUXSP4TM.js:11:76277)
    at bv.next (https://www.greencity.cx.ua/chunk-NUXSP4TM.js:7:3120)
    at Fr._next (https://www.greencity.cx.ua/chunk-NUXSP4TM.js:7:2803)
    at Fr.next (https://www.greencity.cx.ua/chunk-NUXSP4TM.js:7:2530)
    at https://www.greencity.cx.ua/chunk-NUXSP4TM.js:7:7848
    at Ac (https://www.greencity.cx.ua/chunk-NUXSP4TM.js:7:2222)
    at S0.next (https://www.greencity.cx.ua/chunk-NUXSP4TM.js:7:7687), [2026-03-14T18:25:45.187Z] [SEVERE] https://www.greencity.cx.ua/chunk-NUXSP4TM.js 10:45939 "ERROR" TypeError: Cannot read properties of null (reading 'setValue')
    at n.quillContentChanged (https://www.greencity.cx.ua/chunk-VNNOUBDJ.js:1:16043)
    at https://www.greencity.cx.ua/chunk-VNNOUBDJ.js:1:7223
    at eE (https://www.greencity.cx.ua/chunk-NUXSP4TM.js:11:76097)
    at Object.o [as next] (https://www.greencity.cx.ua/chunk-NUXSP4TM.js:11:76277)
    at bv.next (https://www.greencity.cx.ua/chunk-NUXSP4TM.js:7:3120)
    at Fr._next (https://www.greencity.cx.ua/chunk-NUXSP4TM.js:7:2803)
    at Fr.next (https://www.greencity.cx.ua/chunk-NUXSP4TM.js:7:2530)
    at https://www.greencity.cx.ua/chunk-NUXSP4TM.js:7:7848
    at Ac (https://www.greencity.cx.ua/chunk-NUXSP4TM.js:7:2222)
    at S0.next (https://www.greencity.cx.ua/chunk-NUXSP4TM.js:7:7687), [2026-03-14T18:25:45.190Z] [SEVERE] https://www.greencity.cx.ua/chunk-NUXSP4TM.js 10:45939 "ERROR" TypeError: Cannot read properties of null (reading 'setValue')
    at n.quillContentChanged (https://www.greencity.cx.ua/chunk-VNNOUBDJ.js:1:16043)
    at https://www.greencity.cx.ua/chunk-VNNOUBDJ.js:1:7223
    at eE (https://www.greencity.cx.ua/chunk-NUXSP4TM.js:11:76097)
    at Object.o [as next] (https://www.greencity.cx.ua/chunk-NUXSP4TM.js:11:76277)
    at bv.next (https://www.greencity.cx.ua/chunk-NUXSP4TM.js:7:3120)
    at Fr._next (https://www.greencity.cx.ua/chunk-NUXSP4TM.js:7:2803)
    at Fr.next (https://www.greencity.cx.ua/chunk-NUXSP4TM.js:7:2530)
    at https://www.greencity.cx.ua/chunk-NUXSP4TM.js:7:7848
    at Ac (https://www.greencity.cx.ua/chunk-NUXSP4TM.js:7:2222)
    at S0.next (https://www.greencity.cx.ua/chunk-NUXSP4TM.js:7:7687), [2026-03-14T18:25:45.192Z] [SEVERE] https://www.greencity.cx.ua/chunk-NUXSP4TM.js 10:45939 "ERROR" TypeError: Cannot read properties of null (reading 'setValue')
    at n.quillContentChanged (https://www.greencity.cx.ua/chunk-VNNOUBDJ.js:1:16043)
    at https://www.greencity.cx.ua/chunk-VNNOUBDJ.js:1:7223
    at eE (https://www.greencity.cx.ua/chunk-NUXSP4TM.js:11:76097)
    at Object.o [as next] (https://www.greencity.cx.ua/chunk-NUXSP4TM.js:11:76277)
    at bv.next (https://www.greencity.cx.ua/chunk-NUXSP4TM.js:7:3120)
    at Fr._next (https://www.greencity.cx.ua/chunk-NUXSP4TM.js:7:2803)
    at Fr.next (https://www.greencity.cx.ua/chunk-NUXSP4TM.js:7:2530)
    at https://www.greencity.cx.ua/chunk-NUXSP4TM.js:7:7848
    at Ac (https://www.greencity.cx.ua/chunk-NUXSP4TM.js:7:2222)
    at S0.next (https://www.greencity.cx.ua/chunk-NUXSP4TM.js:7:7687), [2026-03-14T18:25:45.194Z] [SEVERE] https://www.greencity.cx.ua/chunk-NUXSP4TM.js 10:45939 "ERROR" TypeError: Cannot read properties of null (reading 'setValue')
    at n.quillContentChanged (https://www.greencity.cx.ua/chunk-VNNOUBDJ.js:1:16043)
    at https://www.greencity.cx.ua/chunk-VNNOUBDJ.js:1:7223
    at eE (https://www.greencity.cx.ua/chunk-NUXSP4TM.js:11:76097)
    at Object.o [as next] (https://www.greencity.cx.ua/chunk-NUXSP4TM.js:11:76277)
    at bv.next (https://www.greencity.cx.ua/chunk-NUXSP4TM.js:7:3120)
    at Fr._next (https://www.greencity.cx.ua/chunk-NUXSP4TM.js:7:2803)
    at Fr.next (https://www.greencity.cx.ua/chunk-NUXSP4TM.js:7:2530)
    at https://www.greencity.cx.ua/chunk-NUXSP4TM.js:7:7848
    at Ac (https://www.greencity.cx.ua/chunk-NUXSP4TM.js:7:2222)
    at S0.next (https://www.greencity.cx.ua/chunk-NUXSP4TM.js:7:7687), [2026-03-14T18:25:45.197Z] [SEVERE] https://www.greencity.cx.ua/chunk-NUXSP4TM.js 10:45939 "ERROR" TypeError: Cannot read properties of null (reading 'setValue')
    at n.quillContentChanged (https://www.greencity.cx.ua/chunk-VNNOUBDJ.js:1:16043)
    at https://www.greencity.cx.ua/chunk-VNNOUBDJ.js:1:7223
    at eE (https://www.greencity.cx.ua/chunk-NUXSP4TM.js:11:76097)
    at Object.o [as next] (https://www.greencity.cx.ua/chunk-NUXSP4TM.js:11:76277)
    at bv.next (https://www.greencity.cx.ua/chunk-NUXSP4TM.js:7:3120)
    at Fr._next (https://www.greencity.cx.ua/chunk-NUXSP4TM.js:7:2803)
    at Fr.next (https://www.greencity.cx.ua/chunk-NUXSP4TM.js:7:2530)
    at https://www.greencity.cx.ua/chunk-NUXSP4TM.js:7:7848
    at Ac (https://www.greencity.cx.ua/chunk-NUXSP4TM.js:7:2222)
    at S0.next (https://www.greencity.cx.ua/chunk-NUXSP4TM.js:7:7687), [2026-03-14T18:25:45.199Z] [SEVERE] https://www.greencity.cx.ua/chunk-NUXSP4TM.js 10:45939 "ERROR" TypeError: Cannot read properties of null (reading 'setValue')
    at n.quillContentChanged (https://www.greencity.cx.ua/chunk-VNNOUBDJ.js:1:16043)
    at https://www.greencity.cx.ua/chunk-VNNOUBDJ.js:1:7223
    at eE (https://www.greencity.cx.ua/chunk-NUXSP4TM.js:11:76097)
    at Object.o [as next] (https://www.greencity.cx.ua/chunk-NUXSP4TM.js:11:76277)
    at bv.next (https://www.greencity.cx.ua/chunk-NUXSP4TM.js:7:3120)
    at Fr._next (https://www.greencity.cx.ua/chunk-NUXSP4TM.js:7:2803)
    at Fr.next (https://www.greencity.cx.ua/chunk-NUXSP4TM.js:7:2530)
    at https://www.greencity.cx.ua/chunk-NUXSP4TM.js:7:7848
    at Ac (https://www.greencity.cx.ua/chunk-NUXSP4TM.js:7:2222)
    at S0.next (https://www.greencity.cx.ua/chunk-NUXSP4TM.js:7:7687), [2026-03-14T18:25:45.202Z] [SEVERE] https://www.greencity.cx.ua/chunk-NUXSP4TM.js 10:45939 "ERROR" TypeError: Cannot read properties of null (reading 'setValue')
    at n.quillContentChanged (https://www.greencity.cx.ua/chunk-VNNOUBDJ.js:1:16043)
    at https://www.greencity.cx.ua/chunk-VNNOUBDJ.js:1:7223
    at eE (https://www.greencity.cx.ua/chunk-NUXSP4TM.js:11:76097)
    at Object.o [as next] (https://www.greencity.cx.ua/chunk-NUXSP4TM.js:11:76277)
    at bv.next (https://www.greencity.cx.ua/chunk-NUXSP4TM.js:7:3120)
    at Fr._next (https://www.greencity.cx.ua/chunk-NUXSP4TM.js:7:2803)
    at Fr.next (https://www.greencity.cx.ua/chunk-NUXSP4TM.js:7:2530)
    at https://www.greencity.cx.ua/chunk-NUXSP4TM.js:7:7848
    at Ac (https://www.greencity.cx.ua/chunk-NUXSP4TM.js:7:2222)
    at S0.next (https://www.greencity.cx.ua/chunk-NUXSP4TM.js:7:7687), [2026-03-14T18:25:45.204Z] [SEVERE] https://www.greencity.cx.ua/chunk-NUXSP4TM.js 10:45939 "ERROR" TypeError: Cannot read properties of null (reading 'setValue')
    at n.quillContentChanged (https://www.greencity.cx.ua/chunk-VNNOUBDJ.js:1:16043)
    at https://www.greencity.cx.ua/chunk-VNNOUBDJ.js:1:7223
    at eE (https://www.greencity.cx.ua/chunk-NUXSP4TM.js:11:76097)
    at Object.o [as next] (https://www.greencity.cx.ua/chunk-NUXSP4TM.js:11:76277)
    at bv.next (https://www.greencity.cx.ua/chunk-NUXSP4TM.js:7:3120)
    at Fr._next (https://www.greencity.cx.ua/chunk-NUXSP4TM.js:7:2803)
    at Fr.next (https://www.greencity.cx.ua/chunk-NUXSP4TM.js:7:2530)
    at https://www.greencity.cx.ua/chunk-NUXSP4TM.js:7:7848
    at Ac (https://www.greencity.cx.ua/chunk-NUXSP4TM.js:7:2222)
    at S0.next (https://www.greencity.cx.ua/chunk-NUXSP4TM.js:7:7687), [2026-03-14T18:25:45.207Z] [SEVERE] https://www.greencity.cx.ua/chunk-NUXSP4TM.js 10:45939 "ERROR" TypeError: Cannot read properties of null (reading 'setValue')
    at n.quillContentChanged (https://www.greencity.cx.ua/chunk-VNNOUBDJ.js:1:16043)
    at https://www.greencity.cx.ua/chunk-VNNOUBDJ.js:1:7223
    at eE (https://www.greencity.cx.ua/chunk-NUXSP4TM.js:11:76097)
    at Object.o [as next] (https://www.greencity.cx.ua/chunk-NUXSP4TM.js:11:76277)
    at bv.next (https://www.greencity.cx.ua/chunk-NUXSP4TM.js:7:3120)
    at Fr._next (https://www.greencity.cx.ua/chunk-NUXSP4TM.js:7:2803)
    at Fr.next (https://www.greencity.cx.ua/chunk-NUXSP4TM.js:7:2530)
    at https://www.greencity.cx.ua/chunk-NUXSP4TM.js:7:7848
    at Ac (https://www.greencity.cx.ua/chunk-NUXSP4TM.js:7:2222)
    at S0.next (https://www.greencity.cx.ua/chunk-NUXSP4TM.js:7:7687), [2026-03-14T18:25:45.209Z] [SEVERE] https://www.greencity.cx.ua/chunk-NUXSP4TM.js 10:45939 "ERROR" TypeError: Cannot read properties of null (reading 'setValue')
    at n.quillContentChanged (https://www.greencity.cx.ua/chunk-VNNOUBDJ.js:1:16043)
    at https://www.greencity.cx.ua/chunk-VNNOUBDJ.js:1:7223
    at eE (https://www.greencity.cx.ua/chunk-NUXSP4TM.js:11:76097)
    at Object.o [as next] (https://www.greencity.cx.ua/chunk-NUXSP4TM.js:11:76277)
    at bv.next (https://www.greencity.cx.ua/chunk-NUXSP4TM.js:7:3120)
    at Fr._next (https://www.greencity.cx.ua/chunk-NUXSP4TM.js:7:2803)
    at Fr.next (https://www.greencity.cx.ua/chunk-NUXSP4TM.js:7:2530)
    at https://www.greencity.cx.ua/chunk-NUXSP4TM.js:7:7848
    at Ac (https://www.greencity.cx.ua/chunk-NUXSP4TM.js:7:2222)
    at S0.next (https://www.greencity.cx.ua/chunk-NUXSP4TM.js:7:7687), [2026-03-14T18:25:45.211Z] [SEVERE] https://www.greencity.cx.ua/chunk-NUXSP4TM.js 10:45939 "ERROR" TypeError: Cannot read properties of null (reading 'setValue')
    at n.quillContentChanged (https://www.greencity.cx.ua/chunk-VNNOUBDJ.js:1:16043)
    at https://www.greencity.cx.ua/chunk-VNNOUBDJ.js:1:7223
    at eE (https://www.greencity.cx.ua/chunk-NUXSP4TM.js:11:76097)
    at Object.o [as next] (https://www.greencity.cx.ua/chunk-NUXSP4TM.js:11:76277)
    at bv.next (https://www.greencity.cx.ua/chunk-NUXSP4TM.js:7:3120)
    at Fr._next (https://www.greencity.cx.ua/chunk-NUXSP4TM.js:7:2803)
    at Fr.next (https://www.greencity.cx.ua/chunk-NUXSP4TM.js:7:2530)
    at https://www.greencity.cx.ua/chunk-NUXSP4TM.js:7:7848
    at Ac (https://www.greencity.cx.ua/chunk-NUXSP4TM.js:7:2222)
    at S0.next (https://www.greencity.cx.ua/chunk-NUXSP4TM.js:7:7687), [2026-03-14T18:25:45.214Z] [SEVERE] https://www.greencity.cx.ua/chunk-NUXSP4TM.js 10:45939 "ERROR" TypeError: Cannot read properties of null (reading 'setValue')
    at n.quillContentChanged (https://www.greencity.cx.ua/chunk-VNNOUBDJ.js:1:16043)
    at https://www.greencity.cx.ua/chunk-VNNOUBDJ.js:1:7223
    at eE (https://www.greencity.cx.ua/chunk-NUXSP4TM.js:11:76097)
    at Object.o [as next] (https://www.greencity.cx.ua/chunk-NUXSP4TM.js:11:76277)
    at bv.next (https://www.greencity.cx.ua/chunk-NUXSP4TM.js:7:3120)
    at Fr._next (https://www.greencity.cx.ua/chunk-NUXSP4TM.js:7:2803)
    at Fr.next (https://www.greencity.cx.ua/chunk-NUXSP4TM.js:7:2530)
    at https://www.greencity.cx.ua/chunk-NUXSP4TM.js:7:7848
    at Ac (https://www.greencity.cx.ua/chunk-NUXSP4TM.js:7:2222)
    at S0.next (https://www.greencity.cx.ua/chunk-NUXSP4TM.js:7:7687), [2026-03-14T18:25:45.216Z] [SEVERE] https://www.greencity.cx.ua/chunk-NUXSP4TM.js 10:45939 "ERROR" TypeError: Cannot read properties of null (reading 'setValue')
    at n.quillContentChanged (https://www.greencity.cx.ua/chunk-VNNOUBDJ.js:1:16043)
    at https://www.greencity.cx.ua/chunk-VNNOUBDJ.js:1:7223
    at eE (https://www.greencity.cx.ua/chunk-NUXSP4TM.js:11:76097)
    at Object.o [as next] (https://www.greencity.cx.ua/chunk-NUXSP4TM.js:11:76277)
    at bv.next (https://www.greencity.cx.ua/chunk-NUXSP4TM.js:7:3120)
    at Fr._next (https://www.greencity.cx.ua/chunk-NUXSP4TM.js:7:2803)
    at Fr.next (https://www.greencity.cx.ua/chunk-NUXSP4TM.js:7:2530)
    at https://www.greencity.cx.ua/chunk-NUXSP4TM.js:7:7848
    at Ac (https://www.greencity.cx.ua/chunk-NUXSP4TM.js:7:2222)
    at S0.next (https://www.greencity.cx.ua/chunk-NUXSP4TM.js:7:7687), [2026-03-14T18:25:45.219Z] [SEVERE] https://www.greencity.cx.ua/chunk-NUXSP4TM.js 10:45939 "ERROR" TypeError: Cannot read properties of null (reading 'setValue')
    at n.quillContentChanged (https://www.greencity.cx.ua/chunk-VNNOUBDJ.js:1:16043)
    at https://www.greencity.cx.ua/chunk-VNNOUBDJ.js:1:7223
    at eE (https://www.greencity.cx.ua/chunk-NUXSP4TM.js:11:76097)
    at Object.o [as next] (https://www.greencity.cx.ua/chunk-NUXSP4TM.js:11:76277)
    at bv.next (https://www.greencity.cx.ua/chunk-NUXSP4TM.js:7:3120)
    at Fr._next (https://www.greencity.cx.ua/chunk-NUXSP4TM.js:7:2803)
    at Fr.next (https://www.greencity.cx.ua/chunk-NUXSP4TM.js:7:2530)
    at https://www.greencity.cx.ua/chunk-NUXSP4TM.js:7:7848
    at Ac (https://www.greencity.cx.ua/chunk-NUXSP4TM.js:7:2222)
    at S0.next (https://www.greencity.cx.ua/chunk-NUXSP4TM.js:7:7687), [2026-03-14T18:25:45.221Z] [SEVERE] https://www.greencity.cx.ua/chunk-NUXSP4TM.js 10:45939 "ERROR" TypeError: Cannot read properties of null (reading 'setValue')
    at n.quillContentChanged (https://www.greencity.cx.ua/chunk-VNNOUBDJ.js:1:16043)
    at https://www.greencity.cx.ua/chunk-VNNOUBDJ.js:1:7223
    at eE (https://www.greencity.cx.ua/chunk-NUXSP4TM.js:11:76097)
    at Object.o [as next] (https://www.greencity.cx.ua/chunk-NUXSP4TM.js:11:76277)
    at bv.next (https://www.greencity.cx.ua/chunk-NUXSP4TM.js:7:3120)
    at Fr._next (https://www.greencity.cx.ua/chunk-NUXSP4TM.js:7:2803)
    at Fr.next (https://www.greencity.cx.ua/chunk-NUXSP4TM.js:7:2530)
    at https://www.greencity.cx.ua/chunk-NUXSP4TM.js:7:7848
    at Ac (https://www.greencity.cx.ua/chunk-NUXSP4TM.js:7:2222)
    at S0.next (https://www.greencity.cx.ua/chunk-NUXSP4TM.js:7:7687), [2026-03-14T18:25:45.224Z] [SEVERE] https://www.greencity.cx.ua/chunk-NUXSP4TM.js 10:45939 "ERROR" TypeError: Cannot read properties of null (reading 'setValue')
    at n.quillContentChanged (https://www.greencity.cx.ua/chunk-VNNOUBDJ.js:1:16043)
    at https://www.greencity.cx.ua/chunk-VNNOUBDJ.js:1:7223
    at eE (https://www.greencity.cx.ua/chunk-NUXSP4TM.js:11:76097)
    at Object.o [as next] (https://www.greencity.cx.ua/chunk-NUXSP4TM.js:11:76277)
    at bv.next (https://www.greencity.cx.ua/chunk-NUXSP4TM.js:7:3120)
    at Fr._next (https://www.greencity.cx.ua/chunk-NUXSP4TM.js:7:2803)
    at Fr.next (https://www.greencity.cx.ua/chunk-NUXSP4TM.js:7:2530)
    at https://www.greencity.cx.ua/chunk-NUXSP4TM.js:7:7848
    at Ac (https://www.greencity.cx.ua/chunk-NUXSP4TM.js:7:2222)
    at S0.next (https://www.greencity.cx.ua/chunk-NUXSP4TM.js:7:7687), [2026-03-14T18:25:45.226Z] [SEVERE] https://www.greencity.cx.ua/chunk-NUXSP4TM.js 10:45939 "ERROR" TypeError: Cannot read properties of null (reading 'setValue')
    at n.quillContentChanged (https://www.greencity.cx.ua/chunk-VNNOUBDJ.js:1:16043)
    at https://www.greencity.cx.ua/chunk-VNNOUBDJ.js:1:7223
    at eE (https://www.greencity.cx.ua/chunk-NUXSP4TM.js:11:76097)
    at Object.o [as next] (https://www.greencity.cx.ua/chunk-NUXSP4TM.js:11:76277)
    at bv.next (https://www.greencity.cx.ua/chunk-NUXSP4TM.js:7:3120)
    at Fr._next (https://www.greencity.cx.ua/chunk-NUXSP4TM.js:7:2803)
    at Fr.next (https://www.greencity.cx.ua/chunk-NUXSP4TM.js:7:2530)
    at https://www.greencity.cx.ua/chunk-NUXSP4TM.js:7:7848
    at Ac (https://www.greencity.cx.ua/chunk-NUXSP4TM.js:7:2222)
    at S0.next (https://www.greencity.cx.ua/chunk-NUXSP4TM.js:7:7687), [2026-03-14T18:25:45.229Z] [SEVERE] https://www.greencity.cx.ua/chunk-NUXSP4TM.js 10:45939 "ERROR" TypeError: Cannot read properties of null (reading 'setValue')
    at n.quillContentChanged (https://www.greencity.cx.ua/chunk-VNNOUBDJ.js:1:16043)
    at https://www.greencity.cx.ua/chunk-VNNOUBDJ.js:1:7223
    at eE (https://www.greencity.cx.ua/chunk-NUXSP4TM.js:11:76097)
    at Object.o [as next] (https://www.greencity.cx.ua/chunk-NUXSP4TM.js:11:76277)
    at bv.next (https://www.greencity.cx.ua/chunk-NUXSP4TM.js:7:3120)
    at Fr._next (https://www.greencity.cx.ua/chunk-NUXSP4TM.js:7:2803)
    at Fr.next (https://www.greencity.cx.ua/chunk-NUXSP4TM.js:7:2530)
    at https://www.greencity.cx.ua/chunk-NUXSP4TM.js:7:7848
    at Ac (https://www.greencity.cx.ua/chunk-NUXSP4TM.js:7:2222)
    at S0.next (https://www.greencity.cx.ua/chunk-NUXSP4TM.js:7:7687), [2026-03-14T18:25:45.231Z] [SEVERE] https://www.greencity.cx.ua/chunk-NUXSP4TM.js 10:45939 "ERROR" TypeError: Cannot read properties of null (reading 'setValue')
    at n.quillContentChanged (https://www.greencity.cx.ua/chunk-VNNOUBDJ.js:1:16043)
    at https://www.greencity.cx.ua/chunk-VNNOUBDJ.js:1:7223
    at eE (https://www.greencity.cx.ua/chunk-NUXSP4TM.js:11:76097)
    at Object.o [as next] (https://www.greencity.cx.ua/chunk-NUXSP4TM.js:11:76277)
    at bv.next (https://www.greencity.cx.ua/chunk-NUXSP4TM.js:7:3120)
    at Fr._next (https://www.greencity.cx.ua/chunk-NUXSP4TM.js:7:2803)
    at Fr.next (https://www.greencity.cx.ua/chunk-NUXSP4TM.js:7:2530)
    at https://www.greencity.cx.ua/chunk-NUXSP4TM.js:7:7848
    at Ac (https://www.greencity.cx.ua/chunk-NUXSP4TM.js:7:2222)
    at S0.next (https://www.greencity.cx.ua/chunk-NUXSP4TM.js:7:7687), [2026-03-14T18:25:45.234Z] [SEVERE] https://www.greencity.cx.ua/chunk-NUXSP4TM.js 10:45939 "ERROR" TypeError: Cannot read properties of null (reading 'setValue')
    at n.quillContentChanged (https://www.greencity.cx.ua/chunk-VNNOUBDJ.js:1:16043)
    at https://www.greencity.cx.ua/chunk-VNNOUBDJ.js:1:7223
    at eE (https://www.greencity.cx.ua/chunk-NUXSP4TM.js:11:76097)
    at Object.o [as next] (https://www.greencity.cx.ua/chunk-NUXSP4TM.js:11:76277)
    at bv.next (https://www.greencity.cx.ua/chunk-NUXSP4TM.js:7:3120)
    at Fr._next (https://www.greencity.cx.ua/chunk-NUXSP4TM.js:7:2803)
    at Fr.next (https://www.greencity.cx.ua/chunk-NUXSP4TM.js:7:2530)
    at https://www.greencity.cx.ua/chunk-NUXSP4TM.js:7:7848
    at Ac (https://www.greencity.cx.ua/chunk-NUXSP4TM.js:7:2222)
    at S0.next (https://www.greencity.cx.ua/chunk-NUXSP4TM.js:7:7687), [2026-03-14T18:25:45.236Z] [SEVERE] https://www.greencity.cx.ua/chunk-NUXSP4TM.js 10:45939 "ERROR" TypeError: Cannot read properties of null (reading 'setValue')
    at n.quillContentChanged (https://www.greencity.cx.ua/chunk-VNNOUBDJ.js:1:16043)
    at https://www.greencity.cx.ua/chunk-VNNOUBDJ.js:1:7223
    at eE (https://www.greencity.cx.ua/chunk-NUXSP4TM.js:11:76097)
    at Object.o [as next] (https://www.greencity.cx.ua/chunk-NUXSP4TM.js:11:76277)
    at bv.next (https://www.greencity.cx.ua/chunk-NUXSP4TM.js:7:3120)
    at Fr._next (https://www.greencity.cx.ua/chunk-NUXSP4TM.js:7:2803)
    at Fr.next (https://www.greencity.cx.ua/chunk-NUXSP4TM.js:7:2530)
    at https://www.greencity.cx.ua/chunk-NUXSP4TM.js:7:7848
    at Ac (https://www.greencity.cx.ua/chunk-NUXSP4TM.js:7:2222)
    at S0.next (https://www.greencity.cx.ua/chunk-NUXSP4TM.js:7:7687), [2026-03-14T18:25:45.239Z] [SEVERE] https://www.greencity.cx.ua/chunk-NUXSP4TM.js 10:45939 "ERROR" TypeError: Cannot read properties of null (reading 'setValue')
    at n.quillContentChanged (https://www.greencity.cx.ua/chunk-VNNOUBDJ.js:1:16043)
    at https://www.greencity.cx.ua/chunk-VNNOUBDJ.js:1:7223
    at eE (https://www.greencity.cx.ua/chunk-NUXSP4TM.js:11:76097)
    at Object.o [as next] (https://www.greencity.cx.ua/chunk-NUXSP4TM.js:11:76277)
    at bv.next (https://www.greencity.cx.ua/chunk-NUXSP4TM.js:7:3120)
    at Fr._next (https://www.greencity.cx.ua/chunk-NUXSP4TM.js:7:2803)
    at Fr.next (https://www.greencity.cx.ua/chunk-NUXSP4TM.js:7:2530)
    at https://www.greencity.cx.ua/chunk-NUXSP4TM.js:7:7848
    at Ac (https://www.greencity.cx.ua/chunk-NUXSP4TM.js:7:2222)
    at S0.next (https://www.greencity.cx.ua/chunk-NUXSP4TM.js:7:7687), [2026-03-14T18:25:45.241Z] [SEVERE] https://www.greencity.cx.ua/chunk-NUXSP4TM.js 10:45939 "ERROR" TypeError: Cannot read properties of null (reading 'setValue')
    at n.quillContentChanged (https://www.greencity.cx.ua/chunk-VNNOUBDJ.js:1:16043)
    at https://www.greencity.cx.ua/chunk-VNNOUBDJ.js:1:7223
    at eE (https://www.greencity.cx.ua/chunk-NUXSP4TM.js:11:76097)
    at Object.o [as next] (https://www.greencity.cx.ua/chunk-NUXSP4TM.js:11:76277)
    at bv.next (https://www.greencity.cx.ua/chunk-NUXSP4TM.js:7:3120)
    at Fr._next (https://www.greencity.cx.ua/chunk-NUXSP4TM.js:7:2803)
    at Fr.next (https://www.greencity.cx.ua/chunk-NUXSP4TM.js:7:2530)
    at https://www.greencity.cx.ua/chunk-NUXSP4TM.js:7:7848
    at Ac (https://www.greencity.cx.ua/chunk-NUXSP4TM.js:7:2222)
    at S0.next (https://www.greencity.cx.ua/chunk-NUXSP4TM.js:7:7687), [2026-03-14T18:25:45.244Z] [SEVERE] https://www.greencity.cx.ua/chunk-NUXSP4TM.js 10:45939 "ERROR" TypeError: Cannot read properties of null (reading 'setValue')
    at n.quillContentChanged (https://www.greencity.cx.ua/chunk-VNNOUBDJ.js:1:16043)
    at https://www.greencity.cx.ua/chunk-VNNOUBDJ.js:1:7223
    at eE (https://www.greencity.cx.ua/chunk-NUXSP4TM.js:11:76097)
    at Object.o [as next] (https://www.greencity.cx.ua/chunk-NUXSP4TM.js:11:76277)
    at bv.next (https://www.greencity.cx.ua/chunk-NUXSP4TM.js:7:3120)
    at Fr._next (https://www.greencity.cx.ua/chunk-NUXSP4TM.js:7:2803)
    at Fr.next (https://www.greencity.cx.ua/chunk-NUXSP4TM.js:7:2530)
    at https://www.greencity.cx.ua/chunk-NUXSP4TM.js:7:7848
    at Ac (https://www.greencity.cx.ua/chunk-NUXSP4TM.js:7:2222)
    at S0.next (https://www.greencity.cx.ua/chunk-NUXSP4TM.js:7:7687), [2026-03-14T18:25:45.246Z] [SEVERE] https://www.greencity.cx.ua/chunk-NUXSP4TM.js 10:45939 "ERROR" TypeError: Cannot read properties of null (reading 'setValue')
    at n.quillContentChanged (https://www.greencity.cx.ua/chunk-VNNOUBDJ.js:1:16043)
    at https://www.greencity.cx.ua/chunk-VNNOUBDJ.js:1:7223
    at eE (https://www.greencity.cx.ua/chunk-NUXSP4TM.js:11:76097)
    at Object.o [as next] (https://www.greencity.cx.ua/chunk-NUXSP4TM.js:11:76277)
    at bv.next (https://www.greencity.cx.ua/chunk-NUXSP4TM.js:7:3120)
    at Fr._next (https://www.greencity.cx.ua/chunk-NUXSP4TM.js:7:2803)
    at Fr.next (https://www.greencity.cx.ua/chunk-NUXSP4TM.js:7:2530)
    at https://www.greencity.cx.ua/chunk-NUXSP4TM.js:7:7848
    at Ac (https://www.greencity.cx.ua/chunk-NUXSP4TM.js:7:2222)
    at S0.next (https://www.greencity.cx.ua/chunk-NUXSP4TM.js:7:7687), [2026-03-14T18:25:45.249Z] [SEVERE] https://www.greencity.cx.ua/chunk-NUXSP4TM.js 10:45939 "ERROR" TypeError: Cannot read properties of null (reading 'setValue')
    at n.quillContentChanged (https://www.greencity.cx.ua/chunk-VNNOUBDJ.js:1:16043)
    at https://www.greencity.cx.ua/chunk-VNNOUBDJ.js:1:7223
    at eE (https://www.greencity.cx.ua/chunk-NUXSP4TM.js:11:76097)
    at Object.o [as next] (https://www.greencity.cx.ua/chunk-NUXSP4TM.js:11:76277)
    at bv.next (https://www.greencity.cx.ua/chunk-NUXSP4TM.js:7:3120)
    at Fr._next (https://www.greencity.cx.ua/chunk-NUXSP4TM.js:7:2803)
    at Fr.next (https://www.greencity.cx.ua/chunk-NUXSP4TM.js:7:2530)
    at https://www.greencity.cx.ua/chunk-NUXSP4TM.js:7:7848
    at Ac (https://www.greencity.cx.ua/chunk-NUXSP4TM.js:7:2222)
    at S0.next (https://www.greencity.cx.ua/chunk-NUXSP4TM.js:7:7687), [2026-03-14T18:25:45.251Z] [SEVERE] https://www.greencity.cx.ua/chunk-NUXSP4TM.js 10:45939 "ERROR" TypeError: Cannot read properties of null (reading 'setValue')
    at n.quillContentChanged (https://www.greencity.cx.ua/chunk-VNNOUBDJ.js:1:16043)
    at https://www.greencity.cx.ua/chunk-VNNOUBDJ.js:1:7223
    at eE (https://www.greencity.cx.ua/chunk-NUXSP4TM.js:11:76097)
    at Object.o [as next] (https://www.greencity.cx.ua/chunk-NUXSP4TM.js:11:76277)
    at bv.next (https://www.greencity.cx.ua/chunk-NUXSP4TM.js:7:3120)
    at Fr._next (https://www.greencity.cx.ua/chunk-NUXSP4TM.js:7:2803)
    at Fr.next (https://www.greencity.cx.ua/chunk-NUXSP4TM.js:7:2530)
    at https://www.greencity.cx.ua/chunk-NUXSP4TM.js:7:7848
    at Ac (https://www.greencity.cx.ua/chunk-NUXSP4TM.js:7:2222)
    at S0.next (https://www.greencity.cx.ua/chunk-NUXSP4TM.js:7:7687), [2026-03-14T18:25:45.254Z] [SEVERE] https://www.greencity.cx.ua/chunk-NUXSP4TM.js 10:45939 "ERROR" TypeError: Cannot read properties of null (reading 'setValue')
    at n.quillContentChanged (https://www.greencity.cx.ua/chunk-VNNOUBDJ.js:1:16043)
    at https://www.greencity.cx.ua/chunk-VNNOUBDJ.js:1:7223
    at eE (https://www.greencity.cx.ua/chunk-NUXSP4TM.js:11:76097)
    at Object.o [as next] (https://www.greencity.cx.ua/chunk-NUXSP4TM.js:11:76277)
    at bv.next (https://www.greencity.cx.ua/chunk-NUXSP4TM.js:7:3120)
    at Fr._next (https://www.greencity.cx.ua/chunk-NUXSP4TM.js:7:2803)
    at Fr.next (https://www.greencity.cx.ua/chunk-NUXSP4TM.js:7:2530)
    at https://www.greencity.cx.ua/chunk-NUXSP4TM.js:7:7848
    at Ac (https://www.greencity.cx.ua/chunk-NUXSP4TM.js:7:2222)
    at S0.next (https://www.greencity.cx.ua/chunk-NUXSP4TM.js:7:7687), [2026-03-14T18:25:45.256Z] [SEVERE] https://www.greencity.cx.ua/chunk-NUXSP4TM.js 10:45939 "ERROR" TypeError: Cannot read properties of null (reading 'setValue')
    at n.quillContentChanged (https://www.greencity.cx.ua/chunk-VNNOUBDJ.js:1:16043)
    at https://www.greencity.cx.ua/chunk-VNNOUBDJ.js:1:7223
    at eE (https://www.greencity.cx.ua/chunk-NUXSP4TM.js:11:76097)
    at Object.o [as next] (https://www.greencity.cx.ua/chunk-NUXSP4TM.js:11:76277)
    at bv.next (https://www.greencity.cx.ua/chunk-NUXSP4TM.js:7:3120)
    at Fr._next (https://www.greencity.cx.ua/chunk-NUXSP4TM.js:7:2803)
    at Fr.next (https://www.greencity.cx.ua/chunk-NUXSP4TM.js:7:2530)
    at https://www.greencity.cx.ua/chunk-NUXSP4TM.js:7:7848
    at Ac (https://www.greencity.cx.ua/chunk-NUXSP4TM.js:7:2222)
    at S0.next (https://www.greencity.cx.ua/chunk-NUXSP4TM.js:7:7687), [2026-03-14T18:25:45.259Z] [SEVERE] https://www.greencity.cx.ua/chunk-NUXSP4TM.js 10:45939 "ERROR" TypeError: Cannot read properties of null (reading 'setValue')
    at n.quillContentChanged (https://www.greencity.cx.ua/chunk-VNNOUBDJ.js:1:16043)
    at https://www.greencity.cx.ua/chunk-VNNOUBDJ.js:1:7223
    at eE (https://www.greencity.cx.ua/chunk-NUXSP4TM.js:11:76097)
    at Object.o [as next] (https://www.greencity.cx.ua/chunk-NUXSP4TM.js:11:76277)
    at bv.next (https://www.greencity.cx.ua/chunk-NUXSP4TM.js:7:3120)
    at Fr._next (https://www.greencity.cx.ua/chunk-NUXSP4TM.js:7:2803)
    at Fr.next (https://www.greencity.cx.ua/chunk-NUXSP4TM.js:7:2530)
    at https://www.greencity.cx.ua/chunk-NUXSP4TM.js:7:7848
    at Ac (https://www.greencity.cx.ua/chunk-NUXSP4TM.js:7:2222)
    at S0.next (https://www.greencity.cx.ua/chunk-NUXSP4TM.js:7:7687), [2026-03-14T18:25:45.261Z] [SEVERE] https://www.greencity.cx.ua/chunk-NUXSP4TM.js 10:45939 "ERROR" TypeError: Cannot read properties of null (reading 'setValue')
    at n.quillContentChanged (https://www.greencity.cx.ua/chunk-VNNOUBDJ.js:1:16043)
    at https://www.greencity.cx.ua/chunk-VNNOUBDJ.js:1:7223
    at eE (https://www.greencity.cx.ua/chunk-NUXSP4TM.js:11:76097)
    at Object.o [as next] (https://www.greencity.cx.ua/chunk-NUXSP4TM.js:11:76277)
    at bv.next (https://www.greencity.cx.ua/chunk-NUXSP4TM.js:7:3120)
    at Fr._next (https://www.greencity.cx.ua/chunk-NUXSP4TM.js:7:2803)
    at Fr.next (https://www.greencity.cx.ua/chunk-NUXSP4TM.js:7:2530)
    at https://www.greencity.cx.ua/chunk-NUXSP4TM.js:7:7848
    at Ac (https://www.greencity.cx.ua/chunk-NUXSP4TM.js:7:2222)
    at S0.next (https://www.greencity.cx.ua/chunk-NUXSP4TM.js:7:7687), [2026-03-14T18:25:45.264Z] [SEVERE] https://www.greencity.cx.ua/chunk-NUXSP4TM.js 10:45939 "ERROR" TypeError: Cannot read properties of null (reading 'setValue')
    at n.quillContentChanged (https://www.greencity.cx.ua/chunk-VNNOUBDJ.js:1:16043)
    at https://www.greencity.cx.ua/chunk-VNNOUBDJ.js:1:7223
    at eE (https://www.greencity.cx.ua/chunk-NUXSP4TM.js:11:76097)
    at Object.o [as next] (https://www.greencity.cx.ua/chunk-NUXSP4TM.js:11:76277)
    at bv.next (https://www.greencity.cx.ua/chunk-NUXSP4TM.js:7:3120)
    at Fr._next (https://www.greencity.cx.ua/chunk-NUXSP4TM.js:7:2803)
    at Fr.next (https://www.greencity.cx.ua/chunk-NUXSP4TM.js:7:2530)
    at https://www.greencity.cx.ua/chunk-NUXSP4TM.js:7:7848
    at Ac (https://www.greencity.cx.ua/chunk-NUXSP4TM.js:7:2222)
    at S0.next (https://www.greencity.cx.ua/chunk-NUXSP4TM.js:7:7687), [2026-03-14T18:25:45.266Z] [SEVERE] https://www.greencity.cx.ua/chunk-NUXSP4TM.js 10:45939 "ERROR" TypeError: Cannot read properties of null (reading 'setValue')
    at n.quillContentChanged (https://www.greencity.cx.ua/chunk-VNNOUBDJ.js:1:16043)
    at https://www.greencity.cx.ua/chunk-VNNOUBDJ.js:1:7223
    at eE (https://www.greencity.cx.ua/chunk-NUXSP4TM.js:11:76097)
    at Object.o [as next] (https://www.greencity.cx.ua/chunk-NUXSP4TM.js:11:76277)
    at bv.next (https://www.greencity.cx.ua/chunk-NUXSP4TM.js:7:3120)
    at Fr._next (https://www.greencity.cx.ua/chunk-NUXSP4TM.js:7:2803)
    at Fr.next (https://www.greencity.cx.ua/chunk-NUXSP4TM.js:7:2530)
    at https://www.greencity.cx.ua/chunk-NUXSP4TM.js:7:7848
    at Ac (https://www.greencity.cx.ua/chunk-NUXSP4TM.js:7:2222)
    at S0.next (https://www.greencity.cx.ua/chunk-NUXSP4TM.js:7:7687), [2026-03-14T18:25:45.269Z] [SEVERE] https://www.greencity.cx.ua/chunk-NUXSP4TM.js 10:45939 "ERROR" TypeError: Cannot read properties of null (reading 'setValue')
    at n.quillContentChanged (https://www.greencity.cx.ua/chunk-VNNOUBDJ.js:1:16043)
    at https://www.greencity.cx.ua/chunk-VNNOUBDJ.js:1:7223
    at eE (https://www.greencity.cx.ua/chunk-NUXSP4TM.js:11:76097)
    at Object.o [as next] (https://www.greencity.cx.ua/chunk-NUXSP4TM.js:11:76277)
    at bv.next (https://www.greencity.cx.ua/chunk-NUXSP4TM.js:7:3120)
    at Fr._next (https://www.greencity.cx.ua/chunk-NUXSP4TM.js:7:2803)
    at Fr.next (https://www.greencity.cx.ua/chunk-NUXSP4TM.js:7:2530)
    at https://www.greencity.cx.ua/chunk-NUXSP4TM.js:7:7848
    at Ac (https://www.greencity.cx.ua/chunk-NUXSP4TM.js:7:2222)
    at S0.next (https://www.greencity.cx.ua/chunk-NUXSP4TM.js:7:7687), [2026-03-14T18:25:45.271Z] [SEVERE] https://www.greencity.cx.ua/chunk-NUXSP4TM.js 10:45939 "ERROR" TypeError: Cannot read properties of null (reading 'setValue')
    at n.quillContentChanged (https://www.greencity.cx.ua/chunk-VNNOUBDJ.js:1:16043)
    at https://www.greencity.cx.ua/chunk-VNNOUBDJ.js:1:7223
    at eE (https://www.greencity.cx.ua/chunk-NUXSP4TM.js:11:76097)
    at Object.o [as next] (https://www.greencity.cx.ua/chunk-NUXSP4TM.js:11:76277)
    at bv.next (https://www.greencity.cx.ua/chunk-NUXSP4TM.js:7:3120)
    at Fr._next (https://www.greencity.cx.ua/chunk-NUXSP4TM.js:7:2803)
    at Fr.next (https://www.greencity.cx.ua/chunk-NUXSP4TM.js:7:2530)
    at https://www.greencity.cx.ua/chunk-NUXSP4TM.js:7:7848
    at Ac (https://www.greencity.cx.ua/chunk-NUXSP4TM.js:7:2222)
    at S0.next (https://www.greencity.cx.ua/chunk-NUXSP4TM.js:7:7687), [2026-03-14T18:25:45.274Z] [SEVERE] https://www.greencity.cx.ua/chunk-NUXSP4TM.js 10:45939 "ERROR" TypeError: Cannot read properties of null (reading 'setValue')
    at n.quillContentChanged (https://www.greencity.cx.ua/chunk-VNNOUBDJ.js:1:16043)
    at https://www.greencity.cx.ua/chunk-VNNOUBDJ.js:1:7223
    at eE (https://www.greencity.cx.ua/chunk-NUXSP4TM.js:11:76097)
    at Object.o [as next] (https://www.greencity.cx.ua/chunk-NUXSP4TM.js:11:76277)
    at bv.next (https://www.greencity.cx.ua/chunk-NUXSP4TM.js:7:3120)
    at Fr._next (https://www.greencity.cx.ua/chunk-NUXSP4TM.js:7:2803)
    at Fr.next (https://www.greencity.cx.ua/chunk-NUXSP4TM.js:7:2530)
    at https://www.greencity.cx.ua/chunk-NUXSP4TM.js:7:7848
    at Ac (https://www.greencity.cx.ua/chunk-NUXSP4TM.js:7:2222)
    at S0.next (https://www.greencity.cx.ua/chunk-NUXSP4TM.js:7:7687), [2026-03-14T18:25:45.276Z] [SEVERE] https://www.greencity.cx.ua/chunk-NUXSP4TM.js 10:45939 "ERROR" TypeError: Cannot read properties of null (reading 'setValue')
    at n.quillContentChanged (https://www.greencity.cx.ua/chunk-VNNOUBDJ.js:1:16043)
    at https://www.greencity.cx.ua/chunk-VNNOUBDJ.js:1:7223
    at eE (https://www.greencity.cx.ua/chunk-NUXSP4TM.js:11:76097)
    at Object.o [as next] (https://www.greencity.cx.ua/chunk-NUXSP4TM.js:11:76277)
    at bv.next (https://www.greencity.cx.ua/chunk-NUXSP4TM.js:7:3120)
    at Fr._next (https://www.greencity.cx.ua/chunk-NUXSP4TM.js:7:2803)
    at Fr.next (https://www.greencity.cx.ua/chunk-NUXSP4TM.js:7:2530)
    at https://www.greencity.cx.ua/chunk-NUXSP4TM.js:7:7848
    at Ac (https://www.greencity.cx.ua/chunk-NUXSP4TM.js:7:2222)
    at S0.next (https://www.greencity.cx.ua/chunk-NUXSP4TM.js:7:7687), [2026-03-14T18:25:45.279Z] [SEVERE] https://www.greencity.cx.ua/chunk-NUXSP4TM.js 10:45939 "ERROR" TypeError: Cannot read properties of null (reading 'setValue')
    at n.quillContentChanged (https://www.greencity.cx.ua/chunk-VNNOUBDJ.js:1:16043)
    at https://www.greencity.cx.ua/chunk-VNNOUBDJ.js:1:7223
    at eE (https://www.greencity.cx.ua/chunk-NUXSP4TM.js:11:76097)
    at Object.o [as next] (https://www.greencity.cx.ua/chunk-NUXSP4TM.js:11:76277)
    at bv.next (https://www.greencity.cx.ua/chunk-NUXSP4TM.js:7:3120)
    at Fr._next (https://www.greencity.cx.ua/chunk-NUXSP4TM.js:7:2803)
    at Fr.next (https://www.greencity.cx.ua/chunk-NUXSP4TM.js:7:2530)
    at https://www.greencity.cx.ua/chunk-NUXSP4TM.js:7:7848
    at Ac (https://www.greencity.cx.ua/chunk-NUXSP4TM.js:7:2222)
    at S0.next (https://www.greencity.cx.ua/chunk-NUXSP4TM.js:7:7687), [2026-03-14T18:25:45.281Z] [SEVERE] https://www.greencity.cx.ua/chunk-NUXSP4TM.js 10:45939 "ERROR" TypeError: Cannot read properties of null (reading 'setValue')
    at n.quillContentChanged (https://www.greencity.cx.ua/chunk-VNNOUBDJ.js:1:16043)
    at https://www.greencity.cx.ua/chunk-VNNOUBDJ.js:1:7223
    at eE (https://www.greencity.cx.ua/chunk-NUXSP4TM.js:11:76097)
    at Object.o [as next] (https://www.greencity.cx.ua/chunk-NUXSP4TM.js:11:76277)
    at bv.next (https://www.greencity.cx.ua/chunk-NUXSP4TM.js:7:3120)
    at Fr._next (https://www.greencity.cx.ua/chunk-NUXSP4TM.js:7:2803)
    at Fr.next (https://www.greencity.cx.ua/chunk-NUXSP4TM.js:7:2530)
    at https://www.greencity.cx.ua/chunk-NUXSP4TM.js:7:7848
    at Ac (https://www.greencity.cx.ua/chunk-NUXSP4TM.js:7:2222)
    at S0.next (https://www.greencity.cx.ua/chunk-NUXSP4TM.js:7:7687), [2026-03-14T18:25:45.284Z] [SEVERE] https://www.greencity.cx.ua/chunk-NUXSP4TM.js 10:45939 "ERROR" TypeError: Cannot read properties of null (reading 'setValue')
    at n.quillContentChanged (https://www.greencity.cx.ua/chunk-VNNOUBDJ.js:1:16043)
    at https://www.greencity.cx.ua/chunk-VNNOUBDJ.js:1:7223
    at eE (https://www.greencity.cx.ua/chunk-NUXSP4TM.js:11:76097)
    at Object.o [as next] (https://www.greencity.cx.ua/chunk-NUXSP4TM.js:11:76277)
    at bv.next (https://www.greencity.cx.ua/chunk-NUXSP4TM.js:7:3120)
    at Fr._next (https://www.greencity.cx.ua/chunk-NUXSP4TM.js:7:2803)
    at Fr.next (https://www.greencity.cx.ua/chunk-NUXSP4TM.js:7:2530)
    at https://www.greencity.cx.ua/chunk-NUXSP4TM.js:7:7848
    at Ac (https://www.greencity.cx.ua/chunk-NUXSP4TM.js:7:2222)
    at S0.next (https://www.greencity.cx.ua/chunk-NUXSP4TM.js:7:7687), [2026-03-14T18:25:45.287Z] [SEVERE] https://www.greencity.cx.ua/chunk-NUXSP4TM.js 10:45939 "ERROR" TypeError: Cannot read properties of null (reading 'setValue')
    at n.quillContentChanged (https://www.greencity.cx.ua/chunk-VNNOUBDJ.js:1:16043)
    at https://www.greencity.cx.ua/chunk-VNNOUBDJ.js:1:7223
    at eE (https://www.greencity.cx.ua/chunk-NUXSP4TM.js:11:76097)
    at Object.o [as next] (https://www.greencity.cx.ua/chunk-NUXSP4TM.js:11:76277)
    at bv.next (https://www.greencity.cx.ua/chunk-NUXSP4TM.js:7:3120)
    at Fr._next (https://www.greencity.cx.ua/chunk-NUXSP4TM.js:7:2803)
    at Fr.next (https://www.greencity.cx.ua/chunk-NUXSP4TM.js:7:2530)
    at https://www.greencity.cx.ua/chunk-NUXSP4TM.js:7:7848
    at Ac (https://www.greencity.cx.ua/chunk-NUXSP4TM.js:7:2222)
    at S0.next (https://www.greencity.cx.ua/chunk-NUXSP4TM.js:7:7687), [2026-03-14T18:25:45.290Z] [SEVERE] https://www.greencity.cx.ua/chunk-NUXSP4TM.js 10:45939 "ERROR" TypeError: Cannot read properties of null (reading 'setValue')
    at n.quillContentChanged (https://www.greencity.cx.ua/chunk-VNNOUBDJ.js:1:16043)
    at https://www.greencity.cx.ua/chunk-VNNOUBDJ.js:1:7223
    at eE (https://www.greencity.cx.ua/chunk-NUXSP4TM.js:11:76097)
    at Object.o [as next] (https://www.greencity.cx.ua/chunk-NUXSP4TM.js:11:76277)
    at bv.next (https://www.greencity.cx.ua/chunk-NUXSP4TM.js:7:3120)
    at Fr._next (https://www.greencity.cx.ua/chunk-NUXSP4TM.js:7:2803)
    at Fr.next (https://www.greencity.cx.ua/chunk-NUXSP4TM.js:7:2530)
    at https://www.greencity.cx.ua/chunk-NUXSP4TM.js:7:7848
    at Ac (https://www.greencity.cx.ua/chunk-NUXSP4TM.js:7:2222)
    at S0.next (https://www.greencity.cx.ua/chunk-NUXSP4TM.js:7:7687), [2026-03-14T18:25:45.293Z] [SEVERE] https://www.greencity.cx.ua/chunk-NUXSP4TM.js 10:45939 "ERROR" TypeError: Cannot read properties of null (reading 'setValue')
    at n.quillContentChanged (https://www.greencity.cx.ua/chunk-VNNOUBDJ.js:1:16043)
    at https://www.greencity.cx.ua/chunk-VNNOUBDJ.js:1:7223
    at eE (https://www.greencity.cx.ua/chunk-NUXSP4TM.js:11:76097)
    at Object.o [as next] (https://www.greencity.cx.ua/chunk-NUXSP4TM.js:11:76277)
    at bv.next (https://www.greencity.cx.ua/chunk-NUXSP4TM.js:7:3120)
    at Fr._next (https://www.greencity.cx.ua/chunk-NUXSP4TM.js:7:2803)
    at Fr.next (https://www.greencity.cx.ua/chunk-NUXSP4TM.js:7:2530)
    at https://www.greencity.cx.ua/chunk-NUXSP4TM.js:7:7848
    at Ac (https://www.greencity.cx.ua/chunk-NUXSP4TM.js:7:2222)
    at S0.next (https://www.greencity.cx.ua/chunk-NUXSP4TM.js:7:7687), [2026-03-14T18:25:45.295Z] [SEVERE] https://www.greencity.cx.ua/chunk-NUXSP4TM.js 10:45939 "ERROR" TypeError: Cannot read properties of null (reading 'setValue')
    at n.quillContentChanged (https://www.greencity.cx.ua/chunk-VNNOUBDJ.js:1:16043)
    at https://www.greencity.cx.ua/chunk-VNNOUBDJ.js:1:7223
    at eE (https://www.greencity.cx.ua/chunk-NUXSP4TM.js:11:76097)
    at Object.o [as next] (https://www.greencity.cx.ua/chunk-NUXSP4TM.js:11:76277)
    at bv.next (https://www.greencity.cx.ua/chunk-NUXSP4TM.js:7:3120)
    at Fr._next (https://www.greencity.cx.ua/chunk-NUXSP4TM.js:7:2803)
    at Fr.next (https://www.greencity.cx.ua/chunk-NUXSP4TM.js:7:2530)
    at https://www.greencity.cx.ua/chunk-NUXSP4TM.js:7:7848
    at Ac (https://www.greencity.cx.ua/chunk-NUXSP4TM.js:7:2222)
    at S0.next (https://www.greencity.cx.ua/chunk-NUXSP4TM.js:7:7687), [2026-03-14T18:25:45.297Z] [SEVERE] https://www.greencity.cx.ua/chunk-NUXSP4TM.js 10:45939 "ERROR" TypeError: Cannot read properties of null (reading 'setValue')
    at n.quillContentChanged (https://www.greencity.cx.ua/chunk-VNNOUBDJ.js:1:16043)
    at https://www.greencity.cx.ua/chunk-VNNOUBDJ.js:1:7223
    at eE (https://www.greencity.cx.ua/chunk-NUXSP4TM.js:11:76097)
    at Object.o [as next] (https://www.greencity.cx.ua/chunk-NUXSP4TM.js:11:76277)
    at bv.next (https://www.greencity.cx.ua/chunk-NUXSP4TM.js:7:3120)
    at Fr._next (https://www.greencity.cx.ua/chunk-NUXSP4TM.js:7:2803)
    at Fr.next (https://www.greencity.cx.ua/chunk-NUXSP4TM.js:7:2530)
    at https://www.greencity.cx.ua/chunk-NUXSP4TM.js:7:7848
    at Ac (https://www.greencity.cx.ua/chunk-NUXSP4TM.js:7:2222)
    at S0.next (https://www.greencity.cx.ua/chunk-NUXSP4TM.js:7:7687), [2026-03-14T18:25:45.300Z] [SEVERE] https://www.greencity.cx.ua/chunk-NUXSP4TM.js 10:45939 "ERROR" TypeError: Cannot read properties of null (reading 'setValue')
    at n.quillContentChanged (https://www.greencity.cx.ua/chunk-VNNOUBDJ.js:1:16043)
    at https://www.greencity.cx.ua/chunk-VNNOUBDJ.js:1:7223
    at eE (https://www.greencity.cx.ua/chunk-NUXSP4TM.js:11:76097)
    at Object.o [as next] (https://www.greencity.cx.ua/chunk-NUXSP4TM.js:11:76277)
    at bv.next (https://www.greencity.cx.ua/chunk-NUXSP4TM.js:7:3120)
    at Fr._next (https://www.greencity.cx.ua/chunk-NUXSP4TM.js:7:2803)
    at Fr.next (https://www.greencity.cx.ua/chunk-NUXSP4TM.js:7:2530)
    at https://www.greencity.cx.ua/chunk-NUXSP4TM.js:7:7848
    at Ac (https://www.greencity.cx.ua/chunk-NUXSP4TM.js:7:2222)
    at S0.next (https://www.greencity.cx.ua/chunk-NUXSP4TM.js:7:7687), [2026-03-14T18:25:45.304Z] [SEVERE] https://www.greencity.cx.ua/chunk-NUXSP4TM.js 10:45939 "ERROR" TypeError: Cannot read properties of null (reading 'setValue')
    at n.quillContentChanged (https://www.greencity.cx.ua/chunk-VNNOUBDJ.js:1:16043)
    at https://www.greencity.cx.ua/chunk-VNNOUBDJ.js:1:7223
    at eE (https://www.greencity.cx.ua/chunk-NUXSP4TM.js:11:76097)
    at Object.o [as next] (https://www.greencity.cx.ua/chunk-NUXSP4TM.js:11:76277)
    at bv.next (https://www.greencity.cx.ua/chunk-NUXSP4TM.js:7:3120)
    at Fr._next (https://www.greencity.cx.ua/chunk-NUXSP4TM.js:7:2803)
    at Fr.next (https://www.greencity.cx.ua/chunk-NUXSP4TM.js:7:2530)
    at https://www.greencity.cx.ua/chunk-NUXSP4TM.js:7:7848
    at Ac (https://www.greencity.cx.ua/chunk-NUXSP4TM.js:7:2222)
    at S0.next (https://www.greencity.cx.ua/chunk-NUXSP4TM.js:7:7687), [2026-03-14T18:25:45.306Z] [SEVERE] https://www.greencity.cx.ua/chunk-NUXSP4TM.js 10:45939 "ERROR" TypeError: Cannot read properties of null (reading 'setValue')
    at n.quillContentChanged (https://www.greencity.cx.ua/chunk-VNNOUBDJ.js:1:16043)
    at https://www.greencity.cx.ua/chunk-VNNOUBDJ.js:1:7223
    at eE (https://www.greencity.cx.ua/chunk-NUXSP4TM.js:11:76097)
    at Object.o [as next] (https://www.greencity.cx.ua/chunk-NUXSP4TM.js:11:76277)
    at bv.next (https://www.greencity.cx.ua/chunk-NUXSP4TM.js:7:3120)
    at Fr._next (https://www.greencity.cx.ua/chunk-NUXSP4TM.js:7:2803)
    at Fr.next (https://www.greencity.cx.ua/chunk-NUXSP4TM.js:7:2530)
    at https://www.greencity.cx.ua/chunk-NUXSP4TM.js:7:7848
    at Ac (https://www.greencity.cx.ua/chunk-NUXSP4TM.js:7:2222)
    at S0.next (https://www.greencity.cx.ua/chunk-NUXSP4TM.js:7:7687), [2026-03-14T18:25:45.309Z] [SEVERE] https://www.greencity.cx.ua/chunk-NUXSP4TM.js 10:45939 "ERROR" TypeError: Cannot read properties of null (reading 'setValue')
    at n.quillContentChanged (https://www.greencity.cx.ua/chunk-VNNOUBDJ.js:1:16043)
    at https://www.greencity.cx.ua/chunk-VNNOUBDJ.js:1:7223
    at eE (https://www.greencity.cx.ua/chunk-NUXSP4TM.js:11:76097)
    at Object.o [as next] (https://www.greencity.cx.ua/chunk-NUXSP4TM.js:11:76277)
    at bv.next (https://www.greencity.cx.ua/chunk-NUXSP4TM.js:7:3120)
    at Fr._next (https://www.greencity.cx.ua/chunk-NUXSP4TM.js:7:2803)
    at Fr.next (https://www.greencity.cx.ua/chunk-NUXSP4TM.js:7:2530)
    at https://www.greencity.cx.ua/chunk-NUXSP4TM.js:7:7848
    at Ac (https://www.greencity.cx.ua/chunk-NUXSP4TM.js:7:2222)
    at S0.next (https://www.greencity.cx.ua/chunk-NUXSP4TM.js:7:7687), [2026-03-14T18:25:45.311Z] [SEVERE] https://www.greencity.cx.ua/chunk-NUXSP4TM.js 10:45939 "ERROR" TypeError: Cannot read properties of null (reading 'setValue')
    at n.quillContentChanged (https://www.greencity.cx.ua/chunk-VNNOUBDJ.js:1:16043)
    at https://www.greencity.cx.ua/chunk-VNNOUBDJ.js:1:7223
    at eE (https://www.greencity.cx.ua/chunk-NUXSP4TM.js:11:76097)
    at Object.o [as next] (https://www.greencity.cx.ua/chunk-NUXSP4TM.js:11:76277)
    at bv.next (https://www.greencity.cx.ua/chunk-NUXSP4TM.js:7:3120)
    at Fr._next (https://www.greencity.cx.ua/chunk-NUXSP4TM.js:7:2803)
    at Fr.next (https://www.greencity.cx.ua/chunk-NUXSP4TM.js:7:2530)
    at https://www.greencity.cx.ua/chunk-NUXSP4TM.js:7:7848
    at Ac (https://www.greencity.cx.ua/chunk-NUXSP4TM.js:7:2222)
    at S0.next (https://www.greencity.cx.ua/chunk-NUXSP4TM.js:7:7687), [2026-03-14T18:25:45.314Z] [SEVERE] https://www.greencity.cx.ua/chunk-NUXSP4TM.js 10:45939 "ERROR" TypeError: Cannot read properties of null (reading 'setValue')
    at n.quillContentChanged (https://www.greencity.cx.ua/chunk-VNNOUBDJ.js:1:16043)
    at https://www.greencity.cx.ua/chunk-VNNOUBDJ.js:1:7223
    at eE (https://www.greencity.cx.ua/chunk-NUXSP4TM.js:11:76097)
    at Object.o [as next] (https://www.greencity.cx.ua/chunk-NUXSP4TM.js:11:76277)
    at bv.next (https://www.greencity.cx.ua/chunk-NUXSP4TM.js:7:3120)
    at Fr._next (https://www.greencity.cx.ua/chunk-NUXSP4TM.js:7:2803)
    at Fr.next (https://www.greencity.cx.ua/chunk-NUXSP4TM.js:7:2530)
    at https://www.greencity.cx.ua/chunk-NUXSP4TM.js:7:7848
    at Ac (https://www.greencity.cx.ua/chunk-NUXSP4TM.js:7:2222)
    at S0.next (https://www.greencity.cx.ua/chunk-NUXSP4TM.js:7:7687), [2026-03-14T18:25:45.316Z] [SEVERE] https://www.greencity.cx.ua/chunk-NUXSP4TM.js 10:45939 "ERROR" TypeError: Cannot read properties of null (reading 'setValue')
    at n.quillContentChanged (https://www.greencity.cx.ua/chunk-VNNOUBDJ.js:1:16043)
    at https://www.greencity.cx.ua/chunk-VNNOUBDJ.js:1:7223
    at eE (https://www.greencity.cx.ua/chunk-NUXSP4TM.js:11:76097)
    at Object.o [as next] (https://www.greencity.cx.ua/chunk-NUXSP4TM.js:11:76277)
    at bv.next (https://www.greencity.cx.ua/chunk-NUXSP4TM.js:7:3120)
    at Fr._next (https://www.greencity.cx.ua/chunk-NUXSP4TM.js:7:2803)
    at Fr.next (https://www.greencity.cx.ua/chunk-NUXSP4TM.js:7:2530)
    at https://www.greencity.cx.ua/chunk-NUXSP4TM.js:7:7848
    at Ac (https://www.greencity.cx.ua/chunk-NUXSP4TM.js:7:2222)
    at S0.next (https://www.greencity.cx.ua/chunk-NUXSP4TM.js:7:7687), [2026-03-14T18:25:45.319Z] [SEVERE] https://www.greencity.cx.ua/chunk-NUXSP4TM.js 10:45939 "ERROR" TypeError: Cannot read properties of null (reading 'setValue')
    at n.quillContentChanged (https://www.greencity.cx.ua/chunk-VNNOUBDJ.js:1:16043)
    at https://www.greencity.cx.ua/chunk-VNNOUBDJ.js:1:7223
    at eE (https://www.greencity.cx.ua/chunk-NUXSP4TM.js:11:76097)
    at Object.o [as next] (https://www.greencity.cx.ua/chunk-NUXSP4TM.js:11:76277)
    at bv.next (https://www.greencity.cx.ua/chunk-NUXSP4TM.js:7:3120)
    at Fr._next (https://www.greencity.cx.ua/chunk-NUXSP4TM.js:7:2803)
    at Fr.next (https://www.greencity.cx.ua/chunk-NUXSP4TM.js:7:2530)
    at https://www.greencity.cx.ua/chunk-NUXSP4TM.js:7:7848
    at Ac (https://www.greencity.cx.ua/chunk-NUXSP4TM.js:7:2222)
    at S0.next (https://www.greencity.cx.ua/chunk-NUXSP4TM.js:7:7687), [2026-03-14T18:25:45.321Z] [SEVERE] https://www.greencity.cx.ua/chunk-NUXSP4TM.js 10:45939 "ERROR" TypeError: Cannot read properties of null (reading 'setValue')
    at n.quillContentChanged (https://www.greencity.cx.ua/chunk-VNNOUBDJ.js:1:16043)
    at https://www.greencity.cx.ua/chunk-VNNOUBDJ.js:1:7223
    at eE (https://www.greencity.cx.ua/chunk-NUXSP4TM.js:11:76097)
    at Object.o [as next] (https://www.greencity.cx.ua/chunk-NUXSP4TM.js:11:76277)
    at bv.next (https://www.greencity.cx.ua/chunk-NUXSP4TM.js:7:3120)
    at Fr._next (https://www.greencity.cx.ua/chunk-NUXSP4TM.js:7:2803)
    at Fr.next (https://www.greencity.cx.ua/chunk-NUXSP4TM.js:7:2530)
    at https://www.greencity.cx.ua/chunk-NUXSP4TM.js:7:7848
    at Ac (https://www.greencity.cx.ua/chunk-NUXSP4TM.js:7:2222)
    at S0.next (https://www.greencity.cx.ua/chunk-NUXSP4TM.js:7:7687), [2026-03-14T18:25:45.324Z] [SEVERE] https://www.greencity.cx.ua/chunk-NUXSP4TM.js 10:45939 "ERROR" TypeError: Cannot read properties of null (reading 'setValue')
    at n.quillContentChanged (https://www.greencity.cx.ua/chunk-VNNOUBDJ.js:1:16043)
    at https://www.greencity.cx.ua/chunk-VNNOUBDJ.js:1:7223
    at eE (https://www.greencity.cx.ua/chunk-NUXSP4TM.js:11:76097)
    at Object.o [as next] (https://www.greencity.cx.ua/chunk-NUXSP4TM.js:11:76277)
    at bv.next (https://www.greencity.cx.ua/chunk-NUXSP4TM.js:7:3120)
    at Fr._next (https://www.greencity.cx.ua/chunk-NUXSP4TM.js:7:2803)
    at Fr.next (https://www.greencity.cx.ua/chunk-NUXSP4TM.js:7:2530)
    at https://www.greencity.cx.ua/chunk-NUXSP4TM.js:7:7848
    at Ac (https://www.greencity.cx.ua/chunk-NUXSP4TM.js:7:2222)
    at S0.next (https://www.greencity.cx.ua/chunk-NUXSP4TM.js:7:7687), [2026-03-14T18:25:45.326Z] [SEVERE] https://www.greencity.cx.ua/chunk-NUXSP4TM.js 10:45939 "ERROR" TypeError: Cannot read properties of null (reading 'setValue')
    at n.quillContentChanged (https://www.greencity.cx.ua/chunk-VNNOUBDJ.js:1:16043)
    at https://www.greencity.cx.ua/chunk-VNNOUBDJ.js:1:7223
    at eE (https://www.greencity.cx.ua/chunk-NUXSP4TM.js:11:76097)
    at Object.o [as next] (https://www.greencity.cx.ua/chunk-NUXSP4TM.js:11:76277)
    at bv.next (https://www.greencity.cx.ua/chunk-NUXSP4TM.js:7:3120)
    at Fr._next (https://www.greencity.cx.ua/chunk-NUXSP4TM.js:7:2803)
    at Fr.next (https://www.greencity.cx.ua/chunk-NUXSP4TM.js:7:2530)
    at https://www.greencity.cx.ua/chunk-NUXSP4TM.js:7:7848
    at Ac (https://www.greencity.cx.ua/chunk-NUXSP4TM.js:7:2222)
    at S0.next (https://www.greencity.cx.ua/chunk-NUXSP4TM.js:7:7687), [2026-03-14T18:25:45.329Z] [SEVERE] https://www.greencity.cx.ua/chunk-NUXSP4TM.js 10:45939 "ERROR" TypeError: Cannot read properties of null (reading 'setValue')
    at n.quillContentChanged (https://www.greencity.cx.ua/chunk-VNNOUBDJ.js:1:16043)
    at https://www.greencity.cx.ua/chunk-VNNOUBDJ.js:1:7223
    at eE (https://www.greencity.cx.ua/chunk-NUXSP4TM.js:11:76097)
    at Object.o [as next] (https://www.greencity.cx.ua/chunk-NUXSP4TM.js:11:76277)
    at bv.next (https://www.greencity.cx.ua/chunk-NUXSP4TM.js:7:3120)
    at Fr._next (https://www.greencity.cx.ua/chunk-NUXSP4TM.js:7:2803)
    at Fr.next (https://www.greencity.cx.ua/chunk-NUXSP4TM.js:7:2530)
    at https://www.greencity.cx.ua/chunk-NUXSP4TM.js:7:7848
    at Ac (https://www.greencity.cx.ua/chunk-NUXSP4TM.js:7:2222)
    at S0.next (https://www.greencity.cx.ua/chunk-NUXSP4TM.js:7:7687), [2026-03-14T18:25:45.331Z] [SEVERE] https://www.greencity.cx.ua/chunk-NUXSP4TM.js 10:45939 "ERROR" TypeError: Cannot read properties of null (reading 'setValue')
    at n.quillContentChanged (https://www.greencity.cx.ua/chunk-VNNOUBDJ.js:1:16043)
    at https://www.greencity.cx.ua/chunk-VNNOUBDJ.js:1:7223
    at eE (https://www.greencity.cx.ua/chunk-NUXSP4TM.js:11:76097)
    at Object.o [as next] (https://www.greencity.cx.ua/chunk-NUXSP4TM.js:11:76277)
    at bv.next (https://www.greencity.cx.ua/chunk-NUXSP4TM.js:7:3120)
    at Fr._next (https://www.greencity.cx.ua/chunk-NUXSP4TM.js:7:2803)
    at Fr.next (https://www.greencity.cx.ua/chunk-NUXSP4TM.js:7:2530)
    at https://www.greencity.cx.ua/chunk-NUXSP4TM.js:7:7848
    at Ac (https://www.greencity.cx.ua/chunk-NUXSP4TM.js:7:2222)
    at S0.next (https://www.greencity.cx.ua/chunk-NUXSP4TM.js:7:7687), [2026-03-14T18:25:45.334Z] [SEVERE] https://www.greencity.cx.ua/chunk-NUXSP4TM.js 10:45939 "ERROR" TypeError: Cannot read properties of null (reading 'setValue')
    at n.quillContentChanged (https://www.greencity.cx.ua/chunk-VNNOUBDJ.js:1:16043)
    at https://www.greencity.cx.ua/chunk-VNNOUBDJ.js:1:7223
    at eE (https://www.greencity.cx.ua/chunk-NUXSP4TM.js:11:76097)
    at Object.o [as next] (https://www.greencity.cx.ua/chunk-NUXSP4TM.js:11:76277)
    at bv.next (https://www.greencity.cx.ua/chunk-NUXSP4TM.js:7:3120)
    at Fr._next (https://www.greencity.cx.ua/chunk-NUXSP4TM.js:7:2803)
    at Fr.next (https://www.greencity.cx.ua/chunk-NUXSP4TM.js:7:2530)
    at https://www.greencity.cx.ua/chunk-NUXSP4TM.js:7:7848
    at Ac (https://www.greencity.cx.ua/chunk-NUXSP4TM.js:7:2222)
    at S0.next (https://www.greencity.cx.ua/chunk-NUXSP4TM.js:7:7687), [2026-03-14T18:25:45.336Z] [SEVERE] https://www.greencity.cx.ua/chunk-NUXSP4TM.js 10:45939 "ERROR" TypeError: Cannot read properties of null (reading 'setValue')
    at n.quillContentChanged (https://www.greencity.cx.ua/chunk-VNNOUBDJ.js:1:16043)
    at https://www.greencity.cx.ua/chunk-VNNOUBDJ.js:1:7223
    at eE (https://www.greencity.cx.ua/chunk-NUXSP4TM.js:11:76097)
    at Object.o [as next] (https://www.greencity.cx.ua/chunk-NUXSP4TM.js:11:76277)
    at bv.next (https://www.greencity.cx.ua/chunk-NUXSP4TM.js:7:3120)
    at Fr._next (https://www.greencity.cx.ua/chunk-NUXSP4TM.js:7:2803)
    at Fr.next (https://www.greencity.cx.ua/chunk-NUXSP4TM.js:7:2530)
    at https://www.greencity.cx.ua/chunk-NUXSP4TM.js:7:7848
    at Ac (https://www.greencity.cx.ua/chunk-NUXSP4TM.js:7:2222)
    at S0.next (https://www.greencity.cx.ua/chunk-NUXSP4TM.js:7:7687), [2026-03-14T18:25:45.339Z] [SEVERE] https://www.greencity.cx.ua/chunk-NUXSP4TM.js 10:45939 "ERROR" TypeError: Cannot read properties of null (reading 'setValue')
    at n.quillContentChanged (https://www.greencity.cx.ua/chunk-VNNOUBDJ.js:1:16043)
    at https://www.greencity.cx.ua/chunk-VNNOUBDJ.js:1:7223
    at eE (https://www.greencity.cx.ua/chunk-NUXSP4TM.js:11:76097)
    at Object.o [as next] (https://www.greencity.cx.ua/chunk-NUXSP4TM.js:11:76277)
    at bv.next (https://www.greencity.cx.ua/chunk-NUXSP4TM.js:7:3120)
    at Fr._next (https://www.greencity.cx.ua/chunk-NUXSP4TM.js:7:2803)
    at Fr.next (https://www.greencity.cx.ua/chunk-NUXSP4TM.js:7:2530)
    at https://www.greencity.cx.ua/chunk-NUXSP4TM.js:7:7848
    at Ac (https://www.greencity.cx.ua/chunk-NUXSP4TM.js:7:2222)
    at S0.next (https://www.greencity.cx.ua/chunk-NUXSP4TM.js:7:7687), [2026-03-14T18:25:45.342Z] [SEVERE] https://www.greencity.cx.ua/chunk-NUXSP4TM.js 10:45939 "ERROR" TypeError: Cannot read properties of null (reading 'setValue')
    at n.quillContentChanged (https://www.greencity.cx.ua/chunk-VNNOUBDJ.js:1:16043)
    at https://www.greencity.cx.ua/chunk-VNNOUBDJ.js:1:7223
    at eE (https://www.greencity.cx.ua/chunk-NUXSP4TM.js:11:76097)
    at Object.o [as next] (https://www.greencity.cx.ua/chunk-NUXSP4TM.js:11:76277)
    at bv.next (https://www.greencity.cx.ua/chunk-NUXSP4TM.js:7:3120)
    at Fr._next (https://www.greencity.cx.ua/chunk-NUXSP4TM.js:7:2803)
    at Fr.next (https://www.greencity.cx.ua/chunk-NUXSP4TM.js:7:2530)
    at https://www.greencity.cx.ua/chunk-NUXSP4TM.js:7:7848
    at Ac (https://www.greencity.cx.ua/chunk-NUXSP4TM.js:7:2222)
    at S0.next (https://www.greencity.cx.ua/chunk-NUXSP4TM.js:7:7687), [2026-03-14T18:25:45.344Z] [SEVERE] https://www.greencity.cx.ua/chunk-NUXSP4TM.js 10:45939 "ERROR" TypeError: Cannot read properties of null (reading 'setValue')
    at n.quillContentChanged (https://www.greencity.cx.ua/chunk-VNNOUBDJ.js:1:16043)
    at https://www.greencity.cx.ua/chunk-VNNOUBDJ.js:1:7223
    at eE (https://www.greencity.cx.ua/chunk-NUXSP4TM.js:11:76097)
    at Object.o [as next] (https://www.greencity.cx.ua/chunk-NUXSP4TM.js:11:76277)
    at bv.next (https://www.greencity.cx.ua/chunk-NUXSP4TM.js:7:3120)
    at Fr._next (https://www.greencity.cx.ua/chunk-NUXSP4TM.js:7:2803)
    at Fr.next (https://www.greencity.cx.ua/chunk-NUXSP4TM.js:7:2530)
    at https://www.greencity.cx.ua/chunk-NUXSP4TM.js:7:7848
    at Ac (https://www.greencity.cx.ua/chunk-NUXSP4TM.js:7:2222)
    at S0.next (https://www.greencity.cx.ua/chunk-NUXSP4TM.js:7:7687), [2026-03-14T18:25:45.347Z] [SEVERE] https://www.greencity.cx.ua/chunk-NUXSP4TM.js 10:45939 "ERROR" TypeError: Cannot read properties of null (reading 'setValue')
    at n.quillContentChanged (https://www.greencity.cx.ua/chunk-VNNOUBDJ.js:1:16043)
    at https://www.greencity.cx.ua/chunk-VNNOUBDJ.js:1:7223
    at eE (https://www.greencity.cx.ua/chunk-NUXSP4TM.js:11:76097)
    at Object.o [as next] (https://www.greencity.cx.ua/chunk-NUXSP4TM.js:11:76277)
    at bv.next (https://www.greencity.cx.ua/chunk-NUXSP4TM.js:7:3120)
    at Fr._next (https://www.greencity.cx.ua/chunk-NUXSP4TM.js:7:2803)
    at Fr.next (https://www.greencity.cx.ua/chunk-NUXSP4TM.js:7:2530)
    at https://www.greencity.cx.ua/chunk-NUXSP4TM.js:7:7848
    at Ac (https://www.greencity.cx.ua/chunk-NUXSP4TM.js:7:2222)
    at S0.next (https://www.greencity.cx.ua/chunk-NUXSP4TM.js:7:7687), [2026-03-14T18:25:45.349Z] [SEVERE] https://www.greencity.cx.ua/chunk-NUXSP4TM.js 10:45939 "ERROR" TypeError: Cannot read properties of null (reading 'setValue')
    at n.quillContentChanged (https://www.greencity.cx.ua/chunk-VNNOUBDJ.js:1:16043)
    at https://www.greencity.cx.ua/chunk-VNNOUBDJ.js:1:7223
    at eE (https://www.greencity.cx.ua/chunk-NUXSP4TM.js:11:76097)
    at Object.o [as next] (https://www.greencity.cx.ua/chunk-NUXSP4TM.js:11:76277)
    at bv.next (https://www.greencity.cx.ua/chunk-NUXSP4TM.js:7:3120)
    at Fr._next (https://www.greencity.cx.ua/chunk-NUXSP4TM.js:7:2803)
    at Fr.next (https://www.greencity.cx.ua/chunk-NUXSP4TM.js:7:2530)
    at https://www.greencity.cx.ua/chunk-NUXSP4TM.js:7:7848
    at Ac (https://www.greencity.cx.ua/chunk-NUXSP4TM.js:7:2222)
    at S0.next (https://www.greencity.cx.ua/chunk-NUXSP4TM.js:7:7687), [2026-03-14T18:25:45.352Z] [SEVERE] https://www.greencity.cx.ua/chunk-NUXSP4TM.js 10:45939 "ERROR" TypeError: Cannot read properties of null (reading 'setValue')
    at n.quillContentChanged (https://www.greencity.cx.ua/chunk-VNNOUBDJ.js:1:16043)
    at https://www.greencity.cx.ua/chunk-VNNOUBDJ.js:1:7223
    at eE (https://www.greencity.cx.ua/chunk-NUXSP4TM.js:11:76097)
    at Object.o [as next] (https://www.greencity.cx.ua/chunk-NUXSP4TM.js:11:76277)
    at bv.next (https://www.greencity.cx.ua/chunk-NUXSP4TM.js:7:3120)
    at Fr._next (https://www.greencity.cx.ua/chunk-NUXSP4TM.js:7:2803)
    at Fr.next (https://www.greencity.cx.ua/chunk-NUXSP4TM.js:7:2530)
    at https://www.greencity.cx.ua/chunk-NUXSP4TM.js:7:7848
    at Ac (https://www.greencity.cx.ua/chunk-NUXSP4TM.js:7:2222)
    at S0.next (https://www.greencity.cx.ua/chunk-NUXSP4TM.js:7:7687), [2026-03-14T18:25:45.355Z] [SEVERE] https://www.greencity.cx.ua/chunk-NUXSP4TM.js 10:45939 "ERROR" TypeError: Cannot read properties of null (reading 'setValue')
    at n.quillContentChanged (https://www.greencity.cx.ua/chunk-VNNOUBDJ.js:1:16043)
    at https://www.greencity.cx.ua/chunk-VNNOUBDJ.js:1:7223
    at eE (https://www.greencity.cx.ua/chunk-NUXSP4TM.js:11:76097)
    at Object.o [as next] (https://www.greencity.cx.ua/chunk-NUXSP4TM.js:11:76277)
    at bv.next (https://www.greencity.cx.ua/chunk-NUXSP4TM.js:7:3120)
    at Fr._next (https://www.greencity.cx.ua/chunk-NUXSP4TM.js:7:2803)
    at Fr.next (https://www.greencity.cx.ua/chunk-NUXSP4TM.js:7:2530)
    at https://www.greencity.cx.ua/chunk-NUXSP4TM.js:7:7848
    at Ac (https://www.greencity.cx.ua/chunk-NUXSP4TM.js:7:2222)
    at S0.next (https://www.greencity.cx.ua/chunk-NUXSP4TM.js:7:7687), [2026-03-14T18:25:45.357Z] [SEVERE] https://www.greencity.cx.ua/chunk-NUXSP4TM.js 10:45939 "ERROR" TypeError: Cannot read properties of null (reading 'setValue')
    at n.quillContentChanged (https://www.greencity.cx.ua/chunk-VNNOUBDJ.js:1:16043)
    at https://www.greencity.cx.ua/chunk-VNNOUBDJ.js:1:7223
    at eE (https://www.greencity.cx.ua/chunk-NUXSP4TM.js:11:76097)
    at Object.o [as next] (https://www.greencity.cx.ua/chunk-NUXSP4TM.js:11:76277)
    at bv.next (https://www.greencity.cx.ua/chunk-NUXSP4TM.js:7:3120)
    at Fr._next (https://www.greencity.cx.ua/chunk-NUXSP4TM.js:7:2803)
    at Fr.next (https://www.greencity.cx.ua/chunk-NUXSP4TM.js:7:2530)
    at https://www.greencity.cx.ua/chunk-NUXSP4TM.js:7:7848
    at Ac (https://www.greencity.cx.ua/chunk-NUXSP4TM.js:7:2222)
    at S0.next (https://www.greencity.cx.ua/chunk-NUXSP4TM.js:7:7687), [2026-03-14T18:25:45.360Z] [SEVERE] https://www.greencity.cx.ua/chunk-NUXSP4TM.js 10:45939 "ERROR" TypeError: Cannot read properties of null (reading 'setValue')
    at n.quillContentChanged (https://www.greencity.cx.ua/chunk-VNNOUBDJ.js:1:16043)
    at https://www.greencity.cx.ua/chunk-VNNOUBDJ.js:1:7223
    at eE (https://www.greencity.cx.ua/chunk-NUXSP4TM.js:11:76097)
    at Object.o [as next] (https://www.greencity.cx.ua/chunk-NUXSP4TM.js:11:76277)
    at bv.next (https://www.greencity.cx.ua/chunk-NUXSP4TM.js:7:3120)
    at Fr._next (https://www.greencity.cx.ua/chunk-NUXSP4TM.js:7:2803)
    at Fr.next (https://www.greencity.cx.ua/chunk-NUXSP4TM.js:7:2530)
    at https://www.greencity.cx.ua/chunk-NUXSP4TM.js:7:7848
    at Ac (https://www.greencity.cx.ua/chunk-NUXSP4TM.js:7:2222)
    at S0.next (https://www.greencity.cx.ua/chunk-NUXSP4TM.js:7:7687), [2026-03-14T18:25:45.362Z] [SEVERE] https://www.greencity.cx.ua/chunk-NUXSP4TM.js 10:45939 "ERROR" TypeError: Cannot read properties of null (reading 'setValue')
    at n.quillContentChanged (https://www.greencity.cx.ua/chunk-VNNOUBDJ.js:1:16043)
    at https://www.greencity.cx.ua/chunk-VNNOUBDJ.js:1:7223
    at eE (https://www.greencity.cx.ua/chunk-NUXSP4TM.js:11:76097)
    at Object.o [as next] (https://www.greencity.cx.ua/chunk-NUXSP4TM.js:11:76277)
    at bv.next (https://www.greencity.cx.ua/chunk-NUXSP4TM.js:7:3120)
    at Fr._next (https://www.greencity.cx.ua/chunk-NUXSP4TM.js:7:2803)
    at Fr.next (https://www.greencity.cx.ua/chunk-NUXSP4TM.js:7:2530)
    at https://www.greencity.cx.ua/chunk-NUXSP4TM.js:7:7848
    at Ac (https://www.greencity.cx.ua/chunk-NUXSP4TM.js:7:2222)
    at S0.next (https://www.greencity.cx.ua/chunk-NUXSP4TM.js:7:7687), [2026-03-14T18:25:45.365Z] [SEVERE] https://www.greencity.cx.ua/chunk-NUXSP4TM.js 10:45939 "ERROR" TypeError: Cannot read properties of null (reading 'setValue')
    at n.quillContentChanged (https://www.greencity.cx.ua/chunk-VNNOUBDJ.js:1:16043)
    at https://www.greencity.cx.ua/chunk-VNNOUBDJ.js:1:7223
    at eE (https://www.greencity.cx.ua/chunk-NUXSP4TM.js:11:76097)
    at Object.o [as next] (https://www.greencity.cx.ua/chunk-NUXSP4TM.js:11:76277)
    at bv.next (https://www.greencity.cx.ua/chunk-NUXSP4TM.js:7:3120)
    at Fr._next (https://www.greencity.cx.ua/chunk-NUXSP4TM.js:7:2803)
    at Fr.next (https://www.greencity.cx.ua/chunk-NUXSP4TM.js:7:2530)
    at https://www.greencity.cx.ua/chunk-NUXSP4TM.js:7:7848
    at Ac (https://www.greencity.cx.ua/chunk-NUXSP4TM.js:7:2222)
    at S0.next (https://www.greencity.cx.ua/chunk-NUXSP4TM.js:7:7687), [2026-03-14T18:25:45.367Z] [SEVERE] https://www.greencity.cx.ua/chunk-NUXSP4TM.js 10:45939 "ERROR" TypeError: Cannot read properties of null (reading 'setValue')
    at n.quillContentChanged (https://www.greencity.cx.ua/chunk-VNNOUBDJ.js:1:16043)
    at https://www.greencity.cx.ua/chunk-VNNOUBDJ.js:1:7223
    at eE (https://www.greencity.cx.ua/chunk-NUXSP4TM.js:11:76097)
    at Object.o [as next] (https://www.greencity.cx.ua/chunk-NUXSP4TM.js:11:76277)
    at bv.next (https://www.greencity.cx.ua/chunk-NUXSP4TM.js:7:3120)
    at Fr._next (https://www.greencity.cx.ua/chunk-NUXSP4TM.js:7:2803)
    at Fr.next (https://www.greencity.cx.ua/chunk-NUXSP4TM.js:7:2530)
    at https://www.greencity.cx.ua/chunk-NUXSP4TM.js:7:7848
    at Ac (https://www.greencity.cx.ua/chunk-NUXSP4TM.js:7:2222)
    at S0.next (https://www.greencity.cx.ua/chunk-NUXSP4TM.js:7:7687), [2026-03-14T18:25:45.370Z] [SEVERE] https://www.greencity.cx.ua/chunk-NUXSP4TM.js 10:45939 "ERROR" TypeError: Cannot read properties of null (reading 'setValue')
    at n.quillContentChanged (https://www.greencity.cx.ua/chunk-VNNOUBDJ.js:1:16043)
    at https://www.greencity.cx.ua/chunk-VNNOUBDJ.js:1:7223
    at eE (https://www.greencity.cx.ua/chunk-NUXSP4TM.js:11:76097)
    at Object.o [as next] (https://www.greencity.cx.ua/chunk-NUXSP4TM.js:11:76277)
    at bv.next (https://www.greencity.cx.ua/chunk-NUXSP4TM.js:7:3120)
    at Fr._next (https://www.greencity.cx.ua/chunk-NUXSP4TM.js:7:2803)
    at Fr.next (https://www.greencity.cx.ua/chunk-NUXSP4TM.js:7:2530)
    at https://www.greencity.cx.ua/chunk-NUXSP4TM.js:7:7848
    at Ac (https://www.greencity.cx.ua/chunk-NUXSP4TM.js:7:2222)
    at S0.next (https://www.greencity.cx.ua/chunk-NUXSP4TM.js:7:7687), [2026-03-14T18:25:45.373Z] [SEVERE] https://www.greencity.cx.ua/chunk-NUXSP4TM.js 10:45939 "ERROR" TypeError: Cannot read properties of null (reading 'setValue')
    at n.quillContentChanged (https://www.greencity.cx.ua/chunk-VNNOUBDJ.js:1:16043)
    at https://www.greencity.cx.ua/chunk-VNNOUBDJ.js:1:7223
    at eE (https://www.greencity.cx.ua/chunk-NUXSP4TM.js:11:76097)
    at Object.o [as next] (https://www.greencity.cx.ua/chunk-NUXSP4TM.js:11:76277)
    at bv.next (https://www.greencity.cx.ua/chunk-NUXSP4TM.js:7:3120)
    at Fr._next (https://www.greencity.cx.ua/chunk-NUXSP4TM.js:7:2803)
    at Fr.next (https://www.greencity.cx.ua/chunk-NUXSP4TM.js:7:2530)
    at https://www.greencity.cx.ua/chunk-NUXSP4TM.js:7:7848
    at Ac (https://www.greencity.cx.ua/chunk-NUXSP4TM.js:7:2222)
    at S0.next (https://www.greencity.cx.ua/chunk-NUXSP4TM.js:7:7687), [2026-03-14T18:25:45.375Z] [SEVERE] https://www.greencity.cx.ua/chunk-NUXSP4TM.js 10:45939 "ERROR" TypeError: Cannot read properties of null (reading 'setValue')
    at n.quillContentChanged (https://www.greencity.cx.ua/chunk-VNNOUBDJ.js:1:16043)
    at https://www.greencity.cx.ua/chunk-VNNOUBDJ.js:1:7223
    at eE (https://www.greencity.cx.ua/chunk-NUXSP4TM.js:11:76097)
    at Object.o [as next] (https://www.greencity.cx.ua/chunk-NUXSP4TM.js:11:76277)
    at bv.next (https://www.greencity.cx.ua/chunk-NUXSP4TM.js:7:3120)
    at Fr._next (https://www.greencity.cx.ua/chunk-NUXSP4TM.js:7:2803)
    at Fr.next (https://www.greencity.cx.ua/chunk-NUXSP4TM.js:7:2530)
    at https://www.greencity.cx.ua/chunk-NUXSP4TM.js:7:7848
    at Ac (https://www.greencity.cx.ua/chunk-NUXSP4TM.js:7:2222)
    at S0.next (https://www.greencity.cx.ua/chunk-NUXSP4TM.js:7:7687), [2026-03-14T18:25:45.378Z] [SEVERE] https://www.greencity.cx.ua/chunk-NUXSP4TM.js 10:45939 "ERROR" TypeError: Cannot read properties of null (reading 'setValue')
    at n.quillContentChanged (https://www.greencity.cx.ua/chunk-VNNOUBDJ.js:1:16043)
    at https://www.greencity.cx.ua/chunk-VNNOUBDJ.js:1:7223
    at eE (https://www.greencity.cx.ua/chunk-NUXSP4TM.js:11:76097)
    at Object.o [as next] (https://www.greencity.cx.ua/chunk-NUXSP4TM.js:11:76277)
    at bv.next (https://www.greencity.cx.ua/chunk-NUXSP4TM.js:7:3120)
    at Fr._next (https://www.greencity.cx.ua/chunk-NUXSP4TM.js:7:2803)
    at Fr.next (https://www.greencity.cx.ua/chunk-NUXSP4TM.js:7:2530)
    at https://www.greencity.cx.ua/chunk-NUXSP4TM.js:7:7848
    at Ac (https://www.greencity.cx.ua/chunk-NUXSP4TM.js:7:2222)
    at S0.next (https://www.greencity.cx.ua/chunk-NUXSP4TM.js:7:7687), [2026-03-14T18:25:45.380Z] [SEVERE] https://www.greencity.cx.ua/chunk-NUXSP4TM.js 10:45939 "ERROR" TypeError: Cannot read properties of null (reading 'setValue')
    at n.quillContentChanged (https://www.greencity.cx.ua/chunk-VNNOUBDJ.js:1:16043)
    at https://www.greencity.cx.ua/chunk-VNNOUBDJ.js:1:7223
    at eE (https://www.greencity.cx.ua/chunk-NUXSP4TM.js:11:76097)
    at Object.o [as next] (https://www.greencity.cx.ua/chunk-NUXSP4TM.js:11:76277)
    at bv.next (https://www.greencity.cx.ua/chunk-NUXSP4TM.js:7:3120)
    at Fr._next (https://www.greencity.cx.ua/chunk-NUXSP4TM.js:7:2803)
    at Fr.next (https://www.greencity.cx.ua/chunk-NUXSP4TM.js:7:2530)
    at https://www.greencity.cx.ua/chunk-NUXSP4TM.js:7:7848
    at Ac (https://www.greencity.cx.ua/chunk-NUXSP4TM.js:7:2222)
    at S0.next (https://www.greencity.cx.ua/chunk-NUXSP4TM.js:7:7687), [2026-03-14T18:25:45.383Z] [SEVERE] https://www.greencity.cx.ua/chunk-NUXSP4TM.js 10:45939 "ERROR" TypeError: Cannot read properties of null (reading 'setValue')
    at n.quillContentChanged (https://www.greencity.cx.ua/chunk-VNNOUBDJ.js:1:16043)
    at https://www.greencity.cx.ua/chunk-VNNOUBDJ.js:1:7223
    at eE (https://www.greencity.cx.ua/chunk-NUXSP4TM.js:11:76097)
    at Object.o [as next] (https://www.greencity.cx.ua/chunk-NUXSP4TM.js:11:76277)
    at bv.next (https://www.greencity.cx.ua/chunk-NUXSP4TM.js:7:3120)
    at Fr._next (https://www.greencity.cx.ua/chunk-NUXSP4TM.js:7:2803)
    at Fr.next (https://www.greencity.cx.ua/chunk-NUXSP4TM.js:7:2530)
    at https://www.greencity.cx.ua/chunk-NUXSP4TM.js:7:7848
    at Ac (https://www.greencity.cx.ua/chunk-NUXSP4TM.js:7:2222)
    at S0.next (https://www.greencity.cx.ua/chunk-NUXSP4TM.js:7:7687), [2026-03-14T18:25:45.385Z] [SEVERE] https://www.greencity.cx.ua/chunk-NUXSP4TM.js 10:45939 "ERROR" TypeError: Cannot read properties of null (reading 'setValue')
    at n.quillContentChanged (https://www.greencity.cx.ua/chunk-VNNOUBDJ.js:1:16043)
    at https://www.greencity.cx.ua/chunk-VNNOUBDJ.js:1:7223
    at eE (https://www.greencity.cx.ua/chunk-NUXSP4TM.js:11:76097)
    at Object.o [as next] (https://www.greencity.cx.ua/chunk-NUXSP4TM.js:11:76277)
    at bv.next (https://www.greencity.cx.ua/chunk-NUXSP4TM.js:7:3120)
    at Fr._next (https://www.greencity.cx.ua/chunk-NUXSP4TM.js:7:2803)
    at Fr.next (https://www.greencity.cx.ua/chunk-NUXSP4TM.js:7:2530)
    at https://www.greencity.cx.ua/chunk-NUXSP4TM.js:7:7848
    at Ac (https://www.greencity.cx.ua/chunk-NUXSP4TM.js:7:2222)
    at S0.next (https://www.greencity.cx.ua/chunk-NUXSP4TM.js:7:7687), [2026-03-14T18:25:45.388Z] [SEVERE] https://www.greencity.cx.ua/chunk-NUXSP4TM.js 10:45939 "ERROR" TypeError: Cannot read properties of null (reading 'setValue')
    at n.quillContentChanged (https://www.greencity.cx.ua/chunk-VNNOUBDJ.js:1:16043)
    at https://www.greencity.cx.ua/chunk-VNNOUBDJ.js:1:7223
    at eE (https://www.greencity.cx.ua/chunk-NUXSP4TM.js:11:76097)
    at Object.o [as next] (https://www.greencity.cx.ua/chunk-NUXSP4TM.js:11:76277)
    at bv.next (https://www.greencity.cx.ua/chunk-NUXSP4TM.js:7:3120)
    at Fr._next (https://www.greencity.cx.ua/chunk-NUXSP4TM.js:7:2803)
    at Fr.next (https://www.greencity.cx.ua/chunk-NUXSP4TM.js:7:2530)
    at https://www.greencity.cx.ua/chunk-NUXSP4TM.js:7:7848
    at Ac (https://www.greencity.cx.ua/chunk-NUXSP4TM.js:7:2222)
    at S0.next (https://www.greencity.cx.ua/chunk-NUXSP4TM.js:7:7687), [2026-03-14T18:25:45.390Z] [SEVERE] https://www.greencity.cx.ua/chunk-NUXSP4TM.js 10:45939 "ERROR" TypeError: Cannot read properties of null (reading 'setValue')
    at n.quillContentChanged (https://www.greencity.cx.ua/chunk-VNNOUBDJ.js:1:16043)
    at https://www.greencity.cx.ua/chunk-VNNOUBDJ.js:1:7223
    at eE (https://www.greencity.cx.ua/chunk-NUXSP4TM.js:11:76097)
    at Object.o [as next] (https://www.greencity.cx.ua/chunk-NUXSP4TM.js:11:76277)
    at bv.next (https://www.greencity.cx.ua/chunk-NUXSP4TM.js:7:3120)
    at Fr._next (https://www.greencity.cx.ua/chunk-NUXSP4TM.js:7:2803)
    at Fr.next (https://www.greencity.cx.ua/chunk-NUXSP4TM.js:7:2530)
    at https://www.greencity.cx.ua/chunk-NUXSP4TM.js:7:7848
    at Ac (https://www.greencity.cx.ua/chunk-NUXSP4TM.js:7:2222)
    at S0.next (https://www.greencity.cx.ua/chunk-NUXSP4TM.js:7:7687), [2026-03-14T18:25:45.393Z] [SEVERE] https://www.greencity.cx.ua/chunk-NUXSP4TM.js 10:45939 "ERROR" TypeError: Cannot read properties of null (reading 'setValue')
    at n.quillContentChanged (https://www.greencity.cx.ua/chunk-VNNOUBDJ.js:1:16043)
    at https://www.greencity.cx.ua/chunk-VNNOUBDJ.js:1:7223
    at eE (https://www.greencity.cx.ua/chunk-NUXSP4TM.js:11:76097)
    at Object.o [as next] (https://www.greencity.cx.ua/chunk-NUXSP4TM.js:11:76277)
    at bv.next (https://www.greencity.cx.ua/chunk-NUXSP4TM.js:7:3120)
    at Fr._next (https://www.greencity.cx.ua/chunk-NUXSP4TM.js:7:2803)
    at Fr.next (https://www.greencity.cx.ua/chunk-NUXSP4TM.js:7:2530)
    at https://www.greencity.cx.ua/chunk-NUXSP4TM.js:7:7848
    at Ac (https://www.greencity.cx.ua/chunk-NUXSP4TM.js:7:2222)
    at S0.next (https://www.greencity.cx.ua/chunk-NUXSP4TM.js:7:7687), [2026-03-14T18:25:45.396Z] [SEVERE] https://www.greencity.cx.ua/chunk-NUXSP4TM.js 10:45939 "ERROR" TypeError: Cannot read properties of null (reading 'setValue')
    at n.quillContentChanged (https://www.greencity.cx.ua/chunk-VNNOUBDJ.js:1:16043)
    at https://www.greencity.cx.ua/chunk-VNNOUBDJ.js:1:7223
    at eE (https://www.greencity.cx.ua/chunk-NUXSP4TM.js:11:76097)
    at Object.o [as next] (https://www.greencity.cx.ua/chunk-NUXSP4TM.js:11:76277)
    at bv.next (https://www.greencity.cx.ua/chunk-NUXSP4TM.js:7:3120)
    at Fr._next (https://www.greencity.cx.ua/chunk-NUXSP4TM.js:7:2803)
    at Fr.next (https://www.greencity.cx.ua/chunk-NUXSP4TM.js:7:2530)
    at https://www.greencity.cx.ua/chunk-NUXSP4TM.js:7:7848
    at Ac (https://www.greencity.cx.ua/chunk-NUXSP4TM.js:7:2222)
    at S0.next (https://www.greencity.cx.ua/chunk-NUXSP4TM.js:7:7687), [2026-03-14T18:25:45.398Z] [SEVERE] https://www.greencity.cx.ua/chunk-NUXSP4TM.js 10:45939 "ERROR" TypeError: Cannot read properties of null (reading 'setValue')
    at n.quillContentChanged (https://www.greencity.cx.ua/chunk-VNNOUBDJ.js:1:16043)
    at https://www.greencity.cx.ua/chunk-VNNOUBDJ.js:1:7223
    at eE (https://www.greencity.cx.ua/chunk-NUXSP4TM.js:11:76097)
    at Object.o [as next] (https://www.greencity.cx.ua/chunk-NUXSP4TM.js:11:76277)
    at bv.next (https://www.greencity.cx.ua/chunk-NUXSP4TM.js:7:3120)
    at Fr._next (https://www.greencity.cx.ua/chunk-NUXSP4TM.js:7:2803)
    at Fr.next (https://www.greencity.cx.ua/chunk-NUXSP4TM.js:7:2530)
    at https://www.greencity.cx.ua/chunk-NUXSP4TM.js:7:7848
    at Ac (https://www.greencity.cx.ua/chunk-NUXSP4TM.js:7:2222)
    at S0.next (https://www.greencity.cx.ua/chunk-NUXSP4TM.js:7:7687), [2026-03-14T18:25:45.401Z] [SEVERE] https://www.greencity.cx.ua/chunk-NUXSP4TM.js 10:45939 "ERROR" TypeError: Cannot read properties of null (reading 'setValue')
    at n.quillContentChanged (https://www.greencity.cx.ua/chunk-VNNOUBDJ.js:1:16043)
    at https://www.greencity.cx.ua/chunk-VNNOUBDJ.js:1:7223
    at eE (https://www.greencity.cx.ua/chunk-NUXSP4TM.js:11:76097)
    at Object.o [as next] (https://www.greencity.cx.ua/chunk-NUXSP4TM.js:11:76277)
    at bv.next (https://www.greencity.cx.ua/chunk-NUXSP4TM.js:7:3120)
    at Fr._next (https://www.greencity.cx.ua/chunk-NUXSP4TM.js:7:2803)
    at Fr.next (https://www.greencity.cx.ua/chunk-NUXSP4TM.js:7:2530)
    at https://www.greencity.cx.ua/chunk-NUXSP4TM.js:7:7848
    at Ac (https://www.greencity.cx.ua/chunk-NUXSP4TM.js:7:2222)
    at S0.next (https://www.greencity.cx.ua/chunk-NUXSP4TM.js:7:7687), [2026-03-14T18:25:45.404Z] [SEVERE] https://www.greencity.cx.ua/chunk-NUXSP4TM.js 10:45939 "ERROR" TypeError: Cannot read properties of null (reading 'setValue')
    at n.quillContentChanged (https://www.greencity.cx.ua/chunk-VNNOUBDJ.js:1:16043)
    at https://www.greencity.cx.ua/chunk-VNNOUBDJ.js:1:7223
    at eE (https://www.greencity.cx.ua/chunk-NUXSP4TM.js:11:76097)
    at Object.o [as next] (https://www.greencity.cx.ua/chunk-NUXSP4TM.js:11:76277)
    at bv.next (https://www.greencity.cx.ua/chunk-NUXSP4TM.js:7:3120)
    at Fr._next (https://www.greencity.cx.ua/chunk-NUXSP4TM.js:7:2803)
    at Fr.next (https://www.greencity.cx.ua/chunk-NUXSP4TM.js:7:2530)
    at https://www.greencity.cx.ua/chunk-NUXSP4TM.js:7:7848
    at Ac (https://www.greencity.cx.ua/chunk-NUXSP4TM.js:7:2222)
    at S0.next (https://www.greencity.cx.ua/chunk-NUXSP4TM.js:7:7687), [2026-03-14T18:25:45.406Z] [SEVERE] https://www.greencity.cx.ua/chunk-NUXSP4TM.js 10:45939 "ERROR" TypeError: Cannot read properties of null (reading 'setValue')
    at n.quillContentChanged (https://www.greencity.cx.ua/chunk-VNNOUBDJ.js:1:16043)
    at https://www.greencity.cx.ua/chunk-VNNOUBDJ.js:1:7223
    at eE (https://www.greencity.cx.ua/chunk-NUXSP4TM.js:11:76097)
    at Object.o [as next] (https://www.greencity.cx.ua/chunk-NUXSP4TM.js:11:76277)
    at bv.next (https://www.greencity.cx.ua/chunk-NUXSP4TM.js:7:3120)
    at Fr._next (https://www.greencity.cx.ua/chunk-NUXSP4TM.js:7:2803)
    at Fr.next (https://www.greencity.cx.ua/chunk-NUXSP4TM.js:7:2530)
    at https://www.greencity.cx.ua/chunk-NUXSP4TM.js:7:7848
    at Ac (https://www.greencity.cx.ua/chunk-NUXSP4TM.js:7:2222)
    at S0.next (https://www.greencity.cx.ua/chunk-NUXSP4TM.js:7:7687), [2026-03-14T18:25:45.409Z] [SEVERE] https://www.greencity.cx.ua/chunk-NUXSP4TM.js 10:45939 "ERROR" TypeError: Cannot read properties of null (reading 'setValue')
    at n.quillContentChanged (https://www.greencity.cx.ua/chunk-VNNOUBDJ.js:1:16043)
    at https://www.greencity.cx.ua/chunk-VNNOUBDJ.js:1:7223
    at eE (https://www.greencity.cx.ua/chunk-NUXSP4TM.js:11:76097)
    at Object.o [as next] (https://www.greencity.cx.ua/chunk-NUXSP4TM.js:11:76277)
    at bv.next (https://www.greencity.cx.ua/chunk-NUXSP4TM.js:7:3120)
    at Fr._next (https://www.greencity.cx.ua/chunk-NUXSP4TM.js:7:2803)
    at Fr.next (https://www.greencity.cx.ua/chunk-NUXSP4TM.js:7:2530)
    at https://www.greencity.cx.ua/chunk-NUXSP4TM.js:7:7848
    at Ac (https://www.greencity.cx.ua/chunk-NUXSP4TM.js:7:2222)
    at S0.next (https://www.greencity.cx.ua/chunk-NUXSP4TM.js:7:7687), [2026-03-14T18:25:45.411Z] [SEVERE] https://www.greencity.cx.ua/chunk-NUXSP4TM.js 10:45939 "ERROR" TypeError: Cannot read properties of null (reading 'setValue')
    at n.quillContentChanged (https://www.greencity.cx.ua/chunk-VNNOUBDJ.js:1:16043)
    at https://www.greencity.cx.ua/chunk-VNNOUBDJ.js:1:7223
    at eE (https://www.greencity.cx.ua/chunk-NUXSP4TM.js:11:76097)
    at Object.o [as next] (https://www.greencity.cx.ua/chunk-NUXSP4TM.js:11:76277)
    at bv.next (https://www.greencity.cx.ua/chunk-NUXSP4TM.js:7:3120)
    at Fr._next (https://www.greencity.cx.ua/chunk-NUXSP4TM.js:7:2803)
    at Fr.next (https://www.greencity.cx.ua/chunk-NUXSP4TM.js:7:2530)
    at https://www.greencity.cx.ua/chunk-NUXSP4TM.js:7:7848
    at Ac (https://www.greencity.cx.ua/chunk-NUXSP4TM.js:7:2222)
    at S0.next (https://www.greencity.cx.ua/chunk-NUXSP4TM.js:7:7687), [2026-03-14T18:25:45.414Z] [SEVERE] https://www.greencity.cx.ua/chunk-NUXSP4TM.js 10:45939 "ERROR" TypeError: Cannot read properties of null (reading 'setValue')
    at n.quillContentChanged (https://www.greencity.cx.ua/chunk-VNNOUBDJ.js:1:16043)
    at https://www.greencity.cx.ua/chunk-VNNOUBDJ.js:1:7223
    at eE (https://www.greencity.cx.ua/chunk-NUXSP4TM.js:11:76097)
    at Object.o [as next] (https://www.greencity.cx.ua/chunk-NUXSP4TM.js:11:76277)
    at bv.next (https://www.greencity.cx.ua/chunk-NUXSP4TM.js:7:3120)
    at Fr._next (https://www.greencity.cx.ua/chunk-NUXSP4TM.js:7:2803)
    at Fr.next (https://www.greencity.cx.ua/chunk-NUXSP4TM.js:7:2530)
    at https://www.greencity.cx.ua/chunk-NUXSP4TM.js:7:7848
    at Ac (https://www.greencity.cx.ua/chunk-NUXSP4TM.js:7:2222)
    at S0.next (https://www.greencity.cx.ua/chunk-NUXSP4TM.js:7:7687), [2026-03-14T18:25:45.416Z] [SEVERE] https://www.greencity.cx.ua/chunk-NUXSP4TM.js 10:45939 "ERROR" TypeError: Cannot read properties of null (reading 'setValue')
    at n.quillContentChanged (https://www.greencity.cx.ua/chunk-VNNOUBDJ.js:1:16043)
    at https://www.greencity.cx.ua/chunk-VNNOUBDJ.js:1:7223
    at eE (https://www.greencity.cx.ua/chunk-NUXSP4TM.js:11:76097)
    at Object.o [as next] (https://www.greencity.cx.ua/chunk-NUXSP4TM.js:11:76277)
    at bv.next (https://www.greencity.cx.ua/chunk-NUXSP4TM.js:7:3120)
    at Fr._next (https://www.greencity.cx.ua/chunk-NUXSP4TM.js:7:2803)
    at Fr.next (https://www.greencity.cx.ua/chunk-NUXSP4TM.js:7:2530)
    at https://www.greencity.cx.ua/chunk-NUXSP4TM.js:7:7848
    at Ac (https://www.greencity.cx.ua/chunk-NUXSP4TM.js:7:2222)
    at S0.next (https://www.greencity.cx.ua/chunk-NUXSP4TM.js:7:7687), [2026-03-14T18:25:45.419Z] [SEVERE] https://www.greencity.cx.ua/chunk-NUXSP4TM.js 10:45939 "ERROR" TypeError: Cannot read properties of null (reading 'setValue')
    at n.quillContentChanged (https://www.greencity.cx.ua/chunk-VNNOUBDJ.js:1:16043)
    at https://www.greencity.cx.ua/chunk-VNNOUBDJ.js:1:7223
    at eE (https://www.greencity.cx.ua/chunk-NUXSP4TM.js:11:76097)
    at Object.o [as next] (https://www.greencity.cx.ua/chunk-NUXSP4TM.js:11:76277)
    at bv.next (https://www.greencity.cx.ua/chunk-NUXSP4TM.js:7:3120)
    at Fr._next (https://www.greencity.cx.ua/chunk-NUXSP4TM.js:7:2803)
    at Fr.next (https://www.greencity.cx.ua/chunk-NUXSP4TM.js:7:2530)
    at https://www.greencity.cx.ua/chunk-NUXSP4TM.js:7:7848
    at Ac (https://www.greencity.cx.ua/chunk-NUXSP4TM.js:7:2222)
    at S0.next (https://www.greencity.cx.ua/chunk-NUXSP4TM.js:7:7687), [2026-03-14T18:25:45.421Z] [SEVERE] https://www.greencity.cx.ua/chunk-NUXSP4TM.js 10:45939 "ERROR" TypeError: Cannot read properties of null (reading 'setValue')
    at n.quillContentChanged (https://www.greencity.cx.ua/chunk-VNNOUBDJ.js:1:16043)
    at https://www.greencity.cx.ua/chunk-VNNOUBDJ.js:1:7223
    at eE (https://www.greencity.cx.ua/chunk-NUXSP4TM.js:11:76097)
    at Object.o [as next] (https://www.greencity.cx.ua/chunk-NUXSP4TM.js:11:76277)
    at bv.next (https://www.greencity.cx.ua/chunk-NUXSP4TM.js:7:3120)
    at Fr._next (https://www.greencity.cx.ua/chunk-NUXSP4TM.js:7:2803)
    at Fr.next (https://www.greencity.cx.ua/chunk-NUXSP4TM.js:7:2530)
    at https://www.greencity.cx.ua/chunk-NUXSP4TM.js:7:7848
    at Ac (https://www.greencity.cx.ua/chunk-NUXSP4TM.js:7:2222)
    at S0.next (https://www.greencity.cx.ua/chunk-NUXSP4TM.js:7:7687), [2026-03-14T18:25:45.424Z] [SEVERE] https://www.greencity.cx.ua/chunk-NUXSP4TM.js 10:45939 "ERROR" TypeError: Cannot read properties of null (reading 'setValue')
    at n.quillContentChanged (https://www.greencity.cx.ua/chunk-VNNOUBDJ.js:1:16043)
    at https://www.greencity.cx.ua/chunk-VNNOUBDJ.js:1:7223
    at eE (https://www.greencity.cx.ua/chunk-NUXSP4TM.js:11:76097)
    at Object.o [as next] (https://www.greencity.cx.ua/chunk-NUXSP4TM.js:11:76277)
    at bv.next (https://www.greencity.cx.ua/chunk-NUXSP4TM.js:7:3120)
    at Fr._next (https://www.greencity.cx.ua/chunk-NUXSP4TM.js:7:2803)
    at Fr.next (https://www.greencity.cx.ua/chunk-NUXSP4TM.js:7:2530)
    at https://www.greencity.cx.ua/chunk-NUXSP4TM.js:7:7848
    at Ac (https://www.greencity.cx.ua/chunk-NUXSP4TM.js:7:2222)
    at S0.next (https://www.greencity.cx.ua/chunk-NUXSP4TM.js:7:7687), [2026-03-14T18:25:45.426Z] [SEVERE] https://www.greencity.cx.ua/chunk-NUXSP4TM.js 10:45939 "ERROR" TypeError: Cannot read properties of null (reading 'setValue')
    at n.quillContentChanged (https://www.greencity.cx.ua/chunk-VNNOUBDJ.js:1:16043)
    at https://www.greencity.cx.ua/chunk-VNNOUBDJ.js:1:7223
    at eE (https://www.greencity.cx.ua/chunk-NUXSP4TM.js:11:76097)
    at Object.o [as next] (https://www.greencity.cx.ua/chunk-NUXSP4TM.js:11:76277)
    at bv.next (https://www.greencity.cx.ua/chunk-NUXSP4TM.js:7:3120)
    at Fr._next (https://www.greencity.cx.ua/chunk-NUXSP4TM.js:7:2803)
    at Fr.next (https://www.greencity.cx.ua/chunk-NUXSP4TM.js:7:2530)
    at https://www.greencity.cx.ua/chunk-NUXSP4TM.js:7:7848
    at Ac (https://www.greencity.cx.ua/chunk-NUXSP4TM.js:7:2222)
    at S0.next (https://www.greencity.cx.ua/chunk-NUXSP4TM.js:7:7687), [2026-03-14T18:25:45.429Z] [SEVERE] https://www.greencity.cx.ua/chunk-NUXSP4TM.js 10:45939 "ERROR" TypeError: Cannot read properties of null (reading 'setValue')
    at n.quillContentChanged (https://www.greencity.cx.ua/chunk-VNNOUBDJ.js:1:16043)
    at https://www.greencity.cx.ua/chunk-VNNOUBDJ.js:1:7223
    at eE (https://www.greencity.cx.ua/chunk-NUXSP4TM.js:11:76097)
    at Object.o [as next] (https://www.greencity.cx.ua/chunk-NUXSP4TM.js:11:76277)
    at bv.next (https://www.greencity.cx.ua/chunk-NUXSP4TM.js:7:3120)
    at Fr._next (https://www.greencity.cx.ua/chunk-NUXSP4TM.js:7:2803)
    at Fr.next (https://www.greencity.cx.ua/chunk-NUXSP4TM.js:7:2530)
    at https://www.greencity.cx.ua/chunk-NUXSP4TM.js:7:7848
    at Ac (https://www.greencity.cx.ua/chunk-NUXSP4TM.js:7:2222)
    at S0.next (https://www.greencity.cx.ua/chunk-NUXSP4TM.js:7:7687), [2026-03-14T18:25:45.431Z] [SEVERE] https://www.greencity.cx.ua/chunk-NUXSP4TM.js 10:45939 "ERROR" TypeError: Cannot read properties of null (reading 'setValue')
    at n.quillContentChanged (https://www.greencity.cx.ua/chunk-VNNOUBDJ.js:1:16043)
    at https://www.greencity.cx.ua/chunk-VNNOUBDJ.js:1:7223
    at eE (https://www.greencity.cx.ua/chunk-NUXSP4TM.js:11:76097)
    at Object.o [as next] (https://www.greencity.cx.ua/chunk-NUXSP4TM.js:11:76277)
    at bv.next (https://www.greencity.cx.ua/chunk-NUXSP4TM.js:7:3120)
    at Fr._next (https://www.greencity.cx.ua/chunk-NUXSP4TM.js:7:2803)
    at Fr.next (https://www.greencity.cx.ua/chunk-NUXSP4TM.js:7:2530)
    at https://www.greencity.cx.ua/chunk-NUXSP4TM.js:7:7848
    at Ac (https://www.greencity.cx.ua/chunk-NUXSP4TM.js:7:2222)
    at S0.next (https://www.greencity.cx.ua/chunk-NUXSP4TM.js:7:7687), [2026-03-14T18:25:45.434Z] [SEVERE] https://www.greencity.cx.ua/chunk-NUXSP4TM.js 10:45939 "ERROR" TypeError: Cannot read properties of null (reading 'setValue')
    at n.quillContentChanged (https://www.greencity.cx.ua/chunk-VNNOUBDJ.js:1:16043)
    at https://www.greencity.cx.ua/chunk-VNNOUBDJ.js:1:7223
    at eE (https://www.greencity.cx.ua/chunk-NUXSP4TM.js:11:76097)
    at Object.o [as next] (https://www.greencity.cx.ua/chunk-NUXSP4TM.js:11:76277)
    at bv.next (https://www.greencity.cx.ua/chunk-NUXSP4TM.js:7:3120)
    at Fr._next (https://www.greencity.cx.ua/chunk-NUXSP4TM.js:7:2803)
    at Fr.next (https://www.greencity.cx.ua/chunk-NUXSP4TM.js:7:2530)
    at https://www.greencity.cx.ua/chunk-NUXSP4TM.js:7:7848
    at Ac (https://www.greencity.cx.ua/chunk-NUXSP4TM.js:7:2222)
    at S0.next (https://www.greencity.cx.ua/chunk-NUXSP4TM.js:7:7687), [2026-03-14T18:25:45.436Z] [SEVERE] https://www.greencity.cx.ua/chunk-NUXSP4TM.js 10:45939 "ERROR" TypeError: Cannot read properties of null (reading 'setValue')
    at n.quillContentChanged (https://www.greencity.cx.ua/chunk-VNNOUBDJ.js:1:16043)
    at https://www.greencity.cx.ua/chunk-VNNOUBDJ.js:1:7223
    at eE (https://www.greencity.cx.ua/chunk-NUXSP4TM.js:11:76097)
    at Object.o [as next] (https://www.greencity.cx.ua/chunk-NUXSP4TM.js:11:76277)
    at bv.next (https://www.greencity.cx.ua/chunk-NUXSP4TM.js:7:3120)
    at Fr._next (https://www.greencity.cx.ua/chunk-NUXSP4TM.js:7:2803)
    at Fr.next (https://www.greencity.cx.ua/chunk-NUXSP4TM.js:7:2530)
    at https://www.greencity.cx.ua/chunk-NUXSP4TM.js:7:7848
    at Ac (https://www.greencity.cx.ua/chunk-NUXSP4TM.js:7:2222)
    at S0.next (https://www.greencity.cx.ua/chunk-NUXSP4TM.js:7:7687), [2026-03-14T18:25:45.439Z] [SEVERE] https://www.greencity.cx.ua/chunk-NUXSP4TM.js 10:45939 "ERROR" TypeError: Cannot read properties of null (reading 'setValue')
    at n.quillContentChanged (https://www.greencity.cx.ua/chunk-VNNOUBDJ.js:1:16043)
    at https://www.greencity.cx.ua/chunk-VNNOUBDJ.js:1:7223
    at eE (https://www.greencity.cx.ua/chunk-NUXSP4TM.js:11:76097)
    at Object.o [as next] (https://www.greencity.cx.ua/chunk-NUXSP4TM.js:11:76277)
    at bv.next (https://www.greencity.cx.ua/chunk-NUXSP4TM.js:7:3120)
    at Fr._next (https://www.greencity.cx.ua/chunk-NUXSP4TM.js:7:2803)
    at Fr.next (https://www.greencity.cx.ua/chunk-NUXSP4TM.js:7:2530)
    at https://www.greencity.cx.ua/chunk-NUXSP4TM.js:7:7848
    at Ac (https://www.greencity.cx.ua/chunk-NUXSP4TM.js:7:2222)
    at S0.next (https://www.greencity.cx.ua/chunk-NUXSP4TM.js:7:7687), [2026-03-14T18:25:45.441Z] [SEVERE] https://www.greencity.cx.ua/chunk-NUXSP4TM.js 10:45939 "ERROR" TypeError: Cannot read properties of null (reading 'setValue')
    at n.quillContentChanged (https://www.greencity.cx.ua/chunk-VNNOUBDJ.js:1:16043)
    at https://www.greencity.cx.ua/chunk-VNNOUBDJ.js:1:7223
    at eE (https://www.greencity.cx.ua/chunk-NUXSP4TM.js:11:76097)
    at Object.o [as next] (https://www.greencity.cx.ua/chunk-NUXSP4TM.js:11:76277)
    at bv.next (https://www.greencity.cx.ua/chunk-NUXSP4TM.js:7:3120)
    at Fr._next (https://www.greencity.cx.ua/chunk-NUXSP4TM.js:7:2803)
    at Fr.next (https://www.greencity.cx.ua/chunk-NUXSP4TM.js:7:2530)
    at https://www.greencity.cx.ua/chunk-NUXSP4TM.js:7:7848
    at Ac (https://www.greencity.cx.ua/chunk-NUXSP4TM.js:7:2222)
    at S0.next (https://www.greencity.cx.ua/chunk-NUXSP4TM.js:7:7687), [2026-03-14T18:25:45.444Z] [SEVERE] https://www.greencity.cx.ua/chunk-NUXSP4TM.js 10:45939 "ERROR" TypeError: Cannot read properties of null (reading 'setValue')
    at n.quillContentChanged (https://www.greencity.cx.ua/chunk-VNNOUBDJ.js:1:16043)
    at https://www.greencity.cx.ua/chunk-VNNOUBDJ.js:1:7223
    at eE (https://www.greencity.cx.ua/chunk-NUXSP4TM.js:11:76097)
    at Object.o [as next] (https://www.greencity.cx.ua/chunk-NUXSP4TM.js:11:76277)
    at bv.next (https://www.greencity.cx.ua/chunk-NUXSP4TM.js:7:3120)
    at Fr._next (https://www.greencity.cx.ua/chunk-NUXSP4TM.js:7:2803)
    at Fr.next (https://www.greencity.cx.ua/chunk-NUXSP4TM.js:7:2530)
    at https://www.greencity.cx.ua/chunk-NUXSP4TM.js:7:7848
    at Ac (https://www.greencity.cx.ua/chunk-NUXSP4TM.js:7:2222)
    at S0.next (https://www.greencity.cx.ua/chunk-NUXSP4TM.js:7:7687), [2026-03-14T18:25:45.447Z] [SEVERE] https://www.greencity.cx.ua/chunk-NUXSP4TM.js 10:45939 "ERROR" TypeError: Cannot read properties of null (reading 'setValue')
    at n.quillContentChanged (https://www.greencity.cx.ua/chunk-VNNOUBDJ.js:1:16043)
    at https://www.greencity.cx.ua/chunk-VNNOUBDJ.js:1:7223
    at eE (https://www.greencity.cx.ua/chunk-NUXSP4TM.js:11:76097)
    at Object.o [as next] (https://www.greencity.cx.ua/chunk-NUXSP4TM.js:11:76277)
    at bv.next (https://www.greencity.cx.ua/chunk-NUXSP4TM.js:7:3120)
    at Fr._next (https://www.greencity.cx.ua/chunk-NUXSP4TM.js:7:2803)
    at Fr.next (https://www.greencity.cx.ua/chunk-NUXSP4TM.js:7:2530)
    at https://www.greencity.cx.ua/chunk-NUXSP4TM.js:7:7848
    at Ac (https://www.greencity.cx.ua/chunk-NUXSP4TM.js:7:2222)
    at S0.next (https://www.greencity.cx.ua/chunk-NUXSP4TM.js:7:7687), [2026-03-14T18:25:45.449Z] [SEVERE] https://www.greencity.cx.ua/chunk-NUXSP4TM.js 10:45939 "ERROR" TypeError: Cannot read properties of null (reading 'setValue')
    at n.quillContentChanged (https://www.greencity.cx.ua/chunk-VNNOUBDJ.js:1:16043)
    at https://www.greencity.cx.ua/chunk-VNNOUBDJ.js:1:7223
    at eE (https://www.greencity.cx.ua/chunk-NUXSP4TM.js:11:76097)
    at Object.o [as next] (https://www.greencity.cx.ua/chunk-NUXSP4TM.js:11:76277)
    at bv.next (https://www.greencity.cx.ua/chunk-NUXSP4TM.js:7:3120)
    at Fr._next (https://www.greencity.cx.ua/chunk-NUXSP4TM.js:7:2803)
    at Fr.next (https://www.greencity.cx.ua/chunk-NUXSP4TM.js:7:2530)
    at https://www.greencity.cx.ua/chunk-NUXSP4TM.js:7:7848
    at Ac (https://www.greencity.cx.ua/chunk-NUXSP4TM.js:7:2222)
    at S0.next (https://www.greencity.cx.ua/chunk-NUXSP4TM.js:7:7687), [2026-03-14T18:25:45.453Z] [SEVERE] https://www.greencity.cx.ua/chunk-NUXSP4TM.js 10:45939 "ERROR" TypeError: Cannot read properties of null (reading 'setValue')
    at n.quillContentChanged (https://www.greencity.cx.ua/chunk-VNNOUBDJ.js:1:16043)
    at https://www.greencity.cx.ua/chunk-VNNOUBDJ.js:1:7223
    at eE (https://www.greencity.cx.ua/chunk-NUXSP4TM.js:11:76097)
    at Object.o [as next] (https://www.greencity.cx.ua/chunk-NUXSP4TM.js:11:76277)
    at bv.next (https://www.greencity.cx.ua/chunk-NUXSP4TM.js:7:3120)
    at Fr._next (https://www.greencity.cx.ua/chunk-NUXSP4TM.js:7:2803)
    at Fr.next (https://www.greencity.cx.ua/chunk-NUXSP4TM.js:7:2530)
    at https://www.greencity.cx.ua/chunk-NUXSP4TM.js:7:7848
    at Ac (https://www.greencity.cx.ua/chunk-NUXSP4TM.js:7:2222)
    at S0.next (https://www.greencity.cx.ua/chunk-NUXSP4TM.js:7:7687), [2026-03-14T18:25:45.455Z] [SEVERE] https://www.greencity.cx.ua/chunk-NUXSP4TM.js 10:45939 "ERROR" TypeError: Cannot read properties of null (reading 'setValue')
    at n.quillContentChanged (https://www.greencity.cx.ua/chunk-VNNOUBDJ.js:1:16043)
    at https://www.greencity.cx.ua/chunk-VNNOUBDJ.js:1:7223
    at eE (https://www.greencity.cx.ua/chunk-NUXSP4TM.js:11:76097)
    at Object.o [as next] (https://www.greencity.cx.ua/chunk-NUXSP4TM.js:11:76277)
    at bv.next (https://www.greencity.cx.ua/chunk-NUXSP4TM.js:7:3120)
    at Fr._next (https://www.greencity.cx.ua/chunk-NUXSP4TM.js:7:2803)
    at Fr.next (https://www.greencity.cx.ua/chunk-NUXSP4TM.js:7:2530)
    at https://www.greencity.cx.ua/chunk-NUXSP4TM.js:7:7848
    at Ac (https://www.greencity.cx.ua/chunk-NUXSP4TM.js:7:2222)
    at S0.next (https://www.greencity.cx.ua/chunk-NUXSP4TM.js:7:7687), [2026-03-14T18:25:45.458Z] [SEVERE] https://www.greencity.cx.ua/chunk-NUXSP4TM.js 10:45939 "ERROR" TypeError: Cannot read properties of null (reading 'setValue')
    at n.quillContentChanged (https://www.greencity.cx.ua/chunk-VNNOUBDJ.js:1:16043)
    at https://www.greencity.cx.ua/chunk-VNNOUBDJ.js:1:7223
    at eE (https://www.greencity.cx.ua/chunk-NUXSP4TM.js:11:76097)
    at Object.o [as next] (https://www.greencity.cx.ua/chunk-NUXSP4TM.js:11:76277)
    at bv.next (https://www.greencity.cx.ua/chunk-NUXSP4TM.js:7:3120)
    at Fr._next (https://www.greencity.cx.ua/chunk-NUXSP4TM.js:7:2803)
    at Fr.next (https://www.greencity.cx.ua/chunk-NUXSP4TM.js:7:2530)
    at https://www.greencity.cx.ua/chunk-NUXSP4TM.js:7:7848
    at Ac (https://www.greencity.cx.ua/chunk-NUXSP4TM.js:7:2222)
    at S0.next (https://www.greencity.cx.ua/chunk-NUXSP4TM.js:7:7687), [2026-03-14T18:25:45.461Z] [SEVERE] https://www.greencity.cx.ua/chunk-NUXSP4TM.js 10:45939 "ERROR" TypeError: Cannot read properties of null (reading 'setValue')
    at n.quillContentChanged (https://www.greencity.cx.ua/chunk-VNNOUBDJ.js:1:16043)
    at https://www.greencity.cx.ua/chunk-VNNOUBDJ.js:1:7223
    at eE (https://www.greencity.cx.ua/chunk-NUXSP4TM.js:11:76097)
    at Object.o [as next] (https://www.greencity.cx.ua/chunk-NUXSP4TM.js:11:76277)
    at bv.next (https://www.greencity.cx.ua/chunk-NUXSP4TM.js:7:3120)
    at Fr._next (https://www.greencity.cx.ua/chunk-NUXSP4TM.js:7:2803)
    at Fr.next (https://www.greencity.cx.ua/chunk-NUXSP4TM.js:7:2530)
    at https://www.greencity.cx.ua/chunk-NUXSP4TM.js:7:7848
    at Ac (https://www.greencity.cx.ua/chunk-NUXSP4TM.js:7:2222)
    at S0.next (https://www.greencity.cx.ua/chunk-NUXSP4TM.js:7:7687), [2026-03-14T18:25:45.464Z] [SEVERE] https://www.greencity.cx.ua/chunk-NUXSP4TM.js 10:45939 "ERROR" TypeError: Cannot read properties of null (reading 'setValue')
    at n.quillContentChanged (https://www.greencity.cx.ua/chunk-VNNOUBDJ.js:1:16043)
    at https://www.greencity.cx.ua/chunk-VNNOUBDJ.js:1:7223
    at eE (https://www.greencity.cx.ua/chunk-NUXSP4TM.js:11:76097)
    at Object.o [as next] (https://www.greencity.cx.ua/chunk-NUXSP4TM.js:11:76277)
    at bv.next (https://www.greencity.cx.ua/chunk-NUXSP4TM.js:7:3120)
    at Fr._next (https://www.greencity.cx.ua/chunk-NUXSP4TM.js:7:2803)
    at Fr.next (https://www.greencity.cx.ua/chunk-NUXSP4TM.js:7:2530)
    at https://www.greencity.cx.ua/chunk-NUXSP4TM.js:7:7848
    at Ac (https://www.greencity.cx.ua/chunk-NUXSP4TM.js:7:2222)
    at S0.next (https://www.greencity.cx.ua/chunk-NUXSP4TM.js:7:7687), [2026-03-14T18:25:45.467Z] [SEVERE] https://www.greencity.cx.ua/chunk-NUXSP4TM.js 10:45939 "ERROR" TypeError: Cannot read properties of null (reading 'setValue')
    at n.quillContentChanged (https://www.greencity.cx.ua/chunk-VNNOUBDJ.js:1:16043)
    at https://www.greencity.cx.ua/chunk-VNNOUBDJ.js:1:7223
    at eE (https://www.greencity.cx.ua/chunk-NUXSP4TM.js:11:76097)
    at Object.o [as next] (https://www.greencity.cx.ua/chunk-NUXSP4TM.js:11:76277)
    at bv.next (https://www.greencity.cx.ua/chunk-NUXSP4TM.js:7:3120)
    at Fr._next (https://www.greencity.cx.ua/chunk-NUXSP4TM.js:7:2803)
    at Fr.next (https://www.greencity.cx.ua/chunk-NUXSP4TM.js:7:2530)
    at https://www.greencity.cx.ua/chunk-NUXSP4TM.js:7:7848
    at Ac (https://www.greencity.cx.ua/chunk-NUXSP4TM.js:7:2222)
    at S0.next (https://www.greencity.cx.ua/chunk-NUXSP4TM.js:7:7687), [2026-03-14T18:25:45.469Z] [SEVERE] https://www.greencity.cx.ua/chunk-NUXSP4TM.js 10:45939 "ERROR" TypeError: Cannot read properties of null (reading 'setValue')
    at n.quillContentChanged (https://www.greencity.cx.ua/chunk-VNNOUBDJ.js:1:16043)
    at https://www.greencity.cx.ua/chunk-VNNOUBDJ.js:1:7223
    at eE (https://www.greencity.cx.ua/chunk-NUXSP4TM.js:11:76097)
    at Object.o [as next] (https://www.greencity.cx.ua/chunk-NUXSP4TM.js:11:76277)
    at bv.next (https://www.greencity.cx.ua/chunk-NUXSP4TM.js:7:3120)
    at Fr._next (https://www.greencity.cx.ua/chunk-NUXSP4TM.js:7:2803)
    at Fr.next (https://www.greencity.cx.ua/chunk-NUXSP4TM.js:7:2530)
    at https://www.greencity.cx.ua/chunk-NUXSP4TM.js:7:7848
    at Ac (https://www.greencity.cx.ua/chunk-NUXSP4TM.js:7:2222)
    at S0.next (https://www.greencity.cx.ua/chunk-NUXSP4TM.js:7:7687), [2026-03-14T18:25:45.472Z] [SEVERE] https://www.greencity.cx.ua/chunk-NUXSP4TM.js 10:45939 "ERROR" TypeError: Cannot read properties of null (reading 'setValue')
    at n.quillContentChanged (https://www.greencity.cx.ua/chunk-VNNOUBDJ.js:1:16043)
    at https://www.greencity.cx.ua/chunk-VNNOUBDJ.js:1:7223
    at eE (https://www.greencity.cx.ua/chunk-NUXSP4TM.js:11:76097)
    at Object.o [as next] (https://www.greencity.cx.ua/chunk-NUXSP4TM.js:11:76277)
    at bv.next (https://www.greencity.cx.ua/chunk-NUXSP4TM.js:7:3120)
    at Fr._next (https://www.greencity.cx.ua/chunk-NUXSP4TM.js:7:2803)
    at Fr.next (https://www.greencity.cx.ua/chunk-NUXSP4TM.js:7:2530)
    at https://www.greencity.cx.ua/chunk-NUXSP4TM.js:7:7848
    at Ac (https://www.greencity.cx.ua/chunk-NUXSP4TM.js:7:2222)
    at S0.next (https://www.greencity.cx.ua/chunk-NUXSP4TM.js:7:7687), [2026-03-14T18:25:45.474Z] [SEVERE] https://www.greencity.cx.ua/chunk-NUXSP4TM.js 10:45939 "ERROR" TypeError: Cannot read properties of null (reading 'setValue')
    at n.quillContentChanged (https://www.greencity.cx.ua/chunk-VNNOUBDJ.js:1:16043)
    at https://www.greencity.cx.ua/chunk-VNNOUBDJ.js:1:7223
    at eE (https://www.greencity.cx.ua/chunk-NUXSP4TM.js:11:76097)
    at Object.o [as next] (https://www.greencity.cx.ua/chunk-NUXSP4TM.js:11:76277)
    at bv.next (https://www.greencity.cx.ua/chunk-NUXSP4TM.js:7:3120)
    at Fr._next (https://www.greencity.cx.ua/chunk-NUXSP4TM.js:7:2803)
    at Fr.next (https://www.greencity.cx.ua/chunk-NUXSP4TM.js:7:2530)
    at https://www.greencity.cx.ua/chunk-NUXSP4TM.js:7:7848
    at Ac (https://www.greencity.cx.ua/chunk-NUXSP4TM.js:7:2222)
    at S0.next (https://www.greencity.cx.ua/chunk-NUXSP4TM.js:7:7687), [2026-03-14T18:25:45.477Z] [SEVERE] https://www.greencity.cx.ua/chunk-NUXSP4TM.js 10:45939 "ERROR" TypeError: Cannot read properties of null (reading 'setValue')
    at n.quillContentChanged (https://www.greencity.cx.ua/chunk-VNNOUBDJ.js:1:16043)
    at https://www.greencity.cx.ua/chunk-VNNOUBDJ.js:1:7223
    at eE (https://www.greencity.cx.ua/chunk-NUXSP4TM.js:11:76097)
    at Object.o [as next] (https://www.greencity.cx.ua/chunk-NUXSP4TM.js:11:76277)
    at bv.next (https://www.greencity.cx.ua/chunk-NUXSP4TM.js:7:3120)
    at Fr._next (https://www.greencity.cx.ua/chunk-NUXSP4TM.js:7:2803)
    at Fr.next (https://www.greencity.cx.ua/chunk-NUXSP4TM.js:7:2530)
    at https://www.greencity.cx.ua/chunk-NUXSP4TM.js:7:7848
    at Ac (https://www.greencity.cx.ua/chunk-NUXSP4TM.js:7:2222)
    at S0.next (https://www.greencity.cx.ua/chunk-NUXSP4TM.js:7:7687), [2026-03-14T18:25:45.480Z] [SEVERE] https://www.greencity.cx.ua/chunk-NUXSP4TM.js 10:45939 "ERROR" TypeError: Cannot read properties of null (reading 'setValue')
    at n.quillContentChanged (https://www.greencity.cx.ua/chunk-VNNOUBDJ.js:1:16043)
    at https://www.greencity.cx.ua/chunk-VNNOUBDJ.js:1:7223
    at eE (https://www.greencity.cx.ua/chunk-NUXSP4TM.js:11:76097)
    at Object.o [as next] (https://www.greencity.cx.ua/chunk-NUXSP4TM.js:11:76277)
    at bv.next (https://www.greencity.cx.ua/chunk-NUXSP4TM.js:7:3120)
    at Fr._next (https://www.greencity.cx.ua/chunk-NUXSP4TM.js:7:2803)
    at Fr.next (https://www.greencity.cx.ua/chunk-NUXSP4TM.js:7:2530)
    at https://www.greencity.cx.ua/chunk-NUXSP4TM.js:7:7848
    at Ac (https://www.greencity.cx.ua/chunk-NUXSP4TM.js:7:2222)
    at S0.next (https://www.greencity.cx.ua/chunk-NUXSP4TM.js:7:7687), [2026-03-14T18:25:45.483Z] [SEVERE] https://www.greencity.cx.ua/chunk-NUXSP4TM.js 10:45939 "ERROR" TypeError: Cannot read properties of null (reading 'setValue')
    at n.quillContentChanged (https://www.greencity.cx.ua/chunk-VNNOUBDJ.js:1:16043)
    at https://www.greencity.cx.ua/chunk-VNNOUBDJ.js:1:7223
    at eE (https://www.greencity.cx.ua/chunk-NUXSP4TM.js:11:76097)
    at Object.o [as next] (https://www.greencity.cx.ua/chunk-NUXSP4TM.js:11:76277)
    at bv.next (https://www.greencity.cx.ua/chunk-NUXSP4TM.js:7:3120)
    at Fr._next (https://www.greencity.cx.ua/chunk-NUXSP4TM.js:7:2803)
    at Fr.next (https://www.greencity.cx.ua/chunk-NUXSP4TM.js:7:2530)
    at https://www.greencity.cx.ua/chunk-NUXSP4TM.js:7:7848
    at Ac (https://www.greencity.cx.ua/chunk-NUXSP4TM.js:7:2222)
    at S0.next (https://www.greencity.cx.ua/chunk-NUXSP4TM.js:7:7687), [2026-03-14T18:25:45.486Z] [SEVERE] https://www.greencity.cx.ua/chunk-NUXSP4TM.js 10:45939 "ERROR" TypeError: Cannot read properties of null (reading 'setValue')
    at n.quillContentChanged (https://www.greencity.cx.ua/chunk-VNNOUBDJ.js:1:16043)
    at https://www.greencity.cx.ua/chunk-VNNOUBDJ.js:1:7223
    at eE (https://www.greencity.cx.ua/chunk-NUXSP4TM.js:11:76097)
    at Object.o [as next] (https://www.greencity.cx.ua/chunk-NUXSP4TM.js:11:76277)
    at bv.next (https://www.greencity.cx.ua/chunk-NUXSP4TM.js:7:3120)
    at Fr._next (https://www.greencity.cx.ua/chunk-NUXSP4TM.js:7:2803)
    at Fr.next (https://www.greencity.cx.ua/chunk-NUXSP4TM.js:7:2530)
    at https://www.greencity.cx.ua/chunk-NUXSP4TM.js:7:7848
    at Ac (https://www.greencity.cx.ua/chunk-NUXSP4TM.js:7:2222)
    at S0.next (https://www.greencity.cx.ua/chunk-NUXSP4TM.js:7:7687), [2026-03-14T18:25:45.489Z] [SEVERE] https://www.greencity.cx.ua/chunk-NUXSP4TM.js 10:45939 "ERROR" TypeError: Cannot read properties of null (reading 'setValue')
    at n.quillContentChanged (https://www.greencity.cx.ua/chunk-VNNOUBDJ.js:1:16043)
    at https://www.greencity.cx.ua/chunk-VNNOUBDJ.js:1:7223
    at eE (https://www.greencity.cx.ua/chunk-NUXSP4TM.js:11:76097)
    at Object.o [as next] (https://www.greencity.cx.ua/chunk-NUXSP4TM.js:11:76277)
    at bv.next (https://www.greencity.cx.ua/chunk-NUXSP4TM.js:7:3120)
    at Fr._next (https://www.greencity.cx.ua/chunk-NUXSP4TM.js:7:2803)
    at Fr.next (https://www.greencity.cx.ua/chunk-NUXSP4TM.js:7:2530)
    at https://www.greencity.cx.ua/chunk-NUXSP4TM.js:7:7848
    at Ac (https://www.greencity.cx.ua/chunk-NUXSP4TM.js:7:2222)
    at S0.next (https://www.greencity.cx.ua/chunk-NUXSP4TM.js:7:7687), [2026-03-14T18:25:45.492Z] [SEVERE] https://www.greencity.cx.ua/chunk-NUXSP4TM.js 10:45939 "ERROR" TypeError: Cannot read properties of null (reading 'setValue')
    at n.quillContentChanged (https://www.greencity.cx.ua/chunk-VNNOUBDJ.js:1:16043)
    at https://www.greencity.cx.ua/chunk-VNNOUBDJ.js:1:7223
    at eE (https://www.greencity.cx.ua/chunk-NUXSP4TM.js:11:76097)
    at Object.o [as next] (https://www.greencity.cx.ua/chunk-NUXSP4TM.js:11:76277)
    at bv.next (https://www.greencity.cx.ua/chunk-NUXSP4TM.js:7:3120)
    at Fr._next (https://www.greencity.cx.ua/chunk-NUXSP4TM.js:7:2803)
    at Fr.next (https://www.greencity.cx.ua/chunk-NUXSP4TM.js:7:2530)
    at https://www.greencity.cx.ua/chunk-NUXSP4TM.js:7:7848
    at Ac (https://www.greencity.cx.ua/chunk-NUXSP4TM.js:7:2222)
    at S0.next (https://www.greencity.cx.ua/chunk-NUXSP4TM.js:7:7687), [2026-03-14T18:25:45.495Z] [SEVERE] https://www.greencity.cx.ua/chunk-NUXSP4TM.js 10:45939 "ERROR" TypeError: Cannot read properties of null (reading 'setValue')
    at n.quillContentChanged (https://www.greencity.cx.ua/chunk-VNNOUBDJ.js:1:16043)
    at https://www.greencity.cx.ua/chunk-VNNOUBDJ.js:1:7223
    at eE (https://www.greencity.cx.ua/chunk-NUXSP4TM.js:11:76097)
    at Object.o [as next] (https://www.greencity.cx.ua/chunk-NUXSP4TM.js:11:76277)
    at bv.next (https://www.greencity.cx.ua/chunk-NUXSP4TM.js:7:3120)
    at Fr._next (https://www.greencity.cx.ua/chunk-NUXSP4TM.js:7:2803)
    at Fr.next (https://www.greencity.cx.ua/chunk-NUXSP4TM.js:7:2530)
    at https://www.greencity.cx.ua/chunk-NUXSP4TM.js:7:7848
    at Ac (https://www.greencity.cx.ua/chunk-NUXSP4TM.js:7:2222)
    at S0.next (https://www.greencity.cx.ua/chunk-NUXSP4TM.js:7:7687), [2026-03-14T18:25:45.498Z] [SEVERE] https://www.greencity.cx.ua/chunk-NUXSP4TM.js 10:45939 "ERROR" TypeError: Cannot read properties of null (reading 'setValue')
    at n.quillContentChanged (https://www.greencity.cx.ua/chunk-VNNOUBDJ.js:1:16043)
    at https://www.greencity.cx.ua/chunk-VNNOUBDJ.js:1:7223
    at eE (https://www.greencity.cx.ua/chunk-NUXSP4TM.js:11:76097)
    at Object.o [as next] (https://www.greencity.cx.ua/chunk-NUXSP4TM.js:11:76277)
    at bv.next (https://www.greencity.cx.ua/chunk-NUXSP4TM.js:7:3120)
    at Fr._next (https://www.greencity.cx.ua/chunk-NUXSP4TM.js:7:2803)
    at Fr.next (https://www.greencity.cx.ua/chunk-NUXSP4TM.js:7:2530)
    at https://www.greencity.cx.ua/chunk-NUXSP4TM.js:7:7848
    at Ac (https://www.greencity.cx.ua/chunk-NUXSP4TM.js:7:2222)
    at S0.next (https://www.greencity.cx.ua/chunk-NUXSP4TM.js:7:7687), [2026-03-14T18:25:45.501Z] [SEVERE] https://www.greencity.cx.ua/chunk-NUXSP4TM.js 10:45939 "ERROR" TypeError: Cannot read properties of null (reading 'setValue')
    at n.quillContentChanged (https://www.greencity.cx.ua/chunk-VNNOUBDJ.js:1:16043)
    at https://www.greencity.cx.ua/chunk-VNNOUBDJ.js:1:7223
    at eE (https://www.greencity.cx.ua/chunk-NUXSP4TM.js:11:76097)
    at Object.o [as next] (https://www.greencity.cx.ua/chunk-NUXSP4TM.js:11:76277)
    at bv.next (https://www.greencity.cx.ua/chunk-NUXSP4TM.js:7:3120)
    at Fr._next (https://www.greencity.cx.ua/chunk-NUXSP4TM.js:7:2803)
    at Fr.next (https://www.greencity.cx.ua/chunk-NUXSP4TM.js:7:2530)
    at https://www.greencity.cx.ua/chunk-NUXSP4TM.js:7:7848
    at Ac (https://www.greencity.cx.ua/chunk-NUXSP4TM.js:7:2222)
    at S0.next (https://www.greencity.cx.ua/chunk-NUXSP4TM.js:7:7687), [2026-03-14T18:25:45.504Z] [SEVERE] https://www.greencity.cx.ua/chunk-NUXSP4TM.js 10:45939 "ERROR" TypeError: Cannot read properties of null (reading 'setValue')
    at n.quillContentChanged (https://www.greencity.cx.ua/chunk-VNNOUBDJ.js:1:16043)
    at https://www.greencity.cx.ua/chunk-VNNOUBDJ.js:1:7223
    at eE (https://www.greencity.cx.ua/chunk-NUXSP4TM.js:11:76097)
    at Object.o [as next] (https://www.greencity.cx.ua/chunk-NUXSP4TM.js:11:76277)
    at bv.next (https://www.greencity.cx.ua/chunk-NUXSP4TM.js:7:3120)
    at Fr._next (https://www.greencity.cx.ua/chunk-NUXSP4TM.js:7:2803)
    at Fr.next (https://www.greencity.cx.ua/chunk-NUXSP4TM.js:7:2530)
    at https://www.greencity.cx.ua/chunk-NUXSP4TM.js:7:7848
    at Ac (https://www.greencity.cx.ua/chunk-NUXSP4TM.js:7:2222)
    at S0.next (https://www.greencity.cx.ua/chunk-NUXSP4TM.js:7:7687), [2026-03-14T18:25:45.507Z] [SEVERE] https://www.greencity.cx.ua/chunk-NUXSP4TM.js 10:45939 "ERROR" TypeError: Cannot read properties of null (reading 'setValue')
    at n.quillContentChanged (https://www.greencity.cx.ua/chunk-VNNOUBDJ.js:1:16043)
    at https://www.greencity.cx.ua/chunk-VNNOUBDJ.js:1:7223
    at eE (https://www.greencity.cx.ua/chunk-NUXSP4TM.js:11:76097)
    at Object.o [as next] (https://www.greencity.cx.ua/chunk-NUXSP4TM.js:11:76277)
    at bv.next (https://www.greencity.cx.ua/chunk-NUXSP4TM.js:7:3120)
    at Fr._next (https://www.greencity.cx.ua/chunk-NUXSP4TM.js:7:2803)
    at Fr.next (https://www.greencity.cx.ua/chunk-NUXSP4TM.js:7:2530)
    at https://www.greencity.cx.ua/chunk-NUXSP4TM.js:7:7848
    at Ac (https://www.greencity.cx.ua/chunk-NUXSP4TM.js:7:2222)
    at S0.next (https://www.greencity.cx.ua/chunk-NUXSP4TM.js:7:7687), [2026-03-14T18:25:45.510Z] [SEVERE] https://www.greencity.cx.ua/chunk-NUXSP4TM.js 10:45939 "ERROR" TypeError: Cannot read properties of null (reading 'setValue')
    at n.quillContentChanged (https://www.greencity.cx.ua/chunk-VNNOUBDJ.js:1:16043)
    at https://www.greencity.cx.ua/chunk-VNNOUBDJ.js:1:7223
    at eE (https://www.greencity.cx.ua/chunk-NUXSP4TM.js:11:76097)
    at Object.o [as next] (https://www.greencity.cx.ua/chunk-NUXSP4TM.js:11:76277)
    at bv.next (https://www.greencity.cx.ua/chunk-NUXSP4TM.js:7:3120)
    at Fr._next (https://www.greencity.cx.ua/chunk-NUXSP4TM.js:7:2803)
    at Fr.next (https://www.greencity.cx.ua/chunk-NUXSP4TM.js:7:2530)
    at https://www.greencity.cx.ua/chunk-NUXSP4TM.js:7:7848
    at Ac (https://www.greencity.cx.ua/chunk-NUXSP4TM.js:7:2222)
    at S0.next (https://www.greencity.cx.ua/chunk-NUXSP4TM.js:7:7687), [2026-03-14T18:25:45.513Z] [SEVERE] https://www.greencity.cx.ua/chunk-NUXSP4TM.js 10:45939 "ERROR" TypeError: Cannot read properties of null (reading 'setValue')
    at n.quillContentChanged (https://www.greencity.cx.ua/chunk-VNNOUBDJ.js:1:16043)
    at https://www.greencity.cx.ua/chunk-VNNOUBDJ.js:1:7223
    at eE (https://www.greencity.cx.ua/chunk-NUXSP4TM.js:11:76097)
    at Object.o [as next] (https://www.greencity.cx.ua/chunk-NUXSP4TM.js:11:76277)
    at bv.next (https://www.greencity.cx.ua/chunk-NUXSP4TM.js:7:3120)
    at Fr._next (https://www.greencity.cx.ua/chunk-NUXSP4TM.js:7:2803)
    at Fr.next (https://www.greencity.cx.ua/chunk-NUXSP4TM.js:7:2530)
    at https://www.greencity.cx.ua/chunk-NUXSP4TM.js:7:7848
    at Ac (https://www.greencity.cx.ua/chunk-NUXSP4TM.js:7:2222)
    at S0.next (https://www.greencity.cx.ua/chunk-NUXSP4TM.js:7:7687), [2026-03-14T18:25:45.515Z] [SEVERE] https://www.greencity.cx.ua/chunk-NUXSP4TM.js 10:45939 "ERROR" TypeError: Cannot read properties of null (reading 'setValue')
    at n.quillContentChanged (https://www.greencity.cx.ua/chunk-VNNOUBDJ.js:1:16043)
    at https://www.greencity.cx.ua/chunk-VNNOUBDJ.js:1:7223
    at eE (https://www.greencity.cx.ua/chunk-NUXSP4TM.js:11:76097)
    at Object.o [as next] (https://www.greencity.cx.ua/chunk-NUXSP4TM.js:11:76277)
    at bv.next (https://www.greencity.cx.ua/chunk-NUXSP4TM.js:7:3120)
    at Fr._next (https://www.greencity.cx.ua/chunk-NUXSP4TM.js:7:2803)
    at Fr.next (https://www.greencity.cx.ua/chunk-NUXSP4TM.js:7:2530)
    at https://www.greencity.cx.ua/chunk-NUXSP4TM.js:7:7848
    at Ac (https://www.greencity.cx.ua/chunk-NUXSP4TM.js:7:2222)
    at S0.next (https://www.greencity.cx.ua/chunk-NUXSP4TM.js:7:7687), [2026-03-14T18:25:45.518Z] [SEVERE] https://www.greencity.cx.ua/chunk-NUXSP4TM.js 10:45939 "ERROR" TypeError: Cannot read properties of null (reading 'setValue')
    at n.quillContentChanged (https://www.greencity.cx.ua/chunk-VNNOUBDJ.js:1:16043)
    at https://www.greencity.cx.ua/chunk-VNNOUBDJ.js:1:7223
    at eE (https://www.greencity.cx.ua/chunk-NUXSP4TM.js:11:76097)
    at Object.o [as next] (https://www.greencity.cx.ua/chunk-NUXSP4TM.js:11:76277)
    at bv.next (https://www.greencity.cx.ua/chunk-NUXSP4TM.js:7:3120)
    at Fr._next (https://www.greencity.cx.ua/chunk-NUXSP4TM.js:7:2803)
    at Fr.next (https://www.greencity.cx.ua/chunk-NUXSP4TM.js:7:2530)
    at https://www.greencity.cx.ua/chunk-NUXSP4TM.js:7:7848
    at Ac (https://www.greencity.cx.ua/chunk-NUXSP4TM.js:7:2222)
    at S0.next (https://www.greencity.cx.ua/chunk-NUXSP4TM.js:7:7687), [2026-03-14T18:25:45.520Z] [SEVERE] https://www.greencity.cx.ua/chunk-NUXSP4TM.js 10:45939 "ERROR" TypeError: Cannot read properties of null (reading 'setValue')
    at n.quillContentChanged (https://www.greencity.cx.ua/chunk-VNNOUBDJ.js:1:16043)
    at https://www.greencity.cx.ua/chunk-VNNOUBDJ.js:1:7223
    at eE (https://www.greencity.cx.ua/chunk-NUXSP4TM.js:11:76097)
    at Object.o [as next] (https://www.greencity.cx.ua/chunk-NUXSP4TM.js:11:76277)
    at bv.next (https://www.greencity.cx.ua/chunk-NUXSP4TM.js:7:3120)
    at Fr._next (https://www.greencity.cx.ua/chunk-NUXSP4TM.js:7:2803)
    at Fr.next (https://www.greencity.cx.ua/chunk-NUXSP4TM.js:7:2530)
    at https://www.greencity.cx.ua/chunk-NUXSP4TM.js:7:7848
    at Ac (https://www.greencity.cx.ua/chunk-NUXSP4TM.js:7:2222)
    at S0.next (https://www.greencity.cx.ua/chunk-NUXSP4TM.js:7:7687), [2026-03-14T18:25:45.523Z] [SEVERE] https://www.greencity.cx.ua/chunk-NUXSP4TM.js 10:45939 "ERROR" TypeError: Cannot read properties of null (reading 'setValue')
    at n.quillContentChanged (https://www.greencity.cx.ua/chunk-VNNOUBDJ.js:1:16043)
    at https://www.greencity.cx.ua/chunk-VNNOUBDJ.js:1:7223
    at eE (https://www.greencity.cx.ua/chunk-NUXSP4TM.js:11:76097)
    at Object.o [as next] (https://www.greencity.cx.ua/chunk-NUXSP4TM.js:11:76277)
    at bv.next (https://www.greencity.cx.ua/chunk-NUXSP4TM.js:7:3120)
    at Fr._next (https://www.greencity.cx.ua/chunk-NUXSP4TM.js:7:2803)
    at Fr.next (https://www.greencity.cx.ua/chunk-NUXSP4TM.js:7:2530)
    at https://www.greencity.cx.ua/chunk-NUXSP4TM.js:7:7848
    at Ac (https://www.greencity.cx.ua/chunk-NUXSP4TM.js:7:2222)
    at S0.next (https://www.greencity.cx.ua/chunk-NUXSP4TM.js:7:7687), [2026-03-14T18:25:45.525Z] [SEVERE] https://www.greencity.cx.ua/chunk-NUXSP4TM.js 10:45939 "ERROR" TypeError: Cannot read properties of null (reading 'setValue')
    at n.quillContentChanged (https://www.greencity.cx.ua/chunk-VNNOUBDJ.js:1:16043)
    at https://www.greencity.cx.ua/chunk-VNNOUBDJ.js:1:7223
    at eE (https://www.greencity.cx.ua/chunk-NUXSP4TM.js:11:76097)
    at Object.o [as next] (https://www.greencity.cx.ua/chunk-NUXSP4TM.js:11:76277)
    at bv.next (https://www.greencity.cx.ua/chunk-NUXSP4TM.js:7:3120)
    at Fr._next (https://www.greencity.cx.ua/chunk-NUXSP4TM.js:7:2803)
    at Fr.next (https://www.greencity.cx.ua/chunk-NUXSP4TM.js:7:2530)
    at https://www.greencity.cx.ua/chunk-NUXSP4TM.js:7:7848
    at Ac (https://www.greencity.cx.ua/chunk-NUXSP4TM.js:7:2222)
    at S0.next (https://www.greencity.cx.ua/chunk-NUXSP4TM.js:7:7687), [2026-03-14T18:25:45.528Z] [SEVERE] https://www.greencity.cx.ua/chunk-NUXSP4TM.js 10:45939 "ERROR" TypeError: Cannot read properties of null (reading 'setValue')
    at n.quillContentChanged (https://www.greencity.cx.ua/chunk-VNNOUBDJ.js:1:16043)
    at https://www.greencity.cx.ua/chunk-VNNOUBDJ.js:1:7223
    at eE (https://www.greencity.cx.ua/chunk-NUXSP4TM.js:11:76097)
    at Object.o [as next] (https://www.greencity.cx.ua/chunk-NUXSP4TM.js:11:76277)
    at bv.next (https://www.greencity.cx.ua/chunk-NUXSP4TM.js:7:3120)
    at Fr._next (https://www.greencity.cx.ua/chunk-NUXSP4TM.js:7:2803)
    at Fr.next (https://www.greencity.cx.ua/chunk-NUXSP4TM.js:7:2530)
    at https://www.greencity.cx.ua/chunk-NUXSP4TM.js:7:7848
    at Ac (https://www.greencity.cx.ua/chunk-NUXSP4TM.js:7:2222)
    at S0.next (https://www.greencity.cx.ua/chunk-NUXSP4TM.js:7:7687), [2026-03-14T18:25:45.530Z] [SEVERE] https://www.greencity.cx.ua/chunk-NUXSP4TM.js 10:45939 "ERROR" TypeError: Cannot read properties of null (reading 'setValue')
    at n.quillContentChanged (https://www.greencity.cx.ua/chunk-VNNOUBDJ.js:1:16043)
    at https://www.greencity.cx.ua/chunk-VNNOUBDJ.js:1:7223
    at eE (https://www.greencity.cx.ua/chunk-NUXSP4TM.js:11:76097)
    at Object.o [as next] (https://www.greencity.cx.ua/chunk-NUXSP4TM.js:11:76277)
    at bv.next (https://www.greencity.cx.ua/chunk-NUXSP4TM.js:7:3120)
    at Fr._next (https://www.greencity.cx.ua/chunk-NUXSP4TM.js:7:2803)
    at Fr.next (https://www.greencity.cx.ua/chunk-NUXSP4TM.js:7:2530)
    at https://www.greencity.cx.ua/chunk-NUXSP4TM.js:7:7848
    at Ac (https://www.greencity.cx.ua/chunk-NUXSP4TM.js:7:2222)
    at S0.next (https://www.greencity.cx.ua/chunk-NUXSP4TM.js:7:7687), [2026-03-14T18:25:45.533Z] [SEVERE] https://www.greencity.cx.ua/chunk-NUXSP4TM.js 10:45939 "ERROR" TypeError: Cannot read properties of null (reading 'setValue')
    at n.quillContentChanged (https://www.greencity.cx.ua/chunk-VNNOUBDJ.js:1:16043)
    at https://www.greencity.cx.ua/chunk-VNNOUBDJ.js:1:7223
    at eE (https://www.greencity.cx.ua/chunk-NUXSP4TM.js:11:76097)
    at Object.o [as next] (https://www.greencity.cx.ua/chunk-NUXSP4TM.js:11:76277)
    at bv.next (https://www.greencity.cx.ua/chunk-NUXSP4TM.js:7:3120)
    at Fr._next (https://www.greencity.cx.ua/chunk-NUXSP4TM.js:7:2803)
    at Fr.next (https://www.greencity.cx.ua/chunk-NUXSP4TM.js:7:2530)
    at https://www.greencity.cx.ua/chunk-NUXSP4TM.js:7:7848
    at Ac (https://www.greencity.cx.ua/chunk-NUXSP4TM.js:7:2222)
    at S0.next (https://www.greencity.cx.ua/chunk-NUXSP4TM.js:7:7687), [2026-03-14T18:25:45.535Z] [SEVERE] https://www.greencity.cx.ua/chunk-NUXSP4TM.js 10:45939 "ERROR" TypeError: Cannot read properties of null (reading 'setValue')
    at n.quillContentChanged (https://www.greencity.cx.ua/chunk-VNNOUBDJ.js:1:16043)
    at https://www.greencity.cx.ua/chunk-VNNOUBDJ.js:1:7223
    at eE (https://www.greencity.cx.ua/chunk-NUXSP4TM.js:11:76097)
    at Object.o [as next] (https://www.greencity.cx.ua/chunk-NUXSP4TM.js:11:76277)
    at bv.next (https://www.greencity.cx.ua/chunk-NUXSP4TM.js:7:3120)
    at Fr._next (https://www.greencity.cx.ua/chunk-NUXSP4TM.js:7:2803)
    at Fr.next (https://www.greencity.cx.ua/chunk-NUXSP4TM.js:7:2530)
    at https://www.greencity.cx.ua/chunk-NUXSP4TM.js:7:7848
    at Ac (https://www.greencity.cx.ua/chunk-NUXSP4TM.js:7:2222)
    at S0.next (https://www.greencity.cx.ua/chunk-NUXSP4TM.js:7:7687), [2026-03-14T18:25:45.538Z] [SEVERE] https://www.greencity.cx.ua/chunk-NUXSP4TM.js 10:45939 "ERROR" TypeError: Cannot read properties of null (reading 'setValue')
    at n.quillContentChanged (https://www.greencity.cx.ua/chunk-VNNOUBDJ.js:1:16043)
    at https://www.greencity.cx.ua/chunk-VNNOUBDJ.js:1:7223
    at eE (https://www.greencity.cx.ua/chunk-NUXSP4TM.js:11:76097)
    at Object.o [as next] (https://www.greencity.cx.ua/chunk-NUXSP4TM.js:11:76277)
    at bv.next (https://www.greencity.cx.ua/chunk-NUXSP4TM.js:7:3120)
    at Fr._next (https://www.greencity.cx.ua/chunk-NUXSP4TM.js:7:2803)
    at Fr.next (https://www.greencity.cx.ua/chunk-NUXSP4TM.js:7:2530)
    at https://www.greencity.cx.ua/chunk-NUXSP4TM.js:7:7848
    at Ac (https://www.greencity.cx.ua/chunk-NUXSP4TM.js:7:2222)
    at S0.next (https://www.greencity.cx.ua/chunk-NUXSP4TM.js:7:7687), [2026-03-14T18:25:45.540Z] [SEVERE] https://www.greencity.cx.ua/chunk-NUXSP4TM.js 10:45939 "ERROR" TypeError: Cannot read properties of null (reading 'setValue')
    at n.quillContentChanged (https://www.greencity.cx.ua/chunk-VNNOUBDJ.js:1:16043)
    at https://www.greencity.cx.ua/chunk-VNNOUBDJ.js:1:7223
    at eE (https://www.greencity.cx.ua/chunk-NUXSP4TM.js:11:76097)
    at Object.o [as next] (https://www.greencity.cx.ua/chunk-NUXSP4TM.js:11:76277)
    at bv.next (https://www.greencity.cx.ua/chunk-NUXSP4TM.js:7:3120)
    at Fr._next (https://www.greencity.cx.ua/chunk-NUXSP4TM.js:7:2803)
    at Fr.next (https://www.greencity.cx.ua/chunk-NUXSP4TM.js:7:2530)
    at https://www.greencity.cx.ua/chunk-NUXSP4TM.js:7:7848
    at Ac (https://www.greencity.cx.ua/chunk-NUXSP4TM.js:7:2222)
    at S0.next (https://www.greencity.cx.ua/chunk-NUXSP4TM.js:7:7687), [2026-03-14T18:25:45.543Z] [SEVERE] https://www.greencity.cx.ua/chunk-NUXSP4TM.js 10:45939 "ERROR" TypeError: Cannot read properties of null (reading 'setValue')
    at n.quillContentChanged (https://www.greencity.cx.ua/chunk-VNNOUBDJ.js:1:16043)
    at https://www.greencity.cx.ua/chunk-VNNOUBDJ.js:1:7223
    at eE (https://www.greencity.cx.ua/chunk-NUXSP4TM.js:11:76097)
    at Object.o [as next] (https://www.greencity.cx.ua/chunk-NUXSP4TM.js:11:76277)
    at bv.next (https://www.greencity.cx.ua/chunk-NUXSP4TM.js:7:3120)
    at Fr._next (https://www.greencity.cx.ua/chunk-NUXSP4TM.js:7:2803)
    at Fr.next (https://www.greencity.cx.ua/chunk-NUXSP4TM.js:7:2530)
    at https://www.greencity.cx.ua/chunk-NUXSP4TM.js:7:7848
    at Ac (https://www.greencity.cx.ua/chunk-NUXSP4TM.js:7:2222)
    at S0.next (https://www.greencity.cx.ua/chunk-NUXSP4TM.js:7:7687), [2026-03-14T18:25:45.545Z] [SEVERE] https://www.greencity.cx.ua/chunk-NUXSP4TM.js 10:45939 "ERROR" TypeError: Cannot read properties of null (reading 'setValue')
    at n.quillContentChanged (https://www.greencity.cx.ua/chunk-VNNOUBDJ.js:1:16043)
    at https://www.greencity.cx.ua/chunk-VNNOUBDJ.js:1:7223
    at eE (https://www.greencity.cx.ua/chunk-NUXSP4TM.js:11:76097)
    at Object.o [as next] (https://www.greencity.cx.ua/chunk-NUXSP4TM.js:11:76277)
    at bv.next (https://www.greencity.cx.ua/chunk-NUXSP4TM.js:7:3120)
    at Fr._next (https://www.greencity.cx.ua/chunk-NUXSP4TM.js:7:2803)
    at Fr.next (https://www.greencity.cx.ua/chunk-NUXSP4TM.js:7:2530)
    at https://www.greencity.cx.ua/chunk-NUXSP4TM.js:7:7848
    at Ac (https://www.greencity.cx.ua/chunk-NUXSP4TM.js:7:2222)
    at S0.next (https://www.greencity.cx.ua/chunk-NUXSP4TM.js:7:7687), [2026-03-14T18:25:45.548Z] [SEVERE] https://www.greencity.cx.ua/chunk-NUXSP4TM.js 10:45939 "ERROR" TypeError: Cannot read properties of null (reading 'setValue')
    at n.quillContentChanged (https://www.greencity.cx.ua/chunk-VNNOUBDJ.js:1:16043)
    at https://www.greencity.cx.ua/chunk-VNNOUBDJ.js:1:7223
    at eE (https://www.greencity.cx.ua/chunk-NUXSP4TM.js:11:76097)
    at Object.o [as next] (https://www.greencity.cx.ua/chunk-NUXSP4TM.js:11:76277)
    at bv.next (https://www.greencity.cx.ua/chunk-NUXSP4TM.js:7:3120)
    at Fr._next (https://www.greencity.cx.ua/chunk-NUXSP4TM.js:7:2803)
    at Fr.next (https://www.greencity.cx.ua/chunk-NUXSP4TM.js:7:2530)
    at https://www.greencity.cx.ua/chunk-NUXSP4TM.js:7:7848
    at Ac (https://www.greencity.cx.ua/chunk-NUXSP4TM.js:7:2222)
    at S0.next (https://www.greencity.cx.ua/chunk-NUXSP4TM.js:7:7687), [2026-03-14T18:25:45.550Z] [SEVERE] https://www.greencity.cx.ua/chunk-NUXSP4TM.js 10:45939 "ERROR" TypeError: Cannot read properties of null (reading 'setValue')
    at n.quillContentChanged (https://www.greencity.cx.ua/chunk-VNNOUBDJ.js:1:16043)
    at https://www.greencity.cx.ua/chunk-VNNOUBDJ.js:1:7223
    at eE (https://www.greencity.cx.ua/chunk-NUXSP4TM.js:11:76097)
    at Object.o [as next] (https://www.greencity.cx.ua/chunk-NUXSP4TM.js:11:76277)
    at bv.next (https://www.greencity.cx.ua/chunk-NUXSP4TM.js:7:3120)
    at Fr._next (https://www.greencity.cx.ua/chunk-NUXSP4TM.js:7:2803)
    at Fr.next (https://www.greencity.cx.ua/chunk-NUXSP4TM.js:7:2530)
    at https://www.greencity.cx.ua/chunk-NUXSP4TM.js:7:7848
    at Ac (https://www.greencity.cx.ua/chunk-NUXSP4TM.js:7:2222)
    at S0.next (https://www.greencity.cx.ua/chunk-NUXSP4TM.js:7:7687), [2026-03-14T18:25:45.553Z] [SEVERE] https://www.greencity.cx.ua/chunk-NUXSP4TM.js 10:45939 "ERROR" TypeError: Cannot read properties of null (reading 'setValue')
    at n.quillContentChanged (https://www.greencity.cx.ua/chunk-VNNOUBDJ.js:1:16043)
    at https://www.greencity.cx.ua/chunk-VNNOUBDJ.js:1:7223
    at eE (https://www.greencity.cx.ua/chunk-NUXSP4TM.js:11:76097)
    at Object.o [as next] (https://www.greencity.cx.ua/chunk-NUXSP4TM.js:11:76277)
    at bv.next (https://www.greencity.cx.ua/chunk-NUXSP4TM.js:7:3120)
    at Fr._next (https://www.greencity.cx.ua/chunk-NUXSP4TM.js:7:2803)
    at Fr.next (https://www.greencity.cx.ua/chunk-NUXSP4TM.js:7:2530)
    at https://www.greencity.cx.ua/chunk-NUXSP4TM.js:7:7848
    at Ac (https://www.greencity.cx.ua/chunk-NUXSP4TM.js:7:2222)
    at S0.next (https://www.greencity.cx.ua/chunk-NUXSP4TM.js:7:7687), [2026-03-14T18:25:45.556Z] [SEVERE] https://www.greencity.cx.ua/chunk-NUXSP4TM.js 10:45939 "ERROR" TypeError: Cannot read properties of null (reading 'setValue')
    at n.quillContentChanged (https://www.greencity.cx.ua/chunk-VNNOUBDJ.js:1:16043)
    at https://www.greencity.cx.ua/chunk-VNNOUBDJ.js:1:7223
    at eE (https://www.greencity.cx.ua/chunk-NUXSP4TM.js:11:76097)
    at Object.o [as next] (https://www.greencity.cx.ua/chunk-NUXSP4TM.js:11:76277)
    at bv.next (https://www.greencity.cx.ua/chunk-NUXSP4TM.js:7:3120)
    at Fr._next (https://www.greencity.cx.ua/chunk-NUXSP4TM.js:7:2803)
    at Fr.next (https://www.greencity.cx.ua/chunk-NUXSP4TM.js:7:2530)
    at https://www.greencity.cx.ua/chunk-NUXSP4TM.js:7:7848
    at Ac (https://www.greencity.cx.ua/chunk-NUXSP4TM.js:7:2222)
    at S0.next (https://www.greencity.cx.ua/chunk-NUXSP4TM.js:7:7687), [2026-03-14T18:25:45.558Z] [SEVERE] https://www.greencity.cx.ua/chunk-NUXSP4TM.js 10:45939 "ERROR" TypeError: Cannot read properties of null (reading 'setValue')
    at n.quillContentChanged (https://www.greencity.cx.ua/chunk-VNNOUBDJ.js:1:16043)
    at https://www.greencity.cx.ua/chunk-VNNOUBDJ.js:1:7223
    at eE (https://www.greencity.cx.ua/chunk-NUXSP4TM.js:11:76097)
    at Object.o [as next] (https://www.greencity.cx.ua/chunk-NUXSP4TM.js:11:76277)
    at bv.next (https://www.greencity.cx.ua/chunk-NUXSP4TM.js:7:3120)
    at Fr._next (https://www.greencity.cx.ua/chunk-NUXSP4TM.js:7:2803)
    at Fr.next (https://www.greencity.cx.ua/chunk-NUXSP4TM.js:7:2530)
    at https://www.greencity.cx.ua/chunk-NUXSP4TM.js:7:7848
    at Ac (https://www.greencity.cx.ua/chunk-NUXSP4TM.js:7:2222)
    at S0.next (https://www.greencity.cx.ua/chunk-NUXSP4TM.js:7:7687), [2026-03-14T18:25:45.561Z] [SEVERE] https://www.greencity.cx.ua/chunk-NUXSP4TM.js 10:45939 "ERROR" TypeError: Cannot read properties of null (reading 'setValue')
    at n.quillContentChanged (https://www.greencity.cx.ua/chunk-VNNOUBDJ.js:1:16043)
    at https://www.greencity.cx.ua/chunk-VNNOUBDJ.js:1:7223
    at eE (https://www.greencity.cx.ua/chunk-NUXSP4TM.js:11:76097)
    at Object.o [as next] (https://www.greencity.cx.ua/chunk-NUXSP4TM.js:11:76277)
    at bv.next (https://www.greencity.cx.ua/chunk-NUXSP4TM.js:7:3120)
    at Fr._next (https://www.greencity.cx.ua/chunk-NUXSP4TM.js:7:2803)
    at Fr.next (https://www.greencity.cx.ua/chunk-NUXSP4TM.js:7:2530)
    at https://www.greencity.cx.ua/chunk-NUXSP4TM.js:7:7848
    at Ac (https://www.greencity.cx.ua/chunk-NUXSP4TM.js:7:2222)
    at S0.next (https://www.greencity.cx.ua/chunk-NUXSP4TM.js:7:7687), [2026-03-14T18:25:45.564Z] [SEVERE] https://www.greencity.cx.ua/chunk-NUXSP4TM.js 10:45939 "ERROR" TypeError: Cannot read properties of null (reading 'setValue')
    at n.quillContentChanged (https://www.greencity.cx.ua/chunk-VNNOUBDJ.js:1:16043)
    at https://www.greencity.cx.ua/chunk-VNNOUBDJ.js:1:7223
    at eE (https://www.greencity.cx.ua/chunk-NUXSP4TM.js:11:76097)
    at Object.o [as next] (https://www.greencity.cx.ua/chunk-NUXSP4TM.js:11:76277)
    at bv.next (https://www.greencity.cx.ua/chunk-NUXSP4TM.js:7:3120)
    at Fr._next (https://www.greencity.cx.ua/chunk-NUXSP4TM.js:7:2803)
    at Fr.next (https://www.greencity.cx.ua/chunk-NUXSP4TM.js:7:2530)
    at https://www.greencity.cx.ua/chunk-NUXSP4TM.js:7:7848
    at Ac (https://www.greencity.cx.ua/chunk-NUXSP4TM.js:7:2222)
    at S0.next (https://www.greencity.cx.ua/chunk-NUXSP4TM.js:7:7687), [2026-03-14T18:25:45.566Z] [SEVERE] https://www.greencity.cx.ua/chunk-NUXSP4TM.js 10:45939 "ERROR" TypeError: Cannot read properties of null (reading 'setValue')
    at n.quillContentChanged (https://www.greencity.cx.ua/chunk-VNNOUBDJ.js:1:16043)
    at https://www.greencity.cx.ua/chunk-VNNOUBDJ.js:1:7223
    at eE (https://www.greencity.cx.ua/chunk-NUXSP4TM.js:11:76097)
    at Object.o [as next] (https://www.greencity.cx.ua/chunk-NUXSP4TM.js:11:76277)
    at bv.next (https://www.greencity.cx.ua/chunk-NUXSP4TM.js:7:3120)
    at Fr._next (https://www.greencity.cx.ua/chunk-NUXSP4TM.js:7:2803)
    at Fr.next (https://www.greencity.cx.ua/chunk-NUXSP4TM.js:7:2530)
    at https://www.greencity.cx.ua/chunk-NUXSP4TM.js:7:7848
    at Ac (https://www.greencity.cx.ua/chunk-NUXSP4TM.js:7:2222)
    at S0.next (https://www.greencity.cx.ua/chunk-NUXSP4TM.js:7:7687), [2026-03-14T18:25:45.569Z] [SEVERE] https://www.greencity.cx.ua/chunk-NUXSP4TM.js 10:45939 "ERROR" TypeError: Cannot read properties of null (reading 'setValue')
    at n.quillContentChanged (https://www.greencity.cx.ua/chunk-VNNOUBDJ.js:1:16043)
    at https://www.greencity.cx.ua/chunk-VNNOUBDJ.js:1:7223
    at eE (https://www.greencity.cx.ua/chunk-NUXSP4TM.js:11:76097)
    at Object.o [as next] (https://www.greencity.cx.ua/chunk-NUXSP4TM.js:11:76277)
    at bv.next (https://www.greencity.cx.ua/chunk-NUXSP4TM.js:7:3120)
    at Fr._next (https://www.greencity.cx.ua/chunk-NUXSP4TM.js:7:2803)
    at Fr.next (https://www.greencity.cx.ua/chunk-NUXSP4TM.js:7:2530)
    at https://www.greencity.cx.ua/chunk-NUXSP4TM.js:7:7848
    at Ac (https://www.greencity.cx.ua/chunk-NUXSP4TM.js:7:2222)
    at S0.next (https://www.greencity.cx.ua/chunk-NUXSP4TM.js:7:7687), [2026-03-14T18:25:45.572Z] [SEVERE] https://www.greencity.cx.ua/chunk-NUXSP4TM.js 10:45939 "ERROR" TypeError: Cannot read properties of null (reading 'setValue')
    at n.quillContentChanged (https://www.greencity.cx.ua/chunk-VNNOUBDJ.js:1:16043)
    at https://www.greencity.cx.ua/chunk-VNNOUBDJ.js:1:7223
    at eE (https://www.greencity.cx.ua/chunk-NUXSP4TM.js:11:76097)
    at Object.o [as next] (https://www.greencity.cx.ua/chunk-NUXSP4TM.js:11:76277)
    at bv.next (https://www.greencity.cx.ua/chunk-NUXSP4TM.js:7:3120)
    at Fr._next (https://www.greencity.cx.ua/chunk-NUXSP4TM.js:7:2803)
    at Fr.next (https://www.greencity.cx.ua/chunk-NUXSP4TM.js:7:2530)
    at https://www.greencity.cx.ua/chunk-NUXSP4TM.js:7:7848
    at Ac (https://www.greencity.cx.ua/chunk-NUXSP4TM.js:7:2222)
    at S0.next (https://www.greencity.cx.ua/chunk-NUXSP4TM.js:7:7687), [2026-03-14T18:25:45.574Z] [SEVERE] https://www.greencity.cx.ua/chunk-NUXSP4TM.js 10:45939 "ERROR" TypeError: Cannot read properties of null (reading 'setValue')
    at n.quillContentChanged (https://www.greencity.cx.ua/chunk-VNNOUBDJ.js:1:16043)
    at https://www.greencity.cx.ua/chunk-VNNOUBDJ.js:1:7223
    at eE (https://www.greencity.cx.ua/chunk-NUXSP4TM.js:11:76097)
    at Object.o [as next] (https://www.greencity.cx.ua/chunk-NUXSP4TM.js:11:76277)
    at bv.next (https://www.greencity.cx.ua/chunk-NUXSP4TM.js:7:3120)
    at Fr._next (https://www.greencity.cx.ua/chunk-NUXSP4TM.js:7:2803)
    at Fr.next (https://www.greencity.cx.ua/chunk-NUXSP4TM.js:7:2530)
    at https://www.greencity.cx.ua/chunk-NUXSP4TM.js:7:7848
    at Ac (https://www.greencity.cx.ua/chunk-NUXSP4TM.js:7:2222)
    at S0.next (https://www.greencity.cx.ua/chunk-NUXSP4TM.js:7:7687), [2026-03-14T18:25:45.577Z] [SEVERE] https://www.greencity.cx.ua/chunk-NUXSP4TM.js 10:45939 "ERROR" TypeError: Cannot read properties of null (reading 'setValue')
    at n.quillContentChanged (https://www.greencity.cx.ua/chunk-VNNOUBDJ.js:1:16043)
    at https://www.greencity.cx.ua/chunk-VNNOUBDJ.js:1:7223
    at eE (https://www.greencity.cx.ua/chunk-NUXSP4TM.js:11:76097)
    at Object.o [as next] (https://www.greencity.cx.ua/chunk-NUXSP4TM.js:11:76277)
    at bv.next (https://www.greencity.cx.ua/chunk-NUXSP4TM.js:7:3120)
    at Fr._next (https://www.greencity.cx.ua/chunk-NUXSP4TM.js:7:2803)
    at Fr.next (https://www.greencity.cx.ua/chunk-NUXSP4TM.js:7:2530)
    at https://www.greencity.cx.ua/chunk-NUXSP4TM.js:7:7848
    at Ac (https://www.greencity.cx.ua/chunk-NUXSP4TM.js:7:2222)
    at S0.next (https://www.greencity.cx.ua/chunk-NUXSP4TM.js:7:7687), [2026-03-14T18:25:45.579Z] [SEVERE] https://www.greencity.cx.ua/chunk-NUXSP4TM.js 10:45939 "ERROR" TypeError: Cannot read properties of null (reading 'setValue')
    at n.quillContentChanged (https://www.greencity.cx.ua/chunk-VNNOUBDJ.js:1:16043)
    at https://www.greencity.cx.ua/chunk-VNNOUBDJ.js:1:7223
    at eE (https://www.greencity.cx.ua/chunk-NUXSP4TM.js:11:76097)
    at Object.o [as next] (https://www.greencity.cx.ua/chunk-NUXSP4TM.js:11:76277)
    at bv.next (https://www.greencity.cx.ua/chunk-NUXSP4TM.js:7:3120)
    at Fr._next (https://www.greencity.cx.ua/chunk-NUXSP4TM.js:7:2803)
    at Fr.next (https://www.greencity.cx.ua/chunk-NUXSP4TM.js:7:2530)
    at https://www.greencity.cx.ua/chunk-NUXSP4TM.js:7:7848
    at Ac (https://www.greencity.cx.ua/chunk-NUXSP4TM.js:7:2222)
    at S0.next (https://www.greencity.cx.ua/chunk-NUXSP4TM.js:7:7687), [2026-03-14T18:25:45.582Z] [SEVERE] https://www.greencity.cx.ua/chunk-NUXSP4TM.js 10:45939 "ERROR" TypeError: Cannot read properties of null (reading 'setValue')
    at n.quillContentChanged (https://www.greencity.cx.ua/chunk-VNNOUBDJ.js:1:16043)
    at https://www.greencity.cx.ua/chunk-VNNOUBDJ.js:1:7223
    at eE (https://www.greencity.cx.ua/chunk-NUXSP4TM.js:11:76097)
    at Object.o [as next] (https://www.greencity.cx.ua/chunk-NUXSP4TM.js:11:76277)
    at bv.next (https://www.greencity.cx.ua/chunk-NUXSP4TM.js:7:3120)
    at Fr._next (https://www.greencity.cx.ua/chunk-NUXSP4TM.js:7:2803)
    at Fr.next (https://www.greencity.cx.ua/chunk-NUXSP4TM.js:7:2530)
    at https://www.greencity.cx.ua/chunk-NUXSP4TM.js:7:7848
    at Ac (https://www.greencity.cx.ua/chunk-NUXSP4TM.js:7:2222)
    at S0.next (https://www.greencity.cx.ua/chunk-NUXSP4TM.js:7:7687), [2026-03-14T18:25:45.584Z] [SEVERE] https://www.greencity.cx.ua/chunk-NUXSP4TM.js 10:45939 "ERROR" TypeError: Cannot read properties of null (reading 'setValue')
    at n.quillContentChanged (https://www.greencity.cx.ua/chunk-VNNOUBDJ.js:1:16043)
    at https://www.greencity.cx.ua/chunk-VNNOUBDJ.js:1:7223
    at eE (https://www.greencity.cx.ua/chunk-NUXSP4TM.js:11:76097)
    at Object.o [as next] (https://www.greencity.cx.ua/chunk-NUXSP4TM.js:11:76277)
    at bv.next (https://www.greencity.cx.ua/chunk-NUXSP4TM.js:7:3120)
    at Fr._next (https://www.greencity.cx.ua/chunk-NUXSP4TM.js:7:2803)
    at Fr.next (https://www.greencity.cx.ua/chunk-NUXSP4TM.js:7:2530)
    at https://www.greencity.cx.ua/chunk-NUXSP4TM.js:7:7848
    at Ac (https://www.greencity.cx.ua/chunk-NUXSP4TM.js:7:2222)
    at S0.next (https://www.greencity.cx.ua/chunk-NUXSP4TM.js:7:7687), [2026-03-14T18:25:45.587Z] [SEVERE] https://www.greencity.cx.ua/chunk-NUXSP4TM.js 10:45939 "ERROR" TypeError: Cannot read properties of null (reading 'setValue')
    at n.quillContentChanged (https://www.greencity.cx.ua/chunk-VNNOUBDJ.js:1:16043)
    at https://www.greencity.cx.ua/chunk-VNNOUBDJ.js:1:7223
    at eE (https://www.greencity.cx.ua/chunk-NUXSP4TM.js:11:76097)
    at Object.o [as next] (https://www.greencity.cx.ua/chunk-NUXSP4TM.js:11:76277)
    at bv.next (https://www.greencity.cx.ua/chunk-NUXSP4TM.js:7:3120)
    at Fr._next (https://www.greencity.cx.ua/chunk-NUXSP4TM.js:7:2803)
    at Fr.next (https://www.greencity.cx.ua/chunk-NUXSP4TM.js:7:2530)
    at https://www.greencity.cx.ua/chunk-NUXSP4TM.js:7:7848
    at Ac (https://www.greencity.cx.ua/chunk-NUXSP4TM.js:7:2222)
    at S0.next (https://www.greencity.cx.ua/chunk-NUXSP4TM.js:7:7687), [2026-03-14T18:25:45.589Z] [SEVERE] https://www.greencity.cx.ua/chunk-NUXSP4TM.js 10:45939 "ERROR" TypeError: Cannot read properties of null (reading 'setValue')
    at n.quillContentChanged (https://www.greencity.cx.ua/chunk-VNNOUBDJ.js:1:16043)
    at https://www.greencity.cx.ua/chunk-VNNOUBDJ.js:1:7223
    at eE (https://www.greencity.cx.ua/chunk-NUXSP4TM.js:11:76097)
    at Object.o [as next] (https://www.greencity.cx.ua/chunk-NUXSP4TM.js:11:76277)
    at bv.next (https://www.greencity.cx.ua/chunk-NUXSP4TM.js:7:3120)
    at Fr._next (https://www.greencity.cx.ua/chunk-NUXSP4TM.js:7:2803)
    at Fr.next (https://www.greencity.cx.ua/chunk-NUXSP4TM.js:7:2530)
    at https://www.greencity.cx.ua/chunk-NUXSP4TM.js:7:7848
    at Ac (https://www.greencity.cx.ua/chunk-NUXSP4TM.js:7:2222)
    at S0.next (https://www.greencity.cx.ua/chunk-NUXSP4TM.js:7:7687), [2026-03-14T18:25:45.592Z] [SEVERE] https://www.greencity.cx.ua/chunk-NUXSP4TM.js 10:45939 "ERROR" TypeError: Cannot read properties of null (reading 'setValue')
    at n.quillContentChanged (https://www.greencity.cx.ua/chunk-VNNOUBDJ.js:1:16043)
    at https://www.greencity.cx.ua/chunk-VNNOUBDJ.js:1:7223
    at eE (https://www.greencity.cx.ua/chunk-NUXSP4TM.js:11:76097)
    at Object.o [as next] (https://www.greencity.cx.ua/chunk-NUXSP4TM.js:11:76277)
    at bv.next (https://www.greencity.cx.ua/chunk-NUXSP4TM.js:7:3120)
    at Fr._next (https://www.greencity.cx.ua/chunk-NUXSP4TM.js:7:2803)
    at Fr.next (https://www.greencity.cx.ua/chunk-NUXSP4TM.js:7:2530)
    at https://www.greencity.cx.ua/chunk-NUXSP4TM.js:7:7848
    at Ac (https://www.greencity.cx.ua/chunk-NUXSP4TM.js:7:2222)
    at S0.next (https://www.greencity.cx.ua/chunk-NUXSP4TM.js:7:7687), [2026-03-14T18:25:45.595Z] [SEVERE] https://www.greencity.cx.ua/chunk-NUXSP4TM.js 10:45939 "ERROR" TypeError: Cannot read properties of null (reading 'setValue')
    at n.quillContentChanged (https://www.greencity.cx.ua/chunk-VNNOUBDJ.js:1:16043)
    at https://www.greencity.cx.ua/chunk-VNNOUBDJ.js:1:7223
    at eE (https://www.greencity.cx.ua/chunk-NUXSP4TM.js:11:76097)
    at Object.o [as next] (https://www.greencity.cx.ua/chunk-NUXSP4TM.js:11:76277)
    at bv.next (https://www.greencity.cx.ua/chunk-NUXSP4TM.js:7:3120)
    at Fr._next (https://www.greencity.cx.ua/chunk-NUXSP4TM.js:7:2803)
    at Fr.next (https://www.greencity.cx.ua/chunk-NUXSP4TM.js:7:2530)
    at https://www.greencity.cx.ua/chunk-NUXSP4TM.js:7:7848
    at Ac (https://www.greencity.cx.ua/chunk-NUXSP4TM.js:7:2222)
    at S0.next (https://www.greencity.cx.ua/chunk-NUXSP4TM.js:7:7687), [2026-03-14T18:25:45.597Z] [SEVERE] https://www.greencity.cx.ua/chunk-NUXSP4TM.js 10:45939 "ERROR" TypeError: Cannot read properties of null (reading 'setValue')
    at n.quillContentChanged (https://www.greencity.cx.ua/chunk-VNNOUBDJ.js:1:16043)
    at https://www.greencity.cx.ua/chunk-VNNOUBDJ.js:1:7223
    at eE (https://www.greencity.cx.ua/chunk-NUXSP4TM.js:11:76097)
    at Object.o [as next] (https://www.greencity.cx.ua/chunk-NUXSP4TM.js:11:76277)
    at bv.next (https://www.greencity.cx.ua/chunk-NUXSP4TM.js:7:3120)
    at Fr._next (https://www.greencity.cx.ua/chunk-NUXSP4TM.js:7:2803)
    at Fr.next (https://www.greencity.cx.ua/chunk-NUXSP4TM.js:7:2530)
    at https://www.greencity.cx.ua/chunk-NUXSP4TM.js:7:7848
    at Ac (https://www.greencity.cx.ua/chunk-NUXSP4TM.js:7:2222)
    at S0.next (https://www.greencity.cx.ua/chunk-NUXSP4TM.js:7:7687), [2026-03-14T18:25:45.600Z] [SEVERE] https://www.greencity.cx.ua/chunk-NUXSP4TM.js 10:45939 "ERROR" TypeError: Cannot read properties of null (reading 'setValue')
    at n.quillContentChanged (https://www.greencity.cx.ua/chunk-VNNOUBDJ.js:1:16043)
    at https://www.greencity.cx.ua/chunk-VNNOUBDJ.js:1:7223
    at eE (https://www.greencity.cx.ua/chunk-NUXSP4TM.js:11:76097)
    at Object.o [as next] (https://www.greencity.cx.ua/chunk-NUXSP4TM.js:11:76277)
    at bv.next (https://www.greencity.cx.ua/chunk-NUXSP4TM.js:7:3120)
    at Fr._next (https://www.greencity.cx.ua/chunk-NUXSP4TM.js:7:2803)
    at Fr.next (https://www.greencity.cx.ua/chunk-NUXSP4TM.js:7:2530)
    at https://www.greencity.cx.ua/chunk-NUXSP4TM.js:7:7848
    at Ac (https://www.greencity.cx.ua/chunk-NUXSP4TM.js:7:2222)
    at S0.next (https://www.greencity.cx.ua/chunk-NUXSP4TM.js:7:7687), [2026-03-14T18:25:45.603Z] [SEVERE] https://www.greencity.cx.ua/chunk-NUXSP4TM.js 10:45939 "ERROR" TypeError: Cannot read properties of null (reading 'setValue')
    at n.quillContentChanged (https://www.greencity.cx.ua/chunk-VNNOUBDJ.js:1:16043)
    at https://www.greencity.cx.ua/chunk-VNNOUBDJ.js:1:7223
    at eE (https://www.greencity.cx.ua/chunk-NUXSP4TM.js:11:76097)
    at Object.o [as next] (https://www.greencity.cx.ua/chunk-NUXSP4TM.js:11:76277)
    at bv.next (https://www.greencity.cx.ua/chunk-NUXSP4TM.js:7:3120)
    at Fr._next (https://www.greencity.cx.ua/chunk-NUXSP4TM.js:7:2803)
    at Fr.next (https://www.greencity.cx.ua/chunk-NUXSP4TM.js:7:2530)
    at https://www.greencity.cx.ua/chunk-NUXSP4TM.js:7:7848
    at Ac (https://www.greencity.cx.ua/chunk-NUXSP4TM.js:7:2222)
    at S0.next (https://www.greencity.cx.ua/chunk-NUXSP4TM.js:7:7687), [2026-03-14T18:25:45.606Z] [SEVERE] https://www.greencity.cx.ua/chunk-NUXSP4TM.js 10:45939 "ERROR" TypeError: Cannot read properties of null (reading 'setValue')
    at n.quillContentChanged (https://www.greencity.cx.ua/chunk-VNNOUBDJ.js:1:16043)
    at https://www.greencity.cx.ua/chunk-VNNOUBDJ.js:1:7223
    at eE (https://www.greencity.cx.ua/chunk-NUXSP4TM.js:11:76097)
    at Object.o [as next] (https://www.greencity.cx.ua/chunk-NUXSP4TM.js:11:76277)
    at bv.next (https://www.greencity.cx.ua/chunk-NUXSP4TM.js:7:3120)
    at Fr._next (https://www.greencity.cx.ua/chunk-NUXSP4TM.js:7:2803)
    at Fr.next (https://www.greencity.cx.ua/chunk-NUXSP4TM.js:7:2530)
    at https://www.greencity.cx.ua/chunk-NUXSP4TM.js:7:7848
    at Ac (https://www.greencity.cx.ua/chunk-NUXSP4TM.js:7:2222)
    at S0.next (https://www.greencity.cx.ua/chunk-NUXSP4TM.js:7:7687), [2026-03-14T18:25:45.608Z] [SEVERE] https://www.greencity.cx.ua/chunk-NUXSP4TM.js 10:45939 "ERROR" TypeError: Cannot read properties of null (reading 'setValue')
    at n.quillContentChanged (https://www.greencity.cx.ua/chunk-VNNOUBDJ.js:1:16043)
    at https://www.greencity.cx.ua/chunk-VNNOUBDJ.js:1:7223
    at eE (https://www.greencity.cx.ua/chunk-NUXSP4TM.js:11:76097)
    at Object.o [as next] (https://www.greencity.cx.ua/chunk-NUXSP4TM.js:11:76277)
    at bv.next (https://www.greencity.cx.ua/chunk-NUXSP4TM.js:7:3120)
    at Fr._next (https://www.greencity.cx.ua/chunk-NUXSP4TM.js:7:2803)
    at Fr.next (https://www.greencity.cx.ua/chunk-NUXSP4TM.js:7:2530)
    at https://www.greencity.cx.ua/chunk-NUXSP4TM.js:7:7848
    at Ac (https://www.greencity.cx.ua/chunk-NUXSP4TM.js:7:2222)
    at S0.next (https://www.greencity.cx.ua/chunk-NUXSP4TM.js:7:7687), [2026-03-14T18:25:45.611Z] [SEVERE] https://www.greencity.cx.ua/chunk-NUXSP4TM.js 10:45939 "ERROR" TypeError: Cannot read properties of null (reading 'setValue')
    at n.quillContentChanged (https://www.greencity.cx.ua/chunk-VNNOUBDJ.js:1:16043)
    at https://www.greencity.cx.ua/chunk-VNNOUBDJ.js:1:7223
    at eE (https://www.greencity.cx.ua/chunk-NUXSP4TM.js:11:76097)
    at Object.o [as next] (https://www.greencity.cx.ua/chunk-NUXSP4TM.js:11:76277)
    at bv.next (https://www.greencity.cx.ua/chunk-NUXSP4TM.js:7:3120)
    at Fr._next (https://www.greencity.cx.ua/chunk-NUXSP4TM.js:7:2803)
    at Fr.next (https://www.greencity.cx.ua/chunk-NUXSP4TM.js:7:2530)
    at https://www.greencity.cx.ua/chunk-NUXSP4TM.js:7:7848
    at Ac (https://www.greencity.cx.ua/chunk-NUXSP4TM.js:7:2222)
    at S0.next (https://www.greencity.cx.ua/chunk-NUXSP4TM.js:7:7687), [2026-03-14T18:25:45.614Z] [SEVERE] https://www.greencity.cx.ua/chunk-NUXSP4TM.js 10:45939 "ERROR" TypeError: Cannot read properties of null (reading 'setValue')
    at n.quillContentChanged (https://www.greencity.cx.ua/chunk-VNNOUBDJ.js:1:16043)
    at https://www.greencity.cx.ua/chunk-VNNOUBDJ.js:1:7223
    at eE (https://www.greencity.cx.ua/chunk-NUXSP4TM.js:11:76097)
    at Object.o [as next] (https://www.greencity.cx.ua/chunk-NUXSP4TM.js:11:76277)
    at bv.next (https://www.greencity.cx.ua/chunk-NUXSP4TM.js:7:3120)
    at Fr._next (https://www.greencity.cx.ua/chunk-NUXSP4TM.js:7:2803)
    at Fr.next (https://www.greencity.cx.ua/chunk-NUXSP4TM.js:7:2530)
    at https://www.greencity.cx.ua/chunk-NUXSP4TM.js:7:7848
    at Ac (https://www.greencity.cx.ua/chunk-NUXSP4TM.js:7:2222)
    at S0.next (https://www.greencity.cx.ua/chunk-NUXSP4TM.js:7:7687), [2026-03-14T18:25:45.616Z] [SEVERE] https://www.greencity.cx.ua/chunk-NUXSP4TM.js 10:45939 "ERROR" TypeError: Cannot read properties of null (reading 'setValue')
    at n.quillContentChanged (https://www.greencity.cx.ua/chunk-VNNOUBDJ.js:1:16043)
    at https://www.greencity.cx.ua/chunk-VNNOUBDJ.js:1:7223
    at eE (https://www.greencity.cx.ua/chunk-NUXSP4TM.js:11:76097)
    at Object.o [as next] (https://www.greencity.cx.ua/chunk-NUXSP4TM.js:11:76277)
    at bv.next (https://www.greencity.cx.ua/chunk-NUXSP4TM.js:7:3120)
    at Fr._next (https://www.greencity.cx.ua/chunk-NUXSP4TM.js:7:2803)
    at Fr.next (https://www.greencity.cx.ua/chunk-NUXSP4TM.js:7:2530)
    at https://www.greencity.cx.ua/chunk-NUXSP4TM.js:7:7848
    at Ac (https://www.greencity.cx.ua/chunk-NUXSP4TM.js:7:2222)
    at S0.next (https://www.greencity.cx.ua/chunk-NUXSP4TM.js:7:7687), [2026-03-14T18:25:45.619Z] [SEVERE] https://www.greencity.cx.ua/chunk-NUXSP4TM.js 10:45939 "ERROR" TypeError: Cannot read properties of null (reading 'setValue')
    at n.quillContentChanged (https://www.greencity.cx.ua/chunk-VNNOUBDJ.js:1:16043)
    at https://www.greencity.cx.ua/chunk-VNNOUBDJ.js:1:7223
    at eE (https://www.greencity.cx.ua/chunk-NUXSP4TM.js:11:76097)
    at Object.o [as next] (https://www.greencity.cx.ua/chunk-NUXSP4TM.js:11:76277)
    at bv.next (https://www.greencity.cx.ua/chunk-NUXSP4TM.js:7:3120)
    at Fr._next (https://www.greencity.cx.ua/chunk-NUXSP4TM.js:7:2803)
    at Fr.next (https://www.greencity.cx.ua/chunk-NUXSP4TM.js:7:2530)
    at https://www.greencity.cx.ua/chunk-NUXSP4TM.js:7:7848
    at Ac (https://www.greencity.cx.ua/chunk-NUXSP4TM.js:7:2222)
    at S0.next (https://www.greencity.cx.ua/chunk-NUXSP4TM.js:7:7687), [2026-03-14T18:25:45.622Z] [SEVERE] https://www.greencity.cx.ua/chunk-NUXSP4TM.js 10:45939 "ERROR" TypeError: Cannot read properties of null (reading 'setValue')
    at n.quillContentChanged (https://www.greencity.cx.ua/chunk-VNNOUBDJ.js:1:16043)
    at https://www.greencity.cx.ua/chunk-VNNOUBDJ.js:1:7223
    at eE (https://www.greencity.cx.ua/chunk-NUXSP4TM.js:11:76097)
    at Object.o [as next] (https://www.greencity.cx.ua/chunk-NUXSP4TM.js:11:76277)
    at bv.next (https://www.greencity.cx.ua/chunk-NUXSP4TM.js:7:3120)
    at Fr._next (https://www.greencity.cx.ua/chunk-NUXSP4TM.js:7:2803)
    at Fr.next (https://www.greencity.cx.ua/chunk-NUXSP4TM.js:7:2530)
    at https://www.greencity.cx.ua/chunk-NUXSP4TM.js:7:7848
    at Ac (https://www.greencity.cx.ua/chunk-NUXSP4TM.js:7:2222)
    at S0.next (https://www.greencity.cx.ua/chunk-NUXSP4TM.js:7:7687), [2026-03-14T18:25:45.624Z] [SEVERE] https://www.greencity.cx.ua/chunk-NUXSP4TM.js 10:45939 "ERROR" TypeError: Cannot read properties of null (reading 'setValue')
    at n.quillContentChanged (https://www.greencity.cx.ua/chunk-VNNOUBDJ.js:1:16043)
    at https://www.greencity.cx.ua/chunk-VNNOUBDJ.js:1:7223
    at eE (https://www.greencity.cx.ua/chunk-NUXSP4TM.js:11:76097)
    at Object.o [as next] (https://www.greencity.cx.ua/chunk-NUXSP4TM.js:11:76277)
    at bv.next (https://www.greencity.cx.ua/chunk-NUXSP4TM.js:7:3120)
    at Fr._next (https://www.greencity.cx.ua/chunk-NUXSP4TM.js:7:2803)
    at Fr.next (https://www.greencity.cx.ua/chunk-NUXSP4TM.js:7:2530)
    at https://www.greencity.cx.ua/chunk-NUXSP4TM.js:7:7848
    at Ac (https://www.greencity.cx.ua/chunk-NUXSP4TM.js:7:2222)
    at S0.next (https://www.greencity.cx.ua/chunk-NUXSP4TM.js:7:7687), [2026-03-14T18:25:45.627Z] [SEVERE] https://www.greencity.cx.ua/chunk-NUXSP4TM.js 10:45939 "ERROR" TypeError: Cannot read properties of null (reading 'setValue')
    at n.quillContentChanged (https://www.greencity.cx.ua/chunk-VNNOUBDJ.js:1:16043)
    at https://www.greencity.cx.ua/chunk-VNNOUBDJ.js:1:7223
    at eE (https://www.greencity.cx.ua/chunk-NUXSP4TM.js:11:76097)
    at Object.o [as next] (https://www.greencity.cx.ua/chunk-NUXSP4TM.js:11:76277)
    at bv.next (https://www.greencity.cx.ua/chunk-NUXSP4TM.js:7:3120)
    at Fr._next (https://www.greencity.cx.ua/chunk-NUXSP4TM.js:7:2803)
    at Fr.next (https://www.greencity.cx.ua/chunk-NUXSP4TM.js:7:2530)
    at https://www.greencity.cx.ua/chunk-NUXSP4TM.js:7:7848
    at Ac (https://www.greencity.cx.ua/chunk-NUXSP4TM.js:7:2222)
    at S0.next (https://www.greencity.cx.ua/chunk-NUXSP4TM.js:7:7687), [2026-03-14T18:25:45.629Z] [SEVERE] https://www.greencity.cx.ua/chunk-NUXSP4TM.js 10:45939 "ERROR" TypeError: Cannot read properties of null (reading 'setValue')
    at n.quillContentChanged (https://www.greencity.cx.ua/chunk-VNNOUBDJ.js:1:16043)
    at https://www.greencity.cx.ua/chunk-VNNOUBDJ.js:1:7223
    at eE (https://www.greencity.cx.ua/chunk-NUXSP4TM.js:11:76097)
    at Object.o [as next] (https://www.greencity.cx.ua/chunk-NUXSP4TM.js:11:76277)
    at bv.next (https://www.greencity.cx.ua/chunk-NUXSP4TM.js:7:3120)
    at Fr._next (https://www.greencity.cx.ua/chunk-NUXSP4TM.js:7:2803)
    at Fr.next (https://www.greencity.cx.ua/chunk-NUXSP4TM.js:7:2530)
    at https://www.greencity.cx.ua/chunk-NUXSP4TM.js:7:7848
    at Ac (https://www.greencity.cx.ua/chunk-NUXSP4TM.js:7:2222)
    at S0.next (https://www.greencity.cx.ua/chunk-NUXSP4TM.js:7:7687), [2026-03-14T18:25:45.632Z] [SEVERE] https://www.greencity.cx.ua/chunk-NUXSP4TM.js 10:45939 "ERROR" TypeError: Cannot read properties of null (reading 'setValue')
    at n.quillContentChanged (https://www.greencity.cx.ua/chunk-VNNOUBDJ.js:1:16043)
    at https://www.greencity.cx.ua/chunk-VNNOUBDJ.js:1:7223
    at eE (https://www.greencity.cx.ua/chunk-NUXSP4TM.js:11:76097)
    at Object.o [as next] (https://www.greencity.cx.ua/chunk-NUXSP4TM.js:11:76277)
    at bv.next (https://www.greencity.cx.ua/chunk-NUXSP4TM.js:7:3120)
    at Fr._next (https://www.greencity.cx.ua/chunk-NUXSP4TM.js:7:2803)
    at Fr.next (https://www.greencity.cx.ua/chunk-NUXSP4TM.js:7:2530)
    at https://www.greencity.cx.ua/chunk-NUXSP4TM.js:7:7848
    at Ac (https://www.greencity.cx.ua/chunk-NUXSP4TM.js:7:2222)
    at S0.next (https://www.greencity.cx.ua/chunk-NUXSP4TM.js:7:7687), [2026-03-14T18:25:45.635Z] [SEVERE] https://www.greencity.cx.ua/chunk-NUXSP4TM.js 10:45939 "ERROR" TypeError: Cannot read properties of null (reading 'setValue')
    at n.quillContentChanged (https://www.greencity.cx.ua/chunk-VNNOUBDJ.js:1:16043)
    at https://www.greencity.cx.ua/chunk-VNNOUBDJ.js:1:7223
    at eE (https://www.greencity.cx.ua/chunk-NUXSP4TM.js:11:76097)
    at Object.o [as next] (https://www.greencity.cx.ua/chunk-NUXSP4TM.js:11:76277)
    at bv.next (https://www.greencity.cx.ua/chunk-NUXSP4TM.js:7:3120)
    at Fr._next (https://www.greencity.cx.ua/chunk-NUXSP4TM.js:7:2803)
    at Fr.next (https://www.greencity.cx.ua/chunk-NUXSP4TM.js:7:2530)
    at https://www.greencity.cx.ua/chunk-NUXSP4TM.js:7:7848
    at Ac (https://www.greencity.cx.ua/chunk-NUXSP4TM.js:7:2222)
    at S0.next (https://www.greencity.cx.ua/chunk-NUXSP4TM.js:7:7687), [2026-03-14T18:25:45.637Z] [SEVERE] https://www.greencity.cx.ua/chunk-NUXSP4TM.js 10:45939 "ERROR" TypeError: Cannot read properties of null (reading 'setValue')
    at n.quillContentChanged (https://www.greencity.cx.ua/chunk-VNNOUBDJ.js:1:16043)
    at https://www.greencity.cx.ua/chunk-VNNOUBDJ.js:1:7223
    at eE (https://www.greencity.cx.ua/chunk-NUXSP4TM.js:11:76097)
    at Object.o [as next] (https://www.greencity.cx.ua/chunk-NUXSP4TM.js:11:76277)
    at bv.next (https://www.greencity.cx.ua/chunk-NUXSP4TM.js:7:3120)
    at Fr._next (https://www.greencity.cx.ua/chunk-NUXSP4TM.js:7:2803)
    at Fr.next (https://www.greencity.cx.ua/chunk-NUXSP4TM.js:7:2530)
    at https://www.greencity.cx.ua/chunk-NUXSP4TM.js:7:7848
    at Ac (https://www.greencity.cx.ua/chunk-NUXSP4TM.js:7:2222)
    at S0.next (https://www.greencity.cx.ua/chunk-NUXSP4TM.js:7:7687), [2026-03-14T18:25:45.640Z] [SEVERE] https://www.greencity.cx.ua/chunk-NUXSP4TM.js 10:45939 "ERROR" TypeError: Cannot read properties of null (reading 'setValue')
    at n.quillContentChanged (https://www.greencity.cx.ua/chunk-VNNOUBDJ.js:1:16043)
    at https://www.greencity.cx.ua/chunk-VNNOUBDJ.js:1:7223
    at eE (https://www.greencity.cx.ua/chunk-NUXSP4TM.js:11:76097)
    at Object.o [as next] (https://www.greencity.cx.ua/chunk-NUXSP4TM.js:11:76277)
    at bv.next (https://www.greencity.cx.ua/chunk-NUXSP4TM.js:7:3120)
    at Fr._next (https://www.greencity.cx.ua/chunk-NUXSP4TM.js:7:2803)
    at Fr.next (https://www.greencity.cx.ua/chunk-NUXSP4TM.js:7:2530)
    at https://www.greencity.cx.ua/chunk-NUXSP4TM.js:7:7848
    at Ac (https://www.greencity.cx.ua/chunk-NUXSP4TM.js:7:2222)
    at S0.next (https://www.greencity.cx.ua/chunk-NUXSP4TM.js:7:7687), [2026-03-14T18:25:45.642Z] [SEVERE] https://www.greencity.cx.ua/chunk-NUXSP4TM.js 10:45939 "ERROR" TypeError: Cannot read properties of null (reading 'setValue')
    at n.quillContentChanged (https://www.greencity.cx.ua/chunk-VNNOUBDJ.js:1:16043)
    at https://www.greencity.cx.ua/chunk-VNNOUBDJ.js:1:7223
    at eE (https://www.greencity.cx.ua/chunk-NUXSP4TM.js:11:76097)
    at Object.o [as next] (https://www.greencity.cx.ua/chunk-NUXSP4TM.js:11:76277)
    at bv.next (https://www.greencity.cx.ua/chunk-NUXSP4TM.js:7:3120)
    at Fr._next (https://www.greencity.cx.ua/chunk-NUXSP4TM.js:7:2803)
    at Fr.next (https://www.greencity.cx.ua/chunk-NUXSP4TM.js:7:2530)
    at https://www.greencity.cx.ua/chunk-NUXSP4TM.js:7:7848
    at Ac (https://www.greencity.cx.ua/chunk-NUXSP4TM.js:7:2222)
    at S0.next (https://www.greencity.cx.ua/chunk-NUXSP4TM.js:7:7687), [2026-03-14T18:25:45.645Z] [SEVERE] https://www.greencity.cx.ua/chunk-NUXSP4TM.js 10:45939 "ERROR" TypeError: Cannot read properties of null (reading 'setValue')
    at n.quillContentChanged (https://www.greencity.cx.ua/chunk-VNNOUBDJ.js:1:16043)
    at https://www.greencity.cx.ua/chunk-VNNOUBDJ.js:1:7223
    at eE (https://www.greencity.cx.ua/chunk-NUXSP4TM.js:11:76097)
    at Object.o [as next] (https://www.greencity.cx.ua/chunk-NUXSP4TM.js:11:76277)
    at bv.next (https://www.greencity.cx.ua/chunk-NUXSP4TM.js:7:3120)
    at Fr._next (https://www.greencity.cx.ua/chunk-NUXSP4TM.js:7:2803)
    at Fr.next (https://www.greencity.cx.ua/chunk-NUXSP4TM.js:7:2530)
    at https://www.greencity.cx.ua/chunk-NUXSP4TM.js:7:7848
    at Ac (https://www.greencity.cx.ua/chunk-NUXSP4TM.js:7:2222)
    at S0.next (https://www.greencity.cx.ua/chunk-NUXSP4TM.js:7:7687), [2026-03-14T18:25:45.648Z] [SEVERE] https://www.greencity.cx.ua/chunk-NUXSP4TM.js 10:45939 "ERROR" TypeError: Cannot read properties of null (reading 'setValue')
    at n.quillContentChanged (https://www.greencity.cx.ua/chunk-VNNOUBDJ.js:1:16043)
    at https://www.greencity.cx.ua/chunk-VNNOUBDJ.js:1:7223
    at eE (https://www.greencity.cx.ua/chunk-NUXSP4TM.js:11:76097)
    at Object.o [as next] (https://www.greencity.cx.ua/chunk-NUXSP4TM.js:11:76277)
    at bv.next (https://www.greencity.cx.ua/chunk-NUXSP4TM.js:7:3120)
    at Fr._next (https://www.greencity.cx.ua/chunk-NUXSP4TM.js:7:2803)
    at Fr.next (https://www.greencity.cx.ua/chunk-NUXSP4TM.js:7:2530)
    at https://www.greencity.cx.ua/chunk-NUXSP4TM.js:7:7848
    at Ac (https://www.greencity.cx.ua/chunk-NUXSP4TM.js:7:2222)
    at S0.next (https://www.greencity.cx.ua/chunk-NUXSP4TM.js:7:7687), [2026-03-14T18:25:45.650Z] [SEVERE] https://www.greencity.cx.ua/chunk-NUXSP4TM.js 10:45939 "ERROR" TypeError: Cannot read properties of null (reading 'setValue')
    at n.quillContentChanged (https://www.greencity.cx.ua/chunk-VNNOUBDJ.js:1:16043)
    at https://www.greencity.cx.ua/chunk-VNNOUBDJ.js:1:7223
    at eE (https://www.greencity.cx.ua/chunk-NUXSP4TM.js:11:76097)
    at Object.o [as next] (https://www.greencity.cx.ua/chunk-NUXSP4TM.js:11:76277)
    at bv.next (https://www.greencity.cx.ua/chunk-NUXSP4TM.js:7:3120)
    at Fr._next (https://www.greencity.cx.ua/chunk-NUXSP4TM.js:7:2803)
    at Fr.next (https://www.greencity.cx.ua/chunk-NUXSP4TM.js:7:2530)
    at https://www.greencity.cx.ua/chunk-NUXSP4TM.js:7:7848
    at Ac (https://www.greencity.cx.ua/chunk-NUXSP4TM.js:7:2222)
    at S0.next (https://www.greencity.cx.ua/chunk-NUXSP4TM.js:7:7687), [2026-03-14T18:25:45.653Z] [SEVERE] https://www.greencity.cx.ua/chunk-NUXSP4TM.js 10:45939 "ERROR" TypeError: Cannot read properties of null (reading 'setValue')
    at n.quillContentChanged (https://www.greencity.cx.ua/chunk-VNNOUBDJ.js:1:16043)
    at https://www.greencity.cx.ua/chunk-VNNOUBDJ.js:1:7223
    at eE (https://www.greencity.cx.ua/chunk-NUXSP4TM.js:11:76097)
    at Object.o [as next] (https://www.greencity.cx.ua/chunk-NUXSP4TM.js:11:76277)
    at bv.next (https://www.greencity.cx.ua/chunk-NUXSP4TM.js:7:3120)
    at Fr._next (https://www.greencity.cx.ua/chunk-NUXSP4TM.js:7:2803)
    at Fr.next (https://www.greencity.cx.ua/chunk-NUXSP4TM.js:7:2530)
    at https://www.greencity.cx.ua/chunk-NUXSP4TM.js:7:7848
    at Ac (https://www.greencity.cx.ua/chunk-NUXSP4TM.js:7:2222)
    at S0.next (https://www.greencity.cx.ua/chunk-NUXSP4TM.js:7:7687), [2026-03-14T18:25:45.655Z] [SEVERE] https://www.greencity.cx.ua/chunk-NUXSP4TM.js 10:45939 "ERROR" TypeError: Cannot read properties of null (reading 'setValue')
    at n.quillContentChanged (https://www.greencity.cx.ua/chunk-VNNOUBDJ.js:1:16043)
    at https://www.greencity.cx.ua/chunk-VNNOUBDJ.js:1:7223
    at eE (https://www.greencity.cx.ua/chunk-NUXSP4TM.js:11:76097)
    at Object.o [as next] (https://www.greencity.cx.ua/chunk-NUXSP4TM.js:11:76277)
    at bv.next (https://www.greencity.cx.ua/chunk-NUXSP4TM.js:7:3120)
    at Fr._next (https://www.greencity.cx.ua/chunk-NUXSP4TM.js:7:2803)
    at Fr.next (https://www.greencity.cx.ua/chunk-NUXSP4TM.js:7:2530)
    at https://www.greencity.cx.ua/chunk-NUXSP4TM.js:7:7848
    at Ac (https://www.greencity.cx.ua/chunk-NUXSP4TM.js:7:2222)
    at S0.next (https://www.greencity.cx.ua/chunk-NUXSP4TM.js:7:7687), [2026-03-14T18:25:45.658Z] [SEVERE] https://www.greencity.cx.ua/chunk-NUXSP4TM.js 10:45939 "ERROR" TypeError: Cannot read properties of null (reading 'setValue')
    at n.quillContentChanged (https://www.greencity.cx.ua/chunk-VNNOUBDJ.js:1:16043)
    at https://www.greencity.cx.ua/chunk-VNNOUBDJ.js:1:7223
    at eE (https://www.greencity.cx.ua/chunk-NUXSP4TM.js:11:76097)
    at Object.o [as next] (https://www.greencity.cx.ua/chunk-NUXSP4TM.js:11:76277)
    at bv.next (https://www.greencity.cx.ua/chunk-NUXSP4TM.js:7:3120)
    at Fr._next (https://www.greencity.cx.ua/chunk-NUXSP4TM.js:7:2803)
    at Fr.next (https://www.greencity.cx.ua/chunk-NUXSP4TM.js:7:2530)
    at https://www.greencity.cx.ua/chunk-NUXSP4TM.js:7:7848
    at Ac (https://www.greencity.cx.ua/chunk-NUXSP4TM.js:7:2222)
    at S0.next (https://www.greencity.cx.ua/chunk-NUXSP4TM.js:7:7687), [2026-03-14T18:25:45.661Z] [SEVERE] https://www.greencity.cx.ua/chunk-NUXSP4TM.js 10:45939 "ERROR" TypeError: Cannot read properties of null (reading 'setValue')
    at n.quillContentChanged (https://www.greencity.cx.ua/chunk-VNNOUBDJ.js:1:16043)
    at https://www.greencity.cx.ua/chunk-VNNOUBDJ.js:1:7223
    at eE (https://www.greencity.cx.ua/chunk-NUXSP4TM.js:11:76097)
    at Object.o [as next] (https://www.greencity.cx.ua/chunk-NUXSP4TM.js:11:76277)
    at bv.next (https://www.greencity.cx.ua/chunk-NUXSP4TM.js:7:3120)
    at Fr._next (https://www.greencity.cx.ua/chunk-NUXSP4TM.js:7:2803)
    at Fr.next (https://www.greencity.cx.ua/chunk-NUXSP4TM.js:7:2530)
    at https://www.greencity.cx.ua/chunk-NUXSP4TM.js:7:7848
    at Ac (https://www.greencity.cx.ua/chunk-NUXSP4TM.js:7:2222)
    at S0.next (https://www.greencity.cx.ua/chunk-NUXSP4TM.js:7:7687), [2026-03-14T18:25:45.663Z] [SEVERE] https://www.greencity.cx.ua/chunk-NUXSP4TM.js 10:45939 "ERROR" TypeError: Cannot read properties of null (reading 'setValue')
    at n.quillContentChanged (https://www.greencity.cx.ua/chunk-VNNOUBDJ.js:1:16043)
    at https://www.greencity.cx.ua/chunk-VNNOUBDJ.js:1:7223
    at eE (https://www.greencity.cx.ua/chunk-NUXSP4TM.js:11:76097)
    at Object.o [as next] (https://www.greencity.cx.ua/chunk-NUXSP4TM.js:11:76277)
    at bv.next (https://www.greencity.cx.ua/chunk-NUXSP4TM.js:7:3120)
    at Fr._next (https://www.greencity.cx.ua/chunk-NUXSP4TM.js:7:2803)
    at Fr.next (https://www.greencity.cx.ua/chunk-NUXSP4TM.js:7:2530)
    at https://www.greencity.cx.ua/chunk-NUXSP4TM.js:7:7848
    at Ac (https://www.greencity.cx.ua/chunk-NUXSP4TM.js:7:2222)
    at S0.next (https://www.greencity.cx.ua/chunk-NUXSP4TM.js:7:7687), [2026-03-14T18:25:45.666Z] [SEVERE] https://www.greencity.cx.ua/chunk-NUXSP4TM.js 10:45939 "ERROR" TypeError: Cannot read properties of null (reading 'setValue')
    at n.quillContentChanged (https://www.greencity.cx.ua/chunk-VNNOUBDJ.js:1:16043)
    at https://www.greencity.cx.ua/chunk-VNNOUBDJ.js:1:7223
    at eE (https://www.greencity.cx.ua/chunk-NUXSP4TM.js:11:76097)
    at Object.o [as next] (https://www.greencity.cx.ua/chunk-NUXSP4TM.js:11:76277)
    at bv.next (https://www.greencity.cx.ua/chunk-NUXSP4TM.js:7:3120)
    at Fr._next (https://www.greencity.cx.ua/chunk-NUXSP4TM.js:7:2803)
    at Fr.next (https://www.greencity.cx.ua/chunk-NUXSP4TM.js:7:2530)
    at https://www.greencity.cx.ua/chunk-NUXSP4TM.js:7:7848
    at Ac (https://www.greencity.cx.ua/chunk-NUXSP4TM.js:7:2222)
    at S0.next (https://www.greencity.cx.ua/chunk-NUXSP4TM.js:7:7687), [2026-03-14T18:25:45.669Z] [SEVERE] https://www.greencity.cx.ua/chunk-NUXSP4TM.js 10:45939 "ERROR" TypeError: Cannot read properties of null (reading 'setValue')
    at n.quillContentChanged (https://www.greencity.cx.ua/chunk-VNNOUBDJ.js:1:16043)
    at https://www.greencity.cx.ua/chunk-VNNOUBDJ.js:1:7223
    at eE (https://www.greencity.cx.ua/chunk-NUXSP4TM.js:11:76097)
    at Object.o [as next] (https://www.greencity.cx.ua/chunk-NUXSP4TM.js:11:76277)
    at bv.next (https://www.greencity.cx.ua/chunk-NUXSP4TM.js:7:3120)
    at Fr._next (https://www.greencity.cx.ua/chunk-NUXSP4TM.js:7:2803)
    at Fr.next (https://www.greencity.cx.ua/chunk-NUXSP4TM.js:7:2530)
    at https://www.greencity.cx.ua/chunk-NUXSP4TM.js:7:7848
    at Ac (https://www.greencity.cx.ua/chunk-NUXSP4TM.js:7:2222)
    at S0.next (https://www.greencity.cx.ua/chunk-NUXSP4TM.js:7:7687), [2026-03-14T18:25:45.671Z] [SEVERE] https://www.greencity.cx.ua/chunk-NUXSP4TM.js 10:45939 "ERROR" TypeError: Cannot read properties of null (reading 'setValue')
    at n.quillContentChanged (https://www.greencity.cx.ua/chunk-VNNOUBDJ.js:1:16043)
    at https://www.greencity.cx.ua/chunk-VNNOUBDJ.js:1:7223
    at eE (https://www.greencity.cx.ua/chunk-NUXSP4TM.js:11:76097)
    at Object.o [as next] (https://www.greencity.cx.ua/chunk-NUXSP4TM.js:11:76277)
    at bv.next (https://www.greencity.cx.ua/chunk-NUXSP4TM.js:7:3120)
    at Fr._next (https://www.greencity.cx.ua/chunk-NUXSP4TM.js:7:2803)
    at Fr.next (https://www.greencity.cx.ua/chunk-NUXSP4TM.js:7:2530)
    at https://www.greencity.cx.ua/chunk-NUXSP4TM.js:7:7848
    at Ac (https://www.greencity.cx.ua/chunk-NUXSP4TM.js:7:2222)
    at S0.next (https://www.greencity.cx.ua/chunk-NUXSP4TM.js:7:7687), [2026-03-14T18:25:45.674Z] [SEVERE] https://www.greencity.cx.ua/chunk-NUXSP4TM.js 10:45939 "ERROR" TypeError: Cannot read properties of null (reading 'setValue')
    at n.quillContentChanged (https://www.greencity.cx.ua/chunk-VNNOUBDJ.js:1:16043)
    at https://www.greencity.cx.ua/chunk-VNNOUBDJ.js:1:7223
    at eE (https://www.greencity.cx.ua/chunk-NUXSP4TM.js:11:76097)
    at Object.o [as next] (https://www.greencity.cx.ua/chunk-NUXSP4TM.js:11:76277)
    at bv.next (https://www.greencity.cx.ua/chunk-NUXSP4TM.js:7:3120)
    at Fr._next (https://www.greencity.cx.ua/chunk-NUXSP4TM.js:7:2803)
    at Fr.next (https://www.greencity.cx.ua/chunk-NUXSP4TM.js:7:2530)
    at https://www.greencity.cx.ua/chunk-NUXSP4TM.js:7:7848
    at Ac (https://www.greencity.cx.ua/chunk-NUXSP4TM.js:7:2222)
    at S0.next (https://www.greencity.cx.ua/chunk-NUXSP4TM.js:7:7687), [2026-03-14T18:25:45.677Z] [SEVERE] https://www.greencity.cx.ua/chunk-NUXSP4TM.js 10:45939 "ERROR" TypeError: Cannot read properties of null (reading 'setValue')
    at n.quillContentChanged (https://www.greencity.cx.ua/chunk-VNNOUBDJ.js:1:16043)
    at https://www.greencity.cx.ua/chunk-VNNOUBDJ.js:1:7223
    at eE (https://www.greencity.cx.ua/chunk-NUXSP4TM.js:11:76097)
    at Object.o [as next] (https://www.greencity.cx.ua/chunk-NUXSP4TM.js:11:76277)
    at bv.next (https://www.greencity.cx.ua/chunk-NUXSP4TM.js:7:3120)
    at Fr._next (https://www.greencity.cx.ua/chunk-NUXSP4TM.js:7:2803)
    at Fr.next (https://www.greencity.cx.ua/chunk-NUXSP4TM.js:7:2530)
    at https://www.greencity.cx.ua/chunk-NUXSP4TM.js:7:7848
    at Ac (https://www.greencity.cx.ua/chunk-NUXSP4TM.js:7:2222)
    at S0.next (https://www.greencity.cx.ua/chunk-NUXSP4TM.js:7:7687), [2026-03-14T18:25:45.679Z] [SEVERE] https://www.greencity.cx.ua/chunk-NUXSP4TM.js 10:45939 "ERROR" TypeError: Cannot read properties of null (reading 'setValue')
    at n.quillContentChanged (https://www.greencity.cx.ua/chunk-VNNOUBDJ.js:1:16043)
    at https://www.greencity.cx.ua/chunk-VNNOUBDJ.js:1:7223
    at eE (https://www.greencity.cx.ua/chunk-NUXSP4TM.js:11:76097)
    at Object.o [as next] (https://www.greencity.cx.ua/chunk-NUXSP4TM.js:11:76277)
    at bv.next (https://www.greencity.cx.ua/chunk-NUXSP4TM.js:7:3120)
    at Fr._next (https://www.greencity.cx.ua/chunk-NUXSP4TM.js:7:2803)
    at Fr.next (https://www.greencity.cx.ua/chunk-NUXSP4TM.js:7:2530)
    at https://www.greencity.cx.ua/chunk-NUXSP4TM.js:7:7848
    at Ac (https://www.greencity.cx.ua/chunk-NUXSP4TM.js:7:2222)
    at S0.next (https://www.greencity.cx.ua/chunk-NUXSP4TM.js:7:7687), [2026-03-14T18:25:45.682Z] [SEVERE] https://www.greencity.cx.ua/chunk-NUXSP4TM.js 10:45939 "ERROR" TypeError: Cannot read properties of null (reading 'setValue')
    at n.quillContentChanged (https://www.greencity.cx.ua/chunk-VNNOUBDJ.js:1:16043)
    at https://www.greencity.cx.ua/chunk-VNNOUBDJ.js:1:7223
    at eE (https://www.greencity.cx.ua/chunk-NUXSP4TM.js:11:76097)
    at Object.o [as next] (https://www.greencity.cx.ua/chunk-NUXSP4TM.js:11:76277)
    at bv.next (https://www.greencity.cx.ua/chunk-NUXSP4TM.js:7:3120)
    at Fr._next (https://www.greencity.cx.ua/chunk-NUXSP4TM.js:7:2803)
    at Fr.next (https://www.greencity.cx.ua/chunk-NUXSP4TM.js:7:2530)
    at https://www.greencity.cx.ua/chunk-NUXSP4TM.js:7:7848
    at Ac (https://www.greencity.cx.ua/chunk-NUXSP4TM.js:7:2222)
    at S0.next (https://www.greencity.cx.ua/chunk-NUXSP4TM.js:7:7687), [2026-03-14T18:25:45.684Z] [SEVERE] https://www.greencity.cx.ua/chunk-NUXSP4TM.js 10:45939 "ERROR" TypeError: Cannot read properties of null (reading 'setValue')
    at n.quillContentChanged (https://www.greencity.cx.ua/chunk-VNNOUBDJ.js:1:16043)
    at https://www.greencity.cx.ua/chunk-VNNOUBDJ.js:1:7223
    at eE (https://www.greencity.cx.ua/chunk-NUXSP4TM.js:11:76097)
    at Object.o [as next] (https://www.greencity.cx.ua/chunk-NUXSP4TM.js:11:76277)
    at bv.next (https://www.greencity.cx.ua/chunk-NUXSP4TM.js:7:3120)
    at Fr._next (https://www.greencity.cx.ua/chunk-NUXSP4TM.js:7:2803)
    at Fr.next (https://www.greencity.cx.ua/chunk-NUXSP4TM.js:7:2530)
    at https://www.greencity.cx.ua/chunk-NUXSP4TM.js:7:7848
    at Ac (https://www.greencity.cx.ua/chunk-NUXSP4TM.js:7:2222)
    at S0.next (https://www.greencity.cx.ua/chunk-NUXSP4TM.js:7:7687), [2026-03-14T18:25:45.687Z] [SEVERE] https://www.greencity.cx.ua/chunk-NUXSP4TM.js 10:45939 "ERROR" TypeError: Cannot read properties of null (reading 'setValue')
    at n.quillContentChanged (https://www.greencity.cx.ua/chunk-VNNOUBDJ.js:1:16043)
    at https://www.greencity.cx.ua/chunk-VNNOUBDJ.js:1:7223
    at eE (https://www.greencity.cx.ua/chunk-NUXSP4TM.js:11:76097)
    at Object.o [as next] (https://www.greencity.cx.ua/chunk-NUXSP4TM.js:11:76277)
    at bv.next (https://www.greencity.cx.ua/chunk-NUXSP4TM.js:7:3120)
    at Fr._next (https://www.greencity.cx.ua/chunk-NUXSP4TM.js:7:2803)
    at Fr.next (https://www.greencity.cx.ua/chunk-NUXSP4TM.js:7:2530)
    at https://www.greencity.cx.ua/chunk-NUXSP4TM.js:7:7848
    at Ac (https://www.greencity.cx.ua/chunk-NUXSP4TM.js:7:2222)
    at S0.next (https://www.greencity.cx.ua/chunk-NUXSP4TM.js:7:7687), [2026-03-14T18:25:45.690Z] [SEVERE] https://www.greencity.cx.ua/chunk-NUXSP4TM.js 10:45939 "ERROR" TypeError: Cannot read properties of null (reading 'setValue')
    at n.quillContentChanged (https://www.greencity.cx.ua/chunk-VNNOUBDJ.js:1:16043)
    at https://www.greencity.cx.ua/chunk-VNNOUBDJ.js:1:7223
    at eE (https://www.greencity.cx.ua/chunk-NUXSP4TM.js:11:76097)
    at Object.o [as next] (https://www.greencity.cx.ua/chunk-NUXSP4TM.js:11:76277)
    at bv.next (https://www.greencity.cx.ua/chunk-NUXSP4TM.js:7:3120)
    at Fr._next (https://www.greencity.cx.ua/chunk-NUXSP4TM.js:7:2803)
    at Fr.next (https://www.greencity.cx.ua/chunk-NUXSP4TM.js:7:2530)
    at https://www.greencity.cx.ua/chunk-NUXSP4TM.js:7:7848
    at Ac (https://www.greencity.cx.ua/chunk-NUXSP4TM.js:7:2222)
    at S0.next (https://www.greencity.cx.ua/chunk-NUXSP4TM.js:7:7687), [2026-03-14T18:25:45.692Z] [SEVERE] https://www.greencity.cx.ua/chunk-NUXSP4TM.js 10:45939 "ERROR" TypeError: Cannot read properties of null (reading 'setValue')
    at n.quillContentChanged (https://www.greencity.cx.ua/chunk-VNNOUBDJ.js:1:16043)
    at https://www.greencity.cx.ua/chunk-VNNOUBDJ.js:1:7223
    at eE (https://www.greencity.cx.ua/chunk-NUXSP4TM.js:11:76097)
    at Object.o [as next] (https://www.greencity.cx.ua/chunk-NUXSP4TM.js:11:76277)
    at bv.next (https://www.greencity.cx.ua/chunk-NUXSP4TM.js:7:3120)
    at Fr._next (https://www.greencity.cx.ua/chunk-NUXSP4TM.js:7:2803)
    at Fr.next (https://www.greencity.cx.ua/chunk-NUXSP4TM.js:7:2530)
    at https://www.greencity.cx.ua/chunk-NUXSP4TM.js:7:7848
    at Ac (https://www.greencity.cx.ua/chunk-NUXSP4TM.js:7:2222)
    at S0.next (https://www.greencity.cx.ua/chunk-NUXSP4TM.js:7:7687), [2026-03-14T18:25:45.695Z] [SEVERE] https://www.greencity.cx.ua/chunk-NUXSP4TM.js 10:45939 "ERROR" TypeError: Cannot read properties of null (reading 'setValue')
    at n.quillContentChanged (https://www.greencity.cx.ua/chunk-VNNOUBDJ.js:1:16043)
    at https://www.greencity.cx.ua/chunk-VNNOUBDJ.js:1:7223
    at eE (https://www.greencity.cx.ua/chunk-NUXSP4TM.js:11:76097)
    at Object.o [as next] (https://www.greencity.cx.ua/chunk-NUXSP4TM.js:11:76277)
    at bv.next (https://www.greencity.cx.ua/chunk-NUXSP4TM.js:7:3120)
    at Fr._next (https://www.greencity.cx.ua/chunk-NUXSP4TM.js:7:2803)
    at Fr.next (https://www.greencity.cx.ua/chunk-NUXSP4TM.js:7:2530)
    at https://www.greencity.cx.ua/chunk-NUXSP4TM.js:7:7848
    at Ac (https://www.greencity.cx.ua/chunk-NUXSP4TM.js:7:2222)
    at S0.next (https://www.greencity.cx.ua/chunk-NUXSP4TM.js:7:7687), [2026-03-14T18:25:45.698Z] [SEVERE] https://www.greencity.cx.ua/chunk-NUXSP4TM.js 10:45939 "ERROR" TypeError: Cannot read properties of null (reading 'setValue')
    at n.quillContentChanged (https://www.greencity.cx.ua/chunk-VNNOUBDJ.js:1:16043)
    at https://www.greencity.cx.ua/chunk-VNNOUBDJ.js:1:7223
    at eE (https://www.greencity.cx.ua/chunk-NUXSP4TM.js:11:76097)
    at Object.o [as next] (https://www.greencity.cx.ua/chunk-NUXSP4TM.js:11:76277)
    at bv.next (https://www.greencity.cx.ua/chunk-NUXSP4TM.js:7:3120)
    at Fr._next (https://www.greencity.cx.ua/chunk-NUXSP4TM.js:7:2803)
    at Fr.next (https://www.greencity.cx.ua/chunk-NUXSP4TM.js:7:2530)
    at https://www.greencity.cx.ua/chunk-NUXSP4TM.js:7:7848
    at Ac (https://www.greencity.cx.ua/chunk-NUXSP4TM.js:7:2222)
    at S0.next (https://www.greencity.cx.ua/chunk-NUXSP4TM.js:7:7687), [2026-03-14T18:25:45.700Z] [SEVERE] https://www.greencity.cx.ua/chunk-NUXSP4TM.js 10:45939 "ERROR" TypeError: Cannot read properties of null (reading 'setValue')
    at n.quillContentChanged (https://www.greencity.cx.ua/chunk-VNNOUBDJ.js:1:16043)
    at https://www.greencity.cx.ua/chunk-VNNOUBDJ.js:1:7223
    at eE (https://www.greencity.cx.ua/chunk-NUXSP4TM.js:11:76097)
    at Object.o [as next] (https://www.greencity.cx.ua/chunk-NUXSP4TM.js:11:76277)
    at bv.next (https://www.greencity.cx.ua/chunk-NUXSP4TM.js:7:3120)
    at Fr._next (https://www.greencity.cx.ua/chunk-NUXSP4TM.js:7:2803)
    at Fr.next (https://www.greencity.cx.ua/chunk-NUXSP4TM.js:7:2530)
    at https://www.greencity.cx.ua/chunk-NUXSP4TM.js:7:7848
    at Ac (https://www.greencity.cx.ua/chunk-NUXSP4TM.js:7:2222)
    at S0.next (https://www.greencity.cx.ua/chunk-NUXSP4TM.js:7:7687)]