[[2026-03-15T12:00:15.772Z] [SEVERE] https://www.greencity.cx.ua/#/greenCity - Not signed in with the identity provider., [2026-03-15T12:00:16.683Z] [SEVERE] https://accounts.google.com/gsi/client 81:88 "[GSI_LOGGER]: FedCM get() rejects with AbortError: signal is aborted without reason", [2026-03-15T12:00:18.170Z] [SEVERE] https://www.greencity.cx.ua/chunk-NUXSP4TM.js 10:45939 "ERROR" NullInjectorError: R3InjectorError(s)[e -> e -> e -> e]: 
  NullInjectorError: No provider for e!
    at Ip.get (https://www.greencity.cx.ua/chunk-NUXSP4TM.js:11:38580)
    at Op.get (https://www.greencity.cx.ua/chunk-NUXSP4TM.js:11:41619)
    at Op.get (https://www.greencity.cx.ua/chunk-NUXSP4TM.js:11:41619)
    at Op.get (https://www.greencity.cx.ua/chunk-NUXSP4TM.js:11:41619)
    at Op.get (https://www.greencity.cx.ua/chunk-NUXSP4TM.js:11:41619)
    at T0.get (https://www.greencity.cx.ua/chunk-NUXSP4TM.js:11:66384)
    at vI (https://www.greencity.cx.ua/chunk-NUXSP4TM.js:11:20405)
    at yI (https://www.greencity.cx.ua/chunk-NUXSP4TM.js:11:20645)
    at p (https://www.greencity.cx.ua/chunk-NUXSP4TM.js:11:52307)
    at fc.ɵfac [as factory] (https://www.greencity.cx.ua/chunk-R2CKRCT3.js:1:97963), [2026-03-15T12:00:18.171Z] [SEVERE] https://www.greencity.cx.ua/chunk-NUXSP4TM.js 10:45939 "ERROR" NullInjectorError: R3InjectorError(s)[e -> e -> e -> e]: 
  NullInjectorError: No provider for e!
    at Ip.get (https://www.greencity.cx.ua/chunk-NUXSP4TM.js:11:38580)
    at Op.get (https://www.greencity.cx.ua/chunk-NUXSP4TM.js:11:41619)
    at Op.get (https://www.greencity.cx.ua/chunk-NUXSP4TM.js:11:41619)
    at Op.get (https://www.greencity.cx.ua/chunk-NUXSP4TM.js:11:41619)
    at Op.get (https://www.greencity.cx.ua/chunk-NUXSP4TM.js:11:41619)
    at T0.get (https://www.greencity.cx.ua/chunk-NUXSP4TM.js:11:66384)
    at vI (https://www.greencity.cx.ua/chunk-NUXSP4TM.js:11:20405)
    at yI (https://www.greencity.cx.ua/chunk-NUXSP4TM.js:11:20645)
    at p (https://www.greencity.cx.ua/chunk-NUXSP4TM.js:11:52307)
    at fc.ɵfac [as factory] (https://www.greencity.cx.ua/chunk-R2CKRCT3.js:1:97963), [2026-03-15T12:00:20.490Z] [SEVERE] https://www.greencity.cx.ua/chunk-NUXSP4TM.js 10:45939 "ERROR" TypeError: Cannot read properties of null (reading 'setValue')
    at n.quillContentChanged (https://www.greencity.cx.ua/chunk-VNNOUBDJ.js:1:16043)
    at https://www.greencity.cx.ua/chunk-VNNOUBDJ.js:1:7223
    at eE (https://www.greencity.cx.ua/chunk-NUXSP4TM.js:11:76097)
    at Object.o [as next] (https://www.greencity.cx.ua/chunk-NUXSP4TM.js:11:76277)
    at bv.next (https://www.greencity.cx.ua/chunk-NUXSP4TM.js:7:3120)
    at Fr._next (https://www.greencity.cx.ua/chunk-NUXSP4TM.js:7:2803)
    at Fr.next (https://www.greencity.cx.ua/chunk-NUXSP4TM.js:7:2530)
    at https://www.greencity.cx.ua/chunk-NUXSP4TM.js:7:7848
    at Ac (https://www.greencity.cx.ua/chunk-NUXSP4TM.js:7:2222)
    at S0.next (https://www.greencity.cx.ua/chunk-NUXSP4TM.js:7:7687), [2026-03-15T12:00:20.490Z] [SEVERE] https://www.greencity.cx.ua/chunk-NUXSP4TM.js 10:45939 "ERROR" TypeError: Cannot read properties of null (reading 'setValue')
    at n.quillContentChanged (https://www.greencity.cx.ua/chunk-VNNOUBDJ.js:1:16043)
    at https://www.greencity.cx.ua/chunk-VNNOUBDJ.js:1:7223
    at eE (https://www.greencity.cx.ua/chunk-NUXSP4TM.js:11:76097)
    at Object.o [as next] (https://www.greencity.cx.ua/chunk-NUXSP4TM.js:11:76277)
    at bv.next (https://www.greencity.cx.ua/chunk-NUXSP4TM.js:7:3120)
    at Fr._next (https://www.greencity.cx.ua/chunk-NUXSP4TM.js:7:2803)
    at Fr.next (https://www.greencity.cx.ua/chunk-NUXSP4TM.js:7:2530)
    at https://www.greencity.cx.ua/chunk-NUXSP4TM.js:7:7848
    at Ac (https://www.greencity.cx.ua/chunk-NUXSP4TM.js:7:2222)
    at S0.next (https://www.greencity.cx.ua/chunk-NUXSP4TM.js:7:7687), [2026-03-15T12:00:20.490Z] [SEVERE] https://www.greencity.cx.ua/chunk-NUXSP4TM.js 10:45939 "ERROR" TypeError: Cannot read properties of null (reading 'setValue')
    at n.quillContentChanged (https://www.greencity.cx.ua/chunk-VNNOUBDJ.js:1:16043)
    at https://www.greencity.cx.ua/chunk-VNNOUBDJ.js:1:7223
    at eE (https://www.greencity.cx.ua/chunk-NUXSP4TM.js:11:76097)
    at Object.o [as next] (https://www.greencity.cx.ua/chunk-NUXSP4TM.js:11:76277)
    at bv.next (https://www.greencity.cx.ua/chunk-NUXSP4TM.js:7:3120)
    at Fr._next (https://www.greencity.cx.ua/chunk-NUXSP4TM.js:7:2803)
    at Fr.next (https://www.greencity.cx.ua/chunk-NUXSP4TM.js:7:2530)
    at https://www.greencity.cx.ua/chunk-NUXSP4TM.js:7:7848
    at Ac (https://www.greencity.cx.ua/chunk-NUXSP4TM.js:7:2222)
    at S0.next (https://www.greencity.cx.ua/chunk-NUXSP4TM.js:7:7687), [2026-03-15T12:00:20.490Z] [SEVERE] https://www.greencity.cx.ua/chunk-NUXSP4TM.js 10:45939 "ERROR" TypeError: Cannot read properties of null (reading 'setValue')
    at n.quillContentChanged (https://www.greencity.cx.ua/chunk-VNNOUBDJ.js:1:16043)
    at https://www.greencity.cx.ua/chunk-VNNOUBDJ.js:1:7223
    at eE (https://www.greencity.cx.ua/chunk-NUXSP4TM.js:11:76097)
    at Object.o [as next] (https://www.greencity.cx.ua/chunk-NUXSP4TM.js:11:76277)
    at bv.next (https://www.greencity.cx.ua/chunk-NUXSP4TM.js:7:3120)
    at Fr._next (https://www.greencity.cx.ua/chunk-NUXSP4TM.js:7:2803)
    at Fr.next (https://www.greencity.cx.ua/chunk-NUXSP4TM.js:7:2530)
    at https://www.greencity.cx.ua/chunk-NUXSP4TM.js:7:7848
    at Ac (https://www.greencity.cx.ua/chunk-NUXSP4TM.js:7:2222)
    at S0.next (https://www.greencity.cx.ua/chunk-NUXSP4TM.js:7:7687), [2026-03-15T12:00:20.491Z] [SEVERE] https://www.greencity.cx.ua/chunk-NUXSP4TM.js 10:45939 "ERROR" TypeError: Cannot read properties of null (reading 'setValue')
    at n.quillContentChanged (https://www.greencity.cx.ua/chunk-VNNOUBDJ.js:1:16043)
    at https://www.greencity.cx.ua/chunk-VNNOUBDJ.js:1:7223
    at eE (https://www.greencity.cx.ua/chunk-NUXSP4TM.js:11:76097)
    at Object.o [as next] (https://www.greencity.cx.ua/chunk-NUXSP4TM.js:11:76277)
    at bv.next (https://www.greencity.cx.ua/chunk-NUXSP4TM.js:7:3120)
    at Fr._next (https://www.greencity.cx.ua/chunk-NUXSP4TM.js:7:2803)
    at Fr.next (https://www.greencity.cx.ua/chunk-NUXSP4TM.js:7:2530)
    at https://www.greencity.cx.ua/chunk-NUXSP4TM.js:7:7848
    at Ac (https://www.greencity.cx.ua/chunk-NUXSP4TM.js:7:2222)
    at S0.next (https://www.greencity.cx.ua/chunk-NUXSP4TM.js:7:7687), [2026-03-15T12:00:20.491Z] [SEVERE] https://www.greencity.cx.ua/chunk-NUXSP4TM.js 10:45939 "ERROR" TypeError: Cannot read properties of null (reading 'setValue')
    at n.quillContentChanged (https://www.greencity.cx.ua/chunk-VNNOUBDJ.js:1:16043)
    at https://www.greencity.cx.ua/chunk-VNNOUBDJ.js:1:7223
    at eE (https://www.greencity.cx.ua/chunk-NUXSP4TM.js:11:76097)
    at Object.o [as next] (https://www.greencity.cx.ua/chunk-NUXSP4TM.js:11:76277)
    at bv.next (https://www.greencity.cx.ua/chunk-NUXSP4TM.js:7:3120)
    at Fr._next (https://www.greencity.cx.ua/chunk-NUXSP4TM.js:7:2803)
    at Fr.next (https://www.greencity.cx.ua/chunk-NUXSP4TM.js:7:2530)
    at https://www.greencity.cx.ua/chunk-NUXSP4TM.js:7:7848
    at Ac (https://www.greencity.cx.ua/chunk-NUXSP4TM.js:7:2222)
    at S0.next (https://www.greencity.cx.ua/chunk-NUXSP4TM.js:7:7687), [2026-03-15T12:00:20.491Z] [SEVERE] https://www.greencity.cx.ua/chunk-NUXSP4TM.js 10:45939 "ERROR" TypeError: Cannot read properties of null (reading 'setValue')
    at n.quillContentChanged (https://www.greencity.cx.ua/chunk-VNNOUBDJ.js:1:16043)
    at https://www.greencity.cx.ua/chunk-VNNOUBDJ.js:1:7223
    at eE (https://www.greencity.cx.ua/chunk-NUXSP4TM.js:11:76097)
    at Object.o [as next] (https://www.greencity.cx.ua/chunk-NUXSP4TM.js:11:76277)
    at bv.next (https://www.greencity.cx.ua/chunk-NUXSP4TM.js:7:3120)
    at Fr._next (https://www.greencity.cx.ua/chunk-NUXSP4TM.js:7:2803)
    at Fr.next (https://www.greencity.cx.ua/chunk-NUXSP4TM.js:7:2530)
    at https://www.greencity.cx.ua/chunk-NUXSP4TM.js:7:7848
    at Ac (https://www.greencity.cx.ua/chunk-NUXSP4TM.js:7:2222)
    at S0.next (https://www.greencity.cx.ua/chunk-NUXSP4TM.js:7:7687), [2026-03-15T12:00:20.491Z] [SEVERE] https://www.greencity.cx.ua/chunk-NUXSP4TM.js 10:45939 "ERROR" TypeError: Cannot read properties of null (reading 'setValue')
    at n.quillContentChanged (https://www.greencity.cx.ua/chunk-VNNOUBDJ.js:1:16043)
    at https://www.greencity.cx.ua/chunk-VNNOUBDJ.js:1:7223
    at eE (https://www.greencity.cx.ua/chunk-NUXSP4TM.js:11:76097)
    at Object.o [as next] (https://www.greencity.cx.ua/chunk-NUXSP4TM.js:11:76277)
    at bv.next (https://www.greencity.cx.ua/chunk-NUXSP4TM.js:7:3120)
    at Fr._next (https://www.greencity.cx.ua/chunk-NUXSP4TM.js:7:2803)
    at Fr.next (https://www.greencity.cx.ua/chunk-NUXSP4TM.js:7:2530)
    at https://www.greencity.cx.ua/chunk-NUXSP4TM.js:7:7848
    at Ac (https://www.greencity.cx.ua/chunk-NUXSP4TM.js:7:2222)
    at S0.next (https://www.greencity.cx.ua/chunk-NUXSP4TM.js:7:7687), [2026-03-15T12:00:20.491Z] [SEVERE] https://www.greencity.cx.ua/chunk-NUXSP4TM.js 10:45939 "ERROR" TypeError: Cannot read properties of null (reading 'setValue')
    at n.quillContentChanged (https://www.greencity.cx.ua/chunk-VNNOUBDJ.js:1:16043)
    at https://www.greencity.cx.ua/chunk-VNNOUBDJ.js:1:7223
    at eE (https://www.greencity.cx.ua/chunk-NUXSP4TM.js:11:76097)
    at Object.o [as next] (https://www.greencity.cx.ua/chunk-NUXSP4TM.js:11:76277)
    at bv.next (https://www.greencity.cx.ua/chunk-NUXSP4TM.js:7:3120)
    at Fr._next (https://www.greencity.cx.ua/chunk-NUXSP4TM.js:7:2803)
    at Fr.next (https://www.greencity.cx.ua/chunk-NUXSP4TM.js:7:2530)
    at https://www.greencity.cx.ua/chunk-NUXSP4TM.js:7:7848
    at Ac (https://www.greencity.cx.ua/chunk-NUXSP4TM.js:7:2222)
    at S0.next (https://www.greencity.cx.ua/chunk-NUXSP4TM.js:7:7687), [2026-03-15T12:00:20.491Z] [SEVERE] https://www.greencity.cx.ua/chunk-NUXSP4TM.js 10:45939 "ERROR" TypeError: Cannot read properties of null (reading 'setValue')
    at n.quillContentChanged (https://www.greencity.cx.ua/chunk-VNNOUBDJ.js:1:16043)
    at https://www.greencity.cx.ua/chunk-VNNOUBDJ.js:1:7223
    at eE (https://www.greencity.cx.ua/chunk-NUXSP4TM.js:11:76097)
    at Object.o [as next] (https://www.greencity.cx.ua/chunk-NUXSP4TM.js:11:76277)
    at bv.next (https://www.greencity.cx.ua/chunk-NUXSP4TM.js:7:3120)
    at Fr._next (https://www.greencity.cx.ua/chunk-NUXSP4TM.js:7:2803)
    at Fr.next (https://www.greencity.cx.ua/chunk-NUXSP4TM.js:7:2530)
    at https://www.greencity.cx.ua/chunk-NUXSP4TM.js:7:7848
    at Ac (https://www.greencity.cx.ua/chunk-NUXSP4TM.js:7:2222)
    at S0.next (https://www.greencity.cx.ua/chunk-NUXSP4TM.js:7:7687), [2026-03-15T12:00:20.492Z] [SEVERE] https://www.greencity.cx.ua/chunk-NUXSP4TM.js 10:45939 "ERROR" TypeError: Cannot read properties of null (reading 'setValue')
    at n.quillContentChanged (https://www.greencity.cx.ua/chunk-VNNOUBDJ.js:1:16043)
    at https://www.greencity.cx.ua/chunk-VNNOUBDJ.js:1:7223
    at eE (https://www.greencity.cx.ua/chunk-NUXSP4TM.js:11:76097)
    at Object.o [as next] (https://www.greencity.cx.ua/chunk-NUXSP4TM.js:11:76277)
    at bv.next (https://www.greencity.cx.ua/chunk-NUXSP4TM.js:7:3120)
    at Fr._next (https://www.greencity.cx.ua/chunk-NUXSP4TM.js:7:2803)
    at Fr.next (https://www.greencity.cx.ua/chunk-NUXSP4TM.js:7:2530)
    at https://www.greencity.cx.ua/chunk-NUXSP4TM.js:7:7848
    at Ac (https://www.greencity.cx.ua/chunk-NUXSP4TM.js:7:2222)
    at S0.next (https://www.greencity.cx.ua/chunk-NUXSP4TM.js:7:7687), [2026-03-15T12:00:20.492Z] [SEVERE] https://www.greencity.cx.ua/chunk-NUXSP4TM.js 10:45939 "ERROR" TypeError: Cannot read properties of null (reading 'setValue')
    at n.quillContentChanged (https://www.greencity.cx.ua/chunk-VNNOUBDJ.js:1:16043)
    at https://www.greencity.cx.ua/chunk-VNNOUBDJ.js:1:7223
    at eE (https://www.greencity.cx.ua/chunk-NUXSP4TM.js:11:76097)
    at Object.o [as next] (https://www.greencity.cx.ua/chunk-NUXSP4TM.js:11:76277)
    at bv.next (https://www.greencity.cx.ua/chunk-NUXSP4TM.js:7:3120)
    at Fr._next (https://www.greencity.cx.ua/chunk-NUXSP4TM.js:7:2803)
    at Fr.next (https://www.greencity.cx.ua/chunk-NUXSP4TM.js:7:2530)
    at https://www.greencity.cx.ua/chunk-NUXSP4TM.js:7:7848
    at Ac (https://www.greencity.cx.ua/chunk-NUXSP4TM.js:7:2222)
    at S0.next (https://www.greencity.cx.ua/chunk-NUXSP4TM.js:7:7687), [2026-03-15T12:00:20.492Z] [SEVERE] https://www.greencity.cx.ua/chunk-NUXSP4TM.js 10:45939 "ERROR" TypeError: Cannot read properties of null (reading 'setValue')
    at n.quillContentChanged (https://www.greencity.cx.ua/chunk-VNNOUBDJ.js:1:16043)
    at https://www.greencity.cx.ua/chunk-VNNOUBDJ.js:1:7223
    at eE (https://www.greencity.cx.ua/chunk-NUXSP4TM.js:11:76097)
    at Object.o [as next] (https://www.greencity.cx.ua/chunk-NUXSP4TM.js:11:76277)
    at bv.next (https://www.greencity.cx.ua/chunk-NUXSP4TM.js:7:3120)
    at Fr._next (https://www.greencity.cx.ua/chunk-NUXSP4TM.js:7:2803)
    at Fr.next (https://www.greencity.cx.ua/chunk-NUXSP4TM.js:7:2530)
    at https://www.greencity.cx.ua/chunk-NUXSP4TM.js:7:7848
    at Ac (https://www.greencity.cx.ua/chunk-NUXSP4TM.js:7:2222)
    at S0.next (https://www.greencity.cx.ua/chunk-NUXSP4TM.js:7:7687), [2026-03-15T12:00:20.492Z] [SEVERE] https://www.greencity.cx.ua/chunk-NUXSP4TM.js 10:45939 "ERROR" TypeError: Cannot read properties of null (reading 'setValue')
    at n.quillContentChanged (https://www.greencity.cx.ua/chunk-VNNOUBDJ.js:1:16043)
    at https://www.greencity.cx.ua/chunk-VNNOUBDJ.js:1:7223
    at eE (https://www.greencity.cx.ua/chunk-NUXSP4TM.js:11:76097)
    at Object.o [as next] (https://www.greencity.cx.ua/chunk-NUXSP4TM.js:11:76277)
    at bv.next (https://www.greencity.cx.ua/chunk-NUXSP4TM.js:7:3120)
    at Fr._next (https://www.greencity.cx.ua/chunk-NUXSP4TM.js:7:2803)
    at Fr.next (https://www.greencity.cx.ua/chunk-NUXSP4TM.js:7:2530)
    at https://www.greencity.cx.ua/chunk-NUXSP4TM.js:7:7848
    at Ac (https://www.greencity.cx.ua/chunk-NUXSP4TM.js:7:2222)
    at S0.next (https://www.greencity.cx.ua/chunk-NUXSP4TM.js:7:7687), [2026-03-15T12:00:20.492Z] [SEVERE] https://www.greencity.cx.ua/chunk-NUXSP4TM.js 10:45939 "ERROR" TypeError: Cannot read properties of null (reading 'setValue')
    at n.quillContentChanged (https://www.greencity.cx.ua/chunk-VNNOUBDJ.js:1:16043)
    at https://www.greencity.cx.ua/chunk-VNNOUBDJ.js:1:7223
    at eE (https://www.greencity.cx.ua/chunk-NUXSP4TM.js:11:76097)
    at Object.o [as next] (https://www.greencity.cx.ua/chunk-NUXSP4TM.js:11:76277)
    at bv.next (https://www.greencity.cx.ua/chunk-NUXSP4TM.js:7:3120)
    at Fr._next (https://www.greencity.cx.ua/chunk-NUXSP4TM.js:7:2803)
    at Fr.next (https://www.greencity.cx.ua/chunk-NUXSP4TM.js:7:2530)
    at https://www.greencity.cx.ua/chunk-NUXSP4TM.js:7:7848
    at Ac (https://www.greencity.cx.ua/chunk-NUXSP4TM.js:7:2222)
    at S0.next (https://www.greencity.cx.ua/chunk-NUXSP4TM.js:7:7687), [2026-03-15T12:00:20.492Z] [SEVERE] https://www.greencity.cx.ua/chunk-NUXSP4TM.js 10:45939 "ERROR" TypeError: Cannot read properties of null (reading 'setValue')
    at n.quillContentChanged (https://www.greencity.cx.ua/chunk-VNNOUBDJ.js:1:16043)
    at https://www.greencity.cx.ua/chunk-VNNOUBDJ.js:1:7223
    at eE (https://www.greencity.cx.ua/chunk-NUXSP4TM.js:11:76097)
    at Object.o [as next] (https://www.greencity.cx.ua/chunk-NUXSP4TM.js:11:76277)
    at bv.next (https://www.greencity.cx.ua/chunk-NUXSP4TM.js:7:3120)
    at Fr._next (https://www.greencity.cx.ua/chunk-NUXSP4TM.js:7:2803)
    at Fr.next (https://www.greencity.cx.ua/chunk-NUXSP4TM.js:7:2530)
    at https://www.greencity.cx.ua/chunk-NUXSP4TM.js:7:7848
    at Ac (https://www.greencity.cx.ua/chunk-NUXSP4TM.js:7:2222)
    at S0.next (https://www.greencity.cx.ua/chunk-NUXSP4TM.js:7:7687), [2026-03-15T12:00:20.493Z] [SEVERE] https://www.greencity.cx.ua/chunk-NUXSP4TM.js 10:45939 "ERROR" TypeError: Cannot read properties of null (reading 'setValue')
    at n.quillContentChanged (https://www.greencity.cx.ua/chunk-VNNOUBDJ.js:1:16043)
    at https://www.greencity.cx.ua/chunk-VNNOUBDJ.js:1:7223
    at eE (https://www.greencity.cx.ua/chunk-NUXSP4TM.js:11:76097)
    at Object.o [as next] (https://www.greencity.cx.ua/chunk-NUXSP4TM.js:11:76277)
    at bv.next (https://www.greencity.cx.ua/chunk-NUXSP4TM.js:7:3120)
    at Fr._next (https://www.greencity.cx.ua/chunk-NUXSP4TM.js:7:2803)
    at Fr.next (https://www.greencity.cx.ua/chunk-NUXSP4TM.js:7:2530)
    at https://www.greencity.cx.ua/chunk-NUXSP4TM.js:7:7848
    at Ac (https://www.greencity.cx.ua/chunk-NUXSP4TM.js:7:2222)
    at S0.next (https://www.greencity.cx.ua/chunk-NUXSP4TM.js:7:7687), [2026-03-15T12:00:20.493Z] [SEVERE] https://www.greencity.cx.ua/chunk-NUXSP4TM.js 10:45939 "ERROR" TypeError: Cannot read properties of null (reading 'setValue')
    at n.quillContentChanged (https://www.greencity.cx.ua/chunk-VNNOUBDJ.js:1:16043)
    at https://www.greencity.cx.ua/chunk-VNNOUBDJ.js:1:7223
    at eE (https://www.greencity.cx.ua/chunk-NUXSP4TM.js:11:76097)
    at Object.o [as next] (https://www.greencity.cx.ua/chunk-NUXSP4TM.js:11:76277)
    at bv.next (https://www.greencity.cx.ua/chunk-NUXSP4TM.js:7:3120)
    at Fr._next (https://www.greencity.cx.ua/chunk-NUXSP4TM.js:7:2803)
    at Fr.next (https://www.greencity.cx.ua/chunk-NUXSP4TM.js:7:2530)
    at https://www.greencity.cx.ua/chunk-NUXSP4TM.js:7:7848
    at Ac (https://www.greencity.cx.ua/chunk-NUXSP4TM.js:7:2222)
    at S0.next (https://www.greencity.cx.ua/chunk-NUXSP4TM.js:7:7687), [2026-03-15T12:00:20.493Z] [SEVERE] https://www.greencity.cx.ua/chunk-NUXSP4TM.js 10:45939 "ERROR" TypeError: Cannot read properties of null (reading 'setValue')
    at n.quillContentChanged (https://www.greencity.cx.ua/chunk-VNNOUBDJ.js:1:16043)
    at https://www.greencity.cx.ua/chunk-VNNOUBDJ.js:1:7223
    at eE (https://www.greencity.cx.ua/chunk-NUXSP4TM.js:11:76097)
    at Object.o [as next] (https://www.greencity.cx.ua/chunk-NUXSP4TM.js:11:76277)
    at bv.next (https://www.greencity.cx.ua/chunk-NUXSP4TM.js:7:3120)
    at Fr._next (https://www.greencity.cx.ua/chunk-NUXSP4TM.js:7:2803)
    at Fr.next (https://www.greencity.cx.ua/chunk-NUXSP4TM.js:7:2530)
    at https://www.greencity.cx.ua/chunk-NUXSP4TM.js:7:7848
    at Ac (https://www.greencity.cx.ua/chunk-NUXSP4TM.js:7:2222)
    at S0.next (https://www.greencity.cx.ua/chunk-NUXSP4TM.js:7:7687), [2026-03-15T12:00:20.493Z] [SEVERE] https://www.greencity.cx.ua/chunk-NUXSP4TM.js 10:45939 "ERROR" TypeError: Cannot read properties of null (reading 'setValue')
    at n.quillContentChanged (https://www.greencity.cx.ua/chunk-VNNOUBDJ.js:1:16043)
    at https://www.greencity.cx.ua/chunk-VNNOUBDJ.js:1:7223
    at eE (https://www.greencity.cx.ua/chunk-NUXSP4TM.js:11:76097)
    at Object.o [as next] (https://www.greencity.cx.ua/chunk-NUXSP4TM.js:11:76277)
    at bv.next (https://www.greencity.cx.ua/chunk-NUXSP4TM.js:7:3120)
    at Fr._next (https://www.greencity.cx.ua/chunk-NUXSP4TM.js:7:2803)
    at Fr.next (https://www.greencity.cx.ua/chunk-NUXSP4TM.js:7:2530)
    at https://www.greencity.cx.ua/chunk-NUXSP4TM.js:7:7848
    at Ac (https://www.greencity.cx.ua/chunk-NUXSP4TM.js:7:2222)
    at S0.next (https://www.greencity.cx.ua/chunk-NUXSP4TM.js:7:7687), [2026-03-15T12:00:20.493Z] [SEVERE] https://www.greencity.cx.ua/chunk-NUXSP4TM.js 10:45939 "ERROR" TypeError: Cannot read properties of null (reading 'setValue')
    at n.quillContentChanged (https://www.greencity.cx.ua/chunk-VNNOUBDJ.js:1:16043)
    at https://www.greencity.cx.ua/chunk-VNNOUBDJ.js:1:7223
    at eE (https://www.greencity.cx.ua/chunk-NUXSP4TM.js:11:76097)
    at Object.o [as next] (https://www.greencity.cx.ua/chunk-NUXSP4TM.js:11:76277)
    at bv.next (https://www.greencity.cx.ua/chunk-NUXSP4TM.js:7:3120)
    at Fr._next (https://www.greencity.cx.ua/chunk-NUXSP4TM.js:7:2803)
    at Fr.next (https://www.greencity.cx.ua/chunk-NUXSP4TM.js:7:2530)
    at https://www.greencity.cx.ua/chunk-NUXSP4TM.js:7:7848
    at Ac (https://www.greencity.cx.ua/chunk-NUXSP4TM.js:7:2222)
    at S0.next (https://www.greencity.cx.ua/chunk-NUXSP4TM.js:7:7687), [2026-03-15T12:00:20.494Z] [SEVERE] https://www.greencity.cx.ua/chunk-NUXSP4TM.js 10:45939 "ERROR" TypeError: Cannot read properties of null (reading 'setValue')
    at n.quillContentChanged (https://www.greencity.cx.ua/chunk-VNNOUBDJ.js:1:16043)
    at https://www.greencity.cx.ua/chunk-VNNOUBDJ.js:1:7223
    at eE (https://www.greencity.cx.ua/chunk-NUXSP4TM.js:11:76097)
    at Object.o [as next] (https://www.greencity.cx.ua/chunk-NUXSP4TM.js:11:76277)
    at bv.next (https://www.greencity.cx.ua/chunk-NUXSP4TM.js:7:3120)
    at Fr._next (https://www.greencity.cx.ua/chunk-NUXSP4TM.js:7:2803)
    at Fr.next (https://www.greencity.cx.ua/chunk-NUXSP4TM.js:7:2530)
    at https://www.greencity.cx.ua/chunk-NUXSP4TM.js:7:7848
    at Ac (https://www.greencity.cx.ua/chunk-NUXSP4TM.js:7:2222)
    at S0.next (https://www.greencity.cx.ua/chunk-NUXSP4TM.js:7:7687), [2026-03-15T12:00:20.494Z] [SEVERE] https://www.greencity.cx.ua/chunk-NUXSP4TM.js 10:45939 "ERROR" TypeError: Cannot read properties of null (reading 'setValue')
    at n.quillContentChanged (https://www.greencity.cx.ua/chunk-VNNOUBDJ.js:1:16043)
    at https://www.greencity.cx.ua/chunk-VNNOUBDJ.js:1:7223
    at eE (https://www.greencity.cx.ua/chunk-NUXSP4TM.js:11:76097)
    at Object.o [as next] (https://www.greencity.cx.ua/chunk-NUXSP4TM.js:11:76277)
    at bv.next (https://www.greencity.cx.ua/chunk-NUXSP4TM.js:7:3120)
    at Fr._next (https://www.greencity.cx.ua/chunk-NUXSP4TM.js:7:2803)
    at Fr.next (https://www.greencity.cx.ua/chunk-NUXSP4TM.js:7:2530)
    at https://www.greencity.cx.ua/chunk-NUXSP4TM.js:7:7848
    at Ac (https://www.greencity.cx.ua/chunk-NUXSP4TM.js:7:2222)
    at S0.next (https://www.greencity.cx.ua/chunk-NUXSP4TM.js:7:7687), [2026-03-15T12:00:20.494Z] [SEVERE] https://www.greencity.cx.ua/chunk-NUXSP4TM.js 10:45939 "ERROR" TypeError: Cannot read properties of null (reading 'setValue')
    at n.quillContentChanged (https://www.greencity.cx.ua/chunk-VNNOUBDJ.js:1:16043)
    at https://www.greencity.cx.ua/chunk-VNNOUBDJ.js:1:7223
    at eE (https://www.greencity.cx.ua/chunk-NUXSP4TM.js:11:76097)
    at Object.o [as next] (https://www.greencity.cx.ua/chunk-NUXSP4TM.js:11:76277)
    at bv.next (https://www.greencity.cx.ua/chunk-NUXSP4TM.js:7:3120)
    at Fr._next (https://www.greencity.cx.ua/chunk-NUXSP4TM.js:7:2803)
    at Fr.next (https://www.greencity.cx.ua/chunk-NUXSP4TM.js:7:2530)
    at https://www.greencity.cx.ua/chunk-NUXSP4TM.js:7:7848
    at Ac (https://www.greencity.cx.ua/chunk-NUXSP4TM.js:7:2222)
    at S0.next (https://www.greencity.cx.ua/chunk-NUXSP4TM.js:7:7687), [2026-03-15T12:00:20.494Z] [SEVERE] https://www.greencity.cx.ua/chunk-NUXSP4TM.js 10:45939 "ERROR" TypeError: Cannot read properties of null (reading 'setValue')
    at n.quillContentChanged (https://www.greencity.cx.ua/chunk-VNNOUBDJ.js:1:16043)
    at https://www.greencity.cx.ua/chunk-VNNOUBDJ.js:1:7223
    at eE (https://www.greencity.cx.ua/chunk-NUXSP4TM.js:11:76097)
    at Object.o [as next] (https://www.greencity.cx.ua/chunk-NUXSP4TM.js:11:76277)
    at bv.next (https://www.greencity.cx.ua/chunk-NUXSP4TM.js:7:3120)
    at Fr._next (https://www.greencity.cx.ua/chunk-NUXSP4TM.js:7:2803)
    at Fr.next (https://www.greencity.cx.ua/chunk-NUXSP4TM.js:7:2530)
    at https://www.greencity.cx.ua/chunk-NUXSP4TM.js:7:7848
    at Ac (https://www.greencity.cx.ua/chunk-NUXSP4TM.js:7:2222)
    at S0.next (https://www.greencity.cx.ua/chunk-NUXSP4TM.js:7:7687), [2026-03-15T12:00:20.494Z] [SEVERE] https://www.greencity.cx.ua/chunk-NUXSP4TM.js 10:45939 "ERROR" TypeError: Cannot read properties of null (reading 'setValue')
    at n.quillContentChanged (https://www.greencity.cx.ua/chunk-VNNOUBDJ.js:1:16043)
    at https://www.greencity.cx.ua/chunk-VNNOUBDJ.js:1:7223
    at eE (https://www.greencity.cx.ua/chunk-NUXSP4TM.js:11:76097)
    at Object.o [as next] (https://www.greencity.cx.ua/chunk-NUXSP4TM.js:11:76277)
    at bv.next (https://www.greencity.cx.ua/chunk-NUXSP4TM.js:7:3120)
    at Fr._next (https://www.greencity.cx.ua/chunk-NUXSP4TM.js:7:2803)
    at Fr.next (https://www.greencity.cx.ua/chunk-NUXSP4TM.js:7:2530)
    at https://www.greencity.cx.ua/chunk-NUXSP4TM.js:7:7848
    at Ac (https://www.greencity.cx.ua/chunk-NUXSP4TM.js:7:2222)
    at S0.next (https://www.greencity.cx.ua/chunk-NUXSP4TM.js:7:7687), [2026-03-15T12:00:20.494Z] [SEVERE] https://www.greencity.cx.ua/chunk-NUXSP4TM.js 10:45939 "ERROR" TypeError: Cannot read properties of null (reading 'setValue')
    at n.quillContentChanged (https://www.greencity.cx.ua/chunk-VNNOUBDJ.js:1:16043)
    at https://www.greencity.cx.ua/chunk-VNNOUBDJ.js:1:7223
    at eE (https://www.greencity.cx.ua/chunk-NUXSP4TM.js:11:76097)
    at Object.o [as next] (https://www.greencity.cx.ua/chunk-NUXSP4TM.js:11:76277)
    at bv.next (https://www.greencity.cx.ua/chunk-NUXSP4TM.js:7:3120)
    at Fr._next (https://www.greencity.cx.ua/chunk-NUXSP4TM.js:7:2803)
    at Fr.next (https://www.greencity.cx.ua/chunk-NUXSP4TM.js:7:2530)
    at https://www.greencity.cx.ua/chunk-NUXSP4TM.js:7:7848
    at Ac (https://www.greencity.cx.ua/chunk-NUXSP4TM.js:7:2222)
    at S0.next (https://www.greencity.cx.ua/chunk-NUXSP4TM.js:7:7687), [2026-03-15T12:00:20.494Z] [SEVERE] https://www.greencity.cx.ua/chunk-NUXSP4TM.js 10:45939 "ERROR" TypeError: Cannot read properties of null (reading 'setValue')
    at n.quillContentChanged (https://www.greencity.cx.ua/chunk-VNNOUBDJ.js:1:16043)
    at https://www.greencity.cx.ua/chunk-VNNOUBDJ.js:1:7223
    at eE (https://www.greencity.cx.ua/chunk-NUXSP4TM.js:11:76097)
    at Object.o [as next] (https://www.greencity.cx.ua/chunk-NUXSP4TM.js:11:76277)
    at bv.next (https://www.greencity.cx.ua/chunk-NUXSP4TM.js:7:3120)
    at Fr._next (https://www.greencity.cx.ua/chunk-NUXSP4TM.js:7:2803)
    at Fr.next (https://www.greencity.cx.ua/chunk-NUXSP4TM.js:7:2530)
    at https://www.greencity.cx.ua/chunk-NUXSP4TM.js:7:7848
    at Ac (https://www.greencity.cx.ua/chunk-NUXSP4TM.js:7:2222)
    at S0.next (https://www.greencity.cx.ua/chunk-NUXSP4TM.js:7:7687), [2026-03-15T12:00:20.495Z] [SEVERE] https://www.greencity.cx.ua/chunk-NUXSP4TM.js 10:45939 "ERROR" TypeError: Cannot read properties of null (reading 'setValue')
    at n.quillContentChanged (https://www.greencity.cx.ua/chunk-VNNOUBDJ.js:1:16043)
    at https://www.greencity.cx.ua/chunk-VNNOUBDJ.js:1:7223
    at eE (https://www.greencity.cx.ua/chunk-NUXSP4TM.js:11:76097)
    at Object.o [as next] (https://www.greencity.cx.ua/chunk-NUXSP4TM.js:11:76277)
    at bv.next (https://www.greencity.cx.ua/chunk-NUXSP4TM.js:7:3120)
    at Fr._next (https://www.greencity.cx.ua/chunk-NUXSP4TM.js:7:2803)
    at Fr.next (https://www.greencity.cx.ua/chunk-NUXSP4TM.js:7:2530)
    at https://www.greencity.cx.ua/chunk-NUXSP4TM.js:7:7848
    at Ac (https://www.greencity.cx.ua/chunk-NUXSP4TM.js:7:2222)
    at S0.next (https://www.greencity.cx.ua/chunk-NUXSP4TM.js:7:7687), [2026-03-15T12:00:20.495Z] [SEVERE] https://www.greencity.cx.ua/chunk-NUXSP4TM.js 10:45939 "ERROR" TypeError: Cannot read properties of null (reading 'setValue')
    at n.quillContentChanged (https://www.greencity.cx.ua/chunk-VNNOUBDJ.js:1:16043)
    at https://www.greencity.cx.ua/chunk-VNNOUBDJ.js:1:7223
    at eE (https://www.greencity.cx.ua/chunk-NUXSP4TM.js:11:76097)
    at Object.o [as next] (https://www.greencity.cx.ua/chunk-NUXSP4TM.js:11:76277)
    at bv.next (https://www.greencity.cx.ua/chunk-NUXSP4TM.js:7:3120)
    at Fr._next (https://www.greencity.cx.ua/chunk-NUXSP4TM.js:7:2803)
    at Fr.next (https://www.greencity.cx.ua/chunk-NUXSP4TM.js:7:2530)
    at https://www.greencity.cx.ua/chunk-NUXSP4TM.js:7:7848
    at Ac (https://www.greencity.cx.ua/chunk-NUXSP4TM.js:7:2222)
    at S0.next (https://www.greencity.cx.ua/chunk-NUXSP4TM.js:7:7687), [2026-03-15T12:00:20.495Z] [SEVERE] https://www.greencity.cx.ua/chunk-NUXSP4TM.js 10:45939 "ERROR" TypeError: Cannot read properties of null (reading 'setValue')
    at n.quillContentChanged (https://www.greencity.cx.ua/chunk-VNNOUBDJ.js:1:16043)
    at https://www.greencity.cx.ua/chunk-VNNOUBDJ.js:1:7223
    at eE (https://www.greencity.cx.ua/chunk-NUXSP4TM.js:11:76097)
    at Object.o [as next] (https://www.greencity.cx.ua/chunk-NUXSP4TM.js:11:76277)
    at bv.next (https://www.greencity.cx.ua/chunk-NUXSP4TM.js:7:3120)
    at Fr._next (https://www.greencity.cx.ua/chunk-NUXSP4TM.js:7:2803)
    at Fr.next (https://www.greencity.cx.ua/chunk-NUXSP4TM.js:7:2530)
    at https://www.greencity.cx.ua/chunk-NUXSP4TM.js:7:7848
    at Ac (https://www.greencity.cx.ua/chunk-NUXSP4TM.js:7:2222)
    at S0.next (https://www.greencity.cx.ua/chunk-NUXSP4TM.js:7:7687), [2026-03-15T12:00:20.495Z] [SEVERE] https://www.greencity.cx.ua/chunk-NUXSP4TM.js 10:45939 "ERROR" TypeError: Cannot read properties of null (reading 'setValue')
    at n.quillContentChanged (https://www.greencity.cx.ua/chunk-VNNOUBDJ.js:1:16043)
    at https://www.greencity.cx.ua/chunk-VNNOUBDJ.js:1:7223
    at eE (https://www.greencity.cx.ua/chunk-NUXSP4TM.js:11:76097)
    at Object.o [as next] (https://www.greencity.cx.ua/chunk-NUXSP4TM.js:11:76277)
    at bv.next (https://www.greencity.cx.ua/chunk-NUXSP4TM.js:7:3120)
    at Fr._next (https://www.greencity.cx.ua/chunk-NUXSP4TM.js:7:2803)
    at Fr.next (https://www.greencity.cx.ua/chunk-NUXSP4TM.js:7:2530)
    at https://www.greencity.cx.ua/chunk-NUXSP4TM.js:7:7848
    at Ac (https://www.greencity.cx.ua/chunk-NUXSP4TM.js:7:2222)
    at S0.next (https://www.greencity.cx.ua/chunk-NUXSP4TM.js:7:7687), [2026-03-15T12:00:20.495Z] [SEVERE] https://www.greencity.cx.ua/chunk-NUXSP4TM.js 10:45939 "ERROR" TypeError: Cannot read properties of null (reading 'setValue')
    at n.quillContentChanged (https://www.greencity.cx.ua/chunk-VNNOUBDJ.js:1:16043)
    at https://www.greencity.cx.ua/chunk-VNNOUBDJ.js:1:7223
    at eE (https://www.greencity.cx.ua/chunk-NUXSP4TM.js:11:76097)
    at Object.o [as next] (https://www.greencity.cx.ua/chunk-NUXSP4TM.js:11:76277)
    at bv.next (https://www.greencity.cx.ua/chunk-NUXSP4TM.js:7:3120)
    at Fr._next (https://www.greencity.cx.ua/chunk-NUXSP4TM.js:7:2803)
    at Fr.next (https://www.greencity.cx.ua/chunk-NUXSP4TM.js:7:2530)
    at https://www.greencity.cx.ua/chunk-NUXSP4TM.js:7:7848
    at Ac (https://www.greencity.cx.ua/chunk-NUXSP4TM.js:7:2222)
    at S0.next (https://www.greencity.cx.ua/chunk-NUXSP4TM.js:7:7687), [2026-03-15T12:00:20.495Z] [SEVERE] https://www.greencity.cx.ua/chunk-NUXSP4TM.js 10:45939 "ERROR" TypeError: Cannot read properties of null (reading 'setValue')
    at n.quillContentChanged (https://www.greencity.cx.ua/chunk-VNNOUBDJ.js:1:16043)
    at https://www.greencity.cx.ua/chunk-VNNOUBDJ.js:1:7223
    at eE (https://www.greencity.cx.ua/chunk-NUXSP4TM.js:11:76097)
    at Object.o [as next] (https://www.greencity.cx.ua/chunk-NUXSP4TM.js:11:76277)
    at bv.next (https://www.greencity.cx.ua/chunk-NUXSP4TM.js:7:3120)
    at Fr._next (https://www.greencity.cx.ua/chunk-NUXSP4TM.js:7:2803)
    at Fr.next (https://www.greencity.cx.ua/chunk-NUXSP4TM.js:7:2530)
    at https://www.greencity.cx.ua/chunk-NUXSP4TM.js:7:7848
    at Ac (https://www.greencity.cx.ua/chunk-NUXSP4TM.js:7:2222)
    at S0.next (https://www.greencity.cx.ua/chunk-NUXSP4TM.js:7:7687), [2026-03-15T12:00:20.495Z] [SEVERE] https://www.greencity.cx.ua/chunk-NUXSP4TM.js 10:45939 "ERROR" TypeError: Cannot read properties of null (reading 'setValue')
    at n.quillContentChanged (https://www.greencity.cx.ua/chunk-VNNOUBDJ.js:1:16043)
    at https://www.greencity.cx.ua/chunk-VNNOUBDJ.js:1:7223
    at eE (https://www.greencity.cx.ua/chunk-NUXSP4TM.js:11:76097)
    at Object.o [as next] (https://www.greencity.cx.ua/chunk-NUXSP4TM.js:11:76277)
    at bv.next (https://www.greencity.cx.ua/chunk-NUXSP4TM.js:7:3120)
    at Fr._next (https://www.greencity.cx.ua/chunk-NUXSP4TM.js:7:2803)
    at Fr.next (https://www.greencity.cx.ua/chunk-NUXSP4TM.js:7:2530)
    at https://www.greencity.cx.ua/chunk-NUXSP4TM.js:7:7848
    at Ac (https://www.greencity.cx.ua/chunk-NUXSP4TM.js:7:2222)
    at S0.next (https://www.greencity.cx.ua/chunk-NUXSP4TM.js:7:7687), [2026-03-15T12:00:20.496Z] [SEVERE] https://www.greencity.cx.ua/chunk-NUXSP4TM.js 10:45939 "ERROR" TypeError: Cannot read properties of null (reading 'setValue')
    at n.quillContentChanged (https://www.greencity.cx.ua/chunk-VNNOUBDJ.js:1:16043)
    at https://www.greencity.cx.ua/chunk-VNNOUBDJ.js:1:7223
    at eE (https://www.greencity.cx.ua/chunk-NUXSP4TM.js:11:76097)
    at Object.o [as next] (https://www.greencity.cx.ua/chunk-NUXSP4TM.js:11:76277)
    at bv.next (https://www.greencity.cx.ua/chunk-NUXSP4TM.js:7:3120)
    at Fr._next (https://www.greencity.cx.ua/chunk-NUXSP4TM.js:7:2803)
    at Fr.next (https://www.greencity.cx.ua/chunk-NUXSP4TM.js:7:2530)
    at https://www.greencity.cx.ua/chunk-NUXSP4TM.js:7:7848
    at Ac (https://www.greencity.cx.ua/chunk-NUXSP4TM.js:7:2222)
    at S0.next (https://www.greencity.cx.ua/chunk-NUXSP4TM.js:7:7687), [2026-03-15T12:00:20.496Z] [SEVERE] https://www.greencity.cx.ua/chunk-NUXSP4TM.js 10:45939 "ERROR" TypeError: Cannot read properties of null (reading 'setValue')
    at n.quillContentChanged (https://www.greencity.cx.ua/chunk-VNNOUBDJ.js:1:16043)
    at https://www.greencity.cx.ua/chunk-VNNOUBDJ.js:1:7223
    at eE (https://www.greencity.cx.ua/chunk-NUXSP4TM.js:11:76097)
    at Object.o [as next] (https://www.greencity.cx.ua/chunk-NUXSP4TM.js:11:76277)
    at bv.next (https://www.greencity.cx.ua/chunk-NUXSP4TM.js:7:3120)
    at Fr._next (https://www.greencity.cx.ua/chunk-NUXSP4TM.js:7:2803)
    at Fr.next (https://www.greencity.cx.ua/chunk-NUXSP4TM.js:7:2530)
    at https://www.greencity.cx.ua/chunk-NUXSP4TM.js:7:7848
    at Ac (https://www.greencity.cx.ua/chunk-NUXSP4TM.js:7:2222)
    at S0.next (https://www.greencity.cx.ua/chunk-NUXSP4TM.js:7:7687), [2026-03-15T12:00:20.496Z] [SEVERE] https://www.greencity.cx.ua/chunk-NUXSP4TM.js 10:45939 "ERROR" TypeError: Cannot read properties of null (reading 'setValue')
    at n.quillContentChanged (https://www.greencity.cx.ua/chunk-VNNOUBDJ.js:1:16043)
    at https://www.greencity.cx.ua/chunk-VNNOUBDJ.js:1:7223
    at eE (https://www.greencity.cx.ua/chunk-NUXSP4TM.js:11:76097)
    at Object.o [as next] (https://www.greencity.cx.ua/chunk-NUXSP4TM.js:11:76277)
    at bv.next (https://www.greencity.cx.ua/chunk-NUXSP4TM.js:7:3120)
    at Fr._next (https://www.greencity.cx.ua/chunk-NUXSP4TM.js:7:2803)
    at Fr.next (https://www.greencity.cx.ua/chunk-NUXSP4TM.js:7:2530)
    at https://www.greencity.cx.ua/chunk-NUXSP4TM.js:7:7848
    at Ac (https://www.greencity.cx.ua/chunk-NUXSP4TM.js:7:2222)
    at S0.next (https://www.greencity.cx.ua/chunk-NUXSP4TM.js:7:7687), [2026-03-15T12:00:20.496Z] [SEVERE] https://www.greencity.cx.ua/chunk-NUXSP4TM.js 10:45939 "ERROR" TypeError: Cannot read properties of null (reading 'setValue')
    at n.quillContentChanged (https://www.greencity.cx.ua/chunk-VNNOUBDJ.js:1:16043)
    at https://www.greencity.cx.ua/chunk-VNNOUBDJ.js:1:7223
    at eE (https://www.greencity.cx.ua/chunk-NUXSP4TM.js:11:76097)
    at Object.o [as next] (https://www.greencity.cx.ua/chunk-NUXSP4TM.js:11:76277)
    at bv.next (https://www.greencity.cx.ua/chunk-NUXSP4TM.js:7:3120)
    at Fr._next (https://www.greencity.cx.ua/chunk-NUXSP4TM.js:7:2803)
    at Fr.next (https://www.greencity.cx.ua/chunk-NUXSP4TM.js:7:2530)
    at https://www.greencity.cx.ua/chunk-NUXSP4TM.js:7:7848
    at Ac (https://www.greencity.cx.ua/chunk-NUXSP4TM.js:7:2222)
    at S0.next (https://www.greencity.cx.ua/chunk-NUXSP4TM.js:7:7687), [2026-03-15T12:00:20.496Z] [SEVERE] https://www.greencity.cx.ua/chunk-NUXSP4TM.js 10:45939 "ERROR" TypeError: Cannot read properties of null (reading 'setValue')
    at n.quillContentChanged (https://www.greencity.cx.ua/chunk-VNNOUBDJ.js:1:16043)
    at https://www.greencity.cx.ua/chunk-VNNOUBDJ.js:1:7223
    at eE (https://www.greencity.cx.ua/chunk-NUXSP4TM.js:11:76097)
    at Object.o [as next] (https://www.greencity.cx.ua/chunk-NUXSP4TM.js:11:76277)
    at bv.next (https://www.greencity.cx.ua/chunk-NUXSP4TM.js:7:3120)
    at Fr._next (https://www.greencity.cx.ua/chunk-NUXSP4TM.js:7:2803)
    at Fr.next (https://www.greencity.cx.ua/chunk-NUXSP4TM.js:7:2530)
    at https://www.greencity.cx.ua/chunk-NUXSP4TM.js:7:7848
    at Ac (https://www.greencity.cx.ua/chunk-NUXSP4TM.js:7:2222)
    at S0.next (https://www.greencity.cx.ua/chunk-NUXSP4TM.js:7:7687), [2026-03-15T12:00:20.496Z] [SEVERE] https://www.greencity.cx.ua/chunk-NUXSP4TM.js 10:45939 "ERROR" TypeError: Cannot read properties of null (reading 'setValue')
    at n.quillContentChanged (https://www.greencity.cx.ua/chunk-VNNOUBDJ.js:1:16043)
    at https://www.greencity.cx.ua/chunk-VNNOUBDJ.js:1:7223
    at eE (https://www.greencity.cx.ua/chunk-NUXSP4TM.js:11:76097)
    at Object.o [as next] (https://www.greencity.cx.ua/chunk-NUXSP4TM.js:11:76277)
    at bv.next (https://www.greencity.cx.ua/chunk-NUXSP4TM.js:7:3120)
    at Fr._next (https://www.greencity.cx.ua/chunk-NUXSP4TM.js:7:2803)
    at Fr.next (https://www.greencity.cx.ua/chunk-NUXSP4TM.js:7:2530)
    at https://www.greencity.cx.ua/chunk-NUXSP4TM.js:7:7848
    at Ac (https://www.greencity.cx.ua/chunk-NUXSP4TM.js:7:2222)
    at S0.next (https://www.greencity.cx.ua/chunk-NUXSP4TM.js:7:7687), [2026-03-15T12:00:20.497Z] [SEVERE] https://www.greencity.cx.ua/chunk-NUXSP4TM.js 10:45939 "ERROR" TypeError: Cannot read properties of null (reading 'setValue')
    at n.quillContentChanged (https://www.greencity.cx.ua/chunk-VNNOUBDJ.js:1:16043)
    at https://www.greencity.cx.ua/chunk-VNNOUBDJ.js:1:7223
    at eE (https://www.greencity.cx.ua/chunk-NUXSP4TM.js:11:76097)
    at Object.o [as next] (https://www.greencity.cx.ua/chunk-NUXSP4TM.js:11:76277)
    at bv.next (https://www.greencity.cx.ua/chunk-NUXSP4TM.js:7:3120)
    at Fr._next (https://www.greencity.cx.ua/chunk-NUXSP4TM.js:7:2803)
    at Fr.next (https://www.greencity.cx.ua/chunk-NUXSP4TM.js:7:2530)
    at https://www.greencity.cx.ua/chunk-NUXSP4TM.js:7:7848
    at Ac (https://www.greencity.cx.ua/chunk-NUXSP4TM.js:7:2222)
    at S0.next (https://www.greencity.cx.ua/chunk-NUXSP4TM.js:7:7687), [2026-03-15T12:00:20.497Z] [SEVERE] https://www.greencity.cx.ua/chunk-NUXSP4TM.js 10:45939 "ERROR" TypeError: Cannot read properties of null (reading 'setValue')
    at n.quillContentChanged (https://www.greencity.cx.ua/chunk-VNNOUBDJ.js:1:16043)
    at https://www.greencity.cx.ua/chunk-VNNOUBDJ.js:1:7223
    at eE (https://www.greencity.cx.ua/chunk-NUXSP4TM.js:11:76097)
    at Object.o [as next] (https://www.greencity.cx.ua/chunk-NUXSP4TM.js:11:76277)
    at bv.next (https://www.greencity.cx.ua/chunk-NUXSP4TM.js:7:3120)
    at Fr._next (https://www.greencity.cx.ua/chunk-NUXSP4TM.js:7:2803)
    at Fr.next (https://www.greencity.cx.ua/chunk-NUXSP4TM.js:7:2530)
    at https://www.greencity.cx.ua/chunk-NUXSP4TM.js:7:7848
    at Ac (https://www.greencity.cx.ua/chunk-NUXSP4TM.js:7:2222)
    at S0.next (https://www.greencity.cx.ua/chunk-NUXSP4TM.js:7:7687), [2026-03-15T12:00:20.497Z] [SEVERE] https://www.greencity.cx.ua/chunk-NUXSP4TM.js 10:45939 "ERROR" TypeError: Cannot read properties of null (reading 'setValue')
    at n.quillContentChanged (https://www.greencity.cx.ua/chunk-VNNOUBDJ.js:1:16043)
    at https://www.greencity.cx.ua/chunk-VNNOUBDJ.js:1:7223
    at eE (https://www.greencity.cx.ua/chunk-NUXSP4TM.js:11:76097)
    at Object.o [as next] (https://www.greencity.cx.ua/chunk-NUXSP4TM.js:11:76277)
    at bv.next (https://www.greencity.cx.ua/chunk-NUXSP4TM.js:7:3120)
    at Fr._next (https://www.greencity.cx.ua/chunk-NUXSP4TM.js:7:2803)
    at Fr.next (https://www.greencity.cx.ua/chunk-NUXSP4TM.js:7:2530)
    at https://www.greencity.cx.ua/chunk-NUXSP4TM.js:7:7848
    at Ac (https://www.greencity.cx.ua/chunk-NUXSP4TM.js:7:2222)
    at S0.next (https://www.greencity.cx.ua/chunk-NUXSP4TM.js:7:7687), [2026-03-15T12:00:20.497Z] [SEVERE] https://www.greencity.cx.ua/chunk-NUXSP4TM.js 10:45939 "ERROR" TypeError: Cannot read properties of null (reading 'setValue')
    at n.quillContentChanged (https://www.greencity.cx.ua/chunk-VNNOUBDJ.js:1:16043)
    at https://www.greencity.cx.ua/chunk-VNNOUBDJ.js:1:7223
    at eE (https://www.greencity.cx.ua/chunk-NUXSP4TM.js:11:76097)
    at Object.o [as next] (https://www.greencity.cx.ua/chunk-NUXSP4TM.js:11:76277)
    at bv.next (https://www.greencity.cx.ua/chunk-NUXSP4TM.js:7:3120)
    at Fr._next (https://www.greencity.cx.ua/chunk-NUXSP4TM.js:7:2803)
    at Fr.next (https://www.greencity.cx.ua/chunk-NUXSP4TM.js:7:2530)
    at https://www.greencity.cx.ua/chunk-NUXSP4TM.js:7:7848
    at Ac (https://www.greencity.cx.ua/chunk-NUXSP4TM.js:7:2222)
    at S0.next (https://www.greencity.cx.ua/chunk-NUXSP4TM.js:7:7687), [2026-03-15T12:00:20.497Z] [SEVERE] https://www.greencity.cx.ua/chunk-NUXSP4TM.js 10:45939 "ERROR" TypeError: Cannot read properties of null (reading 'setValue')
    at n.quillContentChanged (https://www.greencity.cx.ua/chunk-VNNOUBDJ.js:1:16043)
    at https://www.greencity.cx.ua/chunk-VNNOUBDJ.js:1:7223
    at eE (https://www.greencity.cx.ua/chunk-NUXSP4TM.js:11:76097)
    at Object.o [as next] (https://www.greencity.cx.ua/chunk-NUXSP4TM.js:11:76277)
    at bv.next (https://www.greencity.cx.ua/chunk-NUXSP4TM.js:7:3120)
    at Fr._next (https://www.greencity.cx.ua/chunk-NUXSP4TM.js:7:2803)
    at Fr.next (https://www.greencity.cx.ua/chunk-NUXSP4TM.js:7:2530)
    at https://www.greencity.cx.ua/chunk-NUXSP4TM.js:7:7848
    at Ac (https://www.greencity.cx.ua/chunk-NUXSP4TM.js:7:2222)
    at S0.next (https://www.greencity.cx.ua/chunk-NUXSP4TM.js:7:7687), [2026-03-15T12:00:20.497Z] [SEVERE] https://www.greencity.cx.ua/chunk-NUXSP4TM.js 10:45939 "ERROR" TypeError: Cannot read properties of null (reading 'setValue')
    at n.quillContentChanged (https://www.greencity.cx.ua/chunk-VNNOUBDJ.js:1:16043)
    at https://www.greencity.cx.ua/chunk-VNNOUBDJ.js:1:7223
    at eE (https://www.greencity.cx.ua/chunk-NUXSP4TM.js:11:76097)
    at Object.o [as next] (https://www.greencity.cx.ua/chunk-NUXSP4TM.js:11:76277)
    at bv.next (https://www.greencity.cx.ua/chunk-NUXSP4TM.js:7:3120)
    at Fr._next (https://www.greencity.cx.ua/chunk-NUXSP4TM.js:7:2803)
    at Fr.next (https://www.greencity.cx.ua/chunk-NUXSP4TM.js:7:2530)
    at https://www.greencity.cx.ua/chunk-NUXSP4TM.js:7:7848
    at Ac (https://www.greencity.cx.ua/chunk-NUXSP4TM.js:7:2222)
    at S0.next (https://www.greencity.cx.ua/chunk-NUXSP4TM.js:7:7687), [2026-03-15T12:00:20.498Z] [SEVERE] https://www.greencity.cx.ua/chunk-NUXSP4TM.js 10:45939 "ERROR" TypeError: Cannot read properties of null (reading 'setValue')
    at n.quillContentChanged (https://www.greencity.cx.ua/chunk-VNNOUBDJ.js:1:16043)
    at https://www.greencity.cx.ua/chunk-VNNOUBDJ.js:1:7223
    at eE (https://www.greencity.cx.ua/chunk-NUXSP4TM.js:11:76097)
    at Object.o [as next] (https://www.greencity.cx.ua/chunk-NUXSP4TM.js:11:76277)
    at bv.next (https://www.greencity.cx.ua/chunk-NUXSP4TM.js:7:3120)
    at Fr._next (https://www.greencity.cx.ua/chunk-NUXSP4TM.js:7:2803)
    at Fr.next (https://www.greencity.cx.ua/chunk-NUXSP4TM.js:7:2530)
    at https://www.greencity.cx.ua/chunk-NUXSP4TM.js:7:7848
    at Ac (https://www.greencity.cx.ua/chunk-NUXSP4TM.js:7:2222)
    at S0.next (https://www.greencity.cx.ua/chunk-NUXSP4TM.js:7:7687), [2026-03-15T12:00:20.498Z] [SEVERE] https://www.greencity.cx.ua/chunk-NUXSP4TM.js 10:45939 "ERROR" TypeError: Cannot read properties of null (reading 'setValue')
    at n.quillContentChanged (https://www.greencity.cx.ua/chunk-VNNOUBDJ.js:1:16043)
    at https://www.greencity.cx.ua/chunk-VNNOUBDJ.js:1:7223
    at eE (https://www.greencity.cx.ua/chunk-NUXSP4TM.js:11:76097)
    at Object.o [as next] (https://www.greencity.cx.ua/chunk-NUXSP4TM.js:11:76277)
    at bv.next (https://www.greencity.cx.ua/chunk-NUXSP4TM.js:7:3120)
    at Fr._next (https://www.greencity.cx.ua/chunk-NUXSP4TM.js:7:2803)
    at Fr.next (https://www.greencity.cx.ua/chunk-NUXSP4TM.js:7:2530)
    at https://www.greencity.cx.ua/chunk-NUXSP4TM.js:7:7848
    at Ac (https://www.greencity.cx.ua/chunk-NUXSP4TM.js:7:2222)
    at S0.next (https://www.greencity.cx.ua/chunk-NUXSP4TM.js:7:7687), [2026-03-15T12:00:20.498Z] [SEVERE] https://www.greencity.cx.ua/chunk-NUXSP4TM.js 10:45939 "ERROR" TypeError: Cannot read properties of null (reading 'setValue')
    at n.quillContentChanged (https://www.greencity.cx.ua/chunk-VNNOUBDJ.js:1:16043)
    at https://www.greencity.cx.ua/chunk-VNNOUBDJ.js:1:7223
    at eE (https://www.greencity.cx.ua/chunk-NUXSP4TM.js:11:76097)
    at Object.o [as next] (https://www.greencity.cx.ua/chunk-NUXSP4TM.js:11:76277)
    at bv.next (https://www.greencity.cx.ua/chunk-NUXSP4TM.js:7:3120)
    at Fr._next (https://www.greencity.cx.ua/chunk-NUXSP4TM.js:7:2803)
    at Fr.next (https://www.greencity.cx.ua/chunk-NUXSP4TM.js:7:2530)
    at https://www.greencity.cx.ua/chunk-NUXSP4TM.js:7:7848
    at Ac (https://www.greencity.cx.ua/chunk-NUXSP4TM.js:7:2222)
    at S0.next (https://www.greencity.cx.ua/chunk-NUXSP4TM.js:7:7687), [2026-03-15T12:00:20.498Z] [SEVERE] https://www.greencity.cx.ua/chunk-NUXSP4TM.js 10:45939 "ERROR" TypeError: Cannot read properties of null (reading 'setValue')
    at n.quillContentChanged (https://www.greencity.cx.ua/chunk-VNNOUBDJ.js:1:16043)
    at https://www.greencity.cx.ua/chunk-VNNOUBDJ.js:1:7223
    at eE (https://www.greencity.cx.ua/chunk-NUXSP4TM.js:11:76097)
    at Object.o [as next] (https://www.greencity.cx.ua/chunk-NUXSP4TM.js:11:76277)
    at bv.next (https://www.greencity.cx.ua/chunk-NUXSP4TM.js:7:3120)
    at Fr._next (https://www.greencity.cx.ua/chunk-NUXSP4TM.js:7:2803)
    at Fr.next (https://www.greencity.cx.ua/chunk-NUXSP4TM.js:7:2530)
    at https://www.greencity.cx.ua/chunk-NUXSP4TM.js:7:7848
    at Ac (https://www.greencity.cx.ua/chunk-NUXSP4TM.js:7:2222)
    at S0.next (https://www.greencity.cx.ua/chunk-NUXSP4TM.js:7:7687), [2026-03-15T12:00:20.499Z] [SEVERE] https://www.greencity.cx.ua/chunk-NUXSP4TM.js 10:45939 "ERROR" TypeError: Cannot read properties of null (reading 'setValue')
    at n.quillContentChanged (https://www.greencity.cx.ua/chunk-VNNOUBDJ.js:1:16043)
    at https://www.greencity.cx.ua/chunk-VNNOUBDJ.js:1:7223
    at eE (https://www.greencity.cx.ua/chunk-NUXSP4TM.js:11:76097)
    at Object.o [as next] (https://www.greencity.cx.ua/chunk-NUXSP4TM.js:11:76277)
    at bv.next (https://www.greencity.cx.ua/chunk-NUXSP4TM.js:7:3120)
    at Fr._next (https://www.greencity.cx.ua/chunk-NUXSP4TM.js:7:2803)
    at Fr.next (https://www.greencity.cx.ua/chunk-NUXSP4TM.js:7:2530)
    at https://www.greencity.cx.ua/chunk-NUXSP4TM.js:7:7848
    at Ac (https://www.greencity.cx.ua/chunk-NUXSP4TM.js:7:2222)
    at S0.next (https://www.greencity.cx.ua/chunk-NUXSP4TM.js:7:7687), [2026-03-15T12:00:20.499Z] [SEVERE] https://www.greencity.cx.ua/chunk-NUXSP4TM.js 10:45939 "ERROR" TypeError: Cannot read properties of null (reading 'setValue')
    at n.quillContentChanged (https://www.greencity.cx.ua/chunk-VNNOUBDJ.js:1:16043)
    at https://www.greencity.cx.ua/chunk-VNNOUBDJ.js:1:7223
    at eE (https://www.greencity.cx.ua/chunk-NUXSP4TM.js:11:76097)
    at Object.o [as next] (https://www.greencity.cx.ua/chunk-NUXSP4TM.js:11:76277)
    at bv.next (https://www.greencity.cx.ua/chunk-NUXSP4TM.js:7:3120)
    at Fr._next (https://www.greencity.cx.ua/chunk-NUXSP4TM.js:7:2803)
    at Fr.next (https://www.greencity.cx.ua/chunk-NUXSP4TM.js:7:2530)
    at https://www.greencity.cx.ua/chunk-NUXSP4TM.js:7:7848
    at Ac (https://www.greencity.cx.ua/chunk-NUXSP4TM.js:7:2222)
    at S0.next (https://www.greencity.cx.ua/chunk-NUXSP4TM.js:7:7687), [2026-03-15T12:00:20.499Z] [SEVERE] https://www.greencity.cx.ua/chunk-NUXSP4TM.js 10:45939 "ERROR" TypeError: Cannot read properties of null (reading 'setValue')
    at n.quillContentChanged (https://www.greencity.cx.ua/chunk-VNNOUBDJ.js:1:16043)
    at https://www.greencity.cx.ua/chunk-VNNOUBDJ.js:1:7223
    at eE (https://www.greencity.cx.ua/chunk-NUXSP4TM.js:11:76097)
    at Object.o [as next] (https://www.greencity.cx.ua/chunk-NUXSP4TM.js:11:76277)
    at bv.next (https://www.greencity.cx.ua/chunk-NUXSP4TM.js:7:3120)
    at Fr._next (https://www.greencity.cx.ua/chunk-NUXSP4TM.js:7:2803)
    at Fr.next (https://www.greencity.cx.ua/chunk-NUXSP4TM.js:7:2530)
    at https://www.greencity.cx.ua/chunk-NUXSP4TM.js:7:7848
    at Ac (https://www.greencity.cx.ua/chunk-NUXSP4TM.js:7:2222)
    at S0.next (https://www.greencity.cx.ua/chunk-NUXSP4TM.js:7:7687), [2026-03-15T12:00:20.499Z] [SEVERE] https://www.greencity.cx.ua/chunk-NUXSP4TM.js 10:45939 "ERROR" TypeError: Cannot read properties of null (reading 'setValue')
    at n.quillContentChanged (https://www.greencity.cx.ua/chunk-VNNOUBDJ.js:1:16043)
    at https://www.greencity.cx.ua/chunk-VNNOUBDJ.js:1:7223
    at eE (https://www.greencity.cx.ua/chunk-NUXSP4TM.js:11:76097)
    at Object.o [as next] (https://www.greencity.cx.ua/chunk-NUXSP4TM.js:11:76277)
    at bv.next (https://www.greencity.cx.ua/chunk-NUXSP4TM.js:7:3120)
    at Fr._next (https://www.greencity.cx.ua/chunk-NUXSP4TM.js:7:2803)
    at Fr.next (https://www.greencity.cx.ua/chunk-NUXSP4TM.js:7:2530)
    at https://www.greencity.cx.ua/chunk-NUXSP4TM.js:7:7848
    at Ac (https://www.greencity.cx.ua/chunk-NUXSP4TM.js:7:2222)
    at S0.next (https://www.greencity.cx.ua/chunk-NUXSP4TM.js:7:7687), [2026-03-15T12:00:20.499Z] [SEVERE] https://www.greencity.cx.ua/chunk-NUXSP4TM.js 10:45939 "ERROR" TypeError: Cannot read properties of null (reading 'setValue')
    at n.quillContentChanged (https://www.greencity.cx.ua/chunk-VNNOUBDJ.js:1:16043)
    at https://www.greencity.cx.ua/chunk-VNNOUBDJ.js:1:7223
    at eE (https://www.greencity.cx.ua/chunk-NUXSP4TM.js:11:76097)
    at Object.o [as next] (https://www.greencity.cx.ua/chunk-NUXSP4TM.js:11:76277)
    at bv.next (https://www.greencity.cx.ua/chunk-NUXSP4TM.js:7:3120)
    at Fr._next (https://www.greencity.cx.ua/chunk-NUXSP4TM.js:7:2803)
    at Fr.next (https://www.greencity.cx.ua/chunk-NUXSP4TM.js:7:2530)
    at https://www.greencity.cx.ua/chunk-NUXSP4TM.js:7:7848
    at Ac (https://www.greencity.cx.ua/chunk-NUXSP4TM.js:7:2222)
    at S0.next (https://www.greencity.cx.ua/chunk-NUXSP4TM.js:7:7687), [2026-03-15T12:00:20.499Z] [SEVERE] https://www.greencity.cx.ua/chunk-NUXSP4TM.js 10:45939 "ERROR" TypeError: Cannot read properties of null (reading 'setValue')
    at n.quillContentChanged (https://www.greencity.cx.ua/chunk-VNNOUBDJ.js:1:16043)
    at https://www.greencity.cx.ua/chunk-VNNOUBDJ.js:1:7223
    at eE (https://www.greencity.cx.ua/chunk-NUXSP4TM.js:11:76097)
    at Object.o [as next] (https://www.greencity.cx.ua/chunk-NUXSP4TM.js:11:76277)
    at bv.next (https://www.greencity.cx.ua/chunk-NUXSP4TM.js:7:3120)
    at Fr._next (https://www.greencity.cx.ua/chunk-NUXSP4TM.js:7:2803)
    at Fr.next (https://www.greencity.cx.ua/chunk-NUXSP4TM.js:7:2530)
    at https://www.greencity.cx.ua/chunk-NUXSP4TM.js:7:7848
    at Ac (https://www.greencity.cx.ua/chunk-NUXSP4TM.js:7:2222)
    at S0.next (https://www.greencity.cx.ua/chunk-NUXSP4TM.js:7:7687), [2026-03-15T12:00:20.499Z] [SEVERE] https://www.greencity.cx.ua/chunk-NUXSP4TM.js 10:45939 "ERROR" TypeError: Cannot read properties of null (reading 'setValue')
    at n.quillContentChanged (https://www.greencity.cx.ua/chunk-VNNOUBDJ.js:1:16043)
    at https://www.greencity.cx.ua/chunk-VNNOUBDJ.js:1:7223
    at eE (https://www.greencity.cx.ua/chunk-NUXSP4TM.js:11:76097)
    at Object.o [as next] (https://www.greencity.cx.ua/chunk-NUXSP4TM.js:11:76277)
    at bv.next (https://www.greencity.cx.ua/chunk-NUXSP4TM.js:7:3120)
    at Fr._next (https://www.greencity.cx.ua/chunk-NUXSP4TM.js:7:2803)
    at Fr.next (https://www.greencity.cx.ua/chunk-NUXSP4TM.js:7:2530)
    at https://www.greencity.cx.ua/chunk-NUXSP4TM.js:7:7848
    at Ac (https://www.greencity.cx.ua/chunk-NUXSP4TM.js:7:2222)
    at S0.next (https://www.greencity.cx.ua/chunk-NUXSP4TM.js:7:7687), [2026-03-15T12:00:20.499Z] [SEVERE] https://www.greencity.cx.ua/chunk-NUXSP4TM.js 10:45939 "ERROR" TypeError: Cannot read properties of null (reading 'setValue')
    at n.quillContentChanged (https://www.greencity.cx.ua/chunk-VNNOUBDJ.js:1:16043)
    at https://www.greencity.cx.ua/chunk-VNNOUBDJ.js:1:7223
    at eE (https://www.greencity.cx.ua/chunk-NUXSP4TM.js:11:76097)
    at Object.o [as next] (https://www.greencity.cx.ua/chunk-NUXSP4TM.js:11:76277)
    at bv.next (https://www.greencity.cx.ua/chunk-NUXSP4TM.js:7:3120)
    at Fr._next (https://www.greencity.cx.ua/chunk-NUXSP4TM.js:7:2803)
    at Fr.next (https://www.greencity.cx.ua/chunk-NUXSP4TM.js:7:2530)
    at https://www.greencity.cx.ua/chunk-NUXSP4TM.js:7:7848
    at Ac (https://www.greencity.cx.ua/chunk-NUXSP4TM.js:7:2222)
    at S0.next (https://www.greencity.cx.ua/chunk-NUXSP4TM.js:7:7687), [2026-03-15T12:00:20.500Z] [SEVERE] https://www.greencity.cx.ua/chunk-NUXSP4TM.js 10:45939 "ERROR" TypeError: Cannot read properties of null (reading 'setValue')
    at n.quillContentChanged (https://www.greencity.cx.ua/chunk-VNNOUBDJ.js:1:16043)
    at https://www.greencity.cx.ua/chunk-VNNOUBDJ.js:1:7223
    at eE (https://www.greencity.cx.ua/chunk-NUXSP4TM.js:11:76097)
    at Object.o [as next] (https://www.greencity.cx.ua/chunk-NUXSP4TM.js:11:76277)
    at bv.next (https://www.greencity.cx.ua/chunk-NUXSP4TM.js:7:3120)
    at Fr._next (https://www.greencity.cx.ua/chunk-NUXSP4TM.js:7:2803)
    at Fr.next (https://www.greencity.cx.ua/chunk-NUXSP4TM.js:7:2530)
    at https://www.greencity.cx.ua/chunk-NUXSP4TM.js:7:7848
    at Ac (https://www.greencity.cx.ua/chunk-NUXSP4TM.js:7:2222)
    at S0.next (https://www.greencity.cx.ua/chunk-NUXSP4TM.js:7:7687), [2026-03-15T12:00:20.500Z] [SEVERE] https://www.greencity.cx.ua/chunk-NUXSP4TM.js 10:45939 "ERROR" TypeError: Cannot read properties of null (reading 'setValue')
    at n.quillContentChanged (https://www.greencity.cx.ua/chunk-VNNOUBDJ.js:1:16043)
    at https://www.greencity.cx.ua/chunk-VNNOUBDJ.js:1:7223
    at eE (https://www.greencity.cx.ua/chunk-NUXSP4TM.js:11:76097)
    at Object.o [as next] (https://www.greencity.cx.ua/chunk-NUXSP4TM.js:11:76277)
    at bv.next (https://www.greencity.cx.ua/chunk-NUXSP4TM.js:7:3120)
    at Fr._next (https://www.greencity.cx.ua/chunk-NUXSP4TM.js:7:2803)
    at Fr.next (https://www.greencity.cx.ua/chunk-NUXSP4TM.js:7:2530)
    at https://www.greencity.cx.ua/chunk-NUXSP4TM.js:7:7848
    at Ac (https://www.greencity.cx.ua/chunk-NUXSP4TM.js:7:2222)
    at S0.next (https://www.greencity.cx.ua/chunk-NUXSP4TM.js:7:7687), [2026-03-15T12:00:20.500Z] [SEVERE] https://www.greencity.cx.ua/chunk-NUXSP4TM.js 10:45939 "ERROR" TypeError: Cannot read properties of null (reading 'setValue')
    at n.quillContentChanged (https://www.greencity.cx.ua/chunk-VNNOUBDJ.js:1:16043)
    at https://www.greencity.cx.ua/chunk-VNNOUBDJ.js:1:7223
    at eE (https://www.greencity.cx.ua/chunk-NUXSP4TM.js:11:76097)
    at Object.o [as next] (https://www.greencity.cx.ua/chunk-NUXSP4TM.js:11:76277)
    at bv.next (https://www.greencity.cx.ua/chunk-NUXSP4TM.js:7:3120)
    at Fr._next (https://www.greencity.cx.ua/chunk-NUXSP4TM.js:7:2803)
    at Fr.next (https://www.greencity.cx.ua/chunk-NUXSP4TM.js:7:2530)
    at https://www.greencity.cx.ua/chunk-NUXSP4TM.js:7:7848
    at Ac (https://www.greencity.cx.ua/chunk-NUXSP4TM.js:7:2222)
    at S0.next (https://www.greencity.cx.ua/chunk-NUXSP4TM.js:7:7687), [2026-03-15T12:00:20.500Z] [SEVERE] https://www.greencity.cx.ua/chunk-NUXSP4TM.js 10:45939 "ERROR" TypeError: Cannot read properties of null (reading 'setValue')
    at n.quillContentChanged (https://www.greencity.cx.ua/chunk-VNNOUBDJ.js:1:16043)
    at https://www.greencity.cx.ua/chunk-VNNOUBDJ.js:1:7223
    at eE (https://www.greencity.cx.ua/chunk-NUXSP4TM.js:11:76097)
    at Object.o [as next] (https://www.greencity.cx.ua/chunk-NUXSP4TM.js:11:76277)
    at bv.next (https://www.greencity.cx.ua/chunk-NUXSP4TM.js:7:3120)
    at Fr._next (https://www.greencity.cx.ua/chunk-NUXSP4TM.js:7:2803)
    at Fr.next (https://www.greencity.cx.ua/chunk-NUXSP4TM.js:7:2530)
    at https://www.greencity.cx.ua/chunk-NUXSP4TM.js:7:7848
    at Ac (https://www.greencity.cx.ua/chunk-NUXSP4TM.js:7:2222)
    at S0.next (https://www.greencity.cx.ua/chunk-NUXSP4TM.js:7:7687), [2026-03-15T12:00:20.500Z] [SEVERE] https://www.greencity.cx.ua/chunk-NUXSP4TM.js 10:45939 "ERROR" TypeError: Cannot read properties of null (reading 'setValue')
    at n.quillContentChanged (https://www.greencity.cx.ua/chunk-VNNOUBDJ.js:1:16043)
    at https://www.greencity.cx.ua/chunk-VNNOUBDJ.js:1:7223
    at eE (https://www.greencity.cx.ua/chunk-NUXSP4TM.js:11:76097)
    at Object.o [as next] (https://www.greencity.cx.ua/chunk-NUXSP4TM.js:11:76277)
    at bv.next (https://www.greencity.cx.ua/chunk-NUXSP4TM.js:7:3120)
    at Fr._next (https://www.greencity.cx.ua/chunk-NUXSP4TM.js:7:2803)
    at Fr.next (https://www.greencity.cx.ua/chunk-NUXSP4TM.js:7:2530)
    at https://www.greencity.cx.ua/chunk-NUXSP4TM.js:7:7848
    at Ac (https://www.greencity.cx.ua/chunk-NUXSP4TM.js:7:2222)
    at S0.next (https://www.greencity.cx.ua/chunk-NUXSP4TM.js:7:7687), [2026-03-15T12:00:20.500Z] [SEVERE] https://www.greencity.cx.ua/chunk-NUXSP4TM.js 10:45939 "ERROR" TypeError: Cannot read properties of null (reading 'setValue')
    at n.quillContentChanged (https://www.greencity.cx.ua/chunk-VNNOUBDJ.js:1:16043)
    at https://www.greencity.cx.ua/chunk-VNNOUBDJ.js:1:7223
    at eE (https://www.greencity.cx.ua/chunk-NUXSP4TM.js:11:76097)
    at Object.o [as next] (https://www.greencity.cx.ua/chunk-NUXSP4TM.js:11:76277)
    at bv.next (https://www.greencity.cx.ua/chunk-NUXSP4TM.js:7:3120)
    at Fr._next (https://www.greencity.cx.ua/chunk-NUXSP4TM.js:7:2803)
    at Fr.next (https://www.greencity.cx.ua/chunk-NUXSP4TM.js:7:2530)
    at https://www.greencity.cx.ua/chunk-NUXSP4TM.js:7:7848
    at Ac (https://www.greencity.cx.ua/chunk-NUXSP4TM.js:7:2222)
    at S0.next (https://www.greencity.cx.ua/chunk-NUXSP4TM.js:7:7687), [2026-03-15T12:00:20.501Z] [SEVERE] https://www.greencity.cx.ua/chunk-NUXSP4TM.js 10:45939 "ERROR" TypeError: Cannot read properties of null (reading 'setValue')
    at n.quillContentChanged (https://www.greencity.cx.ua/chunk-VNNOUBDJ.js:1:16043)
    at https://www.greencity.cx.ua/chunk-VNNOUBDJ.js:1:7223
    at eE (https://www.greencity.cx.ua/chunk-NUXSP4TM.js:11:76097)
    at Object.o [as next] (https://www.greencity.cx.ua/chunk-NUXSP4TM.js:11:76277)
    at bv.next (https://www.greencity.cx.ua/chunk-NUXSP4TM.js:7:3120)
    at Fr._next (https://www.greencity.cx.ua/chunk-NUXSP4TM.js:7:2803)
    at Fr.next (https://www.greencity.cx.ua/chunk-NUXSP4TM.js:7:2530)
    at https://www.greencity.cx.ua/chunk-NUXSP4TM.js:7:7848
    at Ac (https://www.greencity.cx.ua/chunk-NUXSP4TM.js:7:2222)
    at S0.next (https://www.greencity.cx.ua/chunk-NUXSP4TM.js:7:7687), [2026-03-15T12:00:20.501Z] [SEVERE] https://www.greencity.cx.ua/chunk-NUXSP4TM.js 10:45939 "ERROR" TypeError: Cannot read properties of null (reading 'setValue')
    at n.quillContentChanged (https://www.greencity.cx.ua/chunk-VNNOUBDJ.js:1:16043)
    at https://www.greencity.cx.ua/chunk-VNNOUBDJ.js:1:7223
    at eE (https://www.greencity.cx.ua/chunk-NUXSP4TM.js:11:76097)
    at Object.o [as next] (https://www.greencity.cx.ua/chunk-NUXSP4TM.js:11:76277)
    at bv.next (https://www.greencity.cx.ua/chunk-NUXSP4TM.js:7:3120)
    at Fr._next (https://www.greencity.cx.ua/chunk-NUXSP4TM.js:7:2803)
    at Fr.next (https://www.greencity.cx.ua/chunk-NUXSP4TM.js:7:2530)
    at https://www.greencity.cx.ua/chunk-NUXSP4TM.js:7:7848
    at Ac (https://www.greencity.cx.ua/chunk-NUXSP4TM.js:7:2222)
    at S0.next (https://www.greencity.cx.ua/chunk-NUXSP4TM.js:7:7687), [2026-03-15T12:00:20.502Z] [SEVERE] https://www.greencity.cx.ua/chunk-NUXSP4TM.js 10:45939 "ERROR" TypeError: Cannot read properties of null (reading 'setValue')
    at n.quillContentChanged (https://www.greencity.cx.ua/chunk-VNNOUBDJ.js:1:16043)
    at https://www.greencity.cx.ua/chunk-VNNOUBDJ.js:1:7223
    at eE (https://www.greencity.cx.ua/chunk-NUXSP4TM.js:11:76097)
    at Object.o [as next] (https://www.greencity.cx.ua/chunk-NUXSP4TM.js:11:76277)
    at bv.next (https://www.greencity.cx.ua/chunk-NUXSP4TM.js:7:3120)
    at Fr._next (https://www.greencity.cx.ua/chunk-NUXSP4TM.js:7:2803)
    at Fr.next (https://www.greencity.cx.ua/chunk-NUXSP4TM.js:7:2530)
    at https://www.greencity.cx.ua/chunk-NUXSP4TM.js:7:7848
    at Ac (https://www.greencity.cx.ua/chunk-NUXSP4TM.js:7:2222)
    at S0.next (https://www.greencity.cx.ua/chunk-NUXSP4TM.js:7:7687), [2026-03-15T12:00:20.506Z] [SEVERE] https://www.greencity.cx.ua/chunk-NUXSP4TM.js 10:45939 "ERROR" TypeError: Cannot read properties of null (reading 'setValue')
    at n.quillContentChanged (https://www.greencity.cx.ua/chunk-VNNOUBDJ.js:1:16043)
    at https://www.greencity.cx.ua/chunk-VNNOUBDJ.js:1:7223
    at eE (https://www.greencity.cx.ua/chunk-NUXSP4TM.js:11:76097)
    at Object.o [as next] (https://www.greencity.cx.ua/chunk-NUXSP4TM.js:11:76277)
    at bv.next (https://www.greencity.cx.ua/chunk-NUXSP4TM.js:7:3120)
    at Fr._next (https://www.greencity.cx.ua/chunk-NUXSP4TM.js:7:2803)
    at Fr.next (https://www.greencity.cx.ua/chunk-NUXSP4TM.js:7:2530)
    at https://www.greencity.cx.ua/chunk-NUXSP4TM.js:7:7848
    at Ac (https://www.greencity.cx.ua/chunk-NUXSP4TM.js:7:2222)
    at S0.next (https://www.greencity.cx.ua/chunk-NUXSP4TM.js:7:7687), [2026-03-15T12:00:20.508Z] [SEVERE] https://www.greencity.cx.ua/chunk-NUXSP4TM.js 10:45939 "ERROR" TypeError: Cannot read properties of null (reading 'setValue')
    at n.quillContentChanged (https://www.greencity.cx.ua/chunk-VNNOUBDJ.js:1:16043)
    at https://www.greencity.cx.ua/chunk-VNNOUBDJ.js:1:7223
    at eE (https://www.greencity.cx.ua/chunk-NUXSP4TM.js:11:76097)
    at Object.o [as next] (https://www.greencity.cx.ua/chunk-NUXSP4TM.js:11:76277)
    at bv.next (https://www.greencity.cx.ua/chunk-NUXSP4TM.js:7:3120)
    at Fr._next (https://www.greencity.cx.ua/chunk-NUXSP4TM.js:7:2803)
    at Fr.next (https://www.greencity.cx.ua/chunk-NUXSP4TM.js:7:2530)
    at https://www.greencity.cx.ua/chunk-NUXSP4TM.js:7:7848
    at Ac (https://www.greencity.cx.ua/chunk-NUXSP4TM.js:7:2222)
    at S0.next (https://www.greencity.cx.ua/chunk-NUXSP4TM.js:7:7687), [2026-03-15T12:00:20.512Z] [SEVERE] https://www.greencity.cx.ua/chunk-NUXSP4TM.js 10:45939 "ERROR" TypeError: Cannot read properties of null (reading 'setValue')
    at n.quillContentChanged (https://www.greencity.cx.ua/chunk-VNNOUBDJ.js:1:16043)
    at https://www.greencity.cx.ua/chunk-VNNOUBDJ.js:1:7223
    at eE (https://www.greencity.cx.ua/chunk-NUXSP4TM.js:11:76097)
    at Object.o [as next] (https://www.greencity.cx.ua/chunk-NUXSP4TM.js:11:76277)
    at bv.next (https://www.greencity.cx.ua/chunk-NUXSP4TM.js:7:3120)
    at Fr._next (https://www.greencity.cx.ua/chunk-NUXSP4TM.js:7:2803)
    at Fr.next (https://www.greencity.cx.ua/chunk-NUXSP4TM.js:7:2530)
    at https://www.greencity.cx.ua/chunk-NUXSP4TM.js:7:7848
    at Ac (https://www.greencity.cx.ua/chunk-NUXSP4TM.js:7:2222)
    at S0.next (https://www.greencity.cx.ua/chunk-NUXSP4TM.js:7:7687), [2026-03-15T12:00:20.513Z] [SEVERE] https://www.greencity.cx.ua/chunk-NUXSP4TM.js 10:45939 "ERROR" TypeError: Cannot read properties of null (reading 'setValue')
    at n.quillContentChanged (https://www.greencity.cx.ua/chunk-VNNOUBDJ.js:1:16043)
    at https://www.greencity.cx.ua/chunk-VNNOUBDJ.js:1:7223
    at eE (https://www.greencity.cx.ua/chunk-NUXSP4TM.js:11:76097)
    at Object.o [as next] (https://www.greencity.cx.ua/chunk-NUXSP4TM.js:11:76277)
    at bv.next (https://www.greencity.cx.ua/chunk-NUXSP4TM.js:7:3120)
    at Fr._next (https://www.greencity.cx.ua/chunk-NUXSP4TM.js:7:2803)
    at Fr.next (https://www.greencity.cx.ua/chunk-NUXSP4TM.js:7:2530)
    at https://www.greencity.cx.ua/chunk-NUXSP4TM.js:7:7848
    at Ac (https://www.greencity.cx.ua/chunk-NUXSP4TM.js:7:2222)
    at S0.next (https://www.greencity.cx.ua/chunk-NUXSP4TM.js:7:7687), [2026-03-15T12:00:20.515Z] [SEVERE] https://www.greencity.cx.ua/chunk-NUXSP4TM.js 10:45939 "ERROR" TypeError: Cannot read properties of null (reading 'setValue')
    at n.quillContentChanged (https://www.greencity.cx.ua/chunk-VNNOUBDJ.js:1:16043)
    at https://www.greencity.cx.ua/chunk-VNNOUBDJ.js:1:7223
    at eE (https://www.greencity.cx.ua/chunk-NUXSP4TM.js:11:76097)
    at Object.o [as next] (https://www.greencity.cx.ua/chunk-NUXSP4TM.js:11:76277)
    at bv.next (https://www.greencity.cx.ua/chunk-NUXSP4TM.js:7:3120)
    at Fr._next (https://www.greencity.cx.ua/chunk-NUXSP4TM.js:7:2803)
    at Fr.next (https://www.greencity.cx.ua/chunk-NUXSP4TM.js:7:2530)
    at https://www.greencity.cx.ua/chunk-NUXSP4TM.js:7:7848
    at Ac (https://www.greencity.cx.ua/chunk-NUXSP4TM.js:7:2222)
    at S0.next (https://www.greencity.cx.ua/chunk-NUXSP4TM.js:7:7687), [2026-03-15T12:00:20.525Z] [SEVERE] https://www.greencity.cx.ua/chunk-NUXSP4TM.js 10:45939 "ERROR" TypeError: Cannot read properties of null (reading 'setValue')
    at n.quillContentChanged (https://www.greencity.cx.ua/chunk-VNNOUBDJ.js:1:16043)
    at https://www.greencity.cx.ua/chunk-VNNOUBDJ.js:1:7223
    at eE (https://www.greencity.cx.ua/chunk-NUXSP4TM.js:11:76097)
    at Object.o [as next] (https://www.greencity.cx.ua/chunk-NUXSP4TM.js:11:76277)
    at bv.next (https://www.greencity.cx.ua/chunk-NUXSP4TM.js:7:3120)
    at Fr._next (https://www.greencity.cx.ua/chunk-NUXSP4TM.js:7:2803)
    at Fr.next (https://www.greencity.cx.ua/chunk-NUXSP4TM.js:7:2530)
    at https://www.greencity.cx.ua/chunk-NUXSP4TM.js:7:7848
    at Ac (https://www.greencity.cx.ua/chunk-NUXSP4TM.js:7:2222)
    at S0.next (https://www.greencity.cx.ua/chunk-NUXSP4TM.js:7:7687), [2026-03-15T12:00:20.528Z] [SEVERE] https://www.greencity.cx.ua/chunk-NUXSP4TM.js 10:45939 "ERROR" TypeError: Cannot read properties of null (reading 'setValue')
    at n.quillContentChanged (https://www.greencity.cx.ua/chunk-VNNOUBDJ.js:1:16043)
    at https://www.greencity.cx.ua/chunk-VNNOUBDJ.js:1:7223
    at eE (https://www.greencity.cx.ua/chunk-NUXSP4TM.js:11:76097)
    at Object.o [as next] (https://www.greencity.cx.ua/chunk-NUXSP4TM.js:11:76277)
    at bv.next (https://www.greencity.cx.ua/chunk-NUXSP4TM.js:7:3120)
    at Fr._next (https://www.greencity.cx.ua/chunk-NUXSP4TM.js:7:2803)
    at Fr.next (https://www.greencity.cx.ua/chunk-NUXSP4TM.js:7:2530)
    at https://www.greencity.cx.ua/chunk-NUXSP4TM.js:7:7848
    at Ac (https://www.greencity.cx.ua/chunk-NUXSP4TM.js:7:2222)
    at S0.next (https://www.greencity.cx.ua/chunk-NUXSP4TM.js:7:7687), [2026-03-15T12:00:20.528Z] [SEVERE] https://www.greencity.cx.ua/chunk-NUXSP4TM.js 10:45939 "ERROR" TypeError: Cannot read properties of null (reading 'setValue')
    at n.quillContentChanged (https://www.greencity.cx.ua/chunk-VNNOUBDJ.js:1:16043)
    at https://www.greencity.cx.ua/chunk-VNNOUBDJ.js:1:7223
    at eE (https://www.greencity.cx.ua/chunk-NUXSP4TM.js:11:76097)
    at Object.o [as next] (https://www.greencity.cx.ua/chunk-NUXSP4TM.js:11:76277)
    at bv.next (https://www.greencity.cx.ua/chunk-NUXSP4TM.js:7:3120)
    at Fr._next (https://www.greencity.cx.ua/chunk-NUXSP4TM.js:7:2803)
    at Fr.next (https://www.greencity.cx.ua/chunk-NUXSP4TM.js:7:2530)
    at https://www.greencity.cx.ua/chunk-NUXSP4TM.js:7:7848
    at Ac (https://www.greencity.cx.ua/chunk-NUXSP4TM.js:7:2222)
    at S0.next (https://www.greencity.cx.ua/chunk-NUXSP4TM.js:7:7687), [2026-03-15T12:00:20.529Z] [SEVERE] https://www.greencity.cx.ua/chunk-NUXSP4TM.js 10:45939 "ERROR" TypeError: Cannot read properties of null (reading 'setValue')
    at n.quillContentChanged (https://www.greencity.cx.ua/chunk-VNNOUBDJ.js:1:16043)
    at https://www.greencity.cx.ua/chunk-VNNOUBDJ.js:1:7223
    at eE (https://www.greencity.cx.ua/chunk-NUXSP4TM.js:11:76097)
    at Object.o [as next] (https://www.greencity.cx.ua/chunk-NUXSP4TM.js:11:76277)
    at bv.next (https://www.greencity.cx.ua/chunk-NUXSP4TM.js:7:3120)
    at Fr._next (https://www.greencity.cx.ua/chunk-NUXSP4TM.js:7:2803)
    at Fr.next (https://www.greencity.cx.ua/chunk-NUXSP4TM.js:7:2530)
    at https://www.greencity.cx.ua/chunk-NUXSP4TM.js:7:7848
    at Ac (https://www.greencity.cx.ua/chunk-NUXSP4TM.js:7:2222)
    at S0.next (https://www.greencity.cx.ua/chunk-NUXSP4TM.js:7:7687), [2026-03-15T12:00:20.532Z] [SEVERE] https://www.greencity.cx.ua/chunk-NUXSP4TM.js 10:45939 "ERROR" TypeError: Cannot read properties of null (reading 'setValue')
    at n.quillContentChanged (https://www.greencity.cx.ua/chunk-VNNOUBDJ.js:1:16043)
    at https://www.greencity.cx.ua/chunk-VNNOUBDJ.js:1:7223
    at eE (https://www.greencity.cx.ua/chunk-NUXSP4TM.js:11:76097)
    at Object.o [as next] (https://www.greencity.cx.ua/chunk-NUXSP4TM.js:11:76277)
    at bv.next (https://www.greencity.cx.ua/chunk-NUXSP4TM.js:7:3120)
    at Fr._next (https://www.greencity.cx.ua/chunk-NUXSP4TM.js:7:2803)
    at Fr.next (https://www.greencity.cx.ua/chunk-NUXSP4TM.js:7:2530)
    at https://www.greencity.cx.ua/chunk-NUXSP4TM.js:7:7848
    at Ac (https://www.greencity.cx.ua/chunk-NUXSP4TM.js:7:2222)
    at S0.next (https://www.greencity.cx.ua/chunk-NUXSP4TM.js:7:7687), [2026-03-15T12:00:20.538Z] [SEVERE] https://www.greencity.cx.ua/chunk-NUXSP4TM.js 10:45939 "ERROR" TypeError: Cannot read properties of null (reading 'setValue')
    at n.quillContentChanged (https://www.greencity.cx.ua/chunk-VNNOUBDJ.js:1:16043)
    at https://www.greencity.cx.ua/chunk-VNNOUBDJ.js:1:7223
    at eE (https://www.greencity.cx.ua/chunk-NUXSP4TM.js:11:76097)
    at Object.o [as next] (https://www.greencity.cx.ua/chunk-NUXSP4TM.js:11:76277)
    at bv.next (https://www.greencity.cx.ua/chunk-NUXSP4TM.js:7:3120)
    at Fr._next (https://www.greencity.cx.ua/chunk-NUXSP4TM.js:7:2803)
    at Fr.next (https://www.greencity.cx.ua/chunk-NUXSP4TM.js:7:2530)
    at https://www.greencity.cx.ua/chunk-NUXSP4TM.js:7:7848
    at Ac (https://www.greencity.cx.ua/chunk-NUXSP4TM.js:7:2222)
    at S0.next (https://www.greencity.cx.ua/chunk-NUXSP4TM.js:7:7687), [2026-03-15T12:00:20.545Z] [SEVERE] https://www.greencity.cx.ua/chunk-NUXSP4TM.js 10:45939 "ERROR" TypeError: Cannot read properties of null (reading 'setValue')
    at n.quillContentChanged (https://www.greencity.cx.ua/chunk-VNNOUBDJ.js:1:16043)
    at https://www.greencity.cx.ua/chunk-VNNOUBDJ.js:1:7223
    at eE (https://www.greencity.cx.ua/chunk-NUXSP4TM.js:11:76097)
    at Object.o [as next] (https://www.greencity.cx.ua/chunk-NUXSP4TM.js:11:76277)
    at bv.next (https://www.greencity.cx.ua/chunk-NUXSP4TM.js:7:3120)
    at Fr._next (https://www.greencity.cx.ua/chunk-NUXSP4TM.js:7:2803)
    at Fr.next (https://www.greencity.cx.ua/chunk-NUXSP4TM.js:7:2530)
    at https://www.greencity.cx.ua/chunk-NUXSP4TM.js:7:7848
    at Ac (https://www.greencity.cx.ua/chunk-NUXSP4TM.js:7:2222)
    at S0.next (https://www.greencity.cx.ua/chunk-NUXSP4TM.js:7:7687), [2026-03-15T12:00:20.553Z] [SEVERE] https://www.greencity.cx.ua/chunk-NUXSP4TM.js 10:45939 "ERROR" TypeError: Cannot read properties of null (reading 'setValue')
    at n.quillContentChanged (https://www.greencity.cx.ua/chunk-VNNOUBDJ.js:1:16043)
    at https://www.greencity.cx.ua/chunk-VNNOUBDJ.js:1:7223
    at eE (https://www.greencity.cx.ua/chunk-NUXSP4TM.js:11:76097)
    at Object.o [as next] (https://www.greencity.cx.ua/chunk-NUXSP4TM.js:11:76277)
    at bv.next (https://www.greencity.cx.ua/chunk-NUXSP4TM.js:7:3120)
    at Fr._next (https://www.greencity.cx.ua/chunk-NUXSP4TM.js:7:2803)
    at Fr.next (https://www.greencity.cx.ua/chunk-NUXSP4TM.js:7:2530)
    at https://www.greencity.cx.ua/chunk-NUXSP4TM.js:7:7848
    at Ac (https://www.greencity.cx.ua/chunk-NUXSP4TM.js:7:2222)
    at S0.next (https://www.greencity.cx.ua/chunk-NUXSP4TM.js:7:7687), [2026-03-15T12:00:20.556Z] [SEVERE] https://www.greencity.cx.ua/chunk-NUXSP4TM.js 10:45939 "ERROR" TypeError: Cannot read properties of null (reading 'setValue')
    at n.quillContentChanged (https://www.greencity.cx.ua/chunk-VNNOUBDJ.js:1:16043)
    at https://www.greencity.cx.ua/chunk-VNNOUBDJ.js:1:7223
    at eE (https://www.greencity.cx.ua/chunk-NUXSP4TM.js:11:76097)
    at Object.o [as next] (https://www.greencity.cx.ua/chunk-NUXSP4TM.js:11:76277)
    at bv.next (https://www.greencity.cx.ua/chunk-NUXSP4TM.js:7:3120)
    at Fr._next (https://www.greencity.cx.ua/chunk-NUXSP4TM.js:7:2803)
    at Fr.next (https://www.greencity.cx.ua/chunk-NUXSP4TM.js:7:2530)
    at https://www.greencity.cx.ua/chunk-NUXSP4TM.js:7:7848
    at Ac (https://www.greencity.cx.ua/chunk-NUXSP4TM.js:7:2222)
    at S0.next (https://www.greencity.cx.ua/chunk-NUXSP4TM.js:7:7687), [2026-03-15T12:00:20.556Z] [SEVERE] https://www.greencity.cx.ua/chunk-NUXSP4TM.js 10:45939 "ERROR" TypeError: Cannot read properties of null (reading 'setValue')
    at n.quillContentChanged (https://www.greencity.cx.ua/chunk-VNNOUBDJ.js:1:16043)
    at https://www.greencity.cx.ua/chunk-VNNOUBDJ.js:1:7223
    at eE (https://www.greencity.cx.ua/chunk-NUXSP4TM.js:11:76097)
    at Object.o [as next] (https://www.greencity.cx.ua/chunk-NUXSP4TM.js:11:76277)
    at bv.next (https://www.greencity.cx.ua/chunk-NUXSP4TM.js:7:3120)
    at Fr._next (https://www.greencity.cx.ua/chunk-NUXSP4TM.js:7:2803)
    at Fr.next (https://www.greencity.cx.ua/chunk-NUXSP4TM.js:7:2530)
    at https://www.greencity.cx.ua/chunk-NUXSP4TM.js:7:7848
    at Ac (https://www.greencity.cx.ua/chunk-NUXSP4TM.js:7:2222)
    at S0.next (https://www.greencity.cx.ua/chunk-NUXSP4TM.js:7:7687), [2026-03-15T12:00:20.557Z] [SEVERE] https://www.greencity.cx.ua/chunk-NUXSP4TM.js 10:45939 "ERROR" TypeError: Cannot read properties of null (reading 'setValue')
    at n.quillContentChanged (https://www.greencity.cx.ua/chunk-VNNOUBDJ.js:1:16043)
    at https://www.greencity.cx.ua/chunk-VNNOUBDJ.js:1:7223
    at eE (https://www.greencity.cx.ua/chunk-NUXSP4TM.js:11:76097)
    at Object.o [as next] (https://www.greencity.cx.ua/chunk-NUXSP4TM.js:11:76277)
    at bv.next (https://www.greencity.cx.ua/chunk-NUXSP4TM.js:7:3120)
    at Fr._next (https://www.greencity.cx.ua/chunk-NUXSP4TM.js:7:2803)
    at Fr.next (https://www.greencity.cx.ua/chunk-NUXSP4TM.js:7:2530)
    at https://www.greencity.cx.ua/chunk-NUXSP4TM.js:7:7848
    at Ac (https://www.greencity.cx.ua/chunk-NUXSP4TM.js:7:2222)
    at S0.next (https://www.greencity.cx.ua/chunk-NUXSP4TM.js:7:7687), [2026-03-15T12:00:20.557Z] [SEVERE] https://www.greencity.cx.ua/chunk-NUXSP4TM.js 10:45939 "ERROR" TypeError: Cannot read properties of null (reading 'setValue')
    at n.quillContentChanged (https://www.greencity.cx.ua/chunk-VNNOUBDJ.js:1:16043)
    at https://www.greencity.cx.ua/chunk-VNNOUBDJ.js:1:7223
    at eE (https://www.greencity.cx.ua/chunk-NUXSP4TM.js:11:76097)
    at Object.o [as next] (https://www.greencity.cx.ua/chunk-NUXSP4TM.js:11:76277)
    at bv.next (https://www.greencity.cx.ua/chunk-NUXSP4TM.js:7:3120)
    at Fr._next (https://www.greencity.cx.ua/chunk-NUXSP4TM.js:7:2803)
    at Fr.next (https://www.greencity.cx.ua/chunk-NUXSP4TM.js:7:2530)
    at https://www.greencity.cx.ua/chunk-NUXSP4TM.js:7:7848
    at Ac (https://www.greencity.cx.ua/chunk-NUXSP4TM.js:7:2222)
    at S0.next (https://www.greencity.cx.ua/chunk-NUXSP4TM.js:7:7687), [2026-03-15T12:00:20.557Z] [SEVERE] https://www.greencity.cx.ua/chunk-NUXSP4TM.js 10:45939 "ERROR" TypeError: Cannot read properties of null (reading 'setValue')
    at n.quillContentChanged (https://www.greencity.cx.ua/chunk-VNNOUBDJ.js:1:16043)
    at https://www.greencity.cx.ua/chunk-VNNOUBDJ.js:1:7223
    at eE (https://www.greencity.cx.ua/chunk-NUXSP4TM.js:11:76097)
    at Object.o [as next] (https://www.greencity.cx.ua/chunk-NUXSP4TM.js:11:76277)
    at bv.next (https://www.greencity.cx.ua/chunk-NUXSP4TM.js:7:3120)
    at Fr._next (https://www.greencity.cx.ua/chunk-NUXSP4TM.js:7:2803)
    at Fr.next (https://www.greencity.cx.ua/chunk-NUXSP4TM.js:7:2530)
    at https://www.greencity.cx.ua/chunk-NUXSP4TM.js:7:7848
    at Ac (https://www.greencity.cx.ua/chunk-NUXSP4TM.js:7:2222)
    at S0.next (https://www.greencity.cx.ua/chunk-NUXSP4TM.js:7:7687), [2026-03-15T12:00:20.557Z] [SEVERE] https://www.greencity.cx.ua/chunk-NUXSP4TM.js 10:45939 "ERROR" TypeError: Cannot read properties of null (reading 'setValue')
    at n.quillContentChanged (https://www.greencity.cx.ua/chunk-VNNOUBDJ.js:1:16043)
    at https://www.greencity.cx.ua/chunk-VNNOUBDJ.js:1:7223
    at eE (https://www.greencity.cx.ua/chunk-NUXSP4TM.js:11:76097)
    at Object.o [as next] (https://www.greencity.cx.ua/chunk-NUXSP4TM.js:11:76277)
    at bv.next (https://www.greencity.cx.ua/chunk-NUXSP4TM.js:7:3120)
    at Fr._next (https://www.greencity.cx.ua/chunk-NUXSP4TM.js:7:2803)
    at Fr.next (https://www.greencity.cx.ua/chunk-NUXSP4TM.js:7:2530)
    at https://www.greencity.cx.ua/chunk-NUXSP4TM.js:7:7848
    at Ac (https://www.greencity.cx.ua/chunk-NUXSP4TM.js:7:2222)
    at S0.next (https://www.greencity.cx.ua/chunk-NUXSP4TM.js:7:7687), [2026-03-15T12:00:20.558Z] [SEVERE] https://www.greencity.cx.ua/chunk-NUXSP4TM.js 10:45939 "ERROR" TypeError: Cannot read properties of null (reading 'setValue')
    at n.quillContentChanged (https://www.greencity.cx.ua/chunk-VNNOUBDJ.js:1:16043)
    at https://www.greencity.cx.ua/chunk-VNNOUBDJ.js:1:7223
    at eE (https://www.greencity.cx.ua/chunk-NUXSP4TM.js:11:76097)
    at Object.o [as next] (https://www.greencity.cx.ua/chunk-NUXSP4TM.js:11:76277)
    at bv.next (https://www.greencity.cx.ua/chunk-NUXSP4TM.js:7:3120)
    at Fr._next (https://www.greencity.cx.ua/chunk-NUXSP4TM.js:7:2803)
    at Fr.next (https://www.greencity.cx.ua/chunk-NUXSP4TM.js:7:2530)
    at https://www.greencity.cx.ua/chunk-NUXSP4TM.js:7:7848
    at Ac (https://www.greencity.cx.ua/chunk-NUXSP4TM.js:7:2222)
    at S0.next (https://www.greencity.cx.ua/chunk-NUXSP4TM.js:7:7687), [2026-03-15T12:00:20.558Z] [SEVERE] https://www.greencity.cx.ua/chunk-NUXSP4TM.js 10:45939 "ERROR" TypeError: Cannot read properties of null (reading 'setValue')
    at n.quillContentChanged (https://www.greencity.cx.ua/chunk-VNNOUBDJ.js:1:16043)
    at https://www.greencity.cx.ua/chunk-VNNOUBDJ.js:1:7223
    at eE (https://www.greencity.cx.ua/chunk-NUXSP4TM.js:11:76097)
    at Object.o [as next] (https://www.greencity.cx.ua/chunk-NUXSP4TM.js:11:76277)
    at bv.next (https://www.greencity.cx.ua/chunk-NUXSP4TM.js:7:3120)
    at Fr._next (https://www.greencity.cx.ua/chunk-NUXSP4TM.js:7:2803)
    at Fr.next (https://www.greencity.cx.ua/chunk-NUXSP4TM.js:7:2530)
    at https://www.greencity.cx.ua/chunk-NUXSP4TM.js:7:7848
    at Ac (https://www.greencity.cx.ua/chunk-NUXSP4TM.js:7:2222)
    at S0.next (https://www.greencity.cx.ua/chunk-NUXSP4TM.js:7:7687), [2026-03-15T12:00:20.561Z] [SEVERE] https://www.greencity.cx.ua/chunk-NUXSP4TM.js 10:45939 "ERROR" TypeError: Cannot read properties of null (reading 'setValue')
    at n.quillContentChanged (https://www.greencity.cx.ua/chunk-VNNOUBDJ.js:1:16043)
    at https://www.greencity.cx.ua/chunk-VNNOUBDJ.js:1:7223
    at eE (https://www.greencity.cx.ua/chunk-NUXSP4TM.js:11:76097)
    at Object.o [as next] (https://www.greencity.cx.ua/chunk-NUXSP4TM.js:11:76277)
    at bv.next (https://www.greencity.cx.ua/chunk-NUXSP4TM.js:7:3120)
    at Fr._next (https://www.greencity.cx.ua/chunk-NUXSP4TM.js:7:2803)
    at Fr.next (https://www.greencity.cx.ua/chunk-NUXSP4TM.js:7:2530)
    at https://www.greencity.cx.ua/chunk-NUXSP4TM.js:7:7848
    at Ac (https://www.greencity.cx.ua/chunk-NUXSP4TM.js:7:2222)
    at S0.next (https://www.greencity.cx.ua/chunk-NUXSP4TM.js:7:7687), [2026-03-15T12:00:20.561Z] [SEVERE] https://www.greencity.cx.ua/chunk-NUXSP4TM.js 10:45939 "ERROR" TypeError: Cannot read properties of null (reading 'setValue')
    at n.quillContentChanged (https://www.greencity.cx.ua/chunk-VNNOUBDJ.js:1:16043)
    at https://www.greencity.cx.ua/chunk-VNNOUBDJ.js:1:7223
    at eE (https://www.greencity.cx.ua/chunk-NUXSP4TM.js:11:76097)
    at Object.o [as next] (https://www.greencity.cx.ua/chunk-NUXSP4TM.js:11:76277)
    at bv.next (https://www.greencity.cx.ua/chunk-NUXSP4TM.js:7:3120)
    at Fr._next (https://www.greencity.cx.ua/chunk-NUXSP4TM.js:7:2803)
    at Fr.next (https://www.greencity.cx.ua/chunk-NUXSP4TM.js:7:2530)
    at https://www.greencity.cx.ua/chunk-NUXSP4TM.js:7:7848
    at Ac (https://www.greencity.cx.ua/chunk-NUXSP4TM.js:7:2222)
    at S0.next (https://www.greencity.cx.ua/chunk-NUXSP4TM.js:7:7687), [2026-03-15T12:00:20.561Z] [SEVERE] https://www.greencity.cx.ua/chunk-NUXSP4TM.js 10:45939 "ERROR" TypeError: Cannot read properties of null (reading 'setValue')
    at n.quillContentChanged (https://www.greencity.cx.ua/chunk-VNNOUBDJ.js:1:16043)
    at https://www.greencity.cx.ua/chunk-VNNOUBDJ.js:1:7223
    at eE (https://www.greencity.cx.ua/chunk-NUXSP4TM.js:11:76097)
    at Object.o [as next] (https://www.greencity.cx.ua/chunk-NUXSP4TM.js:11:76277)
    at bv.next (https://www.greencity.cx.ua/chunk-NUXSP4TM.js:7:3120)
    at Fr._next (https://www.greencity.cx.ua/chunk-NUXSP4TM.js:7:2803)
    at Fr.next (https://www.greencity.cx.ua/chunk-NUXSP4TM.js:7:2530)
    at https://www.greencity.cx.ua/chunk-NUXSP4TM.js:7:7848
    at Ac (https://www.greencity.cx.ua/chunk-NUXSP4TM.js:7:2222)
    at S0.next (https://www.greencity.cx.ua/chunk-NUXSP4TM.js:7:7687), [2026-03-15T12:00:20.561Z] [SEVERE] https://www.greencity.cx.ua/chunk-NUXSP4TM.js 10:45939 "ERROR" TypeError: Cannot read properties of null (reading 'setValue')
    at n.quillContentChanged (https://www.greencity.cx.ua/chunk-VNNOUBDJ.js:1:16043)
    at https://www.greencity.cx.ua/chunk-VNNOUBDJ.js:1:7223
    at eE (https://www.greencity.cx.ua/chunk-NUXSP4TM.js:11:76097)
    at Object.o [as next] (https://www.greencity.cx.ua/chunk-NUXSP4TM.js:11:76277)
    at bv.next (https://www.greencity.cx.ua/chunk-NUXSP4TM.js:7:3120)
    at Fr._next (https://www.greencity.cx.ua/chunk-NUXSP4TM.js:7:2803)
    at Fr.next (https://www.greencity.cx.ua/chunk-NUXSP4TM.js:7:2530)
    at https://www.greencity.cx.ua/chunk-NUXSP4TM.js:7:7848
    at Ac (https://www.greencity.cx.ua/chunk-NUXSP4TM.js:7:2222)
    at S0.next (https://www.greencity.cx.ua/chunk-NUXSP4TM.js:7:7687), [2026-03-15T12:00:20.561Z] [SEVERE] https://www.greencity.cx.ua/chunk-NUXSP4TM.js 10:45939 "ERROR" TypeError: Cannot read properties of null (reading 'setValue')
    at n.quillContentChanged (https://www.greencity.cx.ua/chunk-VNNOUBDJ.js:1:16043)
    at https://www.greencity.cx.ua/chunk-VNNOUBDJ.js:1:7223
    at eE (https://www.greencity.cx.ua/chunk-NUXSP4TM.js:11:76097)
    at Object.o [as next] (https://www.greencity.cx.ua/chunk-NUXSP4TM.js:11:76277)
    at bv.next (https://www.greencity.cx.ua/chunk-NUXSP4TM.js:7:3120)
    at Fr._next (https://www.greencity.cx.ua/chunk-NUXSP4TM.js:7:2803)
    at Fr.next (https://www.greencity.cx.ua/chunk-NUXSP4TM.js:7:2530)
    at https://www.greencity.cx.ua/chunk-NUXSP4TM.js:7:7848
    at Ac (https://www.greencity.cx.ua/chunk-NUXSP4TM.js:7:2222)
    at S0.next (https://www.greencity.cx.ua/chunk-NUXSP4TM.js:7:7687), [2026-03-15T12:00:20.561Z] [SEVERE] https://www.greencity.cx.ua/chunk-NUXSP4TM.js 10:45939 "ERROR" TypeError: Cannot read properties of null (reading 'setValue')
    at n.quillContentChanged (https://www.greencity.cx.ua/chunk-VNNOUBDJ.js:1:16043)
    at https://www.greencity.cx.ua/chunk-VNNOUBDJ.js:1:7223
    at eE (https://www.greencity.cx.ua/chunk-NUXSP4TM.js:11:76097)
    at Object.o [as next] (https://www.greencity.cx.ua/chunk-NUXSP4TM.js:11:76277)
    at bv.next (https://www.greencity.cx.ua/chunk-NUXSP4TM.js:7:3120)
    at Fr._next (https://www.greencity.cx.ua/chunk-NUXSP4TM.js:7:2803)
    at Fr.next (https://www.greencity.cx.ua/chunk-NUXSP4TM.js:7:2530)
    at https://www.greencity.cx.ua/chunk-NUXSP4TM.js:7:7848
    at Ac (https://www.greencity.cx.ua/chunk-NUXSP4TM.js:7:2222)
    at S0.next (https://www.greencity.cx.ua/chunk-NUXSP4TM.js:7:7687), [2026-03-15T12:00:20.561Z] [SEVERE] https://www.greencity.cx.ua/chunk-NUXSP4TM.js 10:45939 "ERROR" TypeError: Cannot read properties of null (reading 'setValue')
    at n.quillContentChanged (https://www.greencity.cx.ua/chunk-VNNOUBDJ.js:1:16043)
    at https://www.greencity.cx.ua/chunk-VNNOUBDJ.js:1:7223
    at eE (https://www.greencity.cx.ua/chunk-NUXSP4TM.js:11:76097)
    at Object.o [as next] (https://www.greencity.cx.ua/chunk-NUXSP4TM.js:11:76277)
    at bv.next (https://www.greencity.cx.ua/chunk-NUXSP4TM.js:7:3120)
    at Fr._next (https://www.greencity.cx.ua/chunk-NUXSP4TM.js:7:2803)
    at Fr.next (https://www.greencity.cx.ua/chunk-NUXSP4TM.js:7:2530)
    at https://www.greencity.cx.ua/chunk-NUXSP4TM.js:7:7848
    at Ac (https://www.greencity.cx.ua/chunk-NUXSP4TM.js:7:2222)
    at S0.next (https://www.greencity.cx.ua/chunk-NUXSP4TM.js:7:7687), [2026-03-15T12:00:20.562Z] [SEVERE] https://www.greencity.cx.ua/chunk-NUXSP4TM.js 10:45939 "ERROR" TypeError: Cannot read properties of null (reading 'setValue')
    at n.quillContentChanged (https://www.greencity.cx.ua/chunk-VNNOUBDJ.js:1:16043)
    at https://www.greencity.cx.ua/chunk-VNNOUBDJ.js:1:7223
    at eE (https://www.greencity.cx.ua/chunk-NUXSP4TM.js:11:76097)
    at Object.o [as next] (https://www.greencity.cx.ua/chunk-NUXSP4TM.js:11:76277)
    at bv.next (https://www.greencity.cx.ua/chunk-NUXSP4TM.js:7:3120)
    at Fr._next (https://www.greencity.cx.ua/chunk-NUXSP4TM.js:7:2803)
    at Fr.next (https://www.greencity.cx.ua/chunk-NUXSP4TM.js:7:2530)
    at https://www.greencity.cx.ua/chunk-NUXSP4TM.js:7:7848
    at Ac (https://www.greencity.cx.ua/chunk-NUXSP4TM.js:7:2222)
    at S0.next (https://www.greencity.cx.ua/chunk-NUXSP4TM.js:7:7687), [2026-03-15T12:00:20.565Z] [SEVERE] https://www.greencity.cx.ua/chunk-NUXSP4TM.js 10:45939 "ERROR" TypeError: Cannot read properties of null (reading 'setValue')
    at n.quillContentChanged (https://www.greencity.cx.ua/chunk-VNNOUBDJ.js:1:16043)
    at https://www.greencity.cx.ua/chunk-VNNOUBDJ.js:1:7223
    at eE (https://www.greencity.cx.ua/chunk-NUXSP4TM.js:11:76097)
    at Object.o [as next] (https://www.greencity.cx.ua/chunk-NUXSP4TM.js:11:76277)
    at bv.next (https://www.greencity.cx.ua/chunk-NUXSP4TM.js:7:3120)
    at Fr._next (https://www.greencity.cx.ua/chunk-NUXSP4TM.js:7:2803)
    at Fr.next (https://www.greencity.cx.ua/chunk-NUXSP4TM.js:7:2530)
    at https://www.greencity.cx.ua/chunk-NUXSP4TM.js:7:7848
    at Ac (https://www.greencity.cx.ua/chunk-NUXSP4TM.js:7:2222)
    at S0.next (https://www.greencity.cx.ua/chunk-NUXSP4TM.js:7:7687), [2026-03-15T12:00:20.572Z] [SEVERE] https://www.greencity.cx.ua/chunk-NUXSP4TM.js 10:45939 "ERROR" TypeError: Cannot read properties of null (reading 'setValue')
    at n.quillContentChanged (https://www.greencity.cx.ua/chunk-VNNOUBDJ.js:1:16043)
    at https://www.greencity.cx.ua/chunk-VNNOUBDJ.js:1:7223
    at eE (https://www.greencity.cx.ua/chunk-NUXSP4TM.js:11:76097)
    at Object.o [as next] (https://www.greencity.cx.ua/chunk-NUXSP4TM.js:11:76277)
    at bv.next (https://www.greencity.cx.ua/chunk-NUXSP4TM.js:7:3120)
    at Fr._next (https://www.greencity.cx.ua/chunk-NUXSP4TM.js:7:2803)
    at Fr.next (https://www.greencity.cx.ua/chunk-NUXSP4TM.js:7:2530)
    at https://www.greencity.cx.ua/chunk-NUXSP4TM.js:7:7848
    at Ac (https://www.greencity.cx.ua/chunk-NUXSP4TM.js:7:2222)
    at S0.next (https://www.greencity.cx.ua/chunk-NUXSP4TM.js:7:7687), [2026-03-15T12:00:20.572Z] [SEVERE] https://www.greencity.cx.ua/chunk-NUXSP4TM.js 10:45939 "ERROR" TypeError: Cannot read properties of null (reading 'setValue')
    at n.quillContentChanged (https://www.greencity.cx.ua/chunk-VNNOUBDJ.js:1:16043)
    at https://www.greencity.cx.ua/chunk-VNNOUBDJ.js:1:7223
    at eE (https://www.greencity.cx.ua/chunk-NUXSP4TM.js:11:76097)
    at Object.o [as next] (https://www.greencity.cx.ua/chunk-NUXSP4TM.js:11:76277)
    at bv.next (https://www.greencity.cx.ua/chunk-NUXSP4TM.js:7:3120)
    at Fr._next (https://www.greencity.cx.ua/chunk-NUXSP4TM.js:7:2803)
    at Fr.next (https://www.greencity.cx.ua/chunk-NUXSP4TM.js:7:2530)
    at https://www.greencity.cx.ua/chunk-NUXSP4TM.js:7:7848
    at Ac (https://www.greencity.cx.ua/chunk-NUXSP4TM.js:7:2222)
    at S0.next (https://www.greencity.cx.ua/chunk-NUXSP4TM.js:7:7687), [2026-03-15T12:00:20.575Z] [SEVERE] https://www.greencity.cx.ua/chunk-NUXSP4TM.js 10:45939 "ERROR" TypeError: Cannot read properties of null (reading 'setValue')
    at n.quillContentChanged (https://www.greencity.cx.ua/chunk-VNNOUBDJ.js:1:16043)
    at https://www.greencity.cx.ua/chunk-VNNOUBDJ.js:1:7223
    at eE (https://www.greencity.cx.ua/chunk-NUXSP4TM.js:11:76097)
    at Object.o [as next] (https://www.greencity.cx.ua/chunk-NUXSP4TM.js:11:76277)
    at bv.next (https://www.greencity.cx.ua/chunk-NUXSP4TM.js:7:3120)
    at Fr._next (https://www.greencity.cx.ua/chunk-NUXSP4TM.js:7:2803)
    at Fr.next (https://www.greencity.cx.ua/chunk-NUXSP4TM.js:7:2530)
    at https://www.greencity.cx.ua/chunk-NUXSP4TM.js:7:7848
    at Ac (https://www.greencity.cx.ua/chunk-NUXSP4TM.js:7:2222)
    at S0.next (https://www.greencity.cx.ua/chunk-NUXSP4TM.js:7:7687), [2026-03-15T12:00:20.579Z] [SEVERE] https://www.greencity.cx.ua/chunk-NUXSP4TM.js 10:45939 "ERROR" TypeError: Cannot read properties of null (reading 'setValue')
    at n.quillContentChanged (https://www.greencity.cx.ua/chunk-VNNOUBDJ.js:1:16043)
    at https://www.greencity.cx.ua/chunk-VNNOUBDJ.js:1:7223
    at eE (https://www.greencity.cx.ua/chunk-NUXSP4TM.js:11:76097)
    at Object.o [as next] (https://www.greencity.cx.ua/chunk-NUXSP4TM.js:11:76277)
    at bv.next (https://www.greencity.cx.ua/chunk-NUXSP4TM.js:7:3120)
    at Fr._next (https://www.greencity.cx.ua/chunk-NUXSP4TM.js:7:2803)
    at Fr.next (https://www.greencity.cx.ua/chunk-NUXSP4TM.js:7:2530)
    at https://www.greencity.cx.ua/chunk-NUXSP4TM.js:7:7848
    at Ac (https://www.greencity.cx.ua/chunk-NUXSP4TM.js:7:2222)
    at S0.next (https://www.greencity.cx.ua/chunk-NUXSP4TM.js:7:7687), [2026-03-15T12:00:20.583Z] [SEVERE] https://www.greencity.cx.ua/chunk-NUXSP4TM.js 10:45939 "ERROR" TypeError: Cannot read properties of null (reading 'setValue')
    at n.quillContentChanged (https://www.greencity.cx.ua/chunk-VNNOUBDJ.js:1:16043)
    at https://www.greencity.cx.ua/chunk-VNNOUBDJ.js:1:7223
    at eE (https://www.greencity.cx.ua/chunk-NUXSP4TM.js:11:76097)
    at Object.o [as next] (https://www.greencity.cx.ua/chunk-NUXSP4TM.js:11:76277)
    at bv.next (https://www.greencity.cx.ua/chunk-NUXSP4TM.js:7:3120)
    at Fr._next (https://www.greencity.cx.ua/chunk-NUXSP4TM.js:7:2803)
    at Fr.next (https://www.greencity.cx.ua/chunk-NUXSP4TM.js:7:2530)
    at https://www.greencity.cx.ua/chunk-NUXSP4TM.js:7:7848
    at Ac (https://www.greencity.cx.ua/chunk-NUXSP4TM.js:7:2222)
    at S0.next (https://www.greencity.cx.ua/chunk-NUXSP4TM.js:7:7687), [2026-03-15T12:00:20.586Z] [SEVERE] https://www.greencity.cx.ua/chunk-NUXSP4TM.js 10:45939 "ERROR" TypeError: Cannot read properties of null (reading 'setValue')
    at n.quillContentChanged (https://www.greencity.cx.ua/chunk-VNNOUBDJ.js:1:16043)
    at https://www.greencity.cx.ua/chunk-VNNOUBDJ.js:1:7223
    at eE (https://www.greencity.cx.ua/chunk-NUXSP4TM.js:11:76097)
    at Object.o [as next] (https://www.greencity.cx.ua/chunk-NUXSP4TM.js:11:76277)
    at bv.next (https://www.greencity.cx.ua/chunk-NUXSP4TM.js:7:3120)
    at Fr._next (https://www.greencity.cx.ua/chunk-NUXSP4TM.js:7:2803)
    at Fr.next (https://www.greencity.cx.ua/chunk-NUXSP4TM.js:7:2530)
    at https://www.greencity.cx.ua/chunk-NUXSP4TM.js:7:7848
    at Ac (https://www.greencity.cx.ua/chunk-NUXSP4TM.js:7:2222)
    at S0.next (https://www.greencity.cx.ua/chunk-NUXSP4TM.js:7:7687), [2026-03-15T12:00:20.589Z] [SEVERE] https://www.greencity.cx.ua/chunk-NUXSP4TM.js 10:45939 "ERROR" TypeError: Cannot read properties of null (reading 'setValue')
    at n.quillContentChanged (https://www.greencity.cx.ua/chunk-VNNOUBDJ.js:1:16043)
    at https://www.greencity.cx.ua/chunk-VNNOUBDJ.js:1:7223
    at eE (https://www.greencity.cx.ua/chunk-NUXSP4TM.js:11:76097)
    at Object.o [as next] (https://www.greencity.cx.ua/chunk-NUXSP4TM.js:11:76277)
    at bv.next (https://www.greencity.cx.ua/chunk-NUXSP4TM.js:7:3120)
    at Fr._next (https://www.greencity.cx.ua/chunk-NUXSP4TM.js:7:2803)
    at Fr.next (https://www.greencity.cx.ua/chunk-NUXSP4TM.js:7:2530)
    at https://www.greencity.cx.ua/chunk-NUXSP4TM.js:7:7848
    at Ac (https://www.greencity.cx.ua/chunk-NUXSP4TM.js:7:2222)
    at S0.next (https://www.greencity.cx.ua/chunk-NUXSP4TM.js:7:7687), [2026-03-15T12:00:20.592Z] [SEVERE] https://www.greencity.cx.ua/chunk-NUXSP4TM.js 10:45939 "ERROR" TypeError: Cannot read properties of null (reading 'setValue')
    at n.quillContentChanged (https://www.greencity.cx.ua/chunk-VNNOUBDJ.js:1:16043)
    at https://www.greencity.cx.ua/chunk-VNNOUBDJ.js:1:7223
    at eE (https://www.greencity.cx.ua/chunk-NUXSP4TM.js:11:76097)
    at Object.o [as next] (https://www.greencity.cx.ua/chunk-NUXSP4TM.js:11:76277)
    at bv.next (https://www.greencity.cx.ua/chunk-NUXSP4TM.js:7:3120)
    at Fr._next (https://www.greencity.cx.ua/chunk-NUXSP4TM.js:7:2803)
    at Fr.next (https://www.greencity.cx.ua/chunk-NUXSP4TM.js:7:2530)
    at https://www.greencity.cx.ua/chunk-NUXSP4TM.js:7:7848
    at Ac (https://www.greencity.cx.ua/chunk-NUXSP4TM.js:7:2222)
    at S0.next (https://www.greencity.cx.ua/chunk-NUXSP4TM.js:7:7687), [2026-03-15T12:00:20.595Z] [SEVERE] https://www.greencity.cx.ua/chunk-NUXSP4TM.js 10:45939 "ERROR" TypeError: Cannot read properties of null (reading 'setValue')
    at n.quillContentChanged (https://www.greencity.cx.ua/chunk-VNNOUBDJ.js:1:16043)
    at https://www.greencity.cx.ua/chunk-VNNOUBDJ.js:1:7223
    at eE (https://www.greencity.cx.ua/chunk-NUXSP4TM.js:11:76097)
    at Object.o [as next] (https://www.greencity.cx.ua/chunk-NUXSP4TM.js:11:76277)
    at bv.next (https://www.greencity.cx.ua/chunk-NUXSP4TM.js:7:3120)
    at Fr._next (https://www.greencity.cx.ua/chunk-NUXSP4TM.js:7:2803)
    at Fr.next (https://www.greencity.cx.ua/chunk-NUXSP4TM.js:7:2530)
    at https://www.greencity.cx.ua/chunk-NUXSP4TM.js:7:7848
    at Ac (https://www.greencity.cx.ua/chunk-NUXSP4TM.js:7:2222)
    at S0.next (https://www.greencity.cx.ua/chunk-NUXSP4TM.js:7:7687), [2026-03-15T12:00:20.597Z] [SEVERE] https://www.greencity.cx.ua/chunk-NUXSP4TM.js 10:45939 "ERROR" TypeError: Cannot read properties of null (reading 'setValue')
    at n.quillContentChanged (https://www.greencity.cx.ua/chunk-VNNOUBDJ.js:1:16043)
    at https://www.greencity.cx.ua/chunk-VNNOUBDJ.js:1:7223
    at eE (https://www.greencity.cx.ua/chunk-NUXSP4TM.js:11:76097)
    at Object.o [as next] (https://www.greencity.cx.ua/chunk-NUXSP4TM.js:11:76277)
    at bv.next (https://www.greencity.cx.ua/chunk-NUXSP4TM.js:7:3120)
    at Fr._next (https://www.greencity.cx.ua/chunk-NUXSP4TM.js:7:2803)
    at Fr.next (https://www.greencity.cx.ua/chunk-NUXSP4TM.js:7:2530)
    at https://www.greencity.cx.ua/chunk-NUXSP4TM.js:7:7848
    at Ac (https://www.greencity.cx.ua/chunk-NUXSP4TM.js:7:2222)
    at S0.next (https://www.greencity.cx.ua/chunk-NUXSP4TM.js:7:7687), [2026-03-15T12:00:20.600Z] [SEVERE] https://www.greencity.cx.ua/chunk-NUXSP4TM.js 10:45939 "ERROR" TypeError: Cannot read properties of null (reading 'setValue')
    at n.quillContentChanged (https://www.greencity.cx.ua/chunk-VNNOUBDJ.js:1:16043)
    at https://www.greencity.cx.ua/chunk-VNNOUBDJ.js:1:7223
    at eE (https://www.greencity.cx.ua/chunk-NUXSP4TM.js:11:76097)
    at Object.o [as next] (https://www.greencity.cx.ua/chunk-NUXSP4TM.js:11:76277)
    at bv.next (https://www.greencity.cx.ua/chunk-NUXSP4TM.js:7:3120)
    at Fr._next (https://www.greencity.cx.ua/chunk-NUXSP4TM.js:7:2803)
    at Fr.next (https://www.greencity.cx.ua/chunk-NUXSP4TM.js:7:2530)
    at https://www.greencity.cx.ua/chunk-NUXSP4TM.js:7:7848
    at Ac (https://www.greencity.cx.ua/chunk-NUXSP4TM.js:7:2222)
    at S0.next (https://www.greencity.cx.ua/chunk-NUXSP4TM.js:7:7687), [2026-03-15T12:00:20.609Z] [SEVERE] https://www.greencity.cx.ua/chunk-NUXSP4TM.js 10:45939 "ERROR" TypeError: Cannot read properties of null (reading 'setValue')
    at n.quillContentChanged (https://www.greencity.cx.ua/chunk-VNNOUBDJ.js:1:16043)
    at https://www.greencity.cx.ua/chunk-VNNOUBDJ.js:1:7223
    at eE (https://www.greencity.cx.ua/chunk-NUXSP4TM.js:11:76097)
    at Object.o [as next] (https://www.greencity.cx.ua/chunk-NUXSP4TM.js:11:76277)
    at bv.next (https://www.greencity.cx.ua/chunk-NUXSP4TM.js:7:3120)
    at Fr._next (https://www.greencity.cx.ua/chunk-NUXSP4TM.js:7:2803)
    at Fr.next (https://www.greencity.cx.ua/chunk-NUXSP4TM.js:7:2530)
    at https://www.greencity.cx.ua/chunk-NUXSP4TM.js:7:7848
    at Ac (https://www.greencity.cx.ua/chunk-NUXSP4TM.js:7:2222)
    at S0.next (https://www.greencity.cx.ua/chunk-NUXSP4TM.js:7:7687), [2026-03-15T12:00:20.609Z] [SEVERE] https://www.greencity.cx.ua/chunk-NUXSP4TM.js 10:45939 "ERROR" TypeError: Cannot read properties of null (reading 'setValue')
    at n.quillContentChanged (https://www.greencity.cx.ua/chunk-VNNOUBDJ.js:1:16043)
    at https://www.greencity.cx.ua/chunk-VNNOUBDJ.js:1:7223
    at eE (https://www.greencity.cx.ua/chunk-NUXSP4TM.js:11:76097)
    at Object.o [as next] (https://www.greencity.cx.ua/chunk-NUXSP4TM.js:11:76277)
    at bv.next (https://www.greencity.cx.ua/chunk-NUXSP4TM.js:7:3120)
    at Fr._next (https://www.greencity.cx.ua/chunk-NUXSP4TM.js:7:2803)
    at Fr.next (https://www.greencity.cx.ua/chunk-NUXSP4TM.js:7:2530)
    at https://www.greencity.cx.ua/chunk-NUXSP4TM.js:7:7848
    at Ac (https://www.greencity.cx.ua/chunk-NUXSP4TM.js:7:2222)
    at S0.next (https://www.greencity.cx.ua/chunk-NUXSP4TM.js:7:7687), [2026-03-15T12:00:20.609Z] [SEVERE] https://www.greencity.cx.ua/chunk-NUXSP4TM.js 10:45939 "ERROR" TypeError: Cannot read properties of null (reading 'setValue')
    at n.quillContentChanged (https://www.greencity.cx.ua/chunk-VNNOUBDJ.js:1:16043)
    at https://www.greencity.cx.ua/chunk-VNNOUBDJ.js:1:7223
    at eE (https://www.greencity.cx.ua/chunk-NUXSP4TM.js:11:76097)
    at Object.o [as next] (https://www.greencity.cx.ua/chunk-NUXSP4TM.js:11:76277)
    at bv.next (https://www.greencity.cx.ua/chunk-NUXSP4TM.js:7:3120)
    at Fr._next (https://www.greencity.cx.ua/chunk-NUXSP4TM.js:7:2803)
    at Fr.next (https://www.greencity.cx.ua/chunk-NUXSP4TM.js:7:2530)
    at https://www.greencity.cx.ua/chunk-NUXSP4TM.js:7:7848
    at Ac (https://www.greencity.cx.ua/chunk-NUXSP4TM.js:7:2222)
    at S0.next (https://www.greencity.cx.ua/chunk-NUXSP4TM.js:7:7687), [2026-03-15T12:00:20.613Z] [SEVERE] https://www.greencity.cx.ua/chunk-NUXSP4TM.js 10:45939 "ERROR" TypeError: Cannot read properties of null (reading 'setValue')
    at n.quillContentChanged (https://www.greencity.cx.ua/chunk-VNNOUBDJ.js:1:16043)
    at https://www.greencity.cx.ua/chunk-VNNOUBDJ.js:1:7223
    at eE (https://www.greencity.cx.ua/chunk-NUXSP4TM.js:11:76097)
    at Object.o [as next] (https://www.greencity.cx.ua/chunk-NUXSP4TM.js:11:76277)
    at bv.next (https://www.greencity.cx.ua/chunk-NUXSP4TM.js:7:3120)
    at Fr._next (https://www.greencity.cx.ua/chunk-NUXSP4TM.js:7:2803)
    at Fr.next (https://www.greencity.cx.ua/chunk-NUXSP4TM.js:7:2530)
    at https://www.greencity.cx.ua/chunk-NUXSP4TM.js:7:7848
    at Ac (https://www.greencity.cx.ua/chunk-NUXSP4TM.js:7:2222)
    at S0.next (https://www.greencity.cx.ua/chunk-NUXSP4TM.js:7:7687), [2026-03-15T12:00:20.616Z] [SEVERE] https://www.greencity.cx.ua/chunk-NUXSP4TM.js 10:45939 "ERROR" TypeError: Cannot read properties of null (reading 'setValue')
    at n.quillContentChanged (https://www.greencity.cx.ua/chunk-VNNOUBDJ.js:1:16043)
    at https://www.greencity.cx.ua/chunk-VNNOUBDJ.js:1:7223
    at eE (https://www.greencity.cx.ua/chunk-NUXSP4TM.js:11:76097)
    at Object.o [as next] (https://www.greencity.cx.ua/chunk-NUXSP4TM.js:11:76277)
    at bv.next (https://www.greencity.cx.ua/chunk-NUXSP4TM.js:7:3120)
    at Fr._next (https://www.greencity.cx.ua/chunk-NUXSP4TM.js:7:2803)
    at Fr.next (https://www.greencity.cx.ua/chunk-NUXSP4TM.js:7:2530)
    at https://www.greencity.cx.ua/chunk-NUXSP4TM.js:7:7848
    at Ac (https://www.greencity.cx.ua/chunk-NUXSP4TM.js:7:2222)
    at S0.next (https://www.greencity.cx.ua/chunk-NUXSP4TM.js:7:7687), [2026-03-15T12:00:20.619Z] [SEVERE] https://www.greencity.cx.ua/chunk-NUXSP4TM.js 10:45939 "ERROR" TypeError: Cannot read properties of null (reading 'setValue')
    at n.quillContentChanged (https://www.greencity.cx.ua/chunk-VNNOUBDJ.js:1:16043)
    at https://www.greencity.cx.ua/chunk-VNNOUBDJ.js:1:7223
    at eE (https://www.greencity.cx.ua/chunk-NUXSP4TM.js:11:76097)
    at Object.o [as next] (https://www.greencity.cx.ua/chunk-NUXSP4TM.js:11:76277)
    at bv.next (https://www.greencity.cx.ua/chunk-NUXSP4TM.js:7:3120)
    at Fr._next (https://www.greencity.cx.ua/chunk-NUXSP4TM.js:7:2803)
    at Fr.next (https://www.greencity.cx.ua/chunk-NUXSP4TM.js:7:2530)
    at https://www.greencity.cx.ua/chunk-NUXSP4TM.js:7:7848
    at Ac (https://www.greencity.cx.ua/chunk-NUXSP4TM.js:7:2222)
    at S0.next (https://www.greencity.cx.ua/chunk-NUXSP4TM.js:7:7687), [2026-03-15T12:00:20.622Z] [SEVERE] https://www.greencity.cx.ua/chunk-NUXSP4TM.js 10:45939 "ERROR" TypeError: Cannot read properties of null (reading 'setValue')
    at n.quillContentChanged (https://www.greencity.cx.ua/chunk-VNNOUBDJ.js:1:16043)
    at https://www.greencity.cx.ua/chunk-VNNOUBDJ.js:1:7223
    at eE (https://www.greencity.cx.ua/chunk-NUXSP4TM.js:11:76097)
    at Object.o [as next] (https://www.greencity.cx.ua/chunk-NUXSP4TM.js:11:76277)
    at bv.next (https://www.greencity.cx.ua/chunk-NUXSP4TM.js:7:3120)
    at Fr._next (https://www.greencity.cx.ua/chunk-NUXSP4TM.js:7:2803)
    at Fr.next (https://www.greencity.cx.ua/chunk-NUXSP4TM.js:7:2530)
    at https://www.greencity.cx.ua/chunk-NUXSP4TM.js:7:7848
    at Ac (https://www.greencity.cx.ua/chunk-NUXSP4TM.js:7:2222)
    at S0.next (https://www.greencity.cx.ua/chunk-NUXSP4TM.js:7:7687), [2026-03-15T12:00:20.627Z] [SEVERE] https://www.greencity.cx.ua/chunk-NUXSP4TM.js 10:45939 "ERROR" TypeError: Cannot read properties of null (reading 'setValue')
    at n.quillContentChanged (https://www.greencity.cx.ua/chunk-VNNOUBDJ.js:1:16043)
    at https://www.greencity.cx.ua/chunk-VNNOUBDJ.js:1:7223
    at eE (https://www.greencity.cx.ua/chunk-NUXSP4TM.js:11:76097)
    at Object.o [as next] (https://www.greencity.cx.ua/chunk-NUXSP4TM.js:11:76277)
    at bv.next (https://www.greencity.cx.ua/chunk-NUXSP4TM.js:7:3120)
    at Fr._next (https://www.greencity.cx.ua/chunk-NUXSP4TM.js:7:2803)
    at Fr.next (https://www.greencity.cx.ua/chunk-NUXSP4TM.js:7:2530)
    at https://www.greencity.cx.ua/chunk-NUXSP4TM.js:7:7848
    at Ac (https://www.greencity.cx.ua/chunk-NUXSP4TM.js:7:2222)
    at S0.next (https://www.greencity.cx.ua/chunk-NUXSP4TM.js:7:7687), [2026-03-15T12:00:20.629Z] [SEVERE] https://www.greencity.cx.ua/chunk-NUXSP4TM.js 10:45939 "ERROR" TypeError: Cannot read properties of null (reading 'setValue')
    at n.quillContentChanged (https://www.greencity.cx.ua/chunk-VNNOUBDJ.js:1:16043)
    at https://www.greencity.cx.ua/chunk-VNNOUBDJ.js:1:7223
    at eE (https://www.greencity.cx.ua/chunk-NUXSP4TM.js:11:76097)
    at Object.o [as next] (https://www.greencity.cx.ua/chunk-NUXSP4TM.js:11:76277)
    at bv.next (https://www.greencity.cx.ua/chunk-NUXSP4TM.js:7:3120)
    at Fr._next (https://www.greencity.cx.ua/chunk-NUXSP4TM.js:7:2803)
    at Fr.next (https://www.greencity.cx.ua/chunk-NUXSP4TM.js:7:2530)
    at https://www.greencity.cx.ua/chunk-NUXSP4TM.js:7:7848
    at Ac (https://www.greencity.cx.ua/chunk-NUXSP4TM.js:7:2222)
    at S0.next (https://www.greencity.cx.ua/chunk-NUXSP4TM.js:7:7687), [2026-03-15T12:00:20.633Z] [SEVERE] https://www.greencity.cx.ua/chunk-NUXSP4TM.js 10:45939 "ERROR" TypeError: Cannot read properties of null (reading 'setValue')
    at n.quillContentChanged (https://www.greencity.cx.ua/chunk-VNNOUBDJ.js:1:16043)
    at https://www.greencity.cx.ua/chunk-VNNOUBDJ.js:1:7223
    at eE (https://www.greencity.cx.ua/chunk-NUXSP4TM.js:11:76097)
    at Object.o [as next] (https://www.greencity.cx.ua/chunk-NUXSP4TM.js:11:76277)
    at bv.next (https://www.greencity.cx.ua/chunk-NUXSP4TM.js:7:3120)
    at Fr._next (https://www.greencity.cx.ua/chunk-NUXSP4TM.js:7:2803)
    at Fr.next (https://www.greencity.cx.ua/chunk-NUXSP4TM.js:7:2530)
    at https://www.greencity.cx.ua/chunk-NUXSP4TM.js:7:7848
    at Ac (https://www.greencity.cx.ua/chunk-NUXSP4TM.js:7:2222)
    at S0.next (https://www.greencity.cx.ua/chunk-NUXSP4TM.js:7:7687), [2026-03-15T12:00:20.635Z] [SEVERE] https://www.greencity.cx.ua/chunk-NUXSP4TM.js 10:45939 "ERROR" TypeError: Cannot read properties of null (reading 'setValue')
    at n.quillContentChanged (https://www.greencity.cx.ua/chunk-VNNOUBDJ.js:1:16043)
    at https://www.greencity.cx.ua/chunk-VNNOUBDJ.js:1:7223
    at eE (https://www.greencity.cx.ua/chunk-NUXSP4TM.js:11:76097)
    at Object.o [as next] (https://www.greencity.cx.ua/chunk-NUXSP4TM.js:11:76277)
    at bv.next (https://www.greencity.cx.ua/chunk-NUXSP4TM.js:7:3120)
    at Fr._next (https://www.greencity.cx.ua/chunk-NUXSP4TM.js:7:2803)
    at Fr.next (https://www.greencity.cx.ua/chunk-NUXSP4TM.js:7:2530)
    at https://www.greencity.cx.ua/chunk-NUXSP4TM.js:7:7848
    at Ac (https://www.greencity.cx.ua/chunk-NUXSP4TM.js:7:2222)
    at S0.next (https://www.greencity.cx.ua/chunk-NUXSP4TM.js:7:7687), [2026-03-15T12:00:20.638Z] [SEVERE] https://www.greencity.cx.ua/chunk-NUXSP4TM.js 10:45939 "ERROR" TypeError: Cannot read properties of null (reading 'setValue')
    at n.quillContentChanged (https://www.greencity.cx.ua/chunk-VNNOUBDJ.js:1:16043)
    at https://www.greencity.cx.ua/chunk-VNNOUBDJ.js:1:7223
    at eE (https://www.greencity.cx.ua/chunk-NUXSP4TM.js:11:76097)
    at Object.o [as next] (https://www.greencity.cx.ua/chunk-NUXSP4TM.js:11:76277)
    at bv.next (https://www.greencity.cx.ua/chunk-NUXSP4TM.js:7:3120)
    at Fr._next (https://www.greencity.cx.ua/chunk-NUXSP4TM.js:7:2803)
    at Fr.next (https://www.greencity.cx.ua/chunk-NUXSP4TM.js:7:2530)
    at https://www.greencity.cx.ua/chunk-NUXSP4TM.js:7:7848
    at Ac (https://www.greencity.cx.ua/chunk-NUXSP4TM.js:7:2222)
    at S0.next (https://www.greencity.cx.ua/chunk-NUXSP4TM.js:7:7687), [2026-03-15T12:00:20.645Z] [SEVERE] https://www.greencity.cx.ua/chunk-NUXSP4TM.js 10:45939 "ERROR" TypeError: Cannot read properties of null (reading 'setValue')
    at n.quillContentChanged (https://www.greencity.cx.ua/chunk-VNNOUBDJ.js:1:16043)
    at https://www.greencity.cx.ua/chunk-VNNOUBDJ.js:1:7223
    at eE (https://www.greencity.cx.ua/chunk-NUXSP4TM.js:11:76097)
    at Object.o [as next] (https://www.greencity.cx.ua/chunk-NUXSP4TM.js:11:76277)
    at bv.next (https://www.greencity.cx.ua/chunk-NUXSP4TM.js:7:3120)
    at Fr._next (https://www.greencity.cx.ua/chunk-NUXSP4TM.js:7:2803)
    at Fr.next (https://www.greencity.cx.ua/chunk-NUXSP4TM.js:7:2530)
    at https://www.greencity.cx.ua/chunk-NUXSP4TM.js:7:7848
    at Ac (https://www.greencity.cx.ua/chunk-NUXSP4TM.js:7:2222)
    at S0.next (https://www.greencity.cx.ua/chunk-NUXSP4TM.js:7:7687), [2026-03-15T12:00:20.648Z] [SEVERE] https://www.greencity.cx.ua/chunk-NUXSP4TM.js 10:45939 "ERROR" TypeError: Cannot read properties of null (reading 'setValue')
    at n.quillContentChanged (https://www.greencity.cx.ua/chunk-VNNOUBDJ.js:1:16043)
    at https://www.greencity.cx.ua/chunk-VNNOUBDJ.js:1:7223
    at eE (https://www.greencity.cx.ua/chunk-NUXSP4TM.js:11:76097)
    at Object.o [as next] (https://www.greencity.cx.ua/chunk-NUXSP4TM.js:11:76277)
    at bv.next (https://www.greencity.cx.ua/chunk-NUXSP4TM.js:7:3120)
    at Fr._next (https://www.greencity.cx.ua/chunk-NUXSP4TM.js:7:2803)
    at Fr.next (https://www.greencity.cx.ua/chunk-NUXSP4TM.js:7:2530)
    at https://www.greencity.cx.ua/chunk-NUXSP4TM.js:7:7848
    at Ac (https://www.greencity.cx.ua/chunk-NUXSP4TM.js:7:2222)
    at S0.next (https://www.greencity.cx.ua/chunk-NUXSP4TM.js:7:7687), [2026-03-15T12:00:20.650Z] [SEVERE] https://www.greencity.cx.ua/chunk-NUXSP4TM.js 10:45939 "ERROR" TypeError: Cannot read properties of null (reading 'setValue')
    at n.quillContentChanged (https://www.greencity.cx.ua/chunk-VNNOUBDJ.js:1:16043)
    at https://www.greencity.cx.ua/chunk-VNNOUBDJ.js:1:7223
    at eE (https://www.greencity.cx.ua/chunk-NUXSP4TM.js:11:76097)
    at Object.o [as next] (https://www.greencity.cx.ua/chunk-NUXSP4TM.js:11:76277)
    at bv.next (https://www.greencity.cx.ua/chunk-NUXSP4TM.js:7:3120)
    at Fr._next (https://www.greencity.cx.ua/chunk-NUXSP4TM.js:7:2803)
    at Fr.next (https://www.greencity.cx.ua/chunk-NUXSP4TM.js:7:2530)
    at https://www.greencity.cx.ua/chunk-NUXSP4TM.js:7:7848
    at Ac (https://www.greencity.cx.ua/chunk-NUXSP4TM.js:7:2222)
    at S0.next (https://www.greencity.cx.ua/chunk-NUXSP4TM.js:7:7687), [2026-03-15T12:00:20.654Z] [SEVERE] https://www.greencity.cx.ua/chunk-NUXSP4TM.js 10:45939 "ERROR" TypeError: Cannot read properties of null (reading 'setValue')
    at n.quillContentChanged (https://www.greencity.cx.ua/chunk-VNNOUBDJ.js:1:16043)
    at https://www.greencity.cx.ua/chunk-VNNOUBDJ.js:1:7223
    at eE (https://www.greencity.cx.ua/chunk-NUXSP4TM.js:11:76097)
    at Object.o [as next] (https://www.greencity.cx.ua/chunk-NUXSP4TM.js:11:76277)
    at bv.next (https://www.greencity.cx.ua/chunk-NUXSP4TM.js:7:3120)
    at Fr._next (https://www.greencity.cx.ua/chunk-NUXSP4TM.js:7:2803)
    at Fr.next (https://www.greencity.cx.ua/chunk-NUXSP4TM.js:7:2530)
    at https://www.greencity.cx.ua/chunk-NUXSP4TM.js:7:7848
    at Ac (https://www.greencity.cx.ua/chunk-NUXSP4TM.js:7:2222)
    at S0.next (https://www.greencity.cx.ua/chunk-NUXSP4TM.js:7:7687), [2026-03-15T12:00:20.657Z] [SEVERE] https://www.greencity.cx.ua/chunk-NUXSP4TM.js 10:45939 "ERROR" TypeError: Cannot read properties of null (reading 'setValue')
    at n.quillContentChanged (https://www.greencity.cx.ua/chunk-VNNOUBDJ.js:1:16043)
    at https://www.greencity.cx.ua/chunk-VNNOUBDJ.js:1:7223
    at eE (https://www.greencity.cx.ua/chunk-NUXSP4TM.js:11:76097)
    at Object.o [as next] (https://www.greencity.cx.ua/chunk-NUXSP4TM.js:11:76277)
    at bv.next (https://www.greencity.cx.ua/chunk-NUXSP4TM.js:7:3120)
    at Fr._next (https://www.greencity.cx.ua/chunk-NUXSP4TM.js:7:2803)
    at Fr.next (https://www.greencity.cx.ua/chunk-NUXSP4TM.js:7:2530)
    at https://www.greencity.cx.ua/chunk-NUXSP4TM.js:7:7848
    at Ac (https://www.greencity.cx.ua/chunk-NUXSP4TM.js:7:2222)
    at S0.next (https://www.greencity.cx.ua/chunk-NUXSP4TM.js:7:7687), [2026-03-15T12:00:20.664Z] [SEVERE] https://www.greencity.cx.ua/chunk-NUXSP4TM.js 10:45939 "ERROR" TypeError: Cannot read properties of null (reading 'setValue')
    at n.quillContentChanged (https://www.greencity.cx.ua/chunk-VNNOUBDJ.js:1:16043)
    at https://www.greencity.cx.ua/chunk-VNNOUBDJ.js:1:7223
    at eE (https://www.greencity.cx.ua/chunk-NUXSP4TM.js:11:76097)
    at Object.o [as next] (https://www.greencity.cx.ua/chunk-NUXSP4TM.js:11:76277)
    at bv.next (https://www.greencity.cx.ua/chunk-NUXSP4TM.js:7:3120)
    at Fr._next (https://www.greencity.cx.ua/chunk-NUXSP4TM.js:7:2803)
    at Fr.next (https://www.greencity.cx.ua/chunk-NUXSP4TM.js:7:2530)
    at https://www.greencity.cx.ua/chunk-NUXSP4TM.js:7:7848
    at Ac (https://www.greencity.cx.ua/chunk-NUXSP4TM.js:7:2222)
    at S0.next (https://www.greencity.cx.ua/chunk-NUXSP4TM.js:7:7687), [2026-03-15T12:00:20.666Z] [SEVERE] https://www.greencity.cx.ua/chunk-NUXSP4TM.js 10:45939 "ERROR" TypeError: Cannot read properties of null (reading 'setValue')
    at n.quillContentChanged (https://www.greencity.cx.ua/chunk-VNNOUBDJ.js:1:16043)
    at https://www.greencity.cx.ua/chunk-VNNOUBDJ.js:1:7223
    at eE (https://www.greencity.cx.ua/chunk-NUXSP4TM.js:11:76097)
    at Object.o [as next] (https://www.greencity.cx.ua/chunk-NUXSP4TM.js:11:76277)
    at bv.next (https://www.greencity.cx.ua/chunk-NUXSP4TM.js:7:3120)
    at Fr._next (https://www.greencity.cx.ua/chunk-NUXSP4TM.js:7:2803)
    at Fr.next (https://www.greencity.cx.ua/chunk-NUXSP4TM.js:7:2530)
    at https://www.greencity.cx.ua/chunk-NUXSP4TM.js:7:7848
    at Ac (https://www.greencity.cx.ua/chunk-NUXSP4TM.js:7:2222)
    at S0.next (https://www.greencity.cx.ua/chunk-NUXSP4TM.js:7:7687), [2026-03-15T12:00:20.671Z] [SEVERE] https://www.greencity.cx.ua/chunk-NUXSP4TM.js 10:45939 "ERROR" TypeError: Cannot read properties of null (reading 'setValue')
    at n.quillContentChanged (https://www.greencity.cx.ua/chunk-VNNOUBDJ.js:1:16043)
    at https://www.greencity.cx.ua/chunk-VNNOUBDJ.js:1:7223
    at eE (https://www.greencity.cx.ua/chunk-NUXSP4TM.js:11:76097)
    at Object.o [as next] (https://www.greencity.cx.ua/chunk-NUXSP4TM.js:11:76277)
    at bv.next (https://www.greencity.cx.ua/chunk-NUXSP4TM.js:7:3120)
    at Fr._next (https://www.greencity.cx.ua/chunk-NUXSP4TM.js:7:2803)
    at Fr.next (https://www.greencity.cx.ua/chunk-NUXSP4TM.js:7:2530)
    at https://www.greencity.cx.ua/chunk-NUXSP4TM.js:7:7848
    at Ac (https://www.greencity.cx.ua/chunk-NUXSP4TM.js:7:2222)
    at S0.next (https://www.greencity.cx.ua/chunk-NUXSP4TM.js:7:7687), [2026-03-15T12:00:20.673Z] [SEVERE] https://www.greencity.cx.ua/chunk-NUXSP4TM.js 10:45939 "ERROR" TypeError: Cannot read properties of null (reading 'setValue')
    at n.quillContentChanged (https://www.greencity.cx.ua/chunk-VNNOUBDJ.js:1:16043)
    at https://www.greencity.cx.ua/chunk-VNNOUBDJ.js:1:7223
    at eE (https://www.greencity.cx.ua/chunk-NUXSP4TM.js:11:76097)
    at Object.o [as next] (https://www.greencity.cx.ua/chunk-NUXSP4TM.js:11:76277)
    at bv.next (https://www.greencity.cx.ua/chunk-NUXSP4TM.js:7:3120)
    at Fr._next (https://www.greencity.cx.ua/chunk-NUXSP4TM.js:7:2803)
    at Fr.next (https://www.greencity.cx.ua/chunk-NUXSP4TM.js:7:2530)
    at https://www.greencity.cx.ua/chunk-NUXSP4TM.js:7:7848
    at Ac (https://www.greencity.cx.ua/chunk-NUXSP4TM.js:7:2222)
    at S0.next (https://www.greencity.cx.ua/chunk-NUXSP4TM.js:7:7687), [2026-03-15T12:00:20.677Z] [SEVERE] https://www.greencity.cx.ua/chunk-NUXSP4TM.js 10:45939 "ERROR" TypeError: Cannot read properties of null (reading 'setValue')
    at n.quillContentChanged (https://www.greencity.cx.ua/chunk-VNNOUBDJ.js:1:16043)
    at https://www.greencity.cx.ua/chunk-VNNOUBDJ.js:1:7223
    at eE (https://www.greencity.cx.ua/chunk-NUXSP4TM.js:11:76097)
    at Object.o [as next] (https://www.greencity.cx.ua/chunk-NUXSP4TM.js:11:76277)
    at bv.next (https://www.greencity.cx.ua/chunk-NUXSP4TM.js:7:3120)
    at Fr._next (https://www.greencity.cx.ua/chunk-NUXSP4TM.js:7:2803)
    at Fr.next (https://www.greencity.cx.ua/chunk-NUXSP4TM.js:7:2530)
    at https://www.greencity.cx.ua/chunk-NUXSP4TM.js:7:7848
    at Ac (https://www.greencity.cx.ua/chunk-NUXSP4TM.js:7:2222)
    at S0.next (https://www.greencity.cx.ua/chunk-NUXSP4TM.js:7:7687), [2026-03-15T12:00:20.682Z] [SEVERE] https://www.greencity.cx.ua/chunk-NUXSP4TM.js 10:45939 "ERROR" TypeError: Cannot read properties of null (reading 'setValue')
    at n.quillContentChanged (https://www.greencity.cx.ua/chunk-VNNOUBDJ.js:1:16043)
    at https://www.greencity.cx.ua/chunk-VNNOUBDJ.js:1:7223
    at eE (https://www.greencity.cx.ua/chunk-NUXSP4TM.js:11:76097)
    at Object.o [as next] (https://www.greencity.cx.ua/chunk-NUXSP4TM.js:11:76277)
    at bv.next (https://www.greencity.cx.ua/chunk-NUXSP4TM.js:7:3120)
    at Fr._next (https://www.greencity.cx.ua/chunk-NUXSP4TM.js:7:2803)
    at Fr.next (https://www.greencity.cx.ua/chunk-NUXSP4TM.js:7:2530)
    at https://www.greencity.cx.ua/chunk-NUXSP4TM.js:7:7848
    at Ac (https://www.greencity.cx.ua/chunk-NUXSP4TM.js:7:2222)
    at S0.next (https://www.greencity.cx.ua/chunk-NUXSP4TM.js:7:7687), [2026-03-15T12:00:20.687Z] [SEVERE] https://www.greencity.cx.ua/chunk-NUXSP4TM.js 10:45939 "ERROR" TypeError: Cannot read properties of null (reading 'setValue')
    at n.quillContentChanged (https://www.greencity.cx.ua/chunk-VNNOUBDJ.js:1:16043)
    at https://www.greencity.cx.ua/chunk-VNNOUBDJ.js:1:7223
    at eE (https://www.greencity.cx.ua/chunk-NUXSP4TM.js:11:76097)
    at Object.o [as next] (https://www.greencity.cx.ua/chunk-NUXSP4TM.js:11:76277)
    at bv.next (https://www.greencity.cx.ua/chunk-NUXSP4TM.js:7:3120)
    at Fr._next (https://www.greencity.cx.ua/chunk-NUXSP4TM.js:7:2803)
    at Fr.next (https://www.greencity.cx.ua/chunk-NUXSP4TM.js:7:2530)
    at https://www.greencity.cx.ua/chunk-NUXSP4TM.js:7:7848
    at Ac (https://www.greencity.cx.ua/chunk-NUXSP4TM.js:7:2222)
    at S0.next (https://www.greencity.cx.ua/chunk-NUXSP4TM.js:7:7687), [2026-03-15T12:00:20.689Z] [SEVERE] https://www.greencity.cx.ua/chunk-NUXSP4TM.js 10:45939 "ERROR" TypeError: Cannot read properties of null (reading 'setValue')
    at n.quillContentChanged (https://www.greencity.cx.ua/chunk-VNNOUBDJ.js:1:16043)
    at https://www.greencity.cx.ua/chunk-VNNOUBDJ.js:1:7223
    at eE (https://www.greencity.cx.ua/chunk-NUXSP4TM.js:11:76097)
    at Object.o [as next] (https://www.greencity.cx.ua/chunk-NUXSP4TM.js:11:76277)
    at bv.next (https://www.greencity.cx.ua/chunk-NUXSP4TM.js:7:3120)
    at Fr._next (https://www.greencity.cx.ua/chunk-NUXSP4TM.js:7:2803)
    at Fr.next (https://www.greencity.cx.ua/chunk-NUXSP4TM.js:7:2530)
    at https://www.greencity.cx.ua/chunk-NUXSP4TM.js:7:7848
    at Ac (https://www.greencity.cx.ua/chunk-NUXSP4TM.js:7:2222)
    at S0.next (https://www.greencity.cx.ua/chunk-NUXSP4TM.js:7:7687), [2026-03-15T12:00:20.693Z] [SEVERE] https://www.greencity.cx.ua/chunk-NUXSP4TM.js 10:45939 "ERROR" TypeError: Cannot read properties of null (reading 'setValue')
    at n.quillContentChanged (https://www.greencity.cx.ua/chunk-VNNOUBDJ.js:1:16043)
    at https://www.greencity.cx.ua/chunk-VNNOUBDJ.js:1:7223
    at eE (https://www.greencity.cx.ua/chunk-NUXSP4TM.js:11:76097)
    at Object.o [as next] (https://www.greencity.cx.ua/chunk-NUXSP4TM.js:11:76277)
    at bv.next (https://www.greencity.cx.ua/chunk-NUXSP4TM.js:7:3120)
    at Fr._next (https://www.greencity.cx.ua/chunk-NUXSP4TM.js:7:2803)
    at Fr.next (https://www.greencity.cx.ua/chunk-NUXSP4TM.js:7:2530)
    at https://www.greencity.cx.ua/chunk-NUXSP4TM.js:7:7848
    at Ac (https://www.greencity.cx.ua/chunk-NUXSP4TM.js:7:2222)
    at S0.next (https://www.greencity.cx.ua/chunk-NUXSP4TM.js:7:7687), [2026-03-15T12:00:20.699Z] [SEVERE] https://www.greencity.cx.ua/chunk-NUXSP4TM.js 10:45939 "ERROR" TypeError: Cannot read properties of null (reading 'setValue')
    at n.quillContentChanged (https://www.greencity.cx.ua/chunk-VNNOUBDJ.js:1:16043)
    at https://www.greencity.cx.ua/chunk-VNNOUBDJ.js:1:7223
    at eE (https://www.greencity.cx.ua/chunk-NUXSP4TM.js:11:76097)
    at Object.o [as next] (https://www.greencity.cx.ua/chunk-NUXSP4TM.js:11:76277)
    at bv.next (https://www.greencity.cx.ua/chunk-NUXSP4TM.js:7:3120)
    at Fr._next (https://www.greencity.cx.ua/chunk-NUXSP4TM.js:7:2803)
    at Fr.next (https://www.greencity.cx.ua/chunk-NUXSP4TM.js:7:2530)
    at https://www.greencity.cx.ua/chunk-NUXSP4TM.js:7:7848
    at Ac (https://www.greencity.cx.ua/chunk-NUXSP4TM.js:7:2222)
    at S0.next (https://www.greencity.cx.ua/chunk-NUXSP4TM.js:7:7687), [2026-03-15T12:00:20.704Z] [SEVERE] https://www.greencity.cx.ua/chunk-NUXSP4TM.js 10:45939 "ERROR" TypeError: Cannot read properties of null (reading 'setValue')
    at n.quillContentChanged (https://www.greencity.cx.ua/chunk-VNNOUBDJ.js:1:16043)
    at https://www.greencity.cx.ua/chunk-VNNOUBDJ.js:1:7223
    at eE (https://www.greencity.cx.ua/chunk-NUXSP4TM.js:11:76097)
    at Object.o [as next] (https://www.greencity.cx.ua/chunk-NUXSP4TM.js:11:76277)
    at bv.next (https://www.greencity.cx.ua/chunk-NUXSP4TM.js:7:3120)
    at Fr._next (https://www.greencity.cx.ua/chunk-NUXSP4TM.js:7:2803)
    at Fr.next (https://www.greencity.cx.ua/chunk-NUXSP4TM.js:7:2530)
    at https://www.greencity.cx.ua/chunk-NUXSP4TM.js:7:7848
    at Ac (https://www.greencity.cx.ua/chunk-NUXSP4TM.js:7:2222)
    at S0.next (https://www.greencity.cx.ua/chunk-NUXSP4TM.js:7:7687), [2026-03-15T12:00:20.705Z] [SEVERE] https://www.greencity.cx.ua/chunk-NUXSP4TM.js 10:45939 "ERROR" TypeError: Cannot read properties of null (reading 'setValue')
    at n.quillContentChanged (https://www.greencity.cx.ua/chunk-VNNOUBDJ.js:1:16043)
    at https://www.greencity.cx.ua/chunk-VNNOUBDJ.js:1:7223
    at eE (https://www.greencity.cx.ua/chunk-NUXSP4TM.js:11:76097)
    at Object.o [as next] (https://www.greencity.cx.ua/chunk-NUXSP4TM.js:11:76277)
    at bv.next (https://www.greencity.cx.ua/chunk-NUXSP4TM.js:7:3120)
    at Fr._next (https://www.greencity.cx.ua/chunk-NUXSP4TM.js:7:2803)
    at Fr.next (https://www.greencity.cx.ua/chunk-NUXSP4TM.js:7:2530)
    at https://www.greencity.cx.ua/chunk-NUXSP4TM.js:7:7848
    at Ac (https://www.greencity.cx.ua/chunk-NUXSP4TM.js:7:2222)
    at S0.next (https://www.greencity.cx.ua/chunk-NUXSP4TM.js:7:7687), [2026-03-15T12:00:20.710Z] [SEVERE] https://www.greencity.cx.ua/chunk-NUXSP4TM.js 10:45939 "ERROR" TypeError: Cannot read properties of null (reading 'setValue')
    at n.quillContentChanged (https://www.greencity.cx.ua/chunk-VNNOUBDJ.js:1:16043)
    at https://www.greencity.cx.ua/chunk-VNNOUBDJ.js:1:7223
    at eE (https://www.greencity.cx.ua/chunk-NUXSP4TM.js:11:76097)
    at Object.o [as next] (https://www.greencity.cx.ua/chunk-NUXSP4TM.js:11:76277)
    at bv.next (https://www.greencity.cx.ua/chunk-NUXSP4TM.js:7:3120)
    at Fr._next (https://www.greencity.cx.ua/chunk-NUXSP4TM.js:7:2803)
    at Fr.next (https://www.greencity.cx.ua/chunk-NUXSP4TM.js:7:2530)
    at https://www.greencity.cx.ua/chunk-NUXSP4TM.js:7:7848
    at Ac (https://www.greencity.cx.ua/chunk-NUXSP4TM.js:7:2222)
    at S0.next (https://www.greencity.cx.ua/chunk-NUXSP4TM.js:7:7687), [2026-03-15T12:00:20.714Z] [SEVERE] https://www.greencity.cx.ua/chunk-NUXSP4TM.js 10:45939 "ERROR" TypeError: Cannot read properties of null (reading 'setValue')
    at n.quillContentChanged (https://www.greencity.cx.ua/chunk-VNNOUBDJ.js:1:16043)
    at https://www.greencity.cx.ua/chunk-VNNOUBDJ.js:1:7223
    at eE (https://www.greencity.cx.ua/chunk-NUXSP4TM.js:11:76097)
    at Object.o [as next] (https://www.greencity.cx.ua/chunk-NUXSP4TM.js:11:76277)
    at bv.next (https://www.greencity.cx.ua/chunk-NUXSP4TM.js:7:3120)
    at Fr._next (https://www.greencity.cx.ua/chunk-NUXSP4TM.js:7:2803)
    at Fr.next (https://www.greencity.cx.ua/chunk-NUXSP4TM.js:7:2530)
    at https://www.greencity.cx.ua/chunk-NUXSP4TM.js:7:7848
    at Ac (https://www.greencity.cx.ua/chunk-NUXSP4TM.js:7:2222)
    at S0.next (https://www.greencity.cx.ua/chunk-NUXSP4TM.js:7:7687), [2026-03-15T12:00:20.718Z] [SEVERE] https://www.greencity.cx.ua/chunk-NUXSP4TM.js 10:45939 "ERROR" TypeError: Cannot read properties of null (reading 'setValue')
    at n.quillContentChanged (https://www.greencity.cx.ua/chunk-VNNOUBDJ.js:1:16043)
    at https://www.greencity.cx.ua/chunk-VNNOUBDJ.js:1:7223
    at eE (https://www.greencity.cx.ua/chunk-NUXSP4TM.js:11:76097)
    at Object.o [as next] (https://www.greencity.cx.ua/chunk-NUXSP4TM.js:11:76277)
    at bv.next (https://www.greencity.cx.ua/chunk-NUXSP4TM.js:7:3120)
    at Fr._next (https://www.greencity.cx.ua/chunk-NUXSP4TM.js:7:2803)
    at Fr.next (https://www.greencity.cx.ua/chunk-NUXSP4TM.js:7:2530)
    at https://www.greencity.cx.ua/chunk-NUXSP4TM.js:7:7848
    at Ac (https://www.greencity.cx.ua/chunk-NUXSP4TM.js:7:2222)
    at S0.next (https://www.greencity.cx.ua/chunk-NUXSP4TM.js:7:7687), [2026-03-15T12:00:20.722Z] [SEVERE] https://www.greencity.cx.ua/chunk-NUXSP4TM.js 10:45939 "ERROR" TypeError: Cannot read properties of null (reading 'setValue')
    at n.quillContentChanged (https://www.greencity.cx.ua/chunk-VNNOUBDJ.js:1:16043)
    at https://www.greencity.cx.ua/chunk-VNNOUBDJ.js:1:7223
    at eE (https://www.greencity.cx.ua/chunk-NUXSP4TM.js:11:76097)
    at Object.o [as next] (https://www.greencity.cx.ua/chunk-NUXSP4TM.js:11:76277)
    at bv.next (https://www.greencity.cx.ua/chunk-NUXSP4TM.js:7:3120)
    at Fr._next (https://www.greencity.cx.ua/chunk-NUXSP4TM.js:7:2803)
    at Fr.next (https://www.greencity.cx.ua/chunk-NUXSP4TM.js:7:2530)
    at https://www.greencity.cx.ua/chunk-NUXSP4TM.js:7:7848
    at Ac (https://www.greencity.cx.ua/chunk-NUXSP4TM.js:7:2222)
    at S0.next (https://www.greencity.cx.ua/chunk-NUXSP4TM.js:7:7687), [2026-03-15T12:00:20.735Z] [SEVERE] https://www.greencity.cx.ua/chunk-NUXSP4TM.js 10:45939 "ERROR" TypeError: Cannot read properties of null (reading 'setValue')
    at n.quillContentChanged (https://www.greencity.cx.ua/chunk-VNNOUBDJ.js:1:16043)
    at https://www.greencity.cx.ua/chunk-VNNOUBDJ.js:1:7223
    at eE (https://www.greencity.cx.ua/chunk-NUXSP4TM.js:11:76097)
    at Object.o [as next] (https://www.greencity.cx.ua/chunk-NUXSP4TM.js:11:76277)
    at bv.next (https://www.greencity.cx.ua/chunk-NUXSP4TM.js:7:3120)
    at Fr._next (https://www.greencity.cx.ua/chunk-NUXSP4TM.js:7:2803)
    at Fr.next (https://www.greencity.cx.ua/chunk-NUXSP4TM.js:7:2530)
    at https://www.greencity.cx.ua/chunk-NUXSP4TM.js:7:7848
    at Ac (https://www.greencity.cx.ua/chunk-NUXSP4TM.js:7:2222)
    at S0.next (https://www.greencity.cx.ua/chunk-NUXSP4TM.js:7:7687), [2026-03-15T12:00:20.743Z] [SEVERE] https://www.greencity.cx.ua/chunk-NUXSP4TM.js 10:45939 "ERROR" TypeError: Cannot read properties of null (reading 'setValue')
    at n.quillContentChanged (https://www.greencity.cx.ua/chunk-VNNOUBDJ.js:1:16043)
    at https://www.greencity.cx.ua/chunk-VNNOUBDJ.js:1:7223
    at eE (https://www.greencity.cx.ua/chunk-NUXSP4TM.js:11:76097)
    at Object.o [as next] (https://www.greencity.cx.ua/chunk-NUXSP4TM.js:11:76277)
    at bv.next (https://www.greencity.cx.ua/chunk-NUXSP4TM.js:7:3120)
    at Fr._next (https://www.greencity.cx.ua/chunk-NUXSP4TM.js:7:2803)
    at Fr.next (https://www.greencity.cx.ua/chunk-NUXSP4TM.js:7:2530)
    at https://www.greencity.cx.ua/chunk-NUXSP4TM.js:7:7848
    at Ac (https://www.greencity.cx.ua/chunk-NUXSP4TM.js:7:2222)
    at S0.next (https://www.greencity.cx.ua/chunk-NUXSP4TM.js:7:7687), [2026-03-15T12:00:20.744Z] [SEVERE] https://www.greencity.cx.ua/chunk-NUXSP4TM.js 10:45939 "ERROR" TypeError: Cannot read properties of null (reading 'setValue')
    at n.quillContentChanged (https://www.greencity.cx.ua/chunk-VNNOUBDJ.js:1:16043)
    at https://www.greencity.cx.ua/chunk-VNNOUBDJ.js:1:7223
    at eE (https://www.greencity.cx.ua/chunk-NUXSP4TM.js:11:76097)
    at Object.o [as next] (https://www.greencity.cx.ua/chunk-NUXSP4TM.js:11:76277)
    at bv.next (https://www.greencity.cx.ua/chunk-NUXSP4TM.js:7:3120)
    at Fr._next (https://www.greencity.cx.ua/chunk-NUXSP4TM.js:7:2803)
    at Fr.next (https://www.greencity.cx.ua/chunk-NUXSP4TM.js:7:2530)
    at https://www.greencity.cx.ua/chunk-NUXSP4TM.js:7:7848
    at Ac (https://www.greencity.cx.ua/chunk-NUXSP4TM.js:7:2222)
    at S0.next (https://www.greencity.cx.ua/chunk-NUXSP4TM.js:7:7687), [2026-03-15T12:00:20.746Z] [SEVERE] https://www.greencity.cx.ua/chunk-NUXSP4TM.js 10:45939 "ERROR" TypeError: Cannot read properties of null (reading 'setValue')
    at n.quillContentChanged (https://www.greencity.cx.ua/chunk-VNNOUBDJ.js:1:16043)
    at https://www.greencity.cx.ua/chunk-VNNOUBDJ.js:1:7223
    at eE (https://www.greencity.cx.ua/chunk-NUXSP4TM.js:11:76097)
    at Object.o [as next] (https://www.greencity.cx.ua/chunk-NUXSP4TM.js:11:76277)
    at bv.next (https://www.greencity.cx.ua/chunk-NUXSP4TM.js:7:3120)
    at Fr._next (https://www.greencity.cx.ua/chunk-NUXSP4TM.js:7:2803)
    at Fr.next (https://www.greencity.cx.ua/chunk-NUXSP4TM.js:7:2530)
    at https://www.greencity.cx.ua/chunk-NUXSP4TM.js:7:7848
    at Ac (https://www.greencity.cx.ua/chunk-NUXSP4TM.js:7:2222)
    at S0.next (https://www.greencity.cx.ua/chunk-NUXSP4TM.js:7:7687), [2026-03-15T12:00:20.749Z] [SEVERE] https://www.greencity.cx.ua/chunk-NUXSP4TM.js 10:45939 "ERROR" TypeError: Cannot read properties of null (reading 'setValue')
    at n.quillContentChanged (https://www.greencity.cx.ua/chunk-VNNOUBDJ.js:1:16043)
    at https://www.greencity.cx.ua/chunk-VNNOUBDJ.js:1:7223
    at eE (https://www.greencity.cx.ua/chunk-NUXSP4TM.js:11:76097)
    at Object.o [as next] (https://www.greencity.cx.ua/chunk-NUXSP4TM.js:11:76277)
    at bv.next (https://www.greencity.cx.ua/chunk-NUXSP4TM.js:7:3120)
    at Fr._next (https://www.greencity.cx.ua/chunk-NUXSP4TM.js:7:2803)
    at Fr.next (https://www.greencity.cx.ua/chunk-NUXSP4TM.js:7:2530)
    at https://www.greencity.cx.ua/chunk-NUXSP4TM.js:7:7848
    at Ac (https://www.greencity.cx.ua/chunk-NUXSP4TM.js:7:2222)
    at S0.next (https://www.greencity.cx.ua/chunk-NUXSP4TM.js:7:7687), [2026-03-15T12:00:20.752Z] [SEVERE] https://www.greencity.cx.ua/chunk-NUXSP4TM.js 10:45939 "ERROR" TypeError: Cannot read properties of null (reading 'setValue')
    at n.quillContentChanged (https://www.greencity.cx.ua/chunk-VNNOUBDJ.js:1:16043)
    at https://www.greencity.cx.ua/chunk-VNNOUBDJ.js:1:7223
    at eE (https://www.greencity.cx.ua/chunk-NUXSP4TM.js:11:76097)
    at Object.o [as next] (https://www.greencity.cx.ua/chunk-NUXSP4TM.js:11:76277)
    at bv.next (https://www.greencity.cx.ua/chunk-NUXSP4TM.js:7:3120)
    at Fr._next (https://www.greencity.cx.ua/chunk-NUXSP4TM.js:7:2803)
    at Fr.next (https://www.greencity.cx.ua/chunk-NUXSP4TM.js:7:2530)
    at https://www.greencity.cx.ua/chunk-NUXSP4TM.js:7:7848
    at Ac (https://www.greencity.cx.ua/chunk-NUXSP4TM.js:7:2222)
    at S0.next (https://www.greencity.cx.ua/chunk-NUXSP4TM.js:7:7687), [2026-03-15T12:00:20.756Z] [SEVERE] https://www.greencity.cx.ua/chunk-NUXSP4TM.js 10:45939 "ERROR" TypeError: Cannot read properties of null (reading 'setValue')
    at n.quillContentChanged (https://www.greencity.cx.ua/chunk-VNNOUBDJ.js:1:16043)
    at https://www.greencity.cx.ua/chunk-VNNOUBDJ.js:1:7223
    at eE (https://www.greencity.cx.ua/chunk-NUXSP4TM.js:11:76097)
    at Object.o [as next] (https://www.greencity.cx.ua/chunk-NUXSP4TM.js:11:76277)
    at bv.next (https://www.greencity.cx.ua/chunk-NUXSP4TM.js:7:3120)
    at Fr._next (https://www.greencity.cx.ua/chunk-NUXSP4TM.js:7:2803)
    at Fr.next (https://www.greencity.cx.ua/chunk-NUXSP4TM.js:7:2530)
    at https://www.greencity.cx.ua/chunk-NUXSP4TM.js:7:7848
    at Ac (https://www.greencity.cx.ua/chunk-NUXSP4TM.js:7:2222)
    at S0.next (https://www.greencity.cx.ua/chunk-NUXSP4TM.js:7:7687), [2026-03-15T12:00:20.759Z] [SEVERE] https://www.greencity.cx.ua/chunk-NUXSP4TM.js 10:45939 "ERROR" TypeError: Cannot read properties of null (reading 'setValue')
    at n.quillContentChanged (https://www.greencity.cx.ua/chunk-VNNOUBDJ.js:1:16043)
    at https://www.greencity.cx.ua/chunk-VNNOUBDJ.js:1:7223
    at eE (https://www.greencity.cx.ua/chunk-NUXSP4TM.js:11:76097)
    at Object.o [as next] (https://www.greencity.cx.ua/chunk-NUXSP4TM.js:11:76277)
    at bv.next (https://www.greencity.cx.ua/chunk-NUXSP4TM.js:7:3120)
    at Fr._next (https://www.greencity.cx.ua/chunk-NUXSP4TM.js:7:2803)
    at Fr.next (https://www.greencity.cx.ua/chunk-NUXSP4TM.js:7:2530)
    at https://www.greencity.cx.ua/chunk-NUXSP4TM.js:7:7848
    at Ac (https://www.greencity.cx.ua/chunk-NUXSP4TM.js:7:2222)
    at S0.next (https://www.greencity.cx.ua/chunk-NUXSP4TM.js:7:7687), [2026-03-15T12:00:20.763Z] [SEVERE] https://www.greencity.cx.ua/chunk-NUXSP4TM.js 10:45939 "ERROR" TypeError: Cannot read properties of null (reading 'setValue')
    at n.quillContentChanged (https://www.greencity.cx.ua/chunk-VNNOUBDJ.js:1:16043)
    at https://www.greencity.cx.ua/chunk-VNNOUBDJ.js:1:7223
    at eE (https://www.greencity.cx.ua/chunk-NUXSP4TM.js:11:76097)
    at Object.o [as next] (https://www.greencity.cx.ua/chunk-NUXSP4TM.js:11:76277)
    at bv.next (https://www.greencity.cx.ua/chunk-NUXSP4TM.js:7:3120)
    at Fr._next (https://www.greencity.cx.ua/chunk-NUXSP4TM.js:7:2803)
    at Fr.next (https://www.greencity.cx.ua/chunk-NUXSP4TM.js:7:2530)
    at https://www.greencity.cx.ua/chunk-NUXSP4TM.js:7:7848
    at Ac (https://www.greencity.cx.ua/chunk-NUXSP4TM.js:7:2222)
    at S0.next (https://www.greencity.cx.ua/chunk-NUXSP4TM.js:7:7687), [2026-03-15T12:00:20.766Z] [SEVERE] https://www.greencity.cx.ua/chunk-NUXSP4TM.js 10:45939 "ERROR" TypeError: Cannot read properties of null (reading 'setValue')
    at n.quillContentChanged (https://www.greencity.cx.ua/chunk-VNNOUBDJ.js:1:16043)
    at https://www.greencity.cx.ua/chunk-VNNOUBDJ.js:1:7223
    at eE (https://www.greencity.cx.ua/chunk-NUXSP4TM.js:11:76097)
    at Object.o [as next] (https://www.greencity.cx.ua/chunk-NUXSP4TM.js:11:76277)
    at bv.next (https://www.greencity.cx.ua/chunk-NUXSP4TM.js:7:3120)
    at Fr._next (https://www.greencity.cx.ua/chunk-NUXSP4TM.js:7:2803)
    at Fr.next (https://www.greencity.cx.ua/chunk-NUXSP4TM.js:7:2530)
    at https://www.greencity.cx.ua/chunk-NUXSP4TM.js:7:7848
    at Ac (https://www.greencity.cx.ua/chunk-NUXSP4TM.js:7:2222)
    at S0.next (https://www.greencity.cx.ua/chunk-NUXSP4TM.js:7:7687), [2026-03-15T12:00:20.770Z] [SEVERE] https://www.greencity.cx.ua/chunk-NUXSP4TM.js 10:45939 "ERROR" TypeError: Cannot read properties of null (reading 'setValue')
    at n.quillContentChanged (https://www.greencity.cx.ua/chunk-VNNOUBDJ.js:1:16043)
    at https://www.greencity.cx.ua/chunk-VNNOUBDJ.js:1:7223
    at eE (https://www.greencity.cx.ua/chunk-NUXSP4TM.js:11:76097)
    at Object.o [as next] (https://www.greencity.cx.ua/chunk-NUXSP4TM.js:11:76277)
    at bv.next (https://www.greencity.cx.ua/chunk-NUXSP4TM.js:7:3120)
    at Fr._next (https://www.greencity.cx.ua/chunk-NUXSP4TM.js:7:2803)
    at Fr.next (https://www.greencity.cx.ua/chunk-NUXSP4TM.js:7:2530)
    at https://www.greencity.cx.ua/chunk-NUXSP4TM.js:7:7848
    at Ac (https://www.greencity.cx.ua/chunk-NUXSP4TM.js:7:2222)
    at S0.next (https://www.greencity.cx.ua/chunk-NUXSP4TM.js:7:7687), [2026-03-15T12:00:20.773Z] [SEVERE] https://www.greencity.cx.ua/chunk-NUXSP4TM.js 10:45939 "ERROR" TypeError: Cannot read properties of null (reading 'setValue')
    at n.quillContentChanged (https://www.greencity.cx.ua/chunk-VNNOUBDJ.js:1:16043)
    at https://www.greencity.cx.ua/chunk-VNNOUBDJ.js:1:7223
    at eE (https://www.greencity.cx.ua/chunk-NUXSP4TM.js:11:76097)
    at Object.o [as next] (https://www.greencity.cx.ua/chunk-NUXSP4TM.js:11:76277)
    at bv.next (https://www.greencity.cx.ua/chunk-NUXSP4TM.js:7:3120)
    at Fr._next (https://www.greencity.cx.ua/chunk-NUXSP4TM.js:7:2803)
    at Fr.next (https://www.greencity.cx.ua/chunk-NUXSP4TM.js:7:2530)
    at https://www.greencity.cx.ua/chunk-NUXSP4TM.js:7:7848
    at Ac (https://www.greencity.cx.ua/chunk-NUXSP4TM.js:7:2222)
    at S0.next (https://www.greencity.cx.ua/chunk-NUXSP4TM.js:7:7687), [2026-03-15T12:00:20.776Z] [SEVERE] https://www.greencity.cx.ua/chunk-NUXSP4TM.js 10:45939 "ERROR" TypeError: Cannot read properties of null (reading 'setValue')
    at n.quillContentChanged (https://www.greencity.cx.ua/chunk-VNNOUBDJ.js:1:16043)
    at https://www.greencity.cx.ua/chunk-VNNOUBDJ.js:1:7223
    at eE (https://www.greencity.cx.ua/chunk-NUXSP4TM.js:11:76097)
    at Object.o [as next] (https://www.greencity.cx.ua/chunk-NUXSP4TM.js:11:76277)
    at bv.next (https://www.greencity.cx.ua/chunk-NUXSP4TM.js:7:3120)
    at Fr._next (https://www.greencity.cx.ua/chunk-NUXSP4TM.js:7:2803)
    at Fr.next (https://www.greencity.cx.ua/chunk-NUXSP4TM.js:7:2530)
    at https://www.greencity.cx.ua/chunk-NUXSP4TM.js:7:7848
    at Ac (https://www.greencity.cx.ua/chunk-NUXSP4TM.js:7:2222)
    at S0.next (https://www.greencity.cx.ua/chunk-NUXSP4TM.js:7:7687), [2026-03-15T12:00:20.779Z] [SEVERE] https://www.greencity.cx.ua/chunk-NUXSP4TM.js 10:45939 "ERROR" TypeError: Cannot read properties of null (reading 'setValue')
    at n.quillContentChanged (https://www.greencity.cx.ua/chunk-VNNOUBDJ.js:1:16043)
    at https://www.greencity.cx.ua/chunk-VNNOUBDJ.js:1:7223
    at eE (https://www.greencity.cx.ua/chunk-NUXSP4TM.js:11:76097)
    at Object.o [as next] (https://www.greencity.cx.ua/chunk-NUXSP4TM.js:11:76277)
    at bv.next (https://www.greencity.cx.ua/chunk-NUXSP4TM.js:7:3120)
    at Fr._next (https://www.greencity.cx.ua/chunk-NUXSP4TM.js:7:2803)
    at Fr.next (https://www.greencity.cx.ua/chunk-NUXSP4TM.js:7:2530)
    at https://www.greencity.cx.ua/chunk-NUXSP4TM.js:7:7848
    at Ac (https://www.greencity.cx.ua/chunk-NUXSP4TM.js:7:2222)
    at S0.next (https://www.greencity.cx.ua/chunk-NUXSP4TM.js:7:7687), [2026-03-15T12:00:20.783Z] [SEVERE] https://www.greencity.cx.ua/chunk-NUXSP4TM.js 10:45939 "ERROR" TypeError: Cannot read properties of null (reading 'setValue')
    at n.quillContentChanged (https://www.greencity.cx.ua/chunk-VNNOUBDJ.js:1:16043)
    at https://www.greencity.cx.ua/chunk-VNNOUBDJ.js:1:7223
    at eE (https://www.greencity.cx.ua/chunk-NUXSP4TM.js:11:76097)
    at Object.o [as next] (https://www.greencity.cx.ua/chunk-NUXSP4TM.js:11:76277)
    at bv.next (https://www.greencity.cx.ua/chunk-NUXSP4TM.js:7:3120)
    at Fr._next (https://www.greencity.cx.ua/chunk-NUXSP4TM.js:7:2803)
    at Fr.next (https://www.greencity.cx.ua/chunk-NUXSP4TM.js:7:2530)
    at https://www.greencity.cx.ua/chunk-NUXSP4TM.js:7:7848
    at Ac (https://www.greencity.cx.ua/chunk-NUXSP4TM.js:7:2222)
    at S0.next (https://www.greencity.cx.ua/chunk-NUXSP4TM.js:7:7687), [2026-03-15T12:00:20.786Z] [SEVERE] https://www.greencity.cx.ua/chunk-NUXSP4TM.js 10:45939 "ERROR" TypeError: Cannot read properties of null (reading 'setValue')
    at n.quillContentChanged (https://www.greencity.cx.ua/chunk-VNNOUBDJ.js:1:16043)
    at https://www.greencity.cx.ua/chunk-VNNOUBDJ.js:1:7223
    at eE (https://www.greencity.cx.ua/chunk-NUXSP4TM.js:11:76097)
    at Object.o [as next] (https://www.greencity.cx.ua/chunk-NUXSP4TM.js:11:76277)
    at bv.next (https://www.greencity.cx.ua/chunk-NUXSP4TM.js:7:3120)
    at Fr._next (https://www.greencity.cx.ua/chunk-NUXSP4TM.js:7:2803)
    at Fr.next (https://www.greencity.cx.ua/chunk-NUXSP4TM.js:7:2530)
    at https://www.greencity.cx.ua/chunk-NUXSP4TM.js:7:7848
    at Ac (https://www.greencity.cx.ua/chunk-NUXSP4TM.js:7:2222)
    at S0.next (https://www.greencity.cx.ua/chunk-NUXSP4TM.js:7:7687), [2026-03-15T12:00:20.789Z] [SEVERE] https://www.greencity.cx.ua/chunk-NUXSP4TM.js 10:45939 "ERROR" TypeError: Cannot read properties of null (reading 'setValue')
    at n.quillContentChanged (https://www.greencity.cx.ua/chunk-VNNOUBDJ.js:1:16043)
    at https://www.greencity.cx.ua/chunk-VNNOUBDJ.js:1:7223
    at eE (https://www.greencity.cx.ua/chunk-NUXSP4TM.js:11:76097)
    at Object.o [as next] (https://www.greencity.cx.ua/chunk-NUXSP4TM.js:11:76277)
    at bv.next (https://www.greencity.cx.ua/chunk-NUXSP4TM.js:7:3120)
    at Fr._next (https://www.greencity.cx.ua/chunk-NUXSP4TM.js:7:2803)
    at Fr.next (https://www.greencity.cx.ua/chunk-NUXSP4TM.js:7:2530)
    at https://www.greencity.cx.ua/chunk-NUXSP4TM.js:7:7848
    at Ac (https://www.greencity.cx.ua/chunk-NUXSP4TM.js:7:2222)
    at S0.next (https://www.greencity.cx.ua/chunk-NUXSP4TM.js:7:7687), [2026-03-15T12:00:20.795Z] [SEVERE] https://www.greencity.cx.ua/chunk-NUXSP4TM.js 10:45939 "ERROR" TypeError: Cannot read properties of null (reading 'setValue')
    at n.quillContentChanged (https://www.greencity.cx.ua/chunk-VNNOUBDJ.js:1:16043)
    at https://www.greencity.cx.ua/chunk-VNNOUBDJ.js:1:7223
    at eE (https://www.greencity.cx.ua/chunk-NUXSP4TM.js:11:76097)
    at Object.o [as next] (https://www.greencity.cx.ua/chunk-NUXSP4TM.js:11:76277)
    at bv.next (https://www.greencity.cx.ua/chunk-NUXSP4TM.js:7:3120)
    at Fr._next (https://www.greencity.cx.ua/chunk-NUXSP4TM.js:7:2803)
    at Fr.next (https://www.greencity.cx.ua/chunk-NUXSP4TM.js:7:2530)
    at https://www.greencity.cx.ua/chunk-NUXSP4TM.js:7:7848
    at Ac (https://www.greencity.cx.ua/chunk-NUXSP4TM.js:7:2222)
    at S0.next (https://www.greencity.cx.ua/chunk-NUXSP4TM.js:7:7687), [2026-03-15T12:00:20.795Z] [SEVERE] https://www.greencity.cx.ua/chunk-NUXSP4TM.js 10:45939 "ERROR" TypeError: Cannot read properties of null (reading 'setValue')
    at n.quillContentChanged (https://www.greencity.cx.ua/chunk-VNNOUBDJ.js:1:16043)
    at https://www.greencity.cx.ua/chunk-VNNOUBDJ.js:1:7223
    at eE (https://www.greencity.cx.ua/chunk-NUXSP4TM.js:11:76097)
    at Object.o [as next] (https://www.greencity.cx.ua/chunk-NUXSP4TM.js:11:76277)
    at bv.next (https://www.greencity.cx.ua/chunk-NUXSP4TM.js:7:3120)
    at Fr._next (https://www.greencity.cx.ua/chunk-NUXSP4TM.js:7:2803)
    at Fr.next (https://www.greencity.cx.ua/chunk-NUXSP4TM.js:7:2530)
    at https://www.greencity.cx.ua/chunk-NUXSP4TM.js:7:7848
    at Ac (https://www.greencity.cx.ua/chunk-NUXSP4TM.js:7:2222)
    at S0.next (https://www.greencity.cx.ua/chunk-NUXSP4TM.js:7:7687), [2026-03-15T12:00:20.799Z] [SEVERE] https://www.greencity.cx.ua/chunk-NUXSP4TM.js 10:45939 "ERROR" TypeError: Cannot read properties of null (reading 'setValue')
    at n.quillContentChanged (https://www.greencity.cx.ua/chunk-VNNOUBDJ.js:1:16043)
    at https://www.greencity.cx.ua/chunk-VNNOUBDJ.js:1:7223
    at eE (https://www.greencity.cx.ua/chunk-NUXSP4TM.js:11:76097)
    at Object.o [as next] (https://www.greencity.cx.ua/chunk-NUXSP4TM.js:11:76277)
    at bv.next (https://www.greencity.cx.ua/chunk-NUXSP4TM.js:7:3120)
    at Fr._next (https://www.greencity.cx.ua/chunk-NUXSP4TM.js:7:2803)
    at Fr.next (https://www.greencity.cx.ua/chunk-NUXSP4TM.js:7:2530)
    at https://www.greencity.cx.ua/chunk-NUXSP4TM.js:7:7848
    at Ac (https://www.greencity.cx.ua/chunk-NUXSP4TM.js:7:2222)
    at S0.next (https://www.greencity.cx.ua/chunk-NUXSP4TM.js:7:7687), [2026-03-15T12:00:20.803Z] [SEVERE] https://www.greencity.cx.ua/chunk-NUXSP4TM.js 10:45939 "ERROR" TypeError: Cannot read properties of null (reading 'setValue')
    at n.quillContentChanged (https://www.greencity.cx.ua/chunk-VNNOUBDJ.js:1:16043)
    at https://www.greencity.cx.ua/chunk-VNNOUBDJ.js:1:7223
    at eE (https://www.greencity.cx.ua/chunk-NUXSP4TM.js:11:76097)
    at Object.o [as next] (https://www.greencity.cx.ua/chunk-NUXSP4TM.js:11:76277)
    at bv.next (https://www.greencity.cx.ua/chunk-NUXSP4TM.js:7:3120)
    at Fr._next (https://www.greencity.cx.ua/chunk-NUXSP4TM.js:7:2803)
    at Fr.next (https://www.greencity.cx.ua/chunk-NUXSP4TM.js:7:2530)
    at https://www.greencity.cx.ua/chunk-NUXSP4TM.js:7:7848
    at Ac (https://www.greencity.cx.ua/chunk-NUXSP4TM.js:7:2222)
    at S0.next (https://www.greencity.cx.ua/chunk-NUXSP4TM.js:7:7687), [2026-03-15T12:00:20.809Z] [SEVERE] https://www.greencity.cx.ua/chunk-NUXSP4TM.js 10:45939 "ERROR" TypeError: Cannot read properties of null (reading 'setValue')
    at n.quillContentChanged (https://www.greencity.cx.ua/chunk-VNNOUBDJ.js:1:16043)
    at https://www.greencity.cx.ua/chunk-VNNOUBDJ.js:1:7223
    at eE (https://www.greencity.cx.ua/chunk-NUXSP4TM.js:11:76097)
    at Object.o [as next] (https://www.greencity.cx.ua/chunk-NUXSP4TM.js:11:76277)
    at bv.next (https://www.greencity.cx.ua/chunk-NUXSP4TM.js:7:3120)
    at Fr._next (https://www.greencity.cx.ua/chunk-NUXSP4TM.js:7:2803)
    at Fr.next (https://www.greencity.cx.ua/chunk-NUXSP4TM.js:7:2530)
    at https://www.greencity.cx.ua/chunk-NUXSP4TM.js:7:7848
    at Ac (https://www.greencity.cx.ua/chunk-NUXSP4TM.js:7:2222)
    at S0.next (https://www.greencity.cx.ua/chunk-NUXSP4TM.js:7:7687), [2026-03-15T12:00:20.810Z] [SEVERE] https://www.greencity.cx.ua/chunk-NUXSP4TM.js 10:45939 "ERROR" TypeError: Cannot read properties of null (reading 'setValue')
    at n.quillContentChanged (https://www.greencity.cx.ua/chunk-VNNOUBDJ.js:1:16043)
    at https://www.greencity.cx.ua/chunk-VNNOUBDJ.js:1:7223
    at eE (https://www.greencity.cx.ua/chunk-NUXSP4TM.js:11:76097)
    at Object.o [as next] (https://www.greencity.cx.ua/chunk-NUXSP4TM.js:11:76277)
    at bv.next (https://www.greencity.cx.ua/chunk-NUXSP4TM.js:7:3120)
    at Fr._next (https://www.greencity.cx.ua/chunk-NUXSP4TM.js:7:2803)
    at Fr.next (https://www.greencity.cx.ua/chunk-NUXSP4TM.js:7:2530)
    at https://www.greencity.cx.ua/chunk-NUXSP4TM.js:7:7848
    at Ac (https://www.greencity.cx.ua/chunk-NUXSP4TM.js:7:2222)
    at S0.next (https://www.greencity.cx.ua/chunk-NUXSP4TM.js:7:7687), [2026-03-15T12:00:20.813Z] [SEVERE] https://www.greencity.cx.ua/chunk-NUXSP4TM.js 10:45939 "ERROR" TypeError: Cannot read properties of null (reading 'setValue')
    at n.quillContentChanged (https://www.greencity.cx.ua/chunk-VNNOUBDJ.js:1:16043)
    at https://www.greencity.cx.ua/chunk-VNNOUBDJ.js:1:7223
    at eE (https://www.greencity.cx.ua/chunk-NUXSP4TM.js:11:76097)
    at Object.o [as next] (https://www.greencity.cx.ua/chunk-NUXSP4TM.js:11:76277)
    at bv.next (https://www.greencity.cx.ua/chunk-NUXSP4TM.js:7:3120)
    at Fr._next (https://www.greencity.cx.ua/chunk-NUXSP4TM.js:7:2803)
    at Fr.next (https://www.greencity.cx.ua/chunk-NUXSP4TM.js:7:2530)
    at https://www.greencity.cx.ua/chunk-NUXSP4TM.js:7:7848
    at Ac (https://www.greencity.cx.ua/chunk-NUXSP4TM.js:7:2222)
    at S0.next (https://www.greencity.cx.ua/chunk-NUXSP4TM.js:7:7687), [2026-03-15T12:00:20.816Z] [SEVERE] https://www.greencity.cx.ua/chunk-NUXSP4TM.js 10:45939 "ERROR" TypeError: Cannot read properties of null (reading 'setValue')
    at n.quillContentChanged (https://www.greencity.cx.ua/chunk-VNNOUBDJ.js:1:16043)
    at https://www.greencity.cx.ua/chunk-VNNOUBDJ.js:1:7223
    at eE (https://www.greencity.cx.ua/chunk-NUXSP4TM.js:11:76097)
    at Object.o [as next] (https://www.greencity.cx.ua/chunk-NUXSP4TM.js:11:76277)
    at bv.next (https://www.greencity.cx.ua/chunk-NUXSP4TM.js:7:3120)
    at Fr._next (https://www.greencity.cx.ua/chunk-NUXSP4TM.js:7:2803)
    at Fr.next (https://www.greencity.cx.ua/chunk-NUXSP4TM.js:7:2530)
    at https://www.greencity.cx.ua/chunk-NUXSP4TM.js:7:7848
    at Ac (https://www.greencity.cx.ua/chunk-NUXSP4TM.js:7:2222)
    at S0.next (https://www.greencity.cx.ua/chunk-NUXSP4TM.js:7:7687), [2026-03-15T12:00:20.819Z] [SEVERE] https://www.greencity.cx.ua/chunk-NUXSP4TM.js 10:45939 "ERROR" TypeError: Cannot read properties of null (reading 'setValue')
    at n.quillContentChanged (https://www.greencity.cx.ua/chunk-VNNOUBDJ.js:1:16043)
    at https://www.greencity.cx.ua/chunk-VNNOUBDJ.js:1:7223
    at eE (https://www.greencity.cx.ua/chunk-NUXSP4TM.js:11:76097)
    at Object.o [as next] (https://www.greencity.cx.ua/chunk-NUXSP4TM.js:11:76277)
    at bv.next (https://www.greencity.cx.ua/chunk-NUXSP4TM.js:7:3120)
    at Fr._next (https://www.greencity.cx.ua/chunk-NUXSP4TM.js:7:2803)
    at Fr.next (https://www.greencity.cx.ua/chunk-NUXSP4TM.js:7:2530)
    at https://www.greencity.cx.ua/chunk-NUXSP4TM.js:7:7848
    at Ac (https://www.greencity.cx.ua/chunk-NUXSP4TM.js:7:2222)
    at S0.next (https://www.greencity.cx.ua/chunk-NUXSP4TM.js:7:7687), [2026-03-15T12:00:20.822Z] [SEVERE] https://www.greencity.cx.ua/chunk-NUXSP4TM.js 10:45939 "ERROR" TypeError: Cannot read properties of null (reading 'setValue')
    at n.quillContentChanged (https://www.greencity.cx.ua/chunk-VNNOUBDJ.js:1:16043)
    at https://www.greencity.cx.ua/chunk-VNNOUBDJ.js:1:7223
    at eE (https://www.greencity.cx.ua/chunk-NUXSP4TM.js:11:76097)
    at Object.o [as next] (https://www.greencity.cx.ua/chunk-NUXSP4TM.js:11:76277)
    at bv.next (https://www.greencity.cx.ua/chunk-NUXSP4TM.js:7:3120)
    at Fr._next (https://www.greencity.cx.ua/chunk-NUXSP4TM.js:7:2803)
    at Fr.next (https://www.greencity.cx.ua/chunk-NUXSP4TM.js:7:2530)
    at https://www.greencity.cx.ua/chunk-NUXSP4TM.js:7:7848
    at Ac (https://www.greencity.cx.ua/chunk-NUXSP4TM.js:7:2222)
    at S0.next (https://www.greencity.cx.ua/chunk-NUXSP4TM.js:7:7687), [2026-03-15T12:00:20.828Z] [SEVERE] https://www.greencity.cx.ua/chunk-NUXSP4TM.js 10:45939 "ERROR" TypeError: Cannot read properties of null (reading 'setValue')
    at n.quillContentChanged (https://www.greencity.cx.ua/chunk-VNNOUBDJ.js:1:16043)
    at https://www.greencity.cx.ua/chunk-VNNOUBDJ.js:1:7223
    at eE (https://www.greencity.cx.ua/chunk-NUXSP4TM.js:11:76097)
    at Object.o [as next] (https://www.greencity.cx.ua/chunk-NUXSP4TM.js:11:76277)
    at bv.next (https://www.greencity.cx.ua/chunk-NUXSP4TM.js:7:3120)
    at Fr._next (https://www.greencity.cx.ua/chunk-NUXSP4TM.js:7:2803)
    at Fr.next (https://www.greencity.cx.ua/chunk-NUXSP4TM.js:7:2530)
    at https://www.greencity.cx.ua/chunk-NUXSP4TM.js:7:7848
    at Ac (https://www.greencity.cx.ua/chunk-NUXSP4TM.js:7:2222)
    at S0.next (https://www.greencity.cx.ua/chunk-NUXSP4TM.js:7:7687), [2026-03-15T12:00:20.828Z] [SEVERE] https://www.greencity.cx.ua/chunk-NUXSP4TM.js 10:45939 "ERROR" TypeError: Cannot read properties of null (reading 'setValue')
    at n.quillContentChanged (https://www.greencity.cx.ua/chunk-VNNOUBDJ.js:1:16043)
    at https://www.greencity.cx.ua/chunk-VNNOUBDJ.js:1:7223
    at eE (https://www.greencity.cx.ua/chunk-NUXSP4TM.js:11:76097)
    at Object.o [as next] (https://www.greencity.cx.ua/chunk-NUXSP4TM.js:11:76277)
    at bv.next (https://www.greencity.cx.ua/chunk-NUXSP4TM.js:7:3120)
    at Fr._next (https://www.greencity.cx.ua/chunk-NUXSP4TM.js:7:2803)
    at Fr.next (https://www.greencity.cx.ua/chunk-NUXSP4TM.js:7:2530)
    at https://www.greencity.cx.ua/chunk-NUXSP4TM.js:7:7848
    at Ac (https://www.greencity.cx.ua/chunk-NUXSP4TM.js:7:2222)
    at S0.next (https://www.greencity.cx.ua/chunk-NUXSP4TM.js:7:7687), [2026-03-15T12:00:20.831Z] [SEVERE] https://www.greencity.cx.ua/chunk-NUXSP4TM.js 10:45939 "ERROR" TypeError: Cannot read properties of null (reading 'setValue')
    at n.quillContentChanged (https://www.greencity.cx.ua/chunk-VNNOUBDJ.js:1:16043)
    at https://www.greencity.cx.ua/chunk-VNNOUBDJ.js:1:7223
    at eE (https://www.greencity.cx.ua/chunk-NUXSP4TM.js:11:76097)
    at Object.o [as next] (https://www.greencity.cx.ua/chunk-NUXSP4TM.js:11:76277)
    at bv.next (https://www.greencity.cx.ua/chunk-NUXSP4TM.js:7:3120)
    at Fr._next (https://www.greencity.cx.ua/chunk-NUXSP4TM.js:7:2803)
    at Fr.next (https://www.greencity.cx.ua/chunk-NUXSP4TM.js:7:2530)
    at https://www.greencity.cx.ua/chunk-NUXSP4TM.js:7:7848
    at Ac (https://www.greencity.cx.ua/chunk-NUXSP4TM.js:7:2222)
    at S0.next (https://www.greencity.cx.ua/chunk-NUXSP4TM.js:7:7687), [2026-03-15T12:00:20.834Z] [SEVERE] https://www.greencity.cx.ua/chunk-NUXSP4TM.js 10:45939 "ERROR" TypeError: Cannot read properties of null (reading 'setValue')
    at n.quillContentChanged (https://www.greencity.cx.ua/chunk-VNNOUBDJ.js:1:16043)
    at https://www.greencity.cx.ua/chunk-VNNOUBDJ.js:1:7223
    at eE (https://www.greencity.cx.ua/chunk-NUXSP4TM.js:11:76097)
    at Object.o [as next] (https://www.greencity.cx.ua/chunk-NUXSP4TM.js:11:76277)
    at bv.next (https://www.greencity.cx.ua/chunk-NUXSP4TM.js:7:3120)
    at Fr._next (https://www.greencity.cx.ua/chunk-NUXSP4TM.js:7:2803)
    at Fr.next (https://www.greencity.cx.ua/chunk-NUXSP4TM.js:7:2530)
    at https://www.greencity.cx.ua/chunk-NUXSP4TM.js:7:7848
    at Ac (https://www.greencity.cx.ua/chunk-NUXSP4TM.js:7:2222)
    at S0.next (https://www.greencity.cx.ua/chunk-NUXSP4TM.js:7:7687), [2026-03-15T12:00:20.836Z] [SEVERE] https://www.greencity.cx.ua/chunk-NUXSP4TM.js 10:45939 "ERROR" TypeError: Cannot read properties of null (reading 'setValue')
    at n.quillContentChanged (https://www.greencity.cx.ua/chunk-VNNOUBDJ.js:1:16043)
    at https://www.greencity.cx.ua/chunk-VNNOUBDJ.js:1:7223
    at eE (https://www.greencity.cx.ua/chunk-NUXSP4TM.js:11:76097)
    at Object.o [as next] (https://www.greencity.cx.ua/chunk-NUXSP4TM.js:11:76277)
    at bv.next (https://www.greencity.cx.ua/chunk-NUXSP4TM.js:7:3120)
    at Fr._next (https://www.greencity.cx.ua/chunk-NUXSP4TM.js:7:2803)
    at Fr.next (https://www.greencity.cx.ua/chunk-NUXSP4TM.js:7:2530)
    at https://www.greencity.cx.ua/chunk-NUXSP4TM.js:7:7848
    at Ac (https://www.greencity.cx.ua/chunk-NUXSP4TM.js:7:2222)
    at S0.next (https://www.greencity.cx.ua/chunk-NUXSP4TM.js:7:7687), [2026-03-15T12:00:20.839Z] [SEVERE] https://www.greencity.cx.ua/chunk-NUXSP4TM.js 10:45939 "ERROR" TypeError: Cannot read properties of null (reading 'setValue')
    at n.quillContentChanged (https://www.greencity.cx.ua/chunk-VNNOUBDJ.js:1:16043)
    at https://www.greencity.cx.ua/chunk-VNNOUBDJ.js:1:7223
    at eE (https://www.greencity.cx.ua/chunk-NUXSP4TM.js:11:76097)
    at Object.o [as next] (https://www.greencity.cx.ua/chunk-NUXSP4TM.js:11:76277)
    at bv.next (https://www.greencity.cx.ua/chunk-NUXSP4TM.js:7:3120)
    at Fr._next (https://www.greencity.cx.ua/chunk-NUXSP4TM.js:7:2803)
    at Fr.next (https://www.greencity.cx.ua/chunk-NUXSP4TM.js:7:2530)
    at https://www.greencity.cx.ua/chunk-NUXSP4TM.js:7:7848
    at Ac (https://www.greencity.cx.ua/chunk-NUXSP4TM.js:7:2222)
    at S0.next (https://www.greencity.cx.ua/chunk-NUXSP4TM.js:7:7687), [2026-03-15T12:00:20.843Z] [SEVERE] https://www.greencity.cx.ua/chunk-NUXSP4TM.js 10:45939 "ERROR" TypeError: Cannot read properties of null (reading 'setValue')
    at n.quillContentChanged (https://www.greencity.cx.ua/chunk-VNNOUBDJ.js:1:16043)
    at https://www.greencity.cx.ua/chunk-VNNOUBDJ.js:1:7223
    at eE (https://www.greencity.cx.ua/chunk-NUXSP4TM.js:11:76097)
    at Object.o [as next] (https://www.greencity.cx.ua/chunk-NUXSP4TM.js:11:76277)
    at bv.next (https://www.greencity.cx.ua/chunk-NUXSP4TM.js:7:3120)
    at Fr._next (https://www.greencity.cx.ua/chunk-NUXSP4TM.js:7:2803)
    at Fr.next (https://www.greencity.cx.ua/chunk-NUXSP4TM.js:7:2530)
    at https://www.greencity.cx.ua/chunk-NUXSP4TM.js:7:7848
    at Ac (https://www.greencity.cx.ua/chunk-NUXSP4TM.js:7:2222)
    at S0.next (https://www.greencity.cx.ua/chunk-NUXSP4TM.js:7:7687), [2026-03-15T12:00:20.844Z] [SEVERE] https://www.greencity.cx.ua/chunk-NUXSP4TM.js 10:45939 "ERROR" TypeError: Cannot read properties of null (reading 'setValue')
    at n.quillContentChanged (https://www.greencity.cx.ua/chunk-VNNOUBDJ.js:1:16043)
    at https://www.greencity.cx.ua/chunk-VNNOUBDJ.js:1:7223
    at eE (https://www.greencity.cx.ua/chunk-NUXSP4TM.js:11:76097)
    at Object.o [as next] (https://www.greencity.cx.ua/chunk-NUXSP4TM.js:11:76277)
    at bv.next (https://www.greencity.cx.ua/chunk-NUXSP4TM.js:7:3120)
    at Fr._next (https://www.greencity.cx.ua/chunk-NUXSP4TM.js:7:2803)
    at Fr.next (https://www.greencity.cx.ua/chunk-NUXSP4TM.js:7:2530)
    at https://www.greencity.cx.ua/chunk-NUXSP4TM.js:7:7848
    at Ac (https://www.greencity.cx.ua/chunk-NUXSP4TM.js:7:2222)
    at S0.next (https://www.greencity.cx.ua/chunk-NUXSP4TM.js:7:7687), [2026-03-15T12:00:20.848Z] [SEVERE] https://www.greencity.cx.ua/chunk-NUXSP4TM.js 10:45939 "ERROR" TypeError: Cannot read properties of null (reading 'setValue')
    at n.quillContentChanged (https://www.greencity.cx.ua/chunk-VNNOUBDJ.js:1:16043)
    at https://www.greencity.cx.ua/chunk-VNNOUBDJ.js:1:7223
    at eE (https://www.greencity.cx.ua/chunk-NUXSP4TM.js:11:76097)
    at Object.o [as next] (https://www.greencity.cx.ua/chunk-NUXSP4TM.js:11:76277)
    at bv.next (https://www.greencity.cx.ua/chunk-NUXSP4TM.js:7:3120)
    at Fr._next (https://www.greencity.cx.ua/chunk-NUXSP4TM.js:7:2803)
    at Fr.next (https://www.greencity.cx.ua/chunk-NUXSP4TM.js:7:2530)
    at https://www.greencity.cx.ua/chunk-NUXSP4TM.js:7:7848
    at Ac (https://www.greencity.cx.ua/chunk-NUXSP4TM.js:7:2222)
    at S0.next (https://www.greencity.cx.ua/chunk-NUXSP4TM.js:7:7687), [2026-03-15T12:00:20.851Z] [SEVERE] https://www.greencity.cx.ua/chunk-NUXSP4TM.js 10:45939 "ERROR" TypeError: Cannot read properties of null (reading 'setValue')
    at n.quillContentChanged (https://www.greencity.cx.ua/chunk-VNNOUBDJ.js:1:16043)
    at https://www.greencity.cx.ua/chunk-VNNOUBDJ.js:1:7223
    at eE (https://www.greencity.cx.ua/chunk-NUXSP4TM.js:11:76097)
    at Object.o [as next] (https://www.greencity.cx.ua/chunk-NUXSP4TM.js:11:76277)
    at bv.next (https://www.greencity.cx.ua/chunk-NUXSP4TM.js:7:3120)
    at Fr._next (https://www.greencity.cx.ua/chunk-NUXSP4TM.js:7:2803)
    at Fr.next (https://www.greencity.cx.ua/chunk-NUXSP4TM.js:7:2530)
    at https://www.greencity.cx.ua/chunk-NUXSP4TM.js:7:7848
    at Ac (https://www.greencity.cx.ua/chunk-NUXSP4TM.js:7:2222)
    at S0.next (https://www.greencity.cx.ua/chunk-NUXSP4TM.js:7:7687), [2026-03-15T12:00:20.855Z] [SEVERE] https://www.greencity.cx.ua/chunk-NUXSP4TM.js 10:45939 "ERROR" TypeError: Cannot read properties of null (reading 'setValue')
    at n.quillContentChanged (https://www.greencity.cx.ua/chunk-VNNOUBDJ.js:1:16043)
    at https://www.greencity.cx.ua/chunk-VNNOUBDJ.js:1:7223
    at eE (https://www.greencity.cx.ua/chunk-NUXSP4TM.js:11:76097)
    at Object.o [as next] (https://www.greencity.cx.ua/chunk-NUXSP4TM.js:11:76277)
    at bv.next (https://www.greencity.cx.ua/chunk-NUXSP4TM.js:7:3120)
    at Fr._next (https://www.greencity.cx.ua/chunk-NUXSP4TM.js:7:2803)
    at Fr.next (https://www.greencity.cx.ua/chunk-NUXSP4TM.js:7:2530)
    at https://www.greencity.cx.ua/chunk-NUXSP4TM.js:7:7848
    at Ac (https://www.greencity.cx.ua/chunk-NUXSP4TM.js:7:2222)
    at S0.next (https://www.greencity.cx.ua/chunk-NUXSP4TM.js:7:7687), [2026-03-15T12:00:20.857Z] [SEVERE] https://www.greencity.cx.ua/chunk-NUXSP4TM.js 10:45939 "ERROR" TypeError: Cannot read properties of null (reading 'setValue')
    at n.quillContentChanged (https://www.greencity.cx.ua/chunk-VNNOUBDJ.js:1:16043)
    at https://www.greencity.cx.ua/chunk-VNNOUBDJ.js:1:7223
    at eE (https://www.greencity.cx.ua/chunk-NUXSP4TM.js:11:76097)
    at Object.o [as next] (https://www.greencity.cx.ua/chunk-NUXSP4TM.js:11:76277)
    at bv.next (https://www.greencity.cx.ua/chunk-NUXSP4TM.js:7:3120)
    at Fr._next (https://www.greencity.cx.ua/chunk-NUXSP4TM.js:7:2803)
    at Fr.next (https://www.greencity.cx.ua/chunk-NUXSP4TM.js:7:2530)
    at https://www.greencity.cx.ua/chunk-NUXSP4TM.js:7:7848
    at Ac (https://www.greencity.cx.ua/chunk-NUXSP4TM.js:7:2222)
    at S0.next (https://www.greencity.cx.ua/chunk-NUXSP4TM.js:7:7687), [2026-03-15T12:00:20.860Z] [SEVERE] https://www.greencity.cx.ua/chunk-NUXSP4TM.js 10:45939 "ERROR" TypeError: Cannot read properties of null (reading 'setValue')
    at n.quillContentChanged (https://www.greencity.cx.ua/chunk-VNNOUBDJ.js:1:16043)
    at https://www.greencity.cx.ua/chunk-VNNOUBDJ.js:1:7223
    at eE (https://www.greencity.cx.ua/chunk-NUXSP4TM.js:11:76097)
    at Object.o [as next] (https://www.greencity.cx.ua/chunk-NUXSP4TM.js:11:76277)
    at bv.next (https://www.greencity.cx.ua/chunk-NUXSP4TM.js:7:3120)
    at Fr._next (https://www.greencity.cx.ua/chunk-NUXSP4TM.js:7:2803)
    at Fr.next (https://www.greencity.cx.ua/chunk-NUXSP4TM.js:7:2530)
    at https://www.greencity.cx.ua/chunk-NUXSP4TM.js:7:7848
    at Ac (https://www.greencity.cx.ua/chunk-NUXSP4TM.js:7:2222)
    at S0.next (https://www.greencity.cx.ua/chunk-NUXSP4TM.js:7:7687), [2026-03-15T12:00:20.862Z] [SEVERE] https://www.greencity.cx.ua/chunk-NUXSP4TM.js 10:45939 "ERROR" TypeError: Cannot read properties of null (reading 'setValue')
    at n.quillContentChanged (https://www.greencity.cx.ua/chunk-VNNOUBDJ.js:1:16043)
    at https://www.greencity.cx.ua/chunk-VNNOUBDJ.js:1:7223
    at eE (https://www.greencity.cx.ua/chunk-NUXSP4TM.js:11:76097)
    at Object.o [as next] (https://www.greencity.cx.ua/chunk-NUXSP4TM.js:11:76277)
    at bv.next (https://www.greencity.cx.ua/chunk-NUXSP4TM.js:7:3120)
    at Fr._next (https://www.greencity.cx.ua/chunk-NUXSP4TM.js:7:2803)
    at Fr.next (https://www.greencity.cx.ua/chunk-NUXSP4TM.js:7:2530)
    at https://www.greencity.cx.ua/chunk-NUXSP4TM.js:7:7848
    at Ac (https://www.greencity.cx.ua/chunk-NUXSP4TM.js:7:2222)
    at S0.next (https://www.greencity.cx.ua/chunk-NUXSP4TM.js:7:7687), [2026-03-15T12:00:20.865Z] [SEVERE] https://www.greencity.cx.ua/chunk-NUXSP4TM.js 10:45939 "ERROR" TypeError: Cannot read properties of null (reading 'setValue')
    at n.quillContentChanged (https://www.greencity.cx.ua/chunk-VNNOUBDJ.js:1:16043)
    at https://www.greencity.cx.ua/chunk-VNNOUBDJ.js:1:7223
    at eE (https://www.greencity.cx.ua/chunk-NUXSP4TM.js:11:76097)
    at Object.o [as next] (https://www.greencity.cx.ua/chunk-NUXSP4TM.js:11:76277)
    at bv.next (https://www.greencity.cx.ua/chunk-NUXSP4TM.js:7:3120)
    at Fr._next (https://www.greencity.cx.ua/chunk-NUXSP4TM.js:7:2803)
    at Fr.next (https://www.greencity.cx.ua/chunk-NUXSP4TM.js:7:2530)
    at https://www.greencity.cx.ua/chunk-NUXSP4TM.js:7:7848
    at Ac (https://www.greencity.cx.ua/chunk-NUXSP4TM.js:7:2222)
    at S0.next (https://www.greencity.cx.ua/chunk-NUXSP4TM.js:7:7687), [2026-03-15T12:00:20.867Z] [SEVERE] https://www.greencity.cx.ua/chunk-NUXSP4TM.js 10:45939 "ERROR" TypeError: Cannot read properties of null (reading 'setValue')
    at n.quillContentChanged (https://www.greencity.cx.ua/chunk-VNNOUBDJ.js:1:16043)
    at https://www.greencity.cx.ua/chunk-VNNOUBDJ.js:1:7223
    at eE (https://www.greencity.cx.ua/chunk-NUXSP4TM.js:11:76097)
    at Object.o [as next] (https://www.greencity.cx.ua/chunk-NUXSP4TM.js:11:76277)
    at bv.next (https://www.greencity.cx.ua/chunk-NUXSP4TM.js:7:3120)
    at Fr._next (https://www.greencity.cx.ua/chunk-NUXSP4TM.js:7:2803)
    at Fr.next (https://www.greencity.cx.ua/chunk-NUXSP4TM.js:7:2530)
    at https://www.greencity.cx.ua/chunk-NUXSP4TM.js:7:7848
    at Ac (https://www.greencity.cx.ua/chunk-NUXSP4TM.js:7:2222)
    at S0.next (https://www.greencity.cx.ua/chunk-NUXSP4TM.js:7:7687), [2026-03-15T12:00:20.870Z] [SEVERE] https://www.greencity.cx.ua/chunk-NUXSP4TM.js 10:45939 "ERROR" TypeError: Cannot read properties of null (reading 'setValue')
    at n.quillContentChanged (https://www.greencity.cx.ua/chunk-VNNOUBDJ.js:1:16043)
    at https://www.greencity.cx.ua/chunk-VNNOUBDJ.js:1:7223
    at eE (https://www.greencity.cx.ua/chunk-NUXSP4TM.js:11:76097)
    at Object.o [as next] (https://www.greencity.cx.ua/chunk-NUXSP4TM.js:11:76277)
    at bv.next (https://www.greencity.cx.ua/chunk-NUXSP4TM.js:7:3120)
    at Fr._next (https://www.greencity.cx.ua/chunk-NUXSP4TM.js:7:2803)
    at Fr.next (https://www.greencity.cx.ua/chunk-NUXSP4TM.js:7:2530)
    at https://www.greencity.cx.ua/chunk-NUXSP4TM.js:7:7848
    at Ac (https://www.greencity.cx.ua/chunk-NUXSP4TM.js:7:2222)
    at S0.next (https://www.greencity.cx.ua/chunk-NUXSP4TM.js:7:7687), [2026-03-15T12:00:20.873Z] [SEVERE] https://www.greencity.cx.ua/chunk-NUXSP4TM.js 10:45939 "ERROR" TypeError: Cannot read properties of null (reading 'setValue')
    at n.quillContentChanged (https://www.greencity.cx.ua/chunk-VNNOUBDJ.js:1:16043)
    at https://www.greencity.cx.ua/chunk-VNNOUBDJ.js:1:7223
    at eE (https://www.greencity.cx.ua/chunk-NUXSP4TM.js:11:76097)
    at Object.o [as next] (https://www.greencity.cx.ua/chunk-NUXSP4TM.js:11:76277)
    at bv.next (https://www.greencity.cx.ua/chunk-NUXSP4TM.js:7:3120)
    at Fr._next (https://www.greencity.cx.ua/chunk-NUXSP4TM.js:7:2803)
    at Fr.next (https://www.greencity.cx.ua/chunk-NUXSP4TM.js:7:2530)
    at https://www.greencity.cx.ua/chunk-NUXSP4TM.js:7:7848
    at Ac (https://www.greencity.cx.ua/chunk-NUXSP4TM.js:7:2222)
    at S0.next (https://www.greencity.cx.ua/chunk-NUXSP4TM.js:7:7687), [2026-03-15T12:00:20.875Z] [SEVERE] https://www.greencity.cx.ua/chunk-NUXSP4TM.js 10:45939 "ERROR" TypeError: Cannot read properties of null (reading 'setValue')
    at n.quillContentChanged (https://www.greencity.cx.ua/chunk-VNNOUBDJ.js:1:16043)
    at https://www.greencity.cx.ua/chunk-VNNOUBDJ.js:1:7223
    at eE (https://www.greencity.cx.ua/chunk-NUXSP4TM.js:11:76097)
    at Object.o [as next] (https://www.greencity.cx.ua/chunk-NUXSP4TM.js:11:76277)
    at bv.next (https://www.greencity.cx.ua/chunk-NUXSP4TM.js:7:3120)
    at Fr._next (https://www.greencity.cx.ua/chunk-NUXSP4TM.js:7:2803)
    at Fr.next (https://www.greencity.cx.ua/chunk-NUXSP4TM.js:7:2530)
    at https://www.greencity.cx.ua/chunk-NUXSP4TM.js:7:7848
    at Ac (https://www.greencity.cx.ua/chunk-NUXSP4TM.js:7:2222)
    at S0.next (https://www.greencity.cx.ua/chunk-NUXSP4TM.js:7:7687), [2026-03-15T12:00:20.878Z] [SEVERE] https://www.greencity.cx.ua/chunk-NUXSP4TM.js 10:45939 "ERROR" TypeError: Cannot read properties of null (reading 'setValue')
    at n.quillContentChanged (https://www.greencity.cx.ua/chunk-VNNOUBDJ.js:1:16043)
    at https://www.greencity.cx.ua/chunk-VNNOUBDJ.js:1:7223
    at eE (https://www.greencity.cx.ua/chunk-NUXSP4TM.js:11:76097)
    at Object.o [as next] (https://www.greencity.cx.ua/chunk-NUXSP4TM.js:11:76277)
    at bv.next (https://www.greencity.cx.ua/chunk-NUXSP4TM.js:7:3120)
    at Fr._next (https://www.greencity.cx.ua/chunk-NUXSP4TM.js:7:2803)
    at Fr.next (https://www.greencity.cx.ua/chunk-NUXSP4TM.js:7:2530)
    at https://www.greencity.cx.ua/chunk-NUXSP4TM.js:7:7848
    at Ac (https://www.greencity.cx.ua/chunk-NUXSP4TM.js:7:2222)
    at S0.next (https://www.greencity.cx.ua/chunk-NUXSP4TM.js:7:7687), [2026-03-15T12:00:20.880Z] [SEVERE] https://www.greencity.cx.ua/chunk-NUXSP4TM.js 10:45939 "ERROR" TypeError: Cannot read properties of null (reading 'setValue')
    at n.quillContentChanged (https://www.greencity.cx.ua/chunk-VNNOUBDJ.js:1:16043)
    at https://www.greencity.cx.ua/chunk-VNNOUBDJ.js:1:7223
    at eE (https://www.greencity.cx.ua/chunk-NUXSP4TM.js:11:76097)
    at Object.o [as next] (https://www.greencity.cx.ua/chunk-NUXSP4TM.js:11:76277)
    at bv.next (https://www.greencity.cx.ua/chunk-NUXSP4TM.js:7:3120)
    at Fr._next (https://www.greencity.cx.ua/chunk-NUXSP4TM.js:7:2803)
    at Fr.next (https://www.greencity.cx.ua/chunk-NUXSP4TM.js:7:2530)
    at https://www.greencity.cx.ua/chunk-NUXSP4TM.js:7:7848
    at Ac (https://www.greencity.cx.ua/chunk-NUXSP4TM.js:7:2222)
    at S0.next (https://www.greencity.cx.ua/chunk-NUXSP4TM.js:7:7687), [2026-03-15T12:00:20.883Z] [SEVERE] https://www.greencity.cx.ua/chunk-NUXSP4TM.js 10:45939 "ERROR" TypeError: Cannot read properties of null (reading 'setValue')
    at n.quillContentChanged (https://www.greencity.cx.ua/chunk-VNNOUBDJ.js:1:16043)
    at https://www.greencity.cx.ua/chunk-VNNOUBDJ.js:1:7223
    at eE (https://www.greencity.cx.ua/chunk-NUXSP4TM.js:11:76097)
    at Object.o [as next] (https://www.greencity.cx.ua/chunk-NUXSP4TM.js:11:76277)
    at bv.next (https://www.greencity.cx.ua/chunk-NUXSP4TM.js:7:3120)
    at Fr._next (https://www.greencity.cx.ua/chunk-NUXSP4TM.js:7:2803)
    at Fr.next (https://www.greencity.cx.ua/chunk-NUXSP4TM.js:7:2530)
    at https://www.greencity.cx.ua/chunk-NUXSP4TM.js:7:7848
    at Ac (https://www.greencity.cx.ua/chunk-NUXSP4TM.js:7:2222)
    at S0.next (https://www.greencity.cx.ua/chunk-NUXSP4TM.js:7:7687), [2026-03-15T12:00:20.885Z] [SEVERE] https://www.greencity.cx.ua/chunk-NUXSP4TM.js 10:45939 "ERROR" TypeError: Cannot read properties of null (reading 'setValue')
    at n.quillContentChanged (https://www.greencity.cx.ua/chunk-VNNOUBDJ.js:1:16043)
    at https://www.greencity.cx.ua/chunk-VNNOUBDJ.js:1:7223
    at eE (https://www.greencity.cx.ua/chunk-NUXSP4TM.js:11:76097)
    at Object.o [as next] (https://www.greencity.cx.ua/chunk-NUXSP4TM.js:11:76277)
    at bv.next (https://www.greencity.cx.ua/chunk-NUXSP4TM.js:7:3120)
    at Fr._next (https://www.greencity.cx.ua/chunk-NUXSP4TM.js:7:2803)
    at Fr.next (https://www.greencity.cx.ua/chunk-NUXSP4TM.js:7:2530)
    at https://www.greencity.cx.ua/chunk-NUXSP4TM.js:7:7848
    at Ac (https://www.greencity.cx.ua/chunk-NUXSP4TM.js:7:2222)
    at S0.next (https://www.greencity.cx.ua/chunk-NUXSP4TM.js:7:7687), [2026-03-15T12:00:20.887Z] [SEVERE] https://www.greencity.cx.ua/chunk-NUXSP4TM.js 10:45939 "ERROR" TypeError: Cannot read properties of null (reading 'setValue')
    at n.quillContentChanged (https://www.greencity.cx.ua/chunk-VNNOUBDJ.js:1:16043)
    at https://www.greencity.cx.ua/chunk-VNNOUBDJ.js:1:7223
    at eE (https://www.greencity.cx.ua/chunk-NUXSP4TM.js:11:76097)
    at Object.o [as next] (https://www.greencity.cx.ua/chunk-NUXSP4TM.js:11:76277)
    at bv.next (https://www.greencity.cx.ua/chunk-NUXSP4TM.js:7:3120)
    at Fr._next (https://www.greencity.cx.ua/chunk-NUXSP4TM.js:7:2803)
    at Fr.next (https://www.greencity.cx.ua/chunk-NUXSP4TM.js:7:2530)
    at https://www.greencity.cx.ua/chunk-NUXSP4TM.js:7:7848
    at Ac (https://www.greencity.cx.ua/chunk-NUXSP4TM.js:7:2222)
    at S0.next (https://www.greencity.cx.ua/chunk-NUXSP4TM.js:7:7687), [2026-03-15T12:00:20.890Z] [SEVERE] https://www.greencity.cx.ua/chunk-NUXSP4TM.js 10:45939 "ERROR" TypeError: Cannot read properties of null (reading 'setValue')
    at n.quillContentChanged (https://www.greencity.cx.ua/chunk-VNNOUBDJ.js:1:16043)
    at https://www.greencity.cx.ua/chunk-VNNOUBDJ.js:1:7223
    at eE (https://www.greencity.cx.ua/chunk-NUXSP4TM.js:11:76097)
    at Object.o [as next] (https://www.greencity.cx.ua/chunk-NUXSP4TM.js:11:76277)
    at bv.next (https://www.greencity.cx.ua/chunk-NUXSP4TM.js:7:3120)
    at Fr._next (https://www.greencity.cx.ua/chunk-NUXSP4TM.js:7:2803)
    at Fr.next (https://www.greencity.cx.ua/chunk-NUXSP4TM.js:7:2530)
    at https://www.greencity.cx.ua/chunk-NUXSP4TM.js:7:7848
    at Ac (https://www.greencity.cx.ua/chunk-NUXSP4TM.js:7:2222)
    at S0.next (https://www.greencity.cx.ua/chunk-NUXSP4TM.js:7:7687), [2026-03-15T12:00:20.892Z] [SEVERE] https://www.greencity.cx.ua/chunk-NUXSP4TM.js 10:45939 "ERROR" TypeError: Cannot read properties of null (reading 'setValue')
    at n.quillContentChanged (https://www.greencity.cx.ua/chunk-VNNOUBDJ.js:1:16043)
    at https://www.greencity.cx.ua/chunk-VNNOUBDJ.js:1:7223
    at eE (https://www.greencity.cx.ua/chunk-NUXSP4TM.js:11:76097)
    at Object.o [as next] (https://www.greencity.cx.ua/chunk-NUXSP4TM.js:11:76277)
    at bv.next (https://www.greencity.cx.ua/chunk-NUXSP4TM.js:7:3120)
    at Fr._next (https://www.greencity.cx.ua/chunk-NUXSP4TM.js:7:2803)
    at Fr.next (https://www.greencity.cx.ua/chunk-NUXSP4TM.js:7:2530)
    at https://www.greencity.cx.ua/chunk-NUXSP4TM.js:7:7848
    at Ac (https://www.greencity.cx.ua/chunk-NUXSP4TM.js:7:2222)
    at S0.next (https://www.greencity.cx.ua/chunk-NUXSP4TM.js:7:7687), [2026-03-15T12:00:20.895Z] [SEVERE] https://www.greencity.cx.ua/chunk-NUXSP4TM.js 10:45939 "ERROR" TypeError: Cannot read properties of null (reading 'setValue')
    at n.quillContentChanged (https://www.greencity.cx.ua/chunk-VNNOUBDJ.js:1:16043)
    at https://www.greencity.cx.ua/chunk-VNNOUBDJ.js:1:7223
    at eE (https://www.greencity.cx.ua/chunk-NUXSP4TM.js:11:76097)
    at Object.o [as next] (https://www.greencity.cx.ua/chunk-NUXSP4TM.js:11:76277)
    at bv.next (https://www.greencity.cx.ua/chunk-NUXSP4TM.js:7:3120)
    at Fr._next (https://www.greencity.cx.ua/chunk-NUXSP4TM.js:7:2803)
    at Fr.next (https://www.greencity.cx.ua/chunk-NUXSP4TM.js:7:2530)
    at https://www.greencity.cx.ua/chunk-NUXSP4TM.js:7:7848
    at Ac (https://www.greencity.cx.ua/chunk-NUXSP4TM.js:7:2222)
    at S0.next (https://www.greencity.cx.ua/chunk-NUXSP4TM.js:7:7687), [2026-03-15T12:00:20.897Z] [SEVERE] https://www.greencity.cx.ua/chunk-NUXSP4TM.js 10:45939 "ERROR" TypeError: Cannot read properties of null (reading 'setValue')
    at n.quillContentChanged (https://www.greencity.cx.ua/chunk-VNNOUBDJ.js:1:16043)
    at https://www.greencity.cx.ua/chunk-VNNOUBDJ.js:1:7223
    at eE (https://www.greencity.cx.ua/chunk-NUXSP4TM.js:11:76097)
    at Object.o [as next] (https://www.greencity.cx.ua/chunk-NUXSP4TM.js:11:76277)
    at bv.next (https://www.greencity.cx.ua/chunk-NUXSP4TM.js:7:3120)
    at Fr._next (https://www.greencity.cx.ua/chunk-NUXSP4TM.js:7:2803)
    at Fr.next (https://www.greencity.cx.ua/chunk-NUXSP4TM.js:7:2530)
    at https://www.greencity.cx.ua/chunk-NUXSP4TM.js:7:7848
    at Ac (https://www.greencity.cx.ua/chunk-NUXSP4TM.js:7:2222)
    at S0.next (https://www.greencity.cx.ua/chunk-NUXSP4TM.js:7:7687), [2026-03-15T12:00:20.907Z] [SEVERE] https://www.greencity.cx.ua/chunk-NUXSP4TM.js 10:45939 "ERROR" TypeError: Cannot read properties of null (reading 'setValue')
    at n.quillContentChanged (https://www.greencity.cx.ua/chunk-VNNOUBDJ.js:1:16043)
    at https://www.greencity.cx.ua/chunk-VNNOUBDJ.js:1:7223
    at eE (https://www.greencity.cx.ua/chunk-NUXSP4TM.js:11:76097)
    at Object.o [as next] (https://www.greencity.cx.ua/chunk-NUXSP4TM.js:11:76277)
    at bv.next (https://www.greencity.cx.ua/chunk-NUXSP4TM.js:7:3120)
    at Fr._next (https://www.greencity.cx.ua/chunk-NUXSP4TM.js:7:2803)
    at Fr.next (https://www.greencity.cx.ua/chunk-NUXSP4TM.js:7:2530)
    at https://www.greencity.cx.ua/chunk-NUXSP4TM.js:7:7848
    at Ac (https://www.greencity.cx.ua/chunk-NUXSP4TM.js:7:2222)
    at S0.next (https://www.greencity.cx.ua/chunk-NUXSP4TM.js:7:7687), [2026-03-15T12:00:20.907Z] [SEVERE] https://www.greencity.cx.ua/chunk-NUXSP4TM.js 10:45939 "ERROR" TypeError: Cannot read properties of null (reading 'setValue')
    at n.quillContentChanged (https://www.greencity.cx.ua/chunk-VNNOUBDJ.js:1:16043)
    at https://www.greencity.cx.ua/chunk-VNNOUBDJ.js:1:7223
    at eE (https://www.greencity.cx.ua/chunk-NUXSP4TM.js:11:76097)
    at Object.o [as next] (https://www.greencity.cx.ua/chunk-NUXSP4TM.js:11:76277)
    at bv.next (https://www.greencity.cx.ua/chunk-NUXSP4TM.js:7:3120)
    at Fr._next (https://www.greencity.cx.ua/chunk-NUXSP4TM.js:7:2803)
    at Fr.next (https://www.greencity.cx.ua/chunk-NUXSP4TM.js:7:2530)
    at https://www.greencity.cx.ua/chunk-NUXSP4TM.js:7:7848
    at Ac (https://www.greencity.cx.ua/chunk-NUXSP4TM.js:7:2222)
    at S0.next (https://www.greencity.cx.ua/chunk-NUXSP4TM.js:7:7687), [2026-03-15T12:00:20.907Z] [SEVERE] https://www.greencity.cx.ua/chunk-NUXSP4TM.js 10:45939 "ERROR" TypeError: Cannot read properties of null (reading 'setValue')
    at n.quillContentChanged (https://www.greencity.cx.ua/chunk-VNNOUBDJ.js:1:16043)
    at https://www.greencity.cx.ua/chunk-VNNOUBDJ.js:1:7223
    at eE (https://www.greencity.cx.ua/chunk-NUXSP4TM.js:11:76097)
    at Object.o [as next] (https://www.greencity.cx.ua/chunk-NUXSP4TM.js:11:76277)
    at bv.next (https://www.greencity.cx.ua/chunk-NUXSP4TM.js:7:3120)
    at Fr._next (https://www.greencity.cx.ua/chunk-NUXSP4TM.js:7:2803)
    at Fr.next (https://www.greencity.cx.ua/chunk-NUXSP4TM.js:7:2530)
    at https://www.greencity.cx.ua/chunk-NUXSP4TM.js:7:7848
    at Ac (https://www.greencity.cx.ua/chunk-NUXSP4TM.js:7:2222)
    at S0.next (https://www.greencity.cx.ua/chunk-NUXSP4TM.js:7:7687), [2026-03-15T12:00:20.908Z] [SEVERE] https://www.greencity.cx.ua/chunk-NUXSP4TM.js 10:45939 "ERROR" TypeError: Cannot read properties of null (reading 'setValue')
    at n.quillContentChanged (https://www.greencity.cx.ua/chunk-VNNOUBDJ.js:1:16043)
    at https://www.greencity.cx.ua/chunk-VNNOUBDJ.js:1:7223
    at eE (https://www.greencity.cx.ua/chunk-NUXSP4TM.js:11:76097)
    at Object.o [as next] (https://www.greencity.cx.ua/chunk-NUXSP4TM.js:11:76277)
    at bv.next (https://www.greencity.cx.ua/chunk-NUXSP4TM.js:7:3120)
    at Fr._next (https://www.greencity.cx.ua/chunk-NUXSP4TM.js:7:2803)
    at Fr.next (https://www.greencity.cx.ua/chunk-NUXSP4TM.js:7:2530)
    at https://www.greencity.cx.ua/chunk-NUXSP4TM.js:7:7848
    at Ac (https://www.greencity.cx.ua/chunk-NUXSP4TM.js:7:2222)
    at S0.next (https://www.greencity.cx.ua/chunk-NUXSP4TM.js:7:7687), [2026-03-15T12:00:20.911Z] [SEVERE] https://www.greencity.cx.ua/chunk-NUXSP4TM.js 10:45939 "ERROR" TypeError: Cannot read properties of null (reading 'setValue')
    at n.quillContentChanged (https://www.greencity.cx.ua/chunk-VNNOUBDJ.js:1:16043)
    at https://www.greencity.cx.ua/chunk-VNNOUBDJ.js:1:7223
    at eE (https://www.greencity.cx.ua/chunk-NUXSP4TM.js:11:76097)
    at Object.o [as next] (https://www.greencity.cx.ua/chunk-NUXSP4TM.js:11:76277)
    at bv.next (https://www.greencity.cx.ua/chunk-NUXSP4TM.js:7:3120)
    at Fr._next (https://www.greencity.cx.ua/chunk-NUXSP4TM.js:7:2803)
    at Fr.next (https://www.greencity.cx.ua/chunk-NUXSP4TM.js:7:2530)
    at https://www.greencity.cx.ua/chunk-NUXSP4TM.js:7:7848
    at Ac (https://www.greencity.cx.ua/chunk-NUXSP4TM.js:7:2222)
    at S0.next (https://www.greencity.cx.ua/chunk-NUXSP4TM.js:7:7687), [2026-03-15T12:00:20.913Z] [SEVERE] https://www.greencity.cx.ua/chunk-NUXSP4TM.js 10:45939 "ERROR" TypeError: Cannot read properties of null (reading 'setValue')
    at n.quillContentChanged (https://www.greencity.cx.ua/chunk-VNNOUBDJ.js:1:16043)
    at https://www.greencity.cx.ua/chunk-VNNOUBDJ.js:1:7223
    at eE (https://www.greencity.cx.ua/chunk-NUXSP4TM.js:11:76097)
    at Object.o [as next] (https://www.greencity.cx.ua/chunk-NUXSP4TM.js:11:76277)
    at bv.next (https://www.greencity.cx.ua/chunk-NUXSP4TM.js:7:3120)
    at Fr._next (https://www.greencity.cx.ua/chunk-NUXSP4TM.js:7:2803)
    at Fr.next (https://www.greencity.cx.ua/chunk-NUXSP4TM.js:7:2530)
    at https://www.greencity.cx.ua/chunk-NUXSP4TM.js:7:7848
    at Ac (https://www.greencity.cx.ua/chunk-NUXSP4TM.js:7:2222)
    at S0.next (https://www.greencity.cx.ua/chunk-NUXSP4TM.js:7:7687), [2026-03-15T12:00:20.916Z] [SEVERE] https://www.greencity.cx.ua/chunk-NUXSP4TM.js 10:45939 "ERROR" TypeError: Cannot read properties of null (reading 'setValue')
    at n.quillContentChanged (https://www.greencity.cx.ua/chunk-VNNOUBDJ.js:1:16043)
    at https://www.greencity.cx.ua/chunk-VNNOUBDJ.js:1:7223
    at eE (https://www.greencity.cx.ua/chunk-NUXSP4TM.js:11:76097)
    at Object.o [as next] (https://www.greencity.cx.ua/chunk-NUXSP4TM.js:11:76277)
    at bv.next (https://www.greencity.cx.ua/chunk-NUXSP4TM.js:7:3120)
    at Fr._next (https://www.greencity.cx.ua/chunk-NUXSP4TM.js:7:2803)
    at Fr.next (https://www.greencity.cx.ua/chunk-NUXSP4TM.js:7:2530)
    at https://www.greencity.cx.ua/chunk-NUXSP4TM.js:7:7848
    at Ac (https://www.greencity.cx.ua/chunk-NUXSP4TM.js:7:2222)
    at S0.next (https://www.greencity.cx.ua/chunk-NUXSP4TM.js:7:7687), [2026-03-15T12:00:20.919Z] [SEVERE] https://www.greencity.cx.ua/chunk-NUXSP4TM.js 10:45939 "ERROR" TypeError: Cannot read properties of null (reading 'setValue')
    at n.quillContentChanged (https://www.greencity.cx.ua/chunk-VNNOUBDJ.js:1:16043)
    at https://www.greencity.cx.ua/chunk-VNNOUBDJ.js:1:7223
    at eE (https://www.greencity.cx.ua/chunk-NUXSP4TM.js:11:76097)
    at Object.o [as next] (https://www.greencity.cx.ua/chunk-NUXSP4TM.js:11:76277)
    at bv.next (https://www.greencity.cx.ua/chunk-NUXSP4TM.js:7:3120)
    at Fr._next (https://www.greencity.cx.ua/chunk-NUXSP4TM.js:7:2803)
    at Fr.next (https://www.greencity.cx.ua/chunk-NUXSP4TM.js:7:2530)
    at https://www.greencity.cx.ua/chunk-NUXSP4TM.js:7:7848
    at Ac (https://www.greencity.cx.ua/chunk-NUXSP4TM.js:7:2222)
    at S0.next (https://www.greencity.cx.ua/chunk-NUXSP4TM.js:7:7687), [2026-03-15T12:00:20.923Z] [SEVERE] https://www.greencity.cx.ua/chunk-NUXSP4TM.js 10:45939 "ERROR" TypeError: Cannot read properties of null (reading 'setValue')
    at n.quillContentChanged (https://www.greencity.cx.ua/chunk-VNNOUBDJ.js:1:16043)
    at https://www.greencity.cx.ua/chunk-VNNOUBDJ.js:1:7223
    at eE (https://www.greencity.cx.ua/chunk-NUXSP4TM.js:11:76097)
    at Object.o [as next] (https://www.greencity.cx.ua/chunk-NUXSP4TM.js:11:76277)
    at bv.next (https://www.greencity.cx.ua/chunk-NUXSP4TM.js:7:3120)
    at Fr._next (https://www.greencity.cx.ua/chunk-NUXSP4TM.js:7:2803)
    at Fr.next (https://www.greencity.cx.ua/chunk-NUXSP4TM.js:7:2530)
    at https://www.greencity.cx.ua/chunk-NUXSP4TM.js:7:7848
    at Ac (https://www.greencity.cx.ua/chunk-NUXSP4TM.js:7:2222)
    at S0.next (https://www.greencity.cx.ua/chunk-NUXSP4TM.js:7:7687), [2026-03-15T12:00:20.925Z] [SEVERE] https://www.greencity.cx.ua/chunk-NUXSP4TM.js 10:45939 "ERROR" TypeError: Cannot read properties of null (reading 'setValue')
    at n.quillContentChanged (https://www.greencity.cx.ua/chunk-VNNOUBDJ.js:1:16043)
    at https://www.greencity.cx.ua/chunk-VNNOUBDJ.js:1:7223
    at eE (https://www.greencity.cx.ua/chunk-NUXSP4TM.js:11:76097)
    at Object.o [as next] (https://www.greencity.cx.ua/chunk-NUXSP4TM.js:11:76277)
    at bv.next (https://www.greencity.cx.ua/chunk-NUXSP4TM.js:7:3120)
    at Fr._next (https://www.greencity.cx.ua/chunk-NUXSP4TM.js:7:2803)
    at Fr.next (https://www.greencity.cx.ua/chunk-NUXSP4TM.js:7:2530)
    at https://www.greencity.cx.ua/chunk-NUXSP4TM.js:7:7848
    at Ac (https://www.greencity.cx.ua/chunk-NUXSP4TM.js:7:2222)
    at S0.next (https://www.greencity.cx.ua/chunk-NUXSP4TM.js:7:7687), [2026-03-15T12:00:20.930Z] [SEVERE] https://www.greencity.cx.ua/chunk-NUXSP4TM.js 10:45939 "ERROR" TypeError: Cannot read properties of null (reading 'setValue')
    at n.quillContentChanged (https://www.greencity.cx.ua/chunk-VNNOUBDJ.js:1:16043)
    at https://www.greencity.cx.ua/chunk-VNNOUBDJ.js:1:7223
    at eE (https://www.greencity.cx.ua/chunk-NUXSP4TM.js:11:76097)
    at Object.o [as next] (https://www.greencity.cx.ua/chunk-NUXSP4TM.js:11:76277)
    at bv.next (https://www.greencity.cx.ua/chunk-NUXSP4TM.js:7:3120)
    at Fr._next (https://www.greencity.cx.ua/chunk-NUXSP4TM.js:7:2803)
    at Fr.next (https://www.greencity.cx.ua/chunk-NUXSP4TM.js:7:2530)
    at https://www.greencity.cx.ua/chunk-NUXSP4TM.js:7:7848
    at Ac (https://www.greencity.cx.ua/chunk-NUXSP4TM.js:7:2222)
    at S0.next (https://www.greencity.cx.ua/chunk-NUXSP4TM.js:7:7687), [2026-03-15T12:00:20.931Z] [SEVERE] https://www.greencity.cx.ua/chunk-NUXSP4TM.js 10:45939 "ERROR" TypeError: Cannot read properties of null (reading 'setValue')
    at n.quillContentChanged (https://www.greencity.cx.ua/chunk-VNNOUBDJ.js:1:16043)
    at https://www.greencity.cx.ua/chunk-VNNOUBDJ.js:1:7223
    at eE (https://www.greencity.cx.ua/chunk-NUXSP4TM.js:11:76097)
    at Object.o [as next] (https://www.greencity.cx.ua/chunk-NUXSP4TM.js:11:76277)
    at bv.next (https://www.greencity.cx.ua/chunk-NUXSP4TM.js:7:3120)
    at Fr._next (https://www.greencity.cx.ua/chunk-NUXSP4TM.js:7:2803)
    at Fr.next (https://www.greencity.cx.ua/chunk-NUXSP4TM.js:7:2530)
    at https://www.greencity.cx.ua/chunk-NUXSP4TM.js:7:7848
    at Ac (https://www.greencity.cx.ua/chunk-NUXSP4TM.js:7:2222)
    at S0.next (https://www.greencity.cx.ua/chunk-NUXSP4TM.js:7:7687), [2026-03-15T12:00:20.934Z] [SEVERE] https://www.greencity.cx.ua/chunk-NUXSP4TM.js 10:45939 "ERROR" TypeError: Cannot read properties of null (reading 'setValue')
    at n.quillContentChanged (https://www.greencity.cx.ua/chunk-VNNOUBDJ.js:1:16043)
    at https://www.greencity.cx.ua/chunk-VNNOUBDJ.js:1:7223
    at eE (https://www.greencity.cx.ua/chunk-NUXSP4TM.js:11:76097)
    at Object.o [as next] (https://www.greencity.cx.ua/chunk-NUXSP4TM.js:11:76277)
    at bv.next (https://www.greencity.cx.ua/chunk-NUXSP4TM.js:7:3120)
    at Fr._next (https://www.greencity.cx.ua/chunk-NUXSP4TM.js:7:2803)
    at Fr.next (https://www.greencity.cx.ua/chunk-NUXSP4TM.js:7:2530)
    at https://www.greencity.cx.ua/chunk-NUXSP4TM.js:7:7848
    at Ac (https://www.greencity.cx.ua/chunk-NUXSP4TM.js:7:2222)
    at S0.next (https://www.greencity.cx.ua/chunk-NUXSP4TM.js:7:7687), [2026-03-15T12:00:20.936Z] [SEVERE] https://www.greencity.cx.ua/chunk-NUXSP4TM.js 10:45939 "ERROR" TypeError: Cannot read properties of null (reading 'setValue')
    at n.quillContentChanged (https://www.greencity.cx.ua/chunk-VNNOUBDJ.js:1:16043)
    at https://www.greencity.cx.ua/chunk-VNNOUBDJ.js:1:7223
    at eE (https://www.greencity.cx.ua/chunk-NUXSP4TM.js:11:76097)
    at Object.o [as next] (https://www.greencity.cx.ua/chunk-NUXSP4TM.js:11:76277)
    at bv.next (https://www.greencity.cx.ua/chunk-NUXSP4TM.js:7:3120)
    at Fr._next (https://www.greencity.cx.ua/chunk-NUXSP4TM.js:7:2803)
    at Fr.next (https://www.greencity.cx.ua/chunk-NUXSP4TM.js:7:2530)
    at https://www.greencity.cx.ua/chunk-NUXSP4TM.js:7:7848
    at Ac (https://www.greencity.cx.ua/chunk-NUXSP4TM.js:7:2222)
    at S0.next (https://www.greencity.cx.ua/chunk-NUXSP4TM.js:7:7687), [2026-03-15T12:00:20.940Z] [SEVERE] https://www.greencity.cx.ua/chunk-NUXSP4TM.js 10:45939 "ERROR" TypeError: Cannot read properties of null (reading 'setValue')
    at n.quillContentChanged (https://www.greencity.cx.ua/chunk-VNNOUBDJ.js:1:16043)
    at https://www.greencity.cx.ua/chunk-VNNOUBDJ.js:1:7223
    at eE (https://www.greencity.cx.ua/chunk-NUXSP4TM.js:11:76097)
    at Object.o [as next] (https://www.greencity.cx.ua/chunk-NUXSP4TM.js:11:76277)
    at bv.next (https://www.greencity.cx.ua/chunk-NUXSP4TM.js:7:3120)
    at Fr._next (https://www.greencity.cx.ua/chunk-NUXSP4TM.js:7:2803)
    at Fr.next (https://www.greencity.cx.ua/chunk-NUXSP4TM.js:7:2530)
    at https://www.greencity.cx.ua/chunk-NUXSP4TM.js:7:7848
    at Ac (https://www.greencity.cx.ua/chunk-NUXSP4TM.js:7:2222)
    at S0.next (https://www.greencity.cx.ua/chunk-NUXSP4TM.js:7:7687), [2026-03-15T12:00:20.942Z] [SEVERE] https://www.greencity.cx.ua/chunk-NUXSP4TM.js 10:45939 "ERROR" TypeError: Cannot read properties of null (reading 'setValue')
    at n.quillContentChanged (https://www.greencity.cx.ua/chunk-VNNOUBDJ.js:1:16043)
    at https://www.greencity.cx.ua/chunk-VNNOUBDJ.js:1:7223
    at eE (https://www.greencity.cx.ua/chunk-NUXSP4TM.js:11:76097)
    at Object.o [as next] (https://www.greencity.cx.ua/chunk-NUXSP4TM.js:11:76277)
    at bv.next (https://www.greencity.cx.ua/chunk-NUXSP4TM.js:7:3120)
    at Fr._next (https://www.greencity.cx.ua/chunk-NUXSP4TM.js:7:2803)
    at Fr.next (https://www.greencity.cx.ua/chunk-NUXSP4TM.js:7:2530)
    at https://www.greencity.cx.ua/chunk-NUXSP4TM.js:7:7848
    at Ac (https://www.greencity.cx.ua/chunk-NUXSP4TM.js:7:2222)
    at S0.next (https://www.greencity.cx.ua/chunk-NUXSP4TM.js:7:7687), [2026-03-15T12:00:20.945Z] [SEVERE] https://www.greencity.cx.ua/chunk-NUXSP4TM.js 10:45939 "ERROR" TypeError: Cannot read properties of null (reading 'setValue')
    at n.quillContentChanged (https://www.greencity.cx.ua/chunk-VNNOUBDJ.js:1:16043)
    at https://www.greencity.cx.ua/chunk-VNNOUBDJ.js:1:7223
    at eE (https://www.greencity.cx.ua/chunk-NUXSP4TM.js:11:76097)
    at Object.o [as next] (https://www.greencity.cx.ua/chunk-NUXSP4TM.js:11:76277)
    at bv.next (https://www.greencity.cx.ua/chunk-NUXSP4TM.js:7:3120)
    at Fr._next (https://www.greencity.cx.ua/chunk-NUXSP4TM.js:7:2803)
    at Fr.next (https://www.greencity.cx.ua/chunk-NUXSP4TM.js:7:2530)
    at https://www.greencity.cx.ua/chunk-NUXSP4TM.js:7:7848
    at Ac (https://www.greencity.cx.ua/chunk-NUXSP4TM.js:7:2222)
    at S0.next (https://www.greencity.cx.ua/chunk-NUXSP4TM.js:7:7687), [2026-03-15T12:00:20.947Z] [SEVERE] https://www.greencity.cx.ua/chunk-NUXSP4TM.js 10:45939 "ERROR" TypeError: Cannot read properties of null (reading 'setValue')
    at n.quillContentChanged (https://www.greencity.cx.ua/chunk-VNNOUBDJ.js:1:16043)
    at https://www.greencity.cx.ua/chunk-VNNOUBDJ.js:1:7223
    at eE (https://www.greencity.cx.ua/chunk-NUXSP4TM.js:11:76097)
    at Object.o [as next] (https://www.greencity.cx.ua/chunk-NUXSP4TM.js:11:76277)
    at bv.next (https://www.greencity.cx.ua/chunk-NUXSP4TM.js:7:3120)
    at Fr._next (https://www.greencity.cx.ua/chunk-NUXSP4TM.js:7:2803)
    at Fr.next (https://www.greencity.cx.ua/chunk-NUXSP4TM.js:7:2530)
    at https://www.greencity.cx.ua/chunk-NUXSP4TM.js:7:7848
    at Ac (https://www.greencity.cx.ua/chunk-NUXSP4TM.js:7:2222)
    at S0.next (https://www.greencity.cx.ua/chunk-NUXSP4TM.js:7:7687), [2026-03-15T12:00:20.950Z] [SEVERE] https://www.greencity.cx.ua/chunk-NUXSP4TM.js 10:45939 "ERROR" TypeError: Cannot read properties of null (reading 'setValue')
    at n.quillContentChanged (https://www.greencity.cx.ua/chunk-VNNOUBDJ.js:1:16043)
    at https://www.greencity.cx.ua/chunk-VNNOUBDJ.js:1:7223
    at eE (https://www.greencity.cx.ua/chunk-NUXSP4TM.js:11:76097)
    at Object.o [as next] (https://www.greencity.cx.ua/chunk-NUXSP4TM.js:11:76277)
    at bv.next (https://www.greencity.cx.ua/chunk-NUXSP4TM.js:7:3120)
    at Fr._next (https://www.greencity.cx.ua/chunk-NUXSP4TM.js:7:2803)
    at Fr.next (https://www.greencity.cx.ua/chunk-NUXSP4TM.js:7:2530)
    at https://www.greencity.cx.ua/chunk-NUXSP4TM.js:7:7848
    at Ac (https://www.greencity.cx.ua/chunk-NUXSP4TM.js:7:2222)
    at S0.next (https://www.greencity.cx.ua/chunk-NUXSP4TM.js:7:7687), [2026-03-15T12:00:20.952Z] [SEVERE] https://www.greencity.cx.ua/chunk-NUXSP4TM.js 10:45939 "ERROR" TypeError: Cannot read properties of null (reading 'setValue')
    at n.quillContentChanged (https://www.greencity.cx.ua/chunk-VNNOUBDJ.js:1:16043)
    at https://www.greencity.cx.ua/chunk-VNNOUBDJ.js:1:7223
    at eE (https://www.greencity.cx.ua/chunk-NUXSP4TM.js:11:76097)
    at Object.o [as next] (https://www.greencity.cx.ua/chunk-NUXSP4TM.js:11:76277)
    at bv.next (https://www.greencity.cx.ua/chunk-NUXSP4TM.js:7:3120)
    at Fr._next (https://www.greencity.cx.ua/chunk-NUXSP4TM.js:7:2803)
    at Fr.next (https://www.greencity.cx.ua/chunk-NUXSP4TM.js:7:2530)
    at https://www.greencity.cx.ua/chunk-NUXSP4TM.js:7:7848
    at Ac (https://www.greencity.cx.ua/chunk-NUXSP4TM.js:7:2222)
    at S0.next (https://www.greencity.cx.ua/chunk-NUXSP4TM.js:7:7687), [2026-03-15T12:00:20.955Z] [SEVERE] https://www.greencity.cx.ua/chunk-NUXSP4TM.js 10:45939 "ERROR" TypeError: Cannot read properties of null (reading 'setValue')
    at n.quillContentChanged (https://www.greencity.cx.ua/chunk-VNNOUBDJ.js:1:16043)
    at https://www.greencity.cx.ua/chunk-VNNOUBDJ.js:1:7223
    at eE (https://www.greencity.cx.ua/chunk-NUXSP4TM.js:11:76097)
    at Object.o [as next] (https://www.greencity.cx.ua/chunk-NUXSP4TM.js:11:76277)
    at bv.next (https://www.greencity.cx.ua/chunk-NUXSP4TM.js:7:3120)
    at Fr._next (https://www.greencity.cx.ua/chunk-NUXSP4TM.js:7:2803)
    at Fr.next (https://www.greencity.cx.ua/chunk-NUXSP4TM.js:7:2530)
    at https://www.greencity.cx.ua/chunk-NUXSP4TM.js:7:7848
    at Ac (https://www.greencity.cx.ua/chunk-NUXSP4TM.js:7:2222)
    at S0.next (https://www.greencity.cx.ua/chunk-NUXSP4TM.js:7:7687), [2026-03-15T12:00:20.958Z] [SEVERE] https://www.greencity.cx.ua/chunk-NUXSP4TM.js 10:45939 "ERROR" TypeError: Cannot read properties of null (reading 'setValue')
    at n.quillContentChanged (https://www.greencity.cx.ua/chunk-VNNOUBDJ.js:1:16043)
    at https://www.greencity.cx.ua/chunk-VNNOUBDJ.js:1:7223
    at eE (https://www.greencity.cx.ua/chunk-NUXSP4TM.js:11:76097)
    at Object.o [as next] (https://www.greencity.cx.ua/chunk-NUXSP4TM.js:11:76277)
    at bv.next (https://www.greencity.cx.ua/chunk-NUXSP4TM.js:7:3120)
    at Fr._next (https://www.greencity.cx.ua/chunk-NUXSP4TM.js:7:2803)
    at Fr.next (https://www.greencity.cx.ua/chunk-NUXSP4TM.js:7:2530)
    at https://www.greencity.cx.ua/chunk-NUXSP4TM.js:7:7848
    at Ac (https://www.greencity.cx.ua/chunk-NUXSP4TM.js:7:2222)
    at S0.next (https://www.greencity.cx.ua/chunk-NUXSP4TM.js:7:7687), [2026-03-15T12:00:20.961Z] [SEVERE] https://www.greencity.cx.ua/chunk-NUXSP4TM.js 10:45939 "ERROR" TypeError: Cannot read properties of null (reading 'setValue')
    at n.quillContentChanged (https://www.greencity.cx.ua/chunk-VNNOUBDJ.js:1:16043)
    at https://www.greencity.cx.ua/chunk-VNNOUBDJ.js:1:7223
    at eE (https://www.greencity.cx.ua/chunk-NUXSP4TM.js:11:76097)
    at Object.o [as next] (https://www.greencity.cx.ua/chunk-NUXSP4TM.js:11:76277)
    at bv.next (https://www.greencity.cx.ua/chunk-NUXSP4TM.js:7:3120)
    at Fr._next (https://www.greencity.cx.ua/chunk-NUXSP4TM.js:7:2803)
    at Fr.next (https://www.greencity.cx.ua/chunk-NUXSP4TM.js:7:2530)
    at https://www.greencity.cx.ua/chunk-NUXSP4TM.js:7:7848
    at Ac (https://www.greencity.cx.ua/chunk-NUXSP4TM.js:7:2222)
    at S0.next (https://www.greencity.cx.ua/chunk-NUXSP4TM.js:7:7687), [2026-03-15T12:00:20.964Z] [SEVERE] https://www.greencity.cx.ua/chunk-NUXSP4TM.js 10:45939 "ERROR" TypeError: Cannot read properties of null (reading 'setValue')
    at n.quillContentChanged (https://www.greencity.cx.ua/chunk-VNNOUBDJ.js:1:16043)
    at https://www.greencity.cx.ua/chunk-VNNOUBDJ.js:1:7223
    at eE (https://www.greencity.cx.ua/chunk-NUXSP4TM.js:11:76097)
    at Object.o [as next] (https://www.greencity.cx.ua/chunk-NUXSP4TM.js:11:76277)
    at bv.next (https://www.greencity.cx.ua/chunk-NUXSP4TM.js:7:3120)
    at Fr._next (https://www.greencity.cx.ua/chunk-NUXSP4TM.js:7:2803)
    at Fr.next (https://www.greencity.cx.ua/chunk-NUXSP4TM.js:7:2530)
    at https://www.greencity.cx.ua/chunk-NUXSP4TM.js:7:7848
    at Ac (https://www.greencity.cx.ua/chunk-NUXSP4TM.js:7:2222)
    at S0.next (https://www.greencity.cx.ua/chunk-NUXSP4TM.js:7:7687), [2026-03-15T12:00:20.967Z] [SEVERE] https://www.greencity.cx.ua/chunk-NUXSP4TM.js 10:45939 "ERROR" TypeError: Cannot read properties of null (reading 'setValue')
    at n.quillContentChanged (https://www.greencity.cx.ua/chunk-VNNOUBDJ.js:1:16043)
    at https://www.greencity.cx.ua/chunk-VNNOUBDJ.js:1:7223
    at eE (https://www.greencity.cx.ua/chunk-NUXSP4TM.js:11:76097)
    at Object.o [as next] (https://www.greencity.cx.ua/chunk-NUXSP4TM.js:11:76277)
    at bv.next (https://www.greencity.cx.ua/chunk-NUXSP4TM.js:7:3120)
    at Fr._next (https://www.greencity.cx.ua/chunk-NUXSP4TM.js:7:2803)
    at Fr.next (https://www.greencity.cx.ua/chunk-NUXSP4TM.js:7:2530)
    at https://www.greencity.cx.ua/chunk-NUXSP4TM.js:7:7848
    at Ac (https://www.greencity.cx.ua/chunk-NUXSP4TM.js:7:2222)
    at S0.next (https://www.greencity.cx.ua/chunk-NUXSP4TM.js:7:7687), [2026-03-15T12:00:20.970Z] [SEVERE] https://www.greencity.cx.ua/chunk-NUXSP4TM.js 10:45939 "ERROR" TypeError: Cannot read properties of null (reading 'setValue')
    at n.quillContentChanged (https://www.greencity.cx.ua/chunk-VNNOUBDJ.js:1:16043)
    at https://www.greencity.cx.ua/chunk-VNNOUBDJ.js:1:7223
    at eE (https://www.greencity.cx.ua/chunk-NUXSP4TM.js:11:76097)
    at Object.o [as next] (https://www.greencity.cx.ua/chunk-NUXSP4TM.js:11:76277)
    at bv.next (https://www.greencity.cx.ua/chunk-NUXSP4TM.js:7:3120)
    at Fr._next (https://www.greencity.cx.ua/chunk-NUXSP4TM.js:7:2803)
    at Fr.next (https://www.greencity.cx.ua/chunk-NUXSP4TM.js:7:2530)
    at https://www.greencity.cx.ua/chunk-NUXSP4TM.js:7:7848
    at Ac (https://www.greencity.cx.ua/chunk-NUXSP4TM.js:7:2222)
    at S0.next (https://www.greencity.cx.ua/chunk-NUXSP4TM.js:7:7687), [2026-03-15T12:00:20.973Z] [SEVERE] https://www.greencity.cx.ua/chunk-NUXSP4TM.js 10:45939 "ERROR" TypeError: Cannot read properties of null (reading 'setValue')
    at n.quillContentChanged (https://www.greencity.cx.ua/chunk-VNNOUBDJ.js:1:16043)
    at https://www.greencity.cx.ua/chunk-VNNOUBDJ.js:1:7223
    at eE (https://www.greencity.cx.ua/chunk-NUXSP4TM.js:11:76097)
    at Object.o [as next] (https://www.greencity.cx.ua/chunk-NUXSP4TM.js:11:76277)
    at bv.next (https://www.greencity.cx.ua/chunk-NUXSP4TM.js:7:3120)
    at Fr._next (https://www.greencity.cx.ua/chunk-NUXSP4TM.js:7:2803)
    at Fr.next (https://www.greencity.cx.ua/chunk-NUXSP4TM.js:7:2530)
    at https://www.greencity.cx.ua/chunk-NUXSP4TM.js:7:7848
    at Ac (https://www.greencity.cx.ua/chunk-NUXSP4TM.js:7:2222)
    at S0.next (https://www.greencity.cx.ua/chunk-NUXSP4TM.js:7:7687), [2026-03-15T12:00:20.975Z] [SEVERE] https://www.greencity.cx.ua/chunk-NUXSP4TM.js 10:45939 "ERROR" TypeError: Cannot read properties of null (reading 'setValue')
    at n.quillContentChanged (https://www.greencity.cx.ua/chunk-VNNOUBDJ.js:1:16043)
    at https://www.greencity.cx.ua/chunk-VNNOUBDJ.js:1:7223
    at eE (https://www.greencity.cx.ua/chunk-NUXSP4TM.js:11:76097)
    at Object.o [as next] (https://www.greencity.cx.ua/chunk-NUXSP4TM.js:11:76277)
    at bv.next (https://www.greencity.cx.ua/chunk-NUXSP4TM.js:7:3120)
    at Fr._next (https://www.greencity.cx.ua/chunk-NUXSP4TM.js:7:2803)
    at Fr.next (https://www.greencity.cx.ua/chunk-NUXSP4TM.js:7:2530)
    at https://www.greencity.cx.ua/chunk-NUXSP4TM.js:7:7848
    at Ac (https://www.greencity.cx.ua/chunk-NUXSP4TM.js:7:2222)
    at S0.next (https://www.greencity.cx.ua/chunk-NUXSP4TM.js:7:7687), [2026-03-15T12:00:20.978Z] [SEVERE] https://www.greencity.cx.ua/chunk-NUXSP4TM.js 10:45939 "ERROR" TypeError: Cannot read properties of null (reading 'setValue')
    at n.quillContentChanged (https://www.greencity.cx.ua/chunk-VNNOUBDJ.js:1:16043)
    at https://www.greencity.cx.ua/chunk-VNNOUBDJ.js:1:7223
    at eE (https://www.greencity.cx.ua/chunk-NUXSP4TM.js:11:76097)
    at Object.o [as next] (https://www.greencity.cx.ua/chunk-NUXSP4TM.js:11:76277)
    at bv.next (https://www.greencity.cx.ua/chunk-NUXSP4TM.js:7:3120)
    at Fr._next (https://www.greencity.cx.ua/chunk-NUXSP4TM.js:7:2803)
    at Fr.next (https://www.greencity.cx.ua/chunk-NUXSP4TM.js:7:2530)
    at https://www.greencity.cx.ua/chunk-NUXSP4TM.js:7:7848
    at Ac (https://www.greencity.cx.ua/chunk-NUXSP4TM.js:7:2222)
    at S0.next (https://www.greencity.cx.ua/chunk-NUXSP4TM.js:7:7687), [2026-03-15T12:00:20.981Z] [SEVERE] https://www.greencity.cx.ua/chunk-NUXSP4TM.js 10:45939 "ERROR" TypeError: Cannot read properties of null (reading 'setValue')
    at n.quillContentChanged (https://www.greencity.cx.ua/chunk-VNNOUBDJ.js:1:16043)
    at https://www.greencity.cx.ua/chunk-VNNOUBDJ.js:1:7223
    at eE (https://www.greencity.cx.ua/chunk-NUXSP4TM.js:11:76097)
    at Object.o [as next] (https://www.greencity.cx.ua/chunk-NUXSP4TM.js:11:76277)
    at bv.next (https://www.greencity.cx.ua/chunk-NUXSP4TM.js:7:3120)
    at Fr._next (https://www.greencity.cx.ua/chunk-NUXSP4TM.js:7:2803)
    at Fr.next (https://www.greencity.cx.ua/chunk-NUXSP4TM.js:7:2530)
    at https://www.greencity.cx.ua/chunk-NUXSP4TM.js:7:7848
    at Ac (https://www.greencity.cx.ua/chunk-NUXSP4TM.js:7:2222)
    at S0.next (https://www.greencity.cx.ua/chunk-NUXSP4TM.js:7:7687), [2026-03-15T12:00:20.983Z] [SEVERE] https://www.greencity.cx.ua/chunk-NUXSP4TM.js 10:45939 "ERROR" TypeError: Cannot read properties of null (reading 'setValue')
    at n.quillContentChanged (https://www.greencity.cx.ua/chunk-VNNOUBDJ.js:1:16043)
    at https://www.greencity.cx.ua/chunk-VNNOUBDJ.js:1:7223
    at eE (https://www.greencity.cx.ua/chunk-NUXSP4TM.js:11:76097)
    at Object.o [as next] (https://www.greencity.cx.ua/chunk-NUXSP4TM.js:11:76277)
    at bv.next (https://www.greencity.cx.ua/chunk-NUXSP4TM.js:7:3120)
    at Fr._next (https://www.greencity.cx.ua/chunk-NUXSP4TM.js:7:2803)
    at Fr.next (https://www.greencity.cx.ua/chunk-NUXSP4TM.js:7:2530)
    at https://www.greencity.cx.ua/chunk-NUXSP4TM.js:7:7848
    at Ac (https://www.greencity.cx.ua/chunk-NUXSP4TM.js:7:2222)
    at S0.next (https://www.greencity.cx.ua/chunk-NUXSP4TM.js:7:7687), [2026-03-15T12:00:20.986Z] [SEVERE] https://www.greencity.cx.ua/chunk-NUXSP4TM.js 10:45939 "ERROR" TypeError: Cannot read properties of null (reading 'setValue')
    at n.quillContentChanged (https://www.greencity.cx.ua/chunk-VNNOUBDJ.js:1:16043)
    at https://www.greencity.cx.ua/chunk-VNNOUBDJ.js:1:7223
    at eE (https://www.greencity.cx.ua/chunk-NUXSP4TM.js:11:76097)
    at Object.o [as next] (https://www.greencity.cx.ua/chunk-NUXSP4TM.js:11:76277)
    at bv.next (https://www.greencity.cx.ua/chunk-NUXSP4TM.js:7:3120)
    at Fr._next (https://www.greencity.cx.ua/chunk-NUXSP4TM.js:7:2803)
    at Fr.next (https://www.greencity.cx.ua/chunk-NUXSP4TM.js:7:2530)
    at https://www.greencity.cx.ua/chunk-NUXSP4TM.js:7:7848
    at Ac (https://www.greencity.cx.ua/chunk-NUXSP4TM.js:7:2222)
    at S0.next (https://www.greencity.cx.ua/chunk-NUXSP4TM.js:7:7687), [2026-03-15T12:00:20.991Z] [SEVERE] https://www.greencity.cx.ua/chunk-NUXSP4TM.js 10:45939 "ERROR" TypeError: Cannot read properties of null (reading 'setValue')
    at n.quillContentChanged (https://www.greencity.cx.ua/chunk-VNNOUBDJ.js:1:16043)
    at https://www.greencity.cx.ua/chunk-VNNOUBDJ.js:1:7223
    at eE (https://www.greencity.cx.ua/chunk-NUXSP4TM.js:11:76097)
    at Object.o [as next] (https://www.greencity.cx.ua/chunk-NUXSP4TM.js:11:76277)
    at bv.next (https://www.greencity.cx.ua/chunk-NUXSP4TM.js:7:3120)
    at Fr._next (https://www.greencity.cx.ua/chunk-NUXSP4TM.js:7:2803)
    at Fr.next (https://www.greencity.cx.ua/chunk-NUXSP4TM.js:7:2530)
    at https://www.greencity.cx.ua/chunk-NUXSP4TM.js:7:7848
    at Ac (https://www.greencity.cx.ua/chunk-NUXSP4TM.js:7:2222)
    at S0.next (https://www.greencity.cx.ua/chunk-NUXSP4TM.js:7:7687), [2026-03-15T12:00:20.992Z] [SEVERE] https://www.greencity.cx.ua/chunk-NUXSP4TM.js 10:45939 "ERROR" TypeError: Cannot read properties of null (reading 'setValue')
    at n.quillContentChanged (https://www.greencity.cx.ua/chunk-VNNOUBDJ.js:1:16043)
    at https://www.greencity.cx.ua/chunk-VNNOUBDJ.js:1:7223
    at eE (https://www.greencity.cx.ua/chunk-NUXSP4TM.js:11:76097)
    at Object.o [as next] (https://www.greencity.cx.ua/chunk-NUXSP4TM.js:11:76277)
    at bv.next (https://www.greencity.cx.ua/chunk-NUXSP4TM.js:7:3120)
    at Fr._next (https://www.greencity.cx.ua/chunk-NUXSP4TM.js:7:2803)
    at Fr.next (https://www.greencity.cx.ua/chunk-NUXSP4TM.js:7:2530)
    at https://www.greencity.cx.ua/chunk-NUXSP4TM.js:7:7848
    at Ac (https://www.greencity.cx.ua/chunk-NUXSP4TM.js:7:2222)
    at S0.next (https://www.greencity.cx.ua/chunk-NUXSP4TM.js:7:7687), [2026-03-15T12:00:20.995Z] [SEVERE] https://www.greencity.cx.ua/chunk-NUXSP4TM.js 10:45939 "ERROR" TypeError: Cannot read properties of null (reading 'setValue')
    at n.quillContentChanged (https://www.greencity.cx.ua/chunk-VNNOUBDJ.js:1:16043)
    at https://www.greencity.cx.ua/chunk-VNNOUBDJ.js:1:7223
    at eE (https://www.greencity.cx.ua/chunk-NUXSP4TM.js:11:76097)
    at Object.o [as next] (https://www.greencity.cx.ua/chunk-NUXSP4TM.js:11:76277)
    at bv.next (https://www.greencity.cx.ua/chunk-NUXSP4TM.js:7:3120)
    at Fr._next (https://www.greencity.cx.ua/chunk-NUXSP4TM.js:7:2803)
    at Fr.next (https://www.greencity.cx.ua/chunk-NUXSP4TM.js:7:2530)
    at https://www.greencity.cx.ua/chunk-NUXSP4TM.js:7:7848
    at Ac (https://www.greencity.cx.ua/chunk-NUXSP4TM.js:7:2222)
    at S0.next (https://www.greencity.cx.ua/chunk-NUXSP4TM.js:7:7687), [2026-03-15T12:00:20.997Z] [SEVERE] https://www.greencity.cx.ua/chunk-NUXSP4TM.js 10:45939 "ERROR" TypeError: Cannot read properties of null (reading 'setValue')
    at n.quillContentChanged (https://www.greencity.cx.ua/chunk-VNNOUBDJ.js:1:16043)
    at https://www.greencity.cx.ua/chunk-VNNOUBDJ.js:1:7223
    at eE (https://www.greencity.cx.ua/chunk-NUXSP4TM.js:11:76097)
    at Object.o [as next] (https://www.greencity.cx.ua/chunk-NUXSP4TM.js:11:76277)
    at bv.next (https://www.greencity.cx.ua/chunk-NUXSP4TM.js:7:3120)
    at Fr._next (https://www.greencity.cx.ua/chunk-NUXSP4TM.js:7:2803)
    at Fr.next (https://www.greencity.cx.ua/chunk-NUXSP4TM.js:7:2530)
    at https://www.greencity.cx.ua/chunk-NUXSP4TM.js:7:7848
    at Ac (https://www.greencity.cx.ua/chunk-NUXSP4TM.js:7:2222)
    at S0.next (https://www.greencity.cx.ua/chunk-NUXSP4TM.js:7:7687), [2026-03-15T12:00:21Z] [SEVERE] https://www.greencity.cx.ua/chunk-NUXSP4TM.js 10:45939 "ERROR" TypeError: Cannot read properties of null (reading 'setValue')
    at n.quillContentChanged (https://www.greencity.cx.ua/chunk-VNNOUBDJ.js:1:16043)
    at https://www.greencity.cx.ua/chunk-VNNOUBDJ.js:1:7223
    at eE (https://www.greencity.cx.ua/chunk-NUXSP4TM.js:11:76097)
    at Object.o [as next] (https://www.greencity.cx.ua/chunk-NUXSP4TM.js:11:76277)
    at bv.next (https://www.greencity.cx.ua/chunk-NUXSP4TM.js:7:3120)
    at Fr._next (https://www.greencity.cx.ua/chunk-NUXSP4TM.js:7:2803)
    at Fr.next (https://www.greencity.cx.ua/chunk-NUXSP4TM.js:7:2530)
    at https://www.greencity.cx.ua/chunk-NUXSP4TM.js:7:7848
    at Ac (https://www.greencity.cx.ua/chunk-NUXSP4TM.js:7:2222)
    at S0.next (https://www.greencity.cx.ua/chunk-NUXSP4TM.js:7:7687), [2026-03-15T12:00:21.002Z] [SEVERE] https://www.greencity.cx.ua/chunk-NUXSP4TM.js 10:45939 "ERROR" TypeError: Cannot read properties of null (reading 'setValue')
    at n.quillContentChanged (https://www.greencity.cx.ua/chunk-VNNOUBDJ.js:1:16043)
    at https://www.greencity.cx.ua/chunk-VNNOUBDJ.js:1:7223
    at eE (https://www.greencity.cx.ua/chunk-NUXSP4TM.js:11:76097)
    at Object.o [as next] (https://www.greencity.cx.ua/chunk-NUXSP4TM.js:11:76277)
    at bv.next (https://www.greencity.cx.ua/chunk-NUXSP4TM.js:7:3120)
    at Fr._next (https://www.greencity.cx.ua/chunk-NUXSP4TM.js:7:2803)
    at Fr.next (https://www.greencity.cx.ua/chunk-NUXSP4TM.js:7:2530)
    at https://www.greencity.cx.ua/chunk-NUXSP4TM.js:7:7848
    at Ac (https://www.greencity.cx.ua/chunk-NUXSP4TM.js:7:2222)
    at S0.next (https://www.greencity.cx.ua/chunk-NUXSP4TM.js:7:7687), [2026-03-15T12:00:21.005Z] [SEVERE] https://www.greencity.cx.ua/chunk-NUXSP4TM.js 10:45939 "ERROR" TypeError: Cannot read properties of null (reading 'setValue')
    at n.quillContentChanged (https://www.greencity.cx.ua/chunk-VNNOUBDJ.js:1:16043)
    at https://www.greencity.cx.ua/chunk-VNNOUBDJ.js:1:7223
    at eE (https://www.greencity.cx.ua/chunk-NUXSP4TM.js:11:76097)
    at Object.o [as next] (https://www.greencity.cx.ua/chunk-NUXSP4TM.js:11:76277)
    at bv.next (https://www.greencity.cx.ua/chunk-NUXSP4TM.js:7:3120)
    at Fr._next (https://www.greencity.cx.ua/chunk-NUXSP4TM.js:7:2803)
    at Fr.next (https://www.greencity.cx.ua/chunk-NUXSP4TM.js:7:2530)
    at https://www.greencity.cx.ua/chunk-NUXSP4TM.js:7:7848
    at Ac (https://www.greencity.cx.ua/chunk-NUXSP4TM.js:7:2222)
    at S0.next (https://www.greencity.cx.ua/chunk-NUXSP4TM.js:7:7687), [2026-03-15T12:00:21.008Z] [SEVERE] https://www.greencity.cx.ua/chunk-NUXSP4TM.js 10:45939 "ERROR" TypeError: Cannot read properties of null (reading 'setValue')
    at n.quillContentChanged (https://www.greencity.cx.ua/chunk-VNNOUBDJ.js:1:16043)
    at https://www.greencity.cx.ua/chunk-VNNOUBDJ.js:1:7223
    at eE (https://www.greencity.cx.ua/chunk-NUXSP4TM.js:11:76097)
    at Object.o [as next] (https://www.greencity.cx.ua/chunk-NUXSP4TM.js:11:76277)
    at bv.next (https://www.greencity.cx.ua/chunk-NUXSP4TM.js:7:3120)
    at Fr._next (https://www.greencity.cx.ua/chunk-NUXSP4TM.js:7:2803)
    at Fr.next (https://www.greencity.cx.ua/chunk-NUXSP4TM.js:7:2530)
    at https://www.greencity.cx.ua/chunk-NUXSP4TM.js:7:7848
    at Ac (https://www.greencity.cx.ua/chunk-NUXSP4TM.js:7:2222)
    at S0.next (https://www.greencity.cx.ua/chunk-NUXSP4TM.js:7:7687), [2026-03-15T12:00:21.012Z] [SEVERE] https://www.greencity.cx.ua/chunk-NUXSP4TM.js 10:45939 "ERROR" TypeError: Cannot read properties of null (reading 'setValue')
    at n.quillContentChanged (https://www.greencity.cx.ua/chunk-VNNOUBDJ.js:1:16043)
    at https://www.greencity.cx.ua/chunk-VNNOUBDJ.js:1:7223
    at eE (https://www.greencity.cx.ua/chunk-NUXSP4TM.js:11:76097)
    at Object.o [as next] (https://www.greencity.cx.ua/chunk-NUXSP4TM.js:11:76277)
    at bv.next (https://www.greencity.cx.ua/chunk-NUXSP4TM.js:7:3120)
    at Fr._next (https://www.greencity.cx.ua/chunk-NUXSP4TM.js:7:2803)
    at Fr.next (https://www.greencity.cx.ua/chunk-NUXSP4TM.js:7:2530)
    at https://www.greencity.cx.ua/chunk-NUXSP4TM.js:7:7848
    at Ac (https://www.greencity.cx.ua/chunk-NUXSP4TM.js:7:2222)
    at S0.next (https://www.greencity.cx.ua/chunk-NUXSP4TM.js:7:7687), [2026-03-15T12:00:21.013Z] [SEVERE] https://www.greencity.cx.ua/chunk-NUXSP4TM.js 10:45939 "ERROR" TypeError: Cannot read properties of null (reading 'setValue')
    at n.quillContentChanged (https://www.greencity.cx.ua/chunk-VNNOUBDJ.js:1:16043)
    at https://www.greencity.cx.ua/chunk-VNNOUBDJ.js:1:7223
    at eE (https://www.greencity.cx.ua/chunk-NUXSP4TM.js:11:76097)
    at Object.o [as next] (https://www.greencity.cx.ua/chunk-NUXSP4TM.js:11:76277)
    at bv.next (https://www.greencity.cx.ua/chunk-NUXSP4TM.js:7:3120)
    at Fr._next (https://www.greencity.cx.ua/chunk-NUXSP4TM.js:7:2803)
    at Fr.next (https://www.greencity.cx.ua/chunk-NUXSP4TM.js:7:2530)
    at https://www.greencity.cx.ua/chunk-NUXSP4TM.js:7:7848
    at Ac (https://www.greencity.cx.ua/chunk-NUXSP4TM.js:7:2222)
    at S0.next (https://www.greencity.cx.ua/chunk-NUXSP4TM.js:7:7687), [2026-03-15T12:00:21.016Z] [SEVERE] https://www.greencity.cx.ua/chunk-NUXSP4TM.js 10:45939 "ERROR" TypeError: Cannot read properties of null (reading 'setValue')
    at n.quillContentChanged (https://www.greencity.cx.ua/chunk-VNNOUBDJ.js:1:16043)
    at https://www.greencity.cx.ua/chunk-VNNOUBDJ.js:1:7223
    at eE (https://www.greencity.cx.ua/chunk-NUXSP4TM.js:11:76097)
    at Object.o [as next] (https://www.greencity.cx.ua/chunk-NUXSP4TM.js:11:76277)
    at bv.next (https://www.greencity.cx.ua/chunk-NUXSP4TM.js:7:3120)
    at Fr._next (https://www.greencity.cx.ua/chunk-NUXSP4TM.js:7:2803)
    at Fr.next (https://www.greencity.cx.ua/chunk-NUXSP4TM.js:7:2530)
    at https://www.greencity.cx.ua/chunk-NUXSP4TM.js:7:7848
    at Ac (https://www.greencity.cx.ua/chunk-NUXSP4TM.js:7:2222)
    at S0.next (https://www.greencity.cx.ua/chunk-NUXSP4TM.js:7:7687), [2026-03-15T12:00:21.019Z] [SEVERE] https://www.greencity.cx.ua/chunk-NUXSP4TM.js 10:45939 "ERROR" TypeError: Cannot read properties of null (reading 'setValue')
    at n.quillContentChanged (https://www.greencity.cx.ua/chunk-VNNOUBDJ.js:1:16043)
    at https://www.greencity.cx.ua/chunk-VNNOUBDJ.js:1:7223
    at eE (https://www.greencity.cx.ua/chunk-NUXSP4TM.js:11:76097)
    at Object.o [as next] (https://www.greencity.cx.ua/chunk-NUXSP4TM.js:11:76277)
    at bv.next (https://www.greencity.cx.ua/chunk-NUXSP4TM.js:7:3120)
    at Fr._next (https://www.greencity.cx.ua/chunk-NUXSP4TM.js:7:2803)
    at Fr.next (https://www.greencity.cx.ua/chunk-NUXSP4TM.js:7:2530)
    at https://www.greencity.cx.ua/chunk-NUXSP4TM.js:7:7848
    at Ac (https://www.greencity.cx.ua/chunk-NUXSP4TM.js:7:2222)
    at S0.next (https://www.greencity.cx.ua/chunk-NUXSP4TM.js:7:7687), [2026-03-15T12:00:21.023Z] [SEVERE] https://www.greencity.cx.ua/chunk-NUXSP4TM.js 10:45939 "ERROR" TypeError: Cannot read properties of null (reading 'setValue')
    at n.quillContentChanged (https://www.greencity.cx.ua/chunk-VNNOUBDJ.js:1:16043)
    at https://www.greencity.cx.ua/chunk-VNNOUBDJ.js:1:7223
    at eE (https://www.greencity.cx.ua/chunk-NUXSP4TM.js:11:76097)
    at Object.o [as next] (https://www.greencity.cx.ua/chunk-NUXSP4TM.js:11:76277)
    at bv.next (https://www.greencity.cx.ua/chunk-NUXSP4TM.js:7:3120)
    at Fr._next (https://www.greencity.cx.ua/chunk-NUXSP4TM.js:7:2803)
    at Fr.next (https://www.greencity.cx.ua/chunk-NUXSP4TM.js:7:2530)
    at https://www.greencity.cx.ua/chunk-NUXSP4TM.js:7:7848
    at Ac (https://www.greencity.cx.ua/chunk-NUXSP4TM.js:7:2222)
    at S0.next (https://www.greencity.cx.ua/chunk-NUXSP4TM.js:7:7687), [2026-03-15T12:00:21.025Z] [SEVERE] https://www.greencity.cx.ua/chunk-NUXSP4TM.js 10:45939 "ERROR" TypeError: Cannot read properties of null (reading 'setValue')
    at n.quillContentChanged (https://www.greencity.cx.ua/chunk-VNNOUBDJ.js:1:16043)
    at https://www.greencity.cx.ua/chunk-VNNOUBDJ.js:1:7223
    at eE (https://www.greencity.cx.ua/chunk-NUXSP4TM.js:11:76097)
    at Object.o [as next] (https://www.greencity.cx.ua/chunk-NUXSP4TM.js:11:76277)
    at bv.next (https://www.greencity.cx.ua/chunk-NUXSP4TM.js:7:3120)
    at Fr._next (https://www.greencity.cx.ua/chunk-NUXSP4TM.js:7:2803)
    at Fr.next (https://www.greencity.cx.ua/chunk-NUXSP4TM.js:7:2530)
    at https://www.greencity.cx.ua/chunk-NUXSP4TM.js:7:7848
    at Ac (https://www.greencity.cx.ua/chunk-NUXSP4TM.js:7:2222)
    at S0.next (https://www.greencity.cx.ua/chunk-NUXSP4TM.js:7:7687), [2026-03-15T12:00:21.027Z] [SEVERE] https://www.greencity.cx.ua/chunk-NUXSP4TM.js 10:45939 "ERROR" TypeError: Cannot read properties of null (reading 'setValue')
    at n.quillContentChanged (https://www.greencity.cx.ua/chunk-VNNOUBDJ.js:1:16043)
    at https://www.greencity.cx.ua/chunk-VNNOUBDJ.js:1:7223
    at eE (https://www.greencity.cx.ua/chunk-NUXSP4TM.js:11:76097)
    at Object.o [as next] (https://www.greencity.cx.ua/chunk-NUXSP4TM.js:11:76277)
    at bv.next (https://www.greencity.cx.ua/chunk-NUXSP4TM.js:7:3120)
    at Fr._next (https://www.greencity.cx.ua/chunk-NUXSP4TM.js:7:2803)
    at Fr.next (https://www.greencity.cx.ua/chunk-NUXSP4TM.js:7:2530)
    at https://www.greencity.cx.ua/chunk-NUXSP4TM.js:7:7848
    at Ac (https://www.greencity.cx.ua/chunk-NUXSP4TM.js:7:2222)
    at S0.next (https://www.greencity.cx.ua/chunk-NUXSP4TM.js:7:7687), [2026-03-15T12:00:21.030Z] [SEVERE] https://www.greencity.cx.ua/chunk-NUXSP4TM.js 10:45939 "ERROR" TypeError: Cannot read properties of null (reading 'setValue')
    at n.quillContentChanged (https://www.greencity.cx.ua/chunk-VNNOUBDJ.js:1:16043)
    at https://www.greencity.cx.ua/chunk-VNNOUBDJ.js:1:7223
    at eE (https://www.greencity.cx.ua/chunk-NUXSP4TM.js:11:76097)
    at Object.o [as next] (https://www.greencity.cx.ua/chunk-NUXSP4TM.js:11:76277)
    at bv.next (https://www.greencity.cx.ua/chunk-NUXSP4TM.js:7:3120)
    at Fr._next (https://www.greencity.cx.ua/chunk-NUXSP4TM.js:7:2803)
    at Fr.next (https://www.greencity.cx.ua/chunk-NUXSP4TM.js:7:2530)
    at https://www.greencity.cx.ua/chunk-NUXSP4TM.js:7:7848
    at Ac (https://www.greencity.cx.ua/chunk-NUXSP4TM.js:7:2222)
    at S0.next (https://www.greencity.cx.ua/chunk-NUXSP4TM.js:7:7687), [2026-03-15T12:00:21.032Z] [SEVERE] https://www.greencity.cx.ua/chunk-NUXSP4TM.js 10:45939 "ERROR" TypeError: Cannot read properties of null (reading 'setValue')
    at n.quillContentChanged (https://www.greencity.cx.ua/chunk-VNNOUBDJ.js:1:16043)
    at https://www.greencity.cx.ua/chunk-VNNOUBDJ.js:1:7223
    at eE (https://www.greencity.cx.ua/chunk-NUXSP4TM.js:11:76097)
    at Object.o [as next] (https://www.greencity.cx.ua/chunk-NUXSP4TM.js:11:76277)
    at bv.next (https://www.greencity.cx.ua/chunk-NUXSP4TM.js:7:3120)
    at Fr._next (https://www.greencity.cx.ua/chunk-NUXSP4TM.js:7:2803)
    at Fr.next (https://www.greencity.cx.ua/chunk-NUXSP4TM.js:7:2530)
    at https://www.greencity.cx.ua/chunk-NUXSP4TM.js:7:7848
    at Ac (https://www.greencity.cx.ua/chunk-NUXSP4TM.js:7:2222)
    at S0.next (https://www.greencity.cx.ua/chunk-NUXSP4TM.js:7:7687), [2026-03-15T12:00:21.035Z] [SEVERE] https://www.greencity.cx.ua/chunk-NUXSP4TM.js 10:45939 "ERROR" TypeError: Cannot read properties of null (reading 'setValue')
    at n.quillContentChanged (https://www.greencity.cx.ua/chunk-VNNOUBDJ.js:1:16043)
    at https://www.greencity.cx.ua/chunk-VNNOUBDJ.js:1:7223
    at eE (https://www.greencity.cx.ua/chunk-NUXSP4TM.js:11:76097)
    at Object.o [as next] (https://www.greencity.cx.ua/chunk-NUXSP4TM.js:11:76277)
    at bv.next (https://www.greencity.cx.ua/chunk-NUXSP4TM.js:7:3120)
    at Fr._next (https://www.greencity.cx.ua/chunk-NUXSP4TM.js:7:2803)
    at Fr.next (https://www.greencity.cx.ua/chunk-NUXSP4TM.js:7:2530)
    at https://www.greencity.cx.ua/chunk-NUXSP4TM.js:7:7848
    at Ac (https://www.greencity.cx.ua/chunk-NUXSP4TM.js:7:2222)
    at S0.next (https://www.greencity.cx.ua/chunk-NUXSP4TM.js:7:7687), [2026-03-15T12:00:21.038Z] [SEVERE] https://www.greencity.cx.ua/chunk-NUXSP4TM.js 10:45939 "ERROR" TypeError: Cannot read properties of null (reading 'setValue')
    at n.quillContentChanged (https://www.greencity.cx.ua/chunk-VNNOUBDJ.js:1:16043)
    at https://www.greencity.cx.ua/chunk-VNNOUBDJ.js:1:7223
    at eE (https://www.greencity.cx.ua/chunk-NUXSP4TM.js:11:76097)
    at Object.o [as next] (https://www.greencity.cx.ua/chunk-NUXSP4TM.js:11:76277)
    at bv.next (https://www.greencity.cx.ua/chunk-NUXSP4TM.js:7:3120)
    at Fr._next (https://www.greencity.cx.ua/chunk-NUXSP4TM.js:7:2803)
    at Fr.next (https://www.greencity.cx.ua/chunk-NUXSP4TM.js:7:2530)
    at https://www.greencity.cx.ua/chunk-NUXSP4TM.js:7:7848
    at Ac (https://www.greencity.cx.ua/chunk-NUXSP4TM.js:7:2222)
    at S0.next (https://www.greencity.cx.ua/chunk-NUXSP4TM.js:7:7687), [2026-03-15T12:00:21.041Z] [SEVERE] https://www.greencity.cx.ua/chunk-NUXSP4TM.js 10:45939 "ERROR" TypeError: Cannot read properties of null (reading 'setValue')
    at n.quillContentChanged (https://www.greencity.cx.ua/chunk-VNNOUBDJ.js:1:16043)
    at https://www.greencity.cx.ua/chunk-VNNOUBDJ.js:1:7223
    at eE (https://www.greencity.cx.ua/chunk-NUXSP4TM.js:11:76097)
    at Object.o [as next] (https://www.greencity.cx.ua/chunk-NUXSP4TM.js:11:76277)
    at bv.next (https://www.greencity.cx.ua/chunk-NUXSP4TM.js:7:3120)
    at Fr._next (https://www.greencity.cx.ua/chunk-NUXSP4TM.js:7:2803)
    at Fr.next (https://www.greencity.cx.ua/chunk-NUXSP4TM.js:7:2530)
    at https://www.greencity.cx.ua/chunk-NUXSP4TM.js:7:7848
    at Ac (https://www.greencity.cx.ua/chunk-NUXSP4TM.js:7:2222)
    at S0.next (https://www.greencity.cx.ua/chunk-NUXSP4TM.js:7:7687), [2026-03-15T12:00:21.047Z] [SEVERE] https://www.greencity.cx.ua/chunk-NUXSP4TM.js 10:45939 "ERROR" TypeError: Cannot read properties of null (reading 'setValue')
    at n.quillContentChanged (https://www.greencity.cx.ua/chunk-VNNOUBDJ.js:1:16043)
    at https://www.greencity.cx.ua/chunk-VNNOUBDJ.js:1:7223
    at eE (https://www.greencity.cx.ua/chunk-NUXSP4TM.js:11:76097)
    at Object.o [as next] (https://www.greencity.cx.ua/chunk-NUXSP4TM.js:11:76277)
    at bv.next (https://www.greencity.cx.ua/chunk-NUXSP4TM.js:7:3120)
    at Fr._next (https://www.greencity.cx.ua/chunk-NUXSP4TM.js:7:2803)
    at Fr.next (https://www.greencity.cx.ua/chunk-NUXSP4TM.js:7:2530)
    at https://www.greencity.cx.ua/chunk-NUXSP4TM.js:7:7848
    at Ac (https://www.greencity.cx.ua/chunk-NUXSP4TM.js:7:2222)
    at S0.next (https://www.greencity.cx.ua/chunk-NUXSP4TM.js:7:7687), [2026-03-15T12:00:21.048Z] [SEVERE] https://www.greencity.cx.ua/chunk-NUXSP4TM.js 10:45939 "ERROR" TypeError: Cannot read properties of null (reading 'setValue')
    at n.quillContentChanged (https://www.greencity.cx.ua/chunk-VNNOUBDJ.js:1:16043)
    at https://www.greencity.cx.ua/chunk-VNNOUBDJ.js:1:7223
    at eE (https://www.greencity.cx.ua/chunk-NUXSP4TM.js:11:76097)
    at Object.o [as next] (https://www.greencity.cx.ua/chunk-NUXSP4TM.js:11:76277)
    at bv.next (https://www.greencity.cx.ua/chunk-NUXSP4TM.js:7:3120)
    at Fr._next (https://www.greencity.cx.ua/chunk-NUXSP4TM.js:7:2803)
    at Fr.next (https://www.greencity.cx.ua/chunk-NUXSP4TM.js:7:2530)
    at https://www.greencity.cx.ua/chunk-NUXSP4TM.js:7:7848
    at Ac (https://www.greencity.cx.ua/chunk-NUXSP4TM.js:7:2222)
    at S0.next (https://www.greencity.cx.ua/chunk-NUXSP4TM.js:7:7687), [2026-03-15T12:00:21.050Z] [SEVERE] https://www.greencity.cx.ua/chunk-NUXSP4TM.js 10:45939 "ERROR" TypeError: Cannot read properties of null (reading 'setValue')
    at n.quillContentChanged (https://www.greencity.cx.ua/chunk-VNNOUBDJ.js:1:16043)
    at https://www.greencity.cx.ua/chunk-VNNOUBDJ.js:1:7223
    at eE (https://www.greencity.cx.ua/chunk-NUXSP4TM.js:11:76097)
    at Object.o [as next] (https://www.greencity.cx.ua/chunk-NUXSP4TM.js:11:76277)
    at bv.next (https://www.greencity.cx.ua/chunk-NUXSP4TM.js:7:3120)
    at Fr._next (https://www.greencity.cx.ua/chunk-NUXSP4TM.js:7:2803)
    at Fr.next (https://www.greencity.cx.ua/chunk-NUXSP4TM.js:7:2530)
    at https://www.greencity.cx.ua/chunk-NUXSP4TM.js:7:7848
    at Ac (https://www.greencity.cx.ua/chunk-NUXSP4TM.js:7:2222)
    at S0.next (https://www.greencity.cx.ua/chunk-NUXSP4TM.js:7:7687), [2026-03-15T12:00:21.053Z] [SEVERE] https://www.greencity.cx.ua/chunk-NUXSP4TM.js 10:45939 "ERROR" TypeError: Cannot read properties of null (reading 'setValue')
    at n.quillContentChanged (https://www.greencity.cx.ua/chunk-VNNOUBDJ.js:1:16043)
    at https://www.greencity.cx.ua/chunk-VNNOUBDJ.js:1:7223
    at eE (https://www.greencity.cx.ua/chunk-NUXSP4TM.js:11:76097)
    at Object.o [as next] (https://www.greencity.cx.ua/chunk-NUXSP4TM.js:11:76277)
    at bv.next (https://www.greencity.cx.ua/chunk-NUXSP4TM.js:7:3120)
    at Fr._next (https://www.greencity.cx.ua/chunk-NUXSP4TM.js:7:2803)
    at Fr.next (https://www.greencity.cx.ua/chunk-NUXSP4TM.js:7:2530)
    at https://www.greencity.cx.ua/chunk-NUXSP4TM.js:7:7848
    at Ac (https://www.greencity.cx.ua/chunk-NUXSP4TM.js:7:2222)
    at S0.next (https://www.greencity.cx.ua/chunk-NUXSP4TM.js:7:7687), [2026-03-15T12:00:21.056Z] [SEVERE] https://www.greencity.cx.ua/chunk-NUXSP4TM.js 10:45939 "ERROR" TypeError: Cannot read properties of null (reading 'setValue')
    at n.quillContentChanged (https://www.greencity.cx.ua/chunk-VNNOUBDJ.js:1:16043)
    at https://www.greencity.cx.ua/chunk-VNNOUBDJ.js:1:7223
    at eE (https://www.greencity.cx.ua/chunk-NUXSP4TM.js:11:76097)
    at Object.o [as next] (https://www.greencity.cx.ua/chunk-NUXSP4TM.js:11:76277)
    at bv.next (https://www.greencity.cx.ua/chunk-NUXSP4TM.js:7:3120)
    at Fr._next (https://www.greencity.cx.ua/chunk-NUXSP4TM.js:7:2803)
    at Fr.next (https://www.greencity.cx.ua/chunk-NUXSP4TM.js:7:2530)
    at https://www.greencity.cx.ua/chunk-NUXSP4TM.js:7:7848
    at Ac (https://www.greencity.cx.ua/chunk-NUXSP4TM.js:7:2222)
    at S0.next (https://www.greencity.cx.ua/chunk-NUXSP4TM.js:7:7687), [2026-03-15T12:00:21.058Z] [SEVERE] https://www.greencity.cx.ua/chunk-NUXSP4TM.js 10:45939 "ERROR" TypeError: Cannot read properties of null (reading 'setValue')
    at n.quillContentChanged (https://www.greencity.cx.ua/chunk-VNNOUBDJ.js:1:16043)
    at https://www.greencity.cx.ua/chunk-VNNOUBDJ.js:1:7223
    at eE (https://www.greencity.cx.ua/chunk-NUXSP4TM.js:11:76097)
    at Object.o [as next] (https://www.greencity.cx.ua/chunk-NUXSP4TM.js:11:76277)
    at bv.next (https://www.greencity.cx.ua/chunk-NUXSP4TM.js:7:3120)
    at Fr._next (https://www.greencity.cx.ua/chunk-NUXSP4TM.js:7:2803)
    at Fr.next (https://www.greencity.cx.ua/chunk-NUXSP4TM.js:7:2530)
    at https://www.greencity.cx.ua/chunk-NUXSP4TM.js:7:7848
    at Ac (https://www.greencity.cx.ua/chunk-NUXSP4TM.js:7:2222)
    at S0.next (https://www.greencity.cx.ua/chunk-NUXSP4TM.js:7:7687), [2026-03-15T12:00:21.061Z] [SEVERE] https://www.greencity.cx.ua/chunk-NUXSP4TM.js 10:45939 "ERROR" TypeError: Cannot read properties of null (reading 'setValue')
    at n.quillContentChanged (https://www.greencity.cx.ua/chunk-VNNOUBDJ.js:1:16043)
    at https://www.greencity.cx.ua/chunk-VNNOUBDJ.js:1:7223
    at eE (https://www.greencity.cx.ua/chunk-NUXSP4TM.js:11:76097)
    at Object.o [as next] (https://www.greencity.cx.ua/chunk-NUXSP4TM.js:11:76277)
    at bv.next (https://www.greencity.cx.ua/chunk-NUXSP4TM.js:7:3120)
    at Fr._next (https://www.greencity.cx.ua/chunk-NUXSP4TM.js:7:2803)
    at Fr.next (https://www.greencity.cx.ua/chunk-NUXSP4TM.js:7:2530)
    at https://www.greencity.cx.ua/chunk-NUXSP4TM.js:7:7848
    at Ac (https://www.greencity.cx.ua/chunk-NUXSP4TM.js:7:2222)
    at S0.next (https://www.greencity.cx.ua/chunk-NUXSP4TM.js:7:7687), [2026-03-15T12:00:21.064Z] [SEVERE] https://www.greencity.cx.ua/chunk-NUXSP4TM.js 10:45939 "ERROR" TypeError: Cannot read properties of null (reading 'setValue')
    at n.quillContentChanged (https://www.greencity.cx.ua/chunk-VNNOUBDJ.js:1:16043)
    at https://www.greencity.cx.ua/chunk-VNNOUBDJ.js:1:7223
    at eE (https://www.greencity.cx.ua/chunk-NUXSP4TM.js:11:76097)
    at Object.o [as next] (https://www.greencity.cx.ua/chunk-NUXSP4TM.js:11:76277)
    at bv.next (https://www.greencity.cx.ua/chunk-NUXSP4TM.js:7:3120)
    at Fr._next (https://www.greencity.cx.ua/chunk-NUXSP4TM.js:7:2803)
    at Fr.next (https://www.greencity.cx.ua/chunk-NUXSP4TM.js:7:2530)
    at https://www.greencity.cx.ua/chunk-NUXSP4TM.js:7:7848
    at Ac (https://www.greencity.cx.ua/chunk-NUXSP4TM.js:7:2222)
    at S0.next (https://www.greencity.cx.ua/chunk-NUXSP4TM.js:7:7687), [2026-03-15T12:00:21.070Z] [SEVERE] https://www.greencity.cx.ua/chunk-NUXSP4TM.js 10:45939 "ERROR" TypeError: Cannot read properties of null (reading 'setValue')
    at n.quillContentChanged (https://www.greencity.cx.ua/chunk-VNNOUBDJ.js:1:16043)
    at https://www.greencity.cx.ua/chunk-VNNOUBDJ.js:1:7223
    at eE (https://www.greencity.cx.ua/chunk-NUXSP4TM.js:11:76097)
    at Object.o [as next] (https://www.greencity.cx.ua/chunk-NUXSP4TM.js:11:76277)
    at bv.next (https://www.greencity.cx.ua/chunk-NUXSP4TM.js:7:3120)
    at Fr._next (https://www.greencity.cx.ua/chunk-NUXSP4TM.js:7:2803)
    at Fr.next (https://www.greencity.cx.ua/chunk-NUXSP4TM.js:7:2530)
    at https://www.greencity.cx.ua/chunk-NUXSP4TM.js:7:7848
    at Ac (https://www.greencity.cx.ua/chunk-NUXSP4TM.js:7:2222)
    at S0.next (https://www.greencity.cx.ua/chunk-NUXSP4TM.js:7:7687), [2026-03-15T12:00:21.070Z] [SEVERE] https://www.greencity.cx.ua/chunk-NUXSP4TM.js 10:45939 "ERROR" TypeError: Cannot read properties of null (reading 'setValue')
    at n.quillContentChanged (https://www.greencity.cx.ua/chunk-VNNOUBDJ.js:1:16043)
    at https://www.greencity.cx.ua/chunk-VNNOUBDJ.js:1:7223
    at eE (https://www.greencity.cx.ua/chunk-NUXSP4TM.js:11:76097)
    at Object.o [as next] (https://www.greencity.cx.ua/chunk-NUXSP4TM.js:11:76277)
    at bv.next (https://www.greencity.cx.ua/chunk-NUXSP4TM.js:7:3120)
    at Fr._next (https://www.greencity.cx.ua/chunk-NUXSP4TM.js:7:2803)
    at Fr.next (https://www.greencity.cx.ua/chunk-NUXSP4TM.js:7:2530)
    at https://www.greencity.cx.ua/chunk-NUXSP4TM.js:7:7848
    at Ac (https://www.greencity.cx.ua/chunk-NUXSP4TM.js:7:2222)
    at S0.next (https://www.greencity.cx.ua/chunk-NUXSP4TM.js:7:7687), [2026-03-15T12:00:21.074Z] [SEVERE] https://www.greencity.cx.ua/chunk-NUXSP4TM.js 10:45939 "ERROR" TypeError: Cannot read properties of null (reading 'setValue')
    at n.quillContentChanged (https://www.greencity.cx.ua/chunk-VNNOUBDJ.js:1:16043)
    at https://www.greencity.cx.ua/chunk-VNNOUBDJ.js:1:7223
    at eE (https://www.greencity.cx.ua/chunk-NUXSP4TM.js:11:76097)
    at Object.o [as next] (https://www.greencity.cx.ua/chunk-NUXSP4TM.js:11:76277)
    at bv.next (https://www.greencity.cx.ua/chunk-NUXSP4TM.js:7:3120)
    at Fr._next (https://www.greencity.cx.ua/chunk-NUXSP4TM.js:7:2803)
    at Fr.next (https://www.greencity.cx.ua/chunk-NUXSP4TM.js:7:2530)
    at https://www.greencity.cx.ua/chunk-NUXSP4TM.js:7:7848
    at Ac (https://www.greencity.cx.ua/chunk-NUXSP4TM.js:7:2222)
    at S0.next (https://www.greencity.cx.ua/chunk-NUXSP4TM.js:7:7687), [2026-03-15T12:00:21.077Z] [SEVERE] https://www.greencity.cx.ua/chunk-NUXSP4TM.js 10:45939 "ERROR" TypeError: Cannot read properties of null (reading 'setValue')
    at n.quillContentChanged (https://www.greencity.cx.ua/chunk-VNNOUBDJ.js:1:16043)
    at https://www.greencity.cx.ua/chunk-VNNOUBDJ.js:1:7223
    at eE (https://www.greencity.cx.ua/chunk-NUXSP4TM.js:11:76097)
    at Object.o [as next] (https://www.greencity.cx.ua/chunk-NUXSP4TM.js:11:76277)
    at bv.next (https://www.greencity.cx.ua/chunk-NUXSP4TM.js:7:3120)
    at Fr._next (https://www.greencity.cx.ua/chunk-NUXSP4TM.js:7:2803)
    at Fr.next (https://www.greencity.cx.ua/chunk-NUXSP4TM.js:7:2530)
    at https://www.greencity.cx.ua/chunk-NUXSP4TM.js:7:7848
    at Ac (https://www.greencity.cx.ua/chunk-NUXSP4TM.js:7:2222)
    at S0.next (https://www.greencity.cx.ua/chunk-NUXSP4TM.js:7:7687), [2026-03-15T12:00:21.079Z] [SEVERE] https://www.greencity.cx.ua/chunk-NUXSP4TM.js 10:45939 "ERROR" TypeError: Cannot read properties of null (reading 'setValue')
    at n.quillContentChanged (https://www.greencity.cx.ua/chunk-VNNOUBDJ.js:1:16043)
    at https://www.greencity.cx.ua/chunk-VNNOUBDJ.js:1:7223
    at eE (https://www.greencity.cx.ua/chunk-NUXSP4TM.js:11:76097)
    at Object.o [as next] (https://www.greencity.cx.ua/chunk-NUXSP4TM.js:11:76277)
    at bv.next (https://www.greencity.cx.ua/chunk-NUXSP4TM.js:7:3120)
    at Fr._next (https://www.greencity.cx.ua/chunk-NUXSP4TM.js:7:2803)
    at Fr.next (https://www.greencity.cx.ua/chunk-NUXSP4TM.js:7:2530)
    at https://www.greencity.cx.ua/chunk-NUXSP4TM.js:7:7848
    at Ac (https://www.greencity.cx.ua/chunk-NUXSP4TM.js:7:2222)
    at S0.next (https://www.greencity.cx.ua/chunk-NUXSP4TM.js:7:7687), [2026-03-15T12:00:21.082Z] [SEVERE] https://www.greencity.cx.ua/chunk-NUXSP4TM.js 10:45939 "ERROR" TypeError: Cannot read properties of null (reading 'setValue')
    at n.quillContentChanged (https://www.greencity.cx.ua/chunk-VNNOUBDJ.js:1:16043)
    at https://www.greencity.cx.ua/chunk-VNNOUBDJ.js:1:7223
    at eE (https://www.greencity.cx.ua/chunk-NUXSP4TM.js:11:76097)
    at Object.o [as next] (https://www.greencity.cx.ua/chunk-NUXSP4TM.js:11:76277)
    at bv.next (https://www.greencity.cx.ua/chunk-NUXSP4TM.js:7:3120)
    at Fr._next (https://www.greencity.cx.ua/chunk-NUXSP4TM.js:7:2803)
    at Fr.next (https://www.greencity.cx.ua/chunk-NUXSP4TM.js:7:2530)
    at https://www.greencity.cx.ua/chunk-NUXSP4TM.js:7:7848
    at Ac (https://www.greencity.cx.ua/chunk-NUXSP4TM.js:7:2222)
    at S0.next (https://www.greencity.cx.ua/chunk-NUXSP4TM.js:7:7687), [2026-03-15T12:00:21.085Z] [SEVERE] https://www.greencity.cx.ua/chunk-NUXSP4TM.js 10:45939 "ERROR" TypeError: Cannot read properties of null (reading 'setValue')
    at n.quillContentChanged (https://www.greencity.cx.ua/chunk-VNNOUBDJ.js:1:16043)
    at https://www.greencity.cx.ua/chunk-VNNOUBDJ.js:1:7223
    at eE (https://www.greencity.cx.ua/chunk-NUXSP4TM.js:11:76097)
    at Object.o [as next] (https://www.greencity.cx.ua/chunk-NUXSP4TM.js:11:76277)
    at bv.next (https://www.greencity.cx.ua/chunk-NUXSP4TM.js:7:3120)
    at Fr._next (https://www.greencity.cx.ua/chunk-NUXSP4TM.js:7:2803)
    at Fr.next (https://www.greencity.cx.ua/chunk-NUXSP4TM.js:7:2530)
    at https://www.greencity.cx.ua/chunk-NUXSP4TM.js:7:7848
    at Ac (https://www.greencity.cx.ua/chunk-NUXSP4TM.js:7:2222)
    at S0.next (https://www.greencity.cx.ua/chunk-NUXSP4TM.js:7:7687), [2026-03-15T12:00:21.088Z] [SEVERE] https://www.greencity.cx.ua/chunk-NUXSP4TM.js 10:45939 "ERROR" TypeError: Cannot read properties of null (reading 'setValue')
    at n.quillContentChanged (https://www.greencity.cx.ua/chunk-VNNOUBDJ.js:1:16043)
    at https://www.greencity.cx.ua/chunk-VNNOUBDJ.js:1:7223
    at eE (https://www.greencity.cx.ua/chunk-NUXSP4TM.js:11:76097)
    at Object.o [as next] (https://www.greencity.cx.ua/chunk-NUXSP4TM.js:11:76277)
    at bv.next (https://www.greencity.cx.ua/chunk-NUXSP4TM.js:7:3120)
    at Fr._next (https://www.greencity.cx.ua/chunk-NUXSP4TM.js:7:2803)
    at Fr.next (https://www.greencity.cx.ua/chunk-NUXSP4TM.js:7:2530)
    at https://www.greencity.cx.ua/chunk-NUXSP4TM.js:7:7848
    at Ac (https://www.greencity.cx.ua/chunk-NUXSP4TM.js:7:2222)
    at S0.next (https://www.greencity.cx.ua/chunk-NUXSP4TM.js:7:7687), [2026-03-15T12:00:21.091Z] [SEVERE] https://www.greencity.cx.ua/chunk-NUXSP4TM.js 10:45939 "ERROR" TypeError: Cannot read properties of null (reading 'setValue')
    at n.quillContentChanged (https://www.greencity.cx.ua/chunk-VNNOUBDJ.js:1:16043)
    at https://www.greencity.cx.ua/chunk-VNNOUBDJ.js:1:7223
    at eE (https://www.greencity.cx.ua/chunk-NUXSP4TM.js:11:76097)
    at Object.o [as next] (https://www.greencity.cx.ua/chunk-NUXSP4TM.js:11:76277)
    at bv.next (https://www.greencity.cx.ua/chunk-NUXSP4TM.js:7:3120)
    at Fr._next (https://www.greencity.cx.ua/chunk-NUXSP4TM.js:7:2803)
    at Fr.next (https://www.greencity.cx.ua/chunk-NUXSP4TM.js:7:2530)
    at https://www.greencity.cx.ua/chunk-NUXSP4TM.js:7:7848
    at Ac (https://www.greencity.cx.ua/chunk-NUXSP4TM.js:7:2222)
    at S0.next (https://www.greencity.cx.ua/chunk-NUXSP4TM.js:7:7687), [2026-03-15T12:00:21.097Z] [SEVERE] https://www.greencity.cx.ua/chunk-NUXSP4TM.js 10:45939 "ERROR" TypeError: Cannot read properties of null (reading 'setValue')
    at n.quillContentChanged (https://www.greencity.cx.ua/chunk-VNNOUBDJ.js:1:16043)
    at https://www.greencity.cx.ua/chunk-VNNOUBDJ.js:1:7223
    at eE (https://www.greencity.cx.ua/chunk-NUXSP4TM.js:11:76097)
    at Object.o [as next] (https://www.greencity.cx.ua/chunk-NUXSP4TM.js:11:76277)
    at bv.next (https://www.greencity.cx.ua/chunk-NUXSP4TM.js:7:3120)
    at Fr._next (https://www.greencity.cx.ua/chunk-NUXSP4TM.js:7:2803)
    at Fr.next (https://www.greencity.cx.ua/chunk-NUXSP4TM.js:7:2530)
    at https://www.greencity.cx.ua/chunk-NUXSP4TM.js:7:7848
    at Ac (https://www.greencity.cx.ua/chunk-NUXSP4TM.js:7:2222)
    at S0.next (https://www.greencity.cx.ua/chunk-NUXSP4TM.js:7:7687), [2026-03-15T12:00:21.101Z] [SEVERE] https://www.greencity.cx.ua/chunk-NUXSP4TM.js 10:45939 "ERROR" TypeError: Cannot read properties of null (reading 'setValue')
    at n.quillContentChanged (https://www.greencity.cx.ua/chunk-VNNOUBDJ.js:1:16043)
    at https://www.greencity.cx.ua/chunk-VNNOUBDJ.js:1:7223
    at eE (https://www.greencity.cx.ua/chunk-NUXSP4TM.js:11:76097)
    at Object.o [as next] (https://www.greencity.cx.ua/chunk-NUXSP4TM.js:11:76277)
    at bv.next (https://www.greencity.cx.ua/chunk-NUXSP4TM.js:7:3120)
    at Fr._next (https://www.greencity.cx.ua/chunk-NUXSP4TM.js:7:2803)
    at Fr.next (https://www.greencity.cx.ua/chunk-NUXSP4TM.js:7:2530)
    at https://www.greencity.cx.ua/chunk-NUXSP4TM.js:7:7848
    at Ac (https://www.greencity.cx.ua/chunk-NUXSP4TM.js:7:2222)
    at S0.next (https://www.greencity.cx.ua/chunk-NUXSP4TM.js:7:7687), [2026-03-15T12:00:21.104Z] [SEVERE] https://www.greencity.cx.ua/chunk-NUXSP4TM.js 10:45939 "ERROR" TypeError: Cannot read properties of null (reading 'setValue')
    at n.quillContentChanged (https://www.greencity.cx.ua/chunk-VNNOUBDJ.js:1:16043)
    at https://www.greencity.cx.ua/chunk-VNNOUBDJ.js:1:7223
    at eE (https://www.greencity.cx.ua/chunk-NUXSP4TM.js:11:76097)
    at Object.o [as next] (https://www.greencity.cx.ua/chunk-NUXSP4TM.js:11:76277)
    at bv.next (https://www.greencity.cx.ua/chunk-NUXSP4TM.js:7:3120)
    at Fr._next (https://www.greencity.cx.ua/chunk-NUXSP4TM.js:7:2803)
    at Fr.next (https://www.greencity.cx.ua/chunk-NUXSP4TM.js:7:2530)
    at https://www.greencity.cx.ua/chunk-NUXSP4TM.js:7:7848
    at Ac (https://www.greencity.cx.ua/chunk-NUXSP4TM.js:7:2222)
    at S0.next (https://www.greencity.cx.ua/chunk-NUXSP4TM.js:7:7687), [2026-03-15T12:00:21.107Z] [SEVERE] https://www.greencity.cx.ua/chunk-NUXSP4TM.js 10:45939 "ERROR" TypeError: Cannot read properties of null (reading 'setValue')
    at n.quillContentChanged (https://www.greencity.cx.ua/chunk-VNNOUBDJ.js:1:16043)
    at https://www.greencity.cx.ua/chunk-VNNOUBDJ.js:1:7223
    at eE (https://www.greencity.cx.ua/chunk-NUXSP4TM.js:11:76097)
    at Object.o [as next] (https://www.greencity.cx.ua/chunk-NUXSP4TM.js:11:76277)
    at bv.next (https://www.greencity.cx.ua/chunk-NUXSP4TM.js:7:3120)
    at Fr._next (https://www.greencity.cx.ua/chunk-NUXSP4TM.js:7:2803)
    at Fr.next (https://www.greencity.cx.ua/chunk-NUXSP4TM.js:7:2530)
    at https://www.greencity.cx.ua/chunk-NUXSP4TM.js:7:7848
    at Ac (https://www.greencity.cx.ua/chunk-NUXSP4TM.js:7:2222)
    at S0.next (https://www.greencity.cx.ua/chunk-NUXSP4TM.js:7:7687), [2026-03-15T12:00:21.110Z] [SEVERE] https://www.greencity.cx.ua/chunk-NUXSP4TM.js 10:45939 "ERROR" TypeError: Cannot read properties of null (reading 'setValue')
    at n.quillContentChanged (https://www.greencity.cx.ua/chunk-VNNOUBDJ.js:1:16043)
    at https://www.greencity.cx.ua/chunk-VNNOUBDJ.js:1:7223
    at eE (https://www.greencity.cx.ua/chunk-NUXSP4TM.js:11:76097)
    at Object.o [as next] (https://www.greencity.cx.ua/chunk-NUXSP4TM.js:11:76277)
    at bv.next (https://www.greencity.cx.ua/chunk-NUXSP4TM.js:7:3120)
    at Fr._next (https://www.greencity.cx.ua/chunk-NUXSP4TM.js:7:2803)
    at Fr.next (https://www.greencity.cx.ua/chunk-NUXSP4TM.js:7:2530)
    at https://www.greencity.cx.ua/chunk-NUXSP4TM.js:7:7848
    at Ac (https://www.greencity.cx.ua/chunk-NUXSP4TM.js:7:2222)
    at S0.next (https://www.greencity.cx.ua/chunk-NUXSP4TM.js:7:7687), [2026-03-15T12:00:21.113Z] [SEVERE] https://www.greencity.cx.ua/chunk-NUXSP4TM.js 10:45939 "ERROR" TypeError: Cannot read properties of null (reading 'setValue')
    at n.quillContentChanged (https://www.greencity.cx.ua/chunk-VNNOUBDJ.js:1:16043)
    at https://www.greencity.cx.ua/chunk-VNNOUBDJ.js:1:7223
    at eE (https://www.greencity.cx.ua/chunk-NUXSP4TM.js:11:76097)
    at Object.o [as next] (https://www.greencity.cx.ua/chunk-NUXSP4TM.js:11:76277)
    at bv.next (https://www.greencity.cx.ua/chunk-NUXSP4TM.js:7:3120)
    at Fr._next (https://www.greencity.cx.ua/chunk-NUXSP4TM.js:7:2803)
    at Fr.next (https://www.greencity.cx.ua/chunk-NUXSP4TM.js:7:2530)
    at https://www.greencity.cx.ua/chunk-NUXSP4TM.js:7:7848
    at Ac (https://www.greencity.cx.ua/chunk-NUXSP4TM.js:7:2222)
    at S0.next (https://www.greencity.cx.ua/chunk-NUXSP4TM.js:7:7687), [2026-03-15T12:00:21.115Z] [SEVERE] https://www.greencity.cx.ua/chunk-NUXSP4TM.js 10:45939 "ERROR" TypeError: Cannot read properties of null (reading 'setValue')
    at n.quillContentChanged (https://www.greencity.cx.ua/chunk-VNNOUBDJ.js:1:16043)
    at https://www.greencity.cx.ua/chunk-VNNOUBDJ.js:1:7223
    at eE (https://www.greencity.cx.ua/chunk-NUXSP4TM.js:11:76097)
    at Object.o [as next] (https://www.greencity.cx.ua/chunk-NUXSP4TM.js:11:76277)
    at bv.next (https://www.greencity.cx.ua/chunk-NUXSP4TM.js:7:3120)
    at Fr._next (https://www.greencity.cx.ua/chunk-NUXSP4TM.js:7:2803)
    at Fr.next (https://www.greencity.cx.ua/chunk-NUXSP4TM.js:7:2530)
    at https://www.greencity.cx.ua/chunk-NUXSP4TM.js:7:7848
    at Ac (https://www.greencity.cx.ua/chunk-NUXSP4TM.js:7:2222)
    at S0.next (https://www.greencity.cx.ua/chunk-NUXSP4TM.js:7:7687), [2026-03-15T12:00:21.118Z] [SEVERE] https://www.greencity.cx.ua/chunk-NUXSP4TM.js 10:45939 "ERROR" TypeError: Cannot read properties of null (reading 'setValue')
    at n.quillContentChanged (https://www.greencity.cx.ua/chunk-VNNOUBDJ.js:1:16043)
    at https://www.greencity.cx.ua/chunk-VNNOUBDJ.js:1:7223
    at eE (https://www.greencity.cx.ua/chunk-NUXSP4TM.js:11:76097)
    at Object.o [as next] (https://www.greencity.cx.ua/chunk-NUXSP4TM.js:11:76277)
    at bv.next (https://www.greencity.cx.ua/chunk-NUXSP4TM.js:7:3120)
    at Fr._next (https://www.greencity.cx.ua/chunk-NUXSP4TM.js:7:2803)
    at Fr.next (https://www.greencity.cx.ua/chunk-NUXSP4TM.js:7:2530)
    at https://www.greencity.cx.ua/chunk-NUXSP4TM.js:7:7848
    at Ac (https://www.greencity.cx.ua/chunk-NUXSP4TM.js:7:2222)
    at S0.next (https://www.greencity.cx.ua/chunk-NUXSP4TM.js:7:7687), [2026-03-15T12:00:21.121Z] [SEVERE] https://www.greencity.cx.ua/chunk-NUXSP4TM.js 10:45939 "ERROR" TypeError: Cannot read properties of null (reading 'setValue')
    at n.quillContentChanged (https://www.greencity.cx.ua/chunk-VNNOUBDJ.js:1:16043)
    at https://www.greencity.cx.ua/chunk-VNNOUBDJ.js:1:7223
    at eE (https://www.greencity.cx.ua/chunk-NUXSP4TM.js:11:76097)
    at Object.o [as next] (https://www.greencity.cx.ua/chunk-NUXSP4TM.js:11:76277)
    at bv.next (https://www.greencity.cx.ua/chunk-NUXSP4TM.js:7:3120)
    at Fr._next (https://www.greencity.cx.ua/chunk-NUXSP4TM.js:7:2803)
    at Fr.next (https://www.greencity.cx.ua/chunk-NUXSP4TM.js:7:2530)
    at https://www.greencity.cx.ua/chunk-NUXSP4TM.js:7:7848
    at Ac (https://www.greencity.cx.ua/chunk-NUXSP4TM.js:7:2222)
    at S0.next (https://www.greencity.cx.ua/chunk-NUXSP4TM.js:7:7687), [2026-03-15T12:00:21.124Z] [SEVERE] https://www.greencity.cx.ua/chunk-NUXSP4TM.js 10:45939 "ERROR" TypeError: Cannot read properties of null (reading 'setValue')
    at n.quillContentChanged (https://www.greencity.cx.ua/chunk-VNNOUBDJ.js:1:16043)
    at https://www.greencity.cx.ua/chunk-VNNOUBDJ.js:1:7223
    at eE (https://www.greencity.cx.ua/chunk-NUXSP4TM.js:11:76097)
    at Object.o [as next] (https://www.greencity.cx.ua/chunk-NUXSP4TM.js:11:76277)
    at bv.next (https://www.greencity.cx.ua/chunk-NUXSP4TM.js:7:3120)
    at Fr._next (https://www.greencity.cx.ua/chunk-NUXSP4TM.js:7:2803)
    at Fr.next (https://www.greencity.cx.ua/chunk-NUXSP4TM.js:7:2530)
    at https://www.greencity.cx.ua/chunk-NUXSP4TM.js:7:7848
    at Ac (https://www.greencity.cx.ua/chunk-NUXSP4TM.js:7:2222)
    at S0.next (https://www.greencity.cx.ua/chunk-NUXSP4TM.js:7:7687), [2026-03-15T12:00:21.126Z] [SEVERE] https://www.greencity.cx.ua/chunk-NUXSP4TM.js 10:45939 "ERROR" TypeError: Cannot read properties of null (reading 'setValue')
    at n.quillContentChanged (https://www.greencity.cx.ua/chunk-VNNOUBDJ.js:1:16043)
    at https://www.greencity.cx.ua/chunk-VNNOUBDJ.js:1:7223
    at eE (https://www.greencity.cx.ua/chunk-NUXSP4TM.js:11:76097)
    at Object.o [as next] (https://www.greencity.cx.ua/chunk-NUXSP4TM.js:11:76277)
    at bv.next (https://www.greencity.cx.ua/chunk-NUXSP4TM.js:7:3120)
    at Fr._next (https://www.greencity.cx.ua/chunk-NUXSP4TM.js:7:2803)
    at Fr.next (https://www.greencity.cx.ua/chunk-NUXSP4TM.js:7:2530)
    at https://www.greencity.cx.ua/chunk-NUXSP4TM.js:7:7848
    at Ac (https://www.greencity.cx.ua/chunk-NUXSP4TM.js:7:2222)
    at S0.next (https://www.greencity.cx.ua/chunk-NUXSP4TM.js:7:7687), [2026-03-15T12:00:21.129Z] [SEVERE] https://www.greencity.cx.ua/chunk-NUXSP4TM.js 10:45939 "ERROR" TypeError: Cannot read properties of null (reading 'setValue')
    at n.quillContentChanged (https://www.greencity.cx.ua/chunk-VNNOUBDJ.js:1:16043)
    at https://www.greencity.cx.ua/chunk-VNNOUBDJ.js:1:7223
    at eE (https://www.greencity.cx.ua/chunk-NUXSP4TM.js:11:76097)
    at Object.o [as next] (https://www.greencity.cx.ua/chunk-NUXSP4TM.js:11:76277)
    at bv.next (https://www.greencity.cx.ua/chunk-NUXSP4TM.js:7:3120)
    at Fr._next (https://www.greencity.cx.ua/chunk-NUXSP4TM.js:7:2803)
    at Fr.next (https://www.greencity.cx.ua/chunk-NUXSP4TM.js:7:2530)
    at https://www.greencity.cx.ua/chunk-NUXSP4TM.js:7:7848
    at Ac (https://www.greencity.cx.ua/chunk-NUXSP4TM.js:7:2222)
    at S0.next (https://www.greencity.cx.ua/chunk-NUXSP4TM.js:7:7687), [2026-03-15T12:00:21.132Z] [SEVERE] https://www.greencity.cx.ua/chunk-NUXSP4TM.js 10:45939 "ERROR" TypeError: Cannot read properties of null (reading 'setValue')
    at n.quillContentChanged (https://www.greencity.cx.ua/chunk-VNNOUBDJ.js:1:16043)
    at https://www.greencity.cx.ua/chunk-VNNOUBDJ.js:1:7223
    at eE (https://www.greencity.cx.ua/chunk-NUXSP4TM.js:11:76097)
    at Object.o [as next] (https://www.greencity.cx.ua/chunk-NUXSP4TM.js:11:76277)
    at bv.next (https://www.greencity.cx.ua/chunk-NUXSP4TM.js:7:3120)
    at Fr._next (https://www.greencity.cx.ua/chunk-NUXSP4TM.js:7:2803)
    at Fr.next (https://www.greencity.cx.ua/chunk-NUXSP4TM.js:7:2530)
    at https://www.greencity.cx.ua/chunk-NUXSP4TM.js:7:7848
    at Ac (https://www.greencity.cx.ua/chunk-NUXSP4TM.js:7:2222)
    at S0.next (https://www.greencity.cx.ua/chunk-NUXSP4TM.js:7:7687), [2026-03-15T12:00:21.135Z] [SEVERE] https://www.greencity.cx.ua/chunk-NUXSP4TM.js 10:45939 "ERROR" TypeError: Cannot read properties of null (reading 'setValue')
    at n.quillContentChanged (https://www.greencity.cx.ua/chunk-VNNOUBDJ.js:1:16043)
    at https://www.greencity.cx.ua/chunk-VNNOUBDJ.js:1:7223
    at eE (https://www.greencity.cx.ua/chunk-NUXSP4TM.js:11:76097)
    at Object.o [as next] (https://www.greencity.cx.ua/chunk-NUXSP4TM.js:11:76277)
    at bv.next (https://www.greencity.cx.ua/chunk-NUXSP4TM.js:7:3120)
    at Fr._next (https://www.greencity.cx.ua/chunk-NUXSP4TM.js:7:2803)
    at Fr.next (https://www.greencity.cx.ua/chunk-NUXSP4TM.js:7:2530)
    at https://www.greencity.cx.ua/chunk-NUXSP4TM.js:7:7848
    at Ac (https://www.greencity.cx.ua/chunk-NUXSP4TM.js:7:2222)
    at S0.next (https://www.greencity.cx.ua/chunk-NUXSP4TM.js:7:7687), [2026-03-15T12:00:21.137Z] [SEVERE] https://www.greencity.cx.ua/chunk-NUXSP4TM.js 10:45939 "ERROR" TypeError: Cannot read properties of null (reading 'setValue')
    at n.quillContentChanged (https://www.greencity.cx.ua/chunk-VNNOUBDJ.js:1:16043)
    at https://www.greencity.cx.ua/chunk-VNNOUBDJ.js:1:7223
    at eE (https://www.greencity.cx.ua/chunk-NUXSP4TM.js:11:76097)
    at Object.o [as next] (https://www.greencity.cx.ua/chunk-NUXSP4TM.js:11:76277)
    at bv.next (https://www.greencity.cx.ua/chunk-NUXSP4TM.js:7:3120)
    at Fr._next (https://www.greencity.cx.ua/chunk-NUXSP4TM.js:7:2803)
    at Fr.next (https://www.greencity.cx.ua/chunk-NUXSP4TM.js:7:2530)
    at https://www.greencity.cx.ua/chunk-NUXSP4TM.js:7:7848
    at Ac (https://www.greencity.cx.ua/chunk-NUXSP4TM.js:7:2222)
    at S0.next (https://www.greencity.cx.ua/chunk-NUXSP4TM.js:7:7687), [2026-03-15T12:00:21.140Z] [SEVERE] https://www.greencity.cx.ua/chunk-NUXSP4TM.js 10:45939 "ERROR" TypeError: Cannot read properties of null (reading 'setValue')
    at n.quillContentChanged (https://www.greencity.cx.ua/chunk-VNNOUBDJ.js:1:16043)
    at https://www.greencity.cx.ua/chunk-VNNOUBDJ.js:1:7223
    at eE (https://www.greencity.cx.ua/chunk-NUXSP4TM.js:11:76097)
    at Object.o [as next] (https://www.greencity.cx.ua/chunk-NUXSP4TM.js:11:76277)
    at bv.next (https://www.greencity.cx.ua/chunk-NUXSP4TM.js:7:3120)
    at Fr._next (https://www.greencity.cx.ua/chunk-NUXSP4TM.js:7:2803)
    at Fr.next (https://www.greencity.cx.ua/chunk-NUXSP4TM.js:7:2530)
    at https://www.greencity.cx.ua/chunk-NUXSP4TM.js:7:7848
    at Ac (https://www.greencity.cx.ua/chunk-NUXSP4TM.js:7:2222)
    at S0.next (https://www.greencity.cx.ua/chunk-NUXSP4TM.js:7:7687), [2026-03-15T12:00:21.143Z] [SEVERE] https://www.greencity.cx.ua/chunk-NUXSP4TM.js 10:45939 "ERROR" TypeError: Cannot read properties of null (reading 'setValue')
    at n.quillContentChanged (https://www.greencity.cx.ua/chunk-VNNOUBDJ.js:1:16043)
    at https://www.greencity.cx.ua/chunk-VNNOUBDJ.js:1:7223
    at eE (https://www.greencity.cx.ua/chunk-NUXSP4TM.js:11:76097)
    at Object.o [as next] (https://www.greencity.cx.ua/chunk-NUXSP4TM.js:11:76277)
    at bv.next (https://www.greencity.cx.ua/chunk-NUXSP4TM.js:7:3120)
    at Fr._next (https://www.greencity.cx.ua/chunk-NUXSP4TM.js:7:2803)
    at Fr.next (https://www.greencity.cx.ua/chunk-NUXSP4TM.js:7:2530)
    at https://www.greencity.cx.ua/chunk-NUXSP4TM.js:7:7848
    at Ac (https://www.greencity.cx.ua/chunk-NUXSP4TM.js:7:2222)
    at S0.next (https://www.greencity.cx.ua/chunk-NUXSP4TM.js:7:7687), [2026-03-15T12:00:21.146Z] [SEVERE] https://www.greencity.cx.ua/chunk-NUXSP4TM.js 10:45939 "ERROR" TypeError: Cannot read properties of null (reading 'setValue')
    at n.quillContentChanged (https://www.greencity.cx.ua/chunk-VNNOUBDJ.js:1:16043)
    at https://www.greencity.cx.ua/chunk-VNNOUBDJ.js:1:7223
    at eE (https://www.greencity.cx.ua/chunk-NUXSP4TM.js:11:76097)
    at Object.o [as next] (https://www.greencity.cx.ua/chunk-NUXSP4TM.js:11:76277)
    at bv.next (https://www.greencity.cx.ua/chunk-NUXSP4TM.js:7:3120)
    at Fr._next (https://www.greencity.cx.ua/chunk-NUXSP4TM.js:7:2803)
    at Fr.next (https://www.greencity.cx.ua/chunk-NUXSP4TM.js:7:2530)
    at https://www.greencity.cx.ua/chunk-NUXSP4TM.js:7:7848
    at Ac (https://www.greencity.cx.ua/chunk-NUXSP4TM.js:7:2222)
    at S0.next (https://www.greencity.cx.ua/chunk-NUXSP4TM.js:7:7687), [2026-03-15T12:00:21.148Z] [SEVERE] https://www.greencity.cx.ua/chunk-NUXSP4TM.js 10:45939 "ERROR" TypeError: Cannot read properties of null (reading 'setValue')
    at n.quillContentChanged (https://www.greencity.cx.ua/chunk-VNNOUBDJ.js:1:16043)
    at https://www.greencity.cx.ua/chunk-VNNOUBDJ.js:1:7223
    at eE (https://www.greencity.cx.ua/chunk-NUXSP4TM.js:11:76097)
    at Object.o [as next] (https://www.greencity.cx.ua/chunk-NUXSP4TM.js:11:76277)
    at bv.next (https://www.greencity.cx.ua/chunk-NUXSP4TM.js:7:3120)
    at Fr._next (https://www.greencity.cx.ua/chunk-NUXSP4TM.js:7:2803)
    at Fr.next (https://www.greencity.cx.ua/chunk-NUXSP4TM.js:7:2530)
    at https://www.greencity.cx.ua/chunk-NUXSP4TM.js:7:7848
    at Ac (https://www.greencity.cx.ua/chunk-NUXSP4TM.js:7:2222)
    at S0.next (https://www.greencity.cx.ua/chunk-NUXSP4TM.js:7:7687), [2026-03-15T12:00:21.150Z] [SEVERE] https://www.greencity.cx.ua/chunk-NUXSP4TM.js 10:45939 "ERROR" TypeError: Cannot read properties of null (reading 'setValue')
    at n.quillContentChanged (https://www.greencity.cx.ua/chunk-VNNOUBDJ.js:1:16043)
    at https://www.greencity.cx.ua/chunk-VNNOUBDJ.js:1:7223
    at eE (https://www.greencity.cx.ua/chunk-NUXSP4TM.js:11:76097)
    at Object.o [as next] (https://www.greencity.cx.ua/chunk-NUXSP4TM.js:11:76277)
    at bv.next (https://www.greencity.cx.ua/chunk-NUXSP4TM.js:7:3120)
    at Fr._next (https://www.greencity.cx.ua/chunk-NUXSP4TM.js:7:2803)
    at Fr.next (https://www.greencity.cx.ua/chunk-NUXSP4TM.js:7:2530)
    at https://www.greencity.cx.ua/chunk-NUXSP4TM.js:7:7848
    at Ac (https://www.greencity.cx.ua/chunk-NUXSP4TM.js:7:2222)
    at S0.next (https://www.greencity.cx.ua/chunk-NUXSP4TM.js:7:7687), [2026-03-15T12:00:21.153Z] [SEVERE] https://www.greencity.cx.ua/chunk-NUXSP4TM.js 10:45939 "ERROR" TypeError: Cannot read properties of null (reading 'setValue')
    at n.quillContentChanged (https://www.greencity.cx.ua/chunk-VNNOUBDJ.js:1:16043)
    at https://www.greencity.cx.ua/chunk-VNNOUBDJ.js:1:7223
    at eE (https://www.greencity.cx.ua/chunk-NUXSP4TM.js:11:76097)
    at Object.o [as next] (https://www.greencity.cx.ua/chunk-NUXSP4TM.js:11:76277)
    at bv.next (https://www.greencity.cx.ua/chunk-NUXSP4TM.js:7:3120)
    at Fr._next (https://www.greencity.cx.ua/chunk-NUXSP4TM.js:7:2803)
    at Fr.next (https://www.greencity.cx.ua/chunk-NUXSP4TM.js:7:2530)
    at https://www.greencity.cx.ua/chunk-NUXSP4TM.js:7:7848
    at Ac (https://www.greencity.cx.ua/chunk-NUXSP4TM.js:7:2222)
    at S0.next (https://www.greencity.cx.ua/chunk-NUXSP4TM.js:7:7687), [2026-03-15T12:00:21.155Z] [SEVERE] https://www.greencity.cx.ua/chunk-NUXSP4TM.js 10:45939 "ERROR" TypeError: Cannot read properties of null (reading 'setValue')
    at n.quillContentChanged (https://www.greencity.cx.ua/chunk-VNNOUBDJ.js:1:16043)
    at https://www.greencity.cx.ua/chunk-VNNOUBDJ.js:1:7223
    at eE (https://www.greencity.cx.ua/chunk-NUXSP4TM.js:11:76097)
    at Object.o [as next] (https://www.greencity.cx.ua/chunk-NUXSP4TM.js:11:76277)
    at bv.next (https://www.greencity.cx.ua/chunk-NUXSP4TM.js:7:3120)
    at Fr._next (https://www.greencity.cx.ua/chunk-NUXSP4TM.js:7:2803)
    at Fr.next (https://www.greencity.cx.ua/chunk-NUXSP4TM.js:7:2530)
    at https://www.greencity.cx.ua/chunk-NUXSP4TM.js:7:7848
    at Ac (https://www.greencity.cx.ua/chunk-NUXSP4TM.js:7:2222)
    at S0.next (https://www.greencity.cx.ua/chunk-NUXSP4TM.js:7:7687), [2026-03-15T12:00:21.157Z] [SEVERE] https://www.greencity.cx.ua/chunk-NUXSP4TM.js 10:45939 "ERROR" TypeError: Cannot read properties of null (reading 'setValue')
    at n.quillContentChanged (https://www.greencity.cx.ua/chunk-VNNOUBDJ.js:1:16043)
    at https://www.greencity.cx.ua/chunk-VNNOUBDJ.js:1:7223
    at eE (https://www.greencity.cx.ua/chunk-NUXSP4TM.js:11:76097)
    at Object.o [as next] (https://www.greencity.cx.ua/chunk-NUXSP4TM.js:11:76277)
    at bv.next (https://www.greencity.cx.ua/chunk-NUXSP4TM.js:7:3120)
    at Fr._next (https://www.greencity.cx.ua/chunk-NUXSP4TM.js:7:2803)
    at Fr.next (https://www.greencity.cx.ua/chunk-NUXSP4TM.js:7:2530)
    at https://www.greencity.cx.ua/chunk-NUXSP4TM.js:7:7848
    at Ac (https://www.greencity.cx.ua/chunk-NUXSP4TM.js:7:2222)
    at S0.next (https://www.greencity.cx.ua/chunk-NUXSP4TM.js:7:7687), [2026-03-15T12:00:21.160Z] [SEVERE] https://www.greencity.cx.ua/chunk-NUXSP4TM.js 10:45939 "ERROR" TypeError: Cannot read properties of null (reading 'setValue')
    at n.quillContentChanged (https://www.greencity.cx.ua/chunk-VNNOUBDJ.js:1:16043)
    at https://www.greencity.cx.ua/chunk-VNNOUBDJ.js:1:7223
    at eE (https://www.greencity.cx.ua/chunk-NUXSP4TM.js:11:76097)
    at Object.o [as next] (https://www.greencity.cx.ua/chunk-NUXSP4TM.js:11:76277)
    at bv.next (https://www.greencity.cx.ua/chunk-NUXSP4TM.js:7:3120)
    at Fr._next (https://www.greencity.cx.ua/chunk-NUXSP4TM.js:7:2803)
    at Fr.next (https://www.greencity.cx.ua/chunk-NUXSP4TM.js:7:2530)
    at https://www.greencity.cx.ua/chunk-NUXSP4TM.js:7:7848
    at Ac (https://www.greencity.cx.ua/chunk-NUXSP4TM.js:7:2222)
    at S0.next (https://www.greencity.cx.ua/chunk-NUXSP4TM.js:7:7687), [2026-03-15T12:00:21.162Z] [SEVERE] https://www.greencity.cx.ua/chunk-NUXSP4TM.js 10:45939 "ERROR" TypeError: Cannot read properties of null (reading 'setValue')
    at n.quillContentChanged (https://www.greencity.cx.ua/chunk-VNNOUBDJ.js:1:16043)
    at https://www.greencity.cx.ua/chunk-VNNOUBDJ.js:1:7223
    at eE (https://www.greencity.cx.ua/chunk-NUXSP4TM.js:11:76097)
    at Object.o [as next] (https://www.greencity.cx.ua/chunk-NUXSP4TM.js:11:76277)
    at bv.next (https://www.greencity.cx.ua/chunk-NUXSP4TM.js:7:3120)
    at Fr._next (https://www.greencity.cx.ua/chunk-NUXSP4TM.js:7:2803)
    at Fr.next (https://www.greencity.cx.ua/chunk-NUXSP4TM.js:7:2530)
    at https://www.greencity.cx.ua/chunk-NUXSP4TM.js:7:7848
    at Ac (https://www.greencity.cx.ua/chunk-NUXSP4TM.js:7:2222)
    at S0.next (https://www.greencity.cx.ua/chunk-NUXSP4TM.js:7:7687), [2026-03-15T12:00:21.165Z] [SEVERE] https://www.greencity.cx.ua/chunk-NUXSP4TM.js 10:45939 "ERROR" TypeError: Cannot read properties of null (reading 'setValue')
    at n.quillContentChanged (https://www.greencity.cx.ua/chunk-VNNOUBDJ.js:1:16043)
    at https://www.greencity.cx.ua/chunk-VNNOUBDJ.js:1:7223
    at eE (https://www.greencity.cx.ua/chunk-NUXSP4TM.js:11:76097)
    at Object.o [as next] (https://www.greencity.cx.ua/chunk-NUXSP4TM.js:11:76277)
    at bv.next (https://www.greencity.cx.ua/chunk-NUXSP4TM.js:7:3120)
    at Fr._next (https://www.greencity.cx.ua/chunk-NUXSP4TM.js:7:2803)
    at Fr.next (https://www.greencity.cx.ua/chunk-NUXSP4TM.js:7:2530)
    at https://www.greencity.cx.ua/chunk-NUXSP4TM.js:7:7848
    at Ac (https://www.greencity.cx.ua/chunk-NUXSP4TM.js:7:2222)
    at S0.next (https://www.greencity.cx.ua/chunk-NUXSP4TM.js:7:7687), [2026-03-15T12:00:21.167Z] [SEVERE] https://www.greencity.cx.ua/chunk-NUXSP4TM.js 10:45939 "ERROR" TypeError: Cannot read properties of null (reading 'setValue')
    at n.quillContentChanged (https://www.greencity.cx.ua/chunk-VNNOUBDJ.js:1:16043)
    at https://www.greencity.cx.ua/chunk-VNNOUBDJ.js:1:7223
    at eE (https://www.greencity.cx.ua/chunk-NUXSP4TM.js:11:76097)
    at Object.o [as next] (https://www.greencity.cx.ua/chunk-NUXSP4TM.js:11:76277)
    at bv.next (https://www.greencity.cx.ua/chunk-NUXSP4TM.js:7:3120)
    at Fr._next (https://www.greencity.cx.ua/chunk-NUXSP4TM.js:7:2803)
    at Fr.next (https://www.greencity.cx.ua/chunk-NUXSP4TM.js:7:2530)
    at https://www.greencity.cx.ua/chunk-NUXSP4TM.js:7:7848
    at Ac (https://www.greencity.cx.ua/chunk-NUXSP4TM.js:7:2222)
    at S0.next (https://www.greencity.cx.ua/chunk-NUXSP4TM.js:7:7687), [2026-03-15T12:00:21.169Z] [SEVERE] https://www.greencity.cx.ua/chunk-NUXSP4TM.js 10:45939 "ERROR" TypeError: Cannot read properties of null (reading 'setValue')
    at n.quillContentChanged (https://www.greencity.cx.ua/chunk-VNNOUBDJ.js:1:16043)
    at https://www.greencity.cx.ua/chunk-VNNOUBDJ.js:1:7223
    at eE (https://www.greencity.cx.ua/chunk-NUXSP4TM.js:11:76097)
    at Object.o [as next] (https://www.greencity.cx.ua/chunk-NUXSP4TM.js:11:76277)
    at bv.next (https://www.greencity.cx.ua/chunk-NUXSP4TM.js:7:3120)
    at Fr._next (https://www.greencity.cx.ua/chunk-NUXSP4TM.js:7:2803)
    at Fr.next (https://www.greencity.cx.ua/chunk-NUXSP4TM.js:7:2530)
    at https://www.greencity.cx.ua/chunk-NUXSP4TM.js:7:7848
    at Ac (https://www.greencity.cx.ua/chunk-NUXSP4TM.js:7:2222)
    at S0.next (https://www.greencity.cx.ua/chunk-NUXSP4TM.js:7:7687), [2026-03-15T12:00:21.172Z] [SEVERE] https://www.greencity.cx.ua/chunk-NUXSP4TM.js 10:45939 "ERROR" TypeError: Cannot read properties of null (reading 'setValue')
    at n.quillContentChanged (https://www.greencity.cx.ua/chunk-VNNOUBDJ.js:1:16043)
    at https://www.greencity.cx.ua/chunk-VNNOUBDJ.js:1:7223
    at eE (https://www.greencity.cx.ua/chunk-NUXSP4TM.js:11:76097)
    at Object.o [as next] (https://www.greencity.cx.ua/chunk-NUXSP4TM.js:11:76277)
    at bv.next (https://www.greencity.cx.ua/chunk-NUXSP4TM.js:7:3120)
    at Fr._next (https://www.greencity.cx.ua/chunk-NUXSP4TM.js:7:2803)
    at Fr.next (https://www.greencity.cx.ua/chunk-NUXSP4TM.js:7:2530)
    at https://www.greencity.cx.ua/chunk-NUXSP4TM.js:7:7848
    at Ac (https://www.greencity.cx.ua/chunk-NUXSP4TM.js:7:2222)
    at S0.next (https://www.greencity.cx.ua/chunk-NUXSP4TM.js:7:7687), [2026-03-15T12:00:21.174Z] [SEVERE] https://www.greencity.cx.ua/chunk-NUXSP4TM.js 10:45939 "ERROR" TypeError: Cannot read properties of null (reading 'setValue')
    at n.quillContentChanged (https://www.greencity.cx.ua/chunk-VNNOUBDJ.js:1:16043)
    at https://www.greencity.cx.ua/chunk-VNNOUBDJ.js:1:7223
    at eE (https://www.greencity.cx.ua/chunk-NUXSP4TM.js:11:76097)
    at Object.o [as next] (https://www.greencity.cx.ua/chunk-NUXSP4TM.js:11:76277)
    at bv.next (https://www.greencity.cx.ua/chunk-NUXSP4TM.js:7:3120)
    at Fr._next (https://www.greencity.cx.ua/chunk-NUXSP4TM.js:7:2803)
    at Fr.next (https://www.greencity.cx.ua/chunk-NUXSP4TM.js:7:2530)
    at https://www.greencity.cx.ua/chunk-NUXSP4TM.js:7:7848
    at Ac (https://www.greencity.cx.ua/chunk-NUXSP4TM.js:7:2222)
    at S0.next (https://www.greencity.cx.ua/chunk-NUXSP4TM.js:7:7687), [2026-03-15T12:00:21.177Z] [SEVERE] https://www.greencity.cx.ua/chunk-NUXSP4TM.js 10:45939 "ERROR" TypeError: Cannot read properties of null (reading 'setValue')
    at n.quillContentChanged (https://www.greencity.cx.ua/chunk-VNNOUBDJ.js:1:16043)
    at https://www.greencity.cx.ua/chunk-VNNOUBDJ.js:1:7223
    at eE (https://www.greencity.cx.ua/chunk-NUXSP4TM.js:11:76097)
    at Object.o [as next] (https://www.greencity.cx.ua/chunk-NUXSP4TM.js:11:76277)
    at bv.next (https://www.greencity.cx.ua/chunk-NUXSP4TM.js:7:3120)
    at Fr._next (https://www.greencity.cx.ua/chunk-NUXSP4TM.js:7:2803)
    at Fr.next (https://www.greencity.cx.ua/chunk-NUXSP4TM.js:7:2530)
    at https://www.greencity.cx.ua/chunk-NUXSP4TM.js:7:7848
    at Ac (https://www.greencity.cx.ua/chunk-NUXSP4TM.js:7:2222)
    at S0.next (https://www.greencity.cx.ua/chunk-NUXSP4TM.js:7:7687), [2026-03-15T12:00:21.179Z] [SEVERE] https://www.greencity.cx.ua/chunk-NUXSP4TM.js 10:45939 "ERROR" TypeError: Cannot read properties of null (reading 'setValue')
    at n.quillContentChanged (https://www.greencity.cx.ua/chunk-VNNOUBDJ.js:1:16043)
    at https://www.greencity.cx.ua/chunk-VNNOUBDJ.js:1:7223
    at eE (https://www.greencity.cx.ua/chunk-NUXSP4TM.js:11:76097)
    at Object.o [as next] (https://www.greencity.cx.ua/chunk-NUXSP4TM.js:11:76277)
    at bv.next (https://www.greencity.cx.ua/chunk-NUXSP4TM.js:7:3120)
    at Fr._next (https://www.greencity.cx.ua/chunk-NUXSP4TM.js:7:2803)
    at Fr.next (https://www.greencity.cx.ua/chunk-NUXSP4TM.js:7:2530)
    at https://www.greencity.cx.ua/chunk-NUXSP4TM.js:7:7848
    at Ac (https://www.greencity.cx.ua/chunk-NUXSP4TM.js:7:2222)
    at S0.next (https://www.greencity.cx.ua/chunk-NUXSP4TM.js:7:7687), [2026-03-15T12:00:21.182Z] [SEVERE] https://www.greencity.cx.ua/chunk-NUXSP4TM.js 10:45939 "ERROR" TypeError: Cannot read properties of null (reading 'setValue')
    at n.quillContentChanged (https://www.greencity.cx.ua/chunk-VNNOUBDJ.js:1:16043)
    at https://www.greencity.cx.ua/chunk-VNNOUBDJ.js:1:7223
    at eE (https://www.greencity.cx.ua/chunk-NUXSP4TM.js:11:76097)
    at Object.o [as next] (https://www.greencity.cx.ua/chunk-NUXSP4TM.js:11:76277)
    at bv.next (https://www.greencity.cx.ua/chunk-NUXSP4TM.js:7:3120)
    at Fr._next (https://www.greencity.cx.ua/chunk-NUXSP4TM.js:7:2803)
    at Fr.next (https://www.greencity.cx.ua/chunk-NUXSP4TM.js:7:2530)
    at https://www.greencity.cx.ua/chunk-NUXSP4TM.js:7:7848
    at Ac (https://www.greencity.cx.ua/chunk-NUXSP4TM.js:7:2222)
    at S0.next (https://www.greencity.cx.ua/chunk-NUXSP4TM.js:7:7687), [2026-03-15T12:00:21.184Z] [SEVERE] https://www.greencity.cx.ua/chunk-NUXSP4TM.js 10:45939 "ERROR" TypeError: Cannot read properties of null (reading 'setValue')
    at n.quillContentChanged (https://www.greencity.cx.ua/chunk-VNNOUBDJ.js:1:16043)
    at https://www.greencity.cx.ua/chunk-VNNOUBDJ.js:1:7223
    at eE (https://www.greencity.cx.ua/chunk-NUXSP4TM.js:11:76097)
    at Object.o [as next] (https://www.greencity.cx.ua/chunk-NUXSP4TM.js:11:76277)
    at bv.next (https://www.greencity.cx.ua/chunk-NUXSP4TM.js:7:3120)
    at Fr._next (https://www.greencity.cx.ua/chunk-NUXSP4TM.js:7:2803)
    at Fr.next (https://www.greencity.cx.ua/chunk-NUXSP4TM.js:7:2530)
    at https://www.greencity.cx.ua/chunk-NUXSP4TM.js:7:7848
    at Ac (https://www.greencity.cx.ua/chunk-NUXSP4TM.js:7:2222)
    at S0.next (https://www.greencity.cx.ua/chunk-NUXSP4TM.js:7:7687), [2026-03-15T12:00:21.187Z] [SEVERE] https://www.greencity.cx.ua/chunk-NUXSP4TM.js 10:45939 "ERROR" TypeError: Cannot read properties of null (reading 'setValue')
    at n.quillContentChanged (https://www.greencity.cx.ua/chunk-VNNOUBDJ.js:1:16043)
    at https://www.greencity.cx.ua/chunk-VNNOUBDJ.js:1:7223
    at eE (https://www.greencity.cx.ua/chunk-NUXSP4TM.js:11:76097)
    at Object.o [as next] (https://www.greencity.cx.ua/chunk-NUXSP4TM.js:11:76277)
    at bv.next (https://www.greencity.cx.ua/chunk-NUXSP4TM.js:7:3120)
    at Fr._next (https://www.greencity.cx.ua/chunk-NUXSP4TM.js:7:2803)
    at Fr.next (https://www.greencity.cx.ua/chunk-NUXSP4TM.js:7:2530)
    at https://www.greencity.cx.ua/chunk-NUXSP4TM.js:7:7848
    at Ac (https://www.greencity.cx.ua/chunk-NUXSP4TM.js:7:2222)
    at S0.next (https://www.greencity.cx.ua/chunk-NUXSP4TM.js:7:7687), [2026-03-15T12:00:21.189Z] [SEVERE] https://www.greencity.cx.ua/chunk-NUXSP4TM.js 10:45939 "ERROR" TypeError: Cannot read properties of null (reading 'setValue')
    at n.quillContentChanged (https://www.greencity.cx.ua/chunk-VNNOUBDJ.js:1:16043)
    at https://www.greencity.cx.ua/chunk-VNNOUBDJ.js:1:7223
    at eE (https://www.greencity.cx.ua/chunk-NUXSP4TM.js:11:76097)
    at Object.o [as next] (https://www.greencity.cx.ua/chunk-NUXSP4TM.js:11:76277)
    at bv.next (https://www.greencity.cx.ua/chunk-NUXSP4TM.js:7:3120)
    at Fr._next (https://www.greencity.cx.ua/chunk-NUXSP4TM.js:7:2803)
    at Fr.next (https://www.greencity.cx.ua/chunk-NUXSP4TM.js:7:2530)
    at https://www.greencity.cx.ua/chunk-NUXSP4TM.js:7:7848
    at Ac (https://www.greencity.cx.ua/chunk-NUXSP4TM.js:7:2222)
    at S0.next (https://www.greencity.cx.ua/chunk-NUXSP4TM.js:7:7687), [2026-03-15T12:00:21.191Z] [SEVERE] https://www.greencity.cx.ua/chunk-NUXSP4TM.js 10:45939 "ERROR" TypeError: Cannot read properties of null (reading 'setValue')
    at n.quillContentChanged (https://www.greencity.cx.ua/chunk-VNNOUBDJ.js:1:16043)
    at https://www.greencity.cx.ua/chunk-VNNOUBDJ.js:1:7223
    at eE (https://www.greencity.cx.ua/chunk-NUXSP4TM.js:11:76097)
    at Object.o [as next] (https://www.greencity.cx.ua/chunk-NUXSP4TM.js:11:76277)
    at bv.next (https://www.greencity.cx.ua/chunk-NUXSP4TM.js:7:3120)
    at Fr._next (https://www.greencity.cx.ua/chunk-NUXSP4TM.js:7:2803)
    at Fr.next (https://www.greencity.cx.ua/chunk-NUXSP4TM.js:7:2530)
    at https://www.greencity.cx.ua/chunk-NUXSP4TM.js:7:7848
    at Ac (https://www.greencity.cx.ua/chunk-NUXSP4TM.js:7:2222)
    at S0.next (https://www.greencity.cx.ua/chunk-NUXSP4TM.js:7:7687), [2026-03-15T12:00:21.194Z] [SEVERE] https://www.greencity.cx.ua/chunk-NUXSP4TM.js 10:45939 "ERROR" TypeError: Cannot read properties of null (reading 'setValue')
    at n.quillContentChanged (https://www.greencity.cx.ua/chunk-VNNOUBDJ.js:1:16043)
    at https://www.greencity.cx.ua/chunk-VNNOUBDJ.js:1:7223
    at eE (https://www.greencity.cx.ua/chunk-NUXSP4TM.js:11:76097)
    at Object.o [as next] (https://www.greencity.cx.ua/chunk-NUXSP4TM.js:11:76277)
    at bv.next (https://www.greencity.cx.ua/chunk-NUXSP4TM.js:7:3120)
    at Fr._next (https://www.greencity.cx.ua/chunk-NUXSP4TM.js:7:2803)
    at Fr.next (https://www.greencity.cx.ua/chunk-NUXSP4TM.js:7:2530)
    at https://www.greencity.cx.ua/chunk-NUXSP4TM.js:7:7848
    at Ac (https://www.greencity.cx.ua/chunk-NUXSP4TM.js:7:2222)
    at S0.next (https://www.greencity.cx.ua/chunk-NUXSP4TM.js:7:7687), [2026-03-15T12:00:21.196Z] [SEVERE] https://www.greencity.cx.ua/chunk-NUXSP4TM.js 10:45939 "ERROR" TypeError: Cannot read properties of null (reading 'setValue')
    at n.quillContentChanged (https://www.greencity.cx.ua/chunk-VNNOUBDJ.js:1:16043)
    at https://www.greencity.cx.ua/chunk-VNNOUBDJ.js:1:7223
    at eE (https://www.greencity.cx.ua/chunk-NUXSP4TM.js:11:76097)
    at Object.o [as next] (https://www.greencity.cx.ua/chunk-NUXSP4TM.js:11:76277)
    at bv.next (https://www.greencity.cx.ua/chunk-NUXSP4TM.js:7:3120)
    at Fr._next (https://www.greencity.cx.ua/chunk-NUXSP4TM.js:7:2803)
    at Fr.next (https://www.greencity.cx.ua/chunk-NUXSP4TM.js:7:2530)
    at https://www.greencity.cx.ua/chunk-NUXSP4TM.js:7:7848
    at Ac (https://www.greencity.cx.ua/chunk-NUXSP4TM.js:7:2222)
    at S0.next (https://www.greencity.cx.ua/chunk-NUXSP4TM.js:7:7687), [2026-03-15T12:00:21.199Z] [SEVERE] https://www.greencity.cx.ua/chunk-NUXSP4TM.js 10:45939 "ERROR" TypeError: Cannot read properties of null (reading 'setValue')
    at n.quillContentChanged (https://www.greencity.cx.ua/chunk-VNNOUBDJ.js:1:16043)
    at https://www.greencity.cx.ua/chunk-VNNOUBDJ.js:1:7223
    at eE (https://www.greencity.cx.ua/chunk-NUXSP4TM.js:11:76097)
    at Object.o [as next] (https://www.greencity.cx.ua/chunk-NUXSP4TM.js:11:76277)
    at bv.next (https://www.greencity.cx.ua/chunk-NUXSP4TM.js:7:3120)
    at Fr._next (https://www.greencity.cx.ua/chunk-NUXSP4TM.js:7:2803)
    at Fr.next (https://www.greencity.cx.ua/chunk-NUXSP4TM.js:7:2530)
    at https://www.greencity.cx.ua/chunk-NUXSP4TM.js:7:7848
    at Ac (https://www.greencity.cx.ua/chunk-NUXSP4TM.js:7:2222)
    at S0.next (https://www.greencity.cx.ua/chunk-NUXSP4TM.js:7:7687), [2026-03-15T12:00:21.201Z] [SEVERE] https://www.greencity.cx.ua/chunk-NUXSP4TM.js 10:45939 "ERROR" TypeError: Cannot read properties of null (reading 'setValue')
    at n.quillContentChanged (https://www.greencity.cx.ua/chunk-VNNOUBDJ.js:1:16043)
    at https://www.greencity.cx.ua/chunk-VNNOUBDJ.js:1:7223
    at eE (https://www.greencity.cx.ua/chunk-NUXSP4TM.js:11:76097)
    at Object.o [as next] (https://www.greencity.cx.ua/chunk-NUXSP4TM.js:11:76277)
    at bv.next (https://www.greencity.cx.ua/chunk-NUXSP4TM.js:7:3120)
    at Fr._next (https://www.greencity.cx.ua/chunk-NUXSP4TM.js:7:2803)
    at Fr.next (https://www.greencity.cx.ua/chunk-NUXSP4TM.js:7:2530)
    at https://www.greencity.cx.ua/chunk-NUXSP4TM.js:7:7848
    at Ac (https://www.greencity.cx.ua/chunk-NUXSP4TM.js:7:2222)
    at S0.next (https://www.greencity.cx.ua/chunk-NUXSP4TM.js:7:7687), [2026-03-15T12:00:21.203Z] [SEVERE] https://www.greencity.cx.ua/chunk-NUXSP4TM.js 10:45939 "ERROR" TypeError: Cannot read properties of null (reading 'setValue')
    at n.quillContentChanged (https://www.greencity.cx.ua/chunk-VNNOUBDJ.js:1:16043)
    at https://www.greencity.cx.ua/chunk-VNNOUBDJ.js:1:7223
    at eE (https://www.greencity.cx.ua/chunk-NUXSP4TM.js:11:76097)
    at Object.o [as next] (https://www.greencity.cx.ua/chunk-NUXSP4TM.js:11:76277)
    at bv.next (https://www.greencity.cx.ua/chunk-NUXSP4TM.js:7:3120)
    at Fr._next (https://www.greencity.cx.ua/chunk-NUXSP4TM.js:7:2803)
    at Fr.next (https://www.greencity.cx.ua/chunk-NUXSP4TM.js:7:2530)
    at https://www.greencity.cx.ua/chunk-NUXSP4TM.js:7:7848
    at Ac (https://www.greencity.cx.ua/chunk-NUXSP4TM.js:7:2222)
    at S0.next (https://www.greencity.cx.ua/chunk-NUXSP4TM.js:7:7687), [2026-03-15T12:00:21.206Z] [SEVERE] https://www.greencity.cx.ua/chunk-NUXSP4TM.js 10:45939 "ERROR" TypeError: Cannot read properties of null (reading 'setValue')
    at n.quillContentChanged (https://www.greencity.cx.ua/chunk-VNNOUBDJ.js:1:16043)
    at https://www.greencity.cx.ua/chunk-VNNOUBDJ.js:1:7223
    at eE (https://www.greencity.cx.ua/chunk-NUXSP4TM.js:11:76097)
    at Object.o [as next] (https://www.greencity.cx.ua/chunk-NUXSP4TM.js:11:76277)
    at bv.next (https://www.greencity.cx.ua/chunk-NUXSP4TM.js:7:3120)
    at Fr._next (https://www.greencity.cx.ua/chunk-NUXSP4TM.js:7:2803)
    at Fr.next (https://www.greencity.cx.ua/chunk-NUXSP4TM.js:7:2530)
    at https://www.greencity.cx.ua/chunk-NUXSP4TM.js:7:7848
    at Ac (https://www.greencity.cx.ua/chunk-NUXSP4TM.js:7:2222)
    at S0.next (https://www.greencity.cx.ua/chunk-NUXSP4TM.js:7:7687), [2026-03-15T12:00:21.208Z] [SEVERE] https://www.greencity.cx.ua/chunk-NUXSP4TM.js 10:45939 "ERROR" TypeError: Cannot read properties of null (reading 'setValue')
    at n.quillContentChanged (https://www.greencity.cx.ua/chunk-VNNOUBDJ.js:1:16043)
    at https://www.greencity.cx.ua/chunk-VNNOUBDJ.js:1:7223
    at eE (https://www.greencity.cx.ua/chunk-NUXSP4TM.js:11:76097)
    at Object.o [as next] (https://www.greencity.cx.ua/chunk-NUXSP4TM.js:11:76277)
    at bv.next (https://www.greencity.cx.ua/chunk-NUXSP4TM.js:7:3120)
    at Fr._next (https://www.greencity.cx.ua/chunk-NUXSP4TM.js:7:2803)
    at Fr.next (https://www.greencity.cx.ua/chunk-NUXSP4TM.js:7:2530)
    at https://www.greencity.cx.ua/chunk-NUXSP4TM.js:7:7848
    at Ac (https://www.greencity.cx.ua/chunk-NUXSP4TM.js:7:2222)
    at S0.next (https://www.greencity.cx.ua/chunk-NUXSP4TM.js:7:7687), [2026-03-15T12:00:21.211Z] [SEVERE] https://www.greencity.cx.ua/chunk-NUXSP4TM.js 10:45939 "ERROR" TypeError: Cannot read properties of null (reading 'setValue')
    at n.quillContentChanged (https://www.greencity.cx.ua/chunk-VNNOUBDJ.js:1:16043)
    at https://www.greencity.cx.ua/chunk-VNNOUBDJ.js:1:7223
    at eE (https://www.greencity.cx.ua/chunk-NUXSP4TM.js:11:76097)
    at Object.o [as next] (https://www.greencity.cx.ua/chunk-NUXSP4TM.js:11:76277)
    at bv.next (https://www.greencity.cx.ua/chunk-NUXSP4TM.js:7:3120)
    at Fr._next (https://www.greencity.cx.ua/chunk-NUXSP4TM.js:7:2803)
    at Fr.next (https://www.greencity.cx.ua/chunk-NUXSP4TM.js:7:2530)
    at https://www.greencity.cx.ua/chunk-NUXSP4TM.js:7:7848
    at Ac (https://www.greencity.cx.ua/chunk-NUXSP4TM.js:7:2222)
    at S0.next (https://www.greencity.cx.ua/chunk-NUXSP4TM.js:7:7687), [2026-03-15T12:00:21.213Z] [SEVERE] https://www.greencity.cx.ua/chunk-NUXSP4TM.js 10:45939 "ERROR" TypeError: Cannot read properties of null (reading 'setValue')
    at n.quillContentChanged (https://www.greencity.cx.ua/chunk-VNNOUBDJ.js:1:16043)
    at https://www.greencity.cx.ua/chunk-VNNOUBDJ.js:1:7223
    at eE (https://www.greencity.cx.ua/chunk-NUXSP4TM.js:11:76097)
    at Object.o [as next] (https://www.greencity.cx.ua/chunk-NUXSP4TM.js:11:76277)
    at bv.next (https://www.greencity.cx.ua/chunk-NUXSP4TM.js:7:3120)
    at Fr._next (https://www.greencity.cx.ua/chunk-NUXSP4TM.js:7:2803)
    at Fr.next (https://www.greencity.cx.ua/chunk-NUXSP4TM.js:7:2530)
    at https://www.greencity.cx.ua/chunk-NUXSP4TM.js:7:7848
    at Ac (https://www.greencity.cx.ua/chunk-NUXSP4TM.js:7:2222)
    at S0.next (https://www.greencity.cx.ua/chunk-NUXSP4TM.js:7:7687), [2026-03-15T12:00:21.215Z] [SEVERE] https://www.greencity.cx.ua/chunk-NUXSP4TM.js 10:45939 "ERROR" TypeError: Cannot read properties of null (reading 'setValue')
    at n.quillContentChanged (https://www.greencity.cx.ua/chunk-VNNOUBDJ.js:1:16043)
    at https://www.greencity.cx.ua/chunk-VNNOUBDJ.js:1:7223
    at eE (https://www.greencity.cx.ua/chunk-NUXSP4TM.js:11:76097)
    at Object.o [as next] (https://www.greencity.cx.ua/chunk-NUXSP4TM.js:11:76277)
    at bv.next (https://www.greencity.cx.ua/chunk-NUXSP4TM.js:7:3120)
    at Fr._next (https://www.greencity.cx.ua/chunk-NUXSP4TM.js:7:2803)
    at Fr.next (https://www.greencity.cx.ua/chunk-NUXSP4TM.js:7:2530)
    at https://www.greencity.cx.ua/chunk-NUXSP4TM.js:7:7848
    at Ac (https://www.greencity.cx.ua/chunk-NUXSP4TM.js:7:2222)
    at S0.next (https://www.greencity.cx.ua/chunk-NUXSP4TM.js:7:7687), [2026-03-15T12:00:21.218Z] [SEVERE] https://www.greencity.cx.ua/chunk-NUXSP4TM.js 10:45939 "ERROR" TypeError: Cannot read properties of null (reading 'setValue')
    at n.quillContentChanged (https://www.greencity.cx.ua/chunk-VNNOUBDJ.js:1:16043)
    at https://www.greencity.cx.ua/chunk-VNNOUBDJ.js:1:7223
    at eE (https://www.greencity.cx.ua/chunk-NUXSP4TM.js:11:76097)
    at Object.o [as next] (https://www.greencity.cx.ua/chunk-NUXSP4TM.js:11:76277)
    at bv.next (https://www.greencity.cx.ua/chunk-NUXSP4TM.js:7:3120)
    at Fr._next (https://www.greencity.cx.ua/chunk-NUXSP4TM.js:7:2803)
    at Fr.next (https://www.greencity.cx.ua/chunk-NUXSP4TM.js:7:2530)
    at https://www.greencity.cx.ua/chunk-NUXSP4TM.js:7:7848
    at Ac (https://www.greencity.cx.ua/chunk-NUXSP4TM.js:7:2222)
    at S0.next (https://www.greencity.cx.ua/chunk-NUXSP4TM.js:7:7687), [2026-03-15T12:00:21.221Z] [SEVERE] https://www.greencity.cx.ua/chunk-NUXSP4TM.js 10:45939 "ERROR" TypeError: Cannot read properties of null (reading 'setValue')
    at n.quillContentChanged (https://www.greencity.cx.ua/chunk-VNNOUBDJ.js:1:16043)
    at https://www.greencity.cx.ua/chunk-VNNOUBDJ.js:1:7223
    at eE (https://www.greencity.cx.ua/chunk-NUXSP4TM.js:11:76097)
    at Object.o [as next] (https://www.greencity.cx.ua/chunk-NUXSP4TM.js:11:76277)
    at bv.next (https://www.greencity.cx.ua/chunk-NUXSP4TM.js:7:3120)
    at Fr._next (https://www.greencity.cx.ua/chunk-NUXSP4TM.js:7:2803)
    at Fr.next (https://www.greencity.cx.ua/chunk-NUXSP4TM.js:7:2530)
    at https://www.greencity.cx.ua/chunk-NUXSP4TM.js:7:7848
    at Ac (https://www.greencity.cx.ua/chunk-NUXSP4TM.js:7:2222)
    at S0.next (https://www.greencity.cx.ua/chunk-NUXSP4TM.js:7:7687), [2026-03-15T12:00:21.224Z] [SEVERE] https://www.greencity.cx.ua/chunk-NUXSP4TM.js 10:45939 "ERROR" TypeError: Cannot read properties of null (reading 'setValue')
    at n.quillContentChanged (https://www.greencity.cx.ua/chunk-VNNOUBDJ.js:1:16043)
    at https://www.greencity.cx.ua/chunk-VNNOUBDJ.js:1:7223
    at eE (https://www.greencity.cx.ua/chunk-NUXSP4TM.js:11:76097)
    at Object.o [as next] (https://www.greencity.cx.ua/chunk-NUXSP4TM.js:11:76277)
    at bv.next (https://www.greencity.cx.ua/chunk-NUXSP4TM.js:7:3120)
    at Fr._next (https://www.greencity.cx.ua/chunk-NUXSP4TM.js:7:2803)
    at Fr.next (https://www.greencity.cx.ua/chunk-NUXSP4TM.js:7:2530)
    at https://www.greencity.cx.ua/chunk-NUXSP4TM.js:7:7848
    at Ac (https://www.greencity.cx.ua/chunk-NUXSP4TM.js:7:2222)
    at S0.next (https://www.greencity.cx.ua/chunk-NUXSP4TM.js:7:7687), [2026-03-15T12:00:21.227Z] [SEVERE] https://www.greencity.cx.ua/chunk-NUXSP4TM.js 10:45939 "ERROR" TypeError: Cannot read properties of null (reading 'setValue')
    at n.quillContentChanged (https://www.greencity.cx.ua/chunk-VNNOUBDJ.js:1:16043)
    at https://www.greencity.cx.ua/chunk-VNNOUBDJ.js:1:7223
    at eE (https://www.greencity.cx.ua/chunk-NUXSP4TM.js:11:76097)
    at Object.o [as next] (https://www.greencity.cx.ua/chunk-NUXSP4TM.js:11:76277)
    at bv.next (https://www.greencity.cx.ua/chunk-NUXSP4TM.js:7:3120)
    at Fr._next (https://www.greencity.cx.ua/chunk-NUXSP4TM.js:7:2803)
    at Fr.next (https://www.greencity.cx.ua/chunk-NUXSP4TM.js:7:2530)
    at https://www.greencity.cx.ua/chunk-NUXSP4TM.js:7:7848
    at Ac (https://www.greencity.cx.ua/chunk-NUXSP4TM.js:7:2222)
    at S0.next (https://www.greencity.cx.ua/chunk-NUXSP4TM.js:7:7687), [2026-03-15T12:00:21.231Z] [SEVERE] https://www.greencity.cx.ua/chunk-NUXSP4TM.js 10:45939 "ERROR" TypeError: Cannot read properties of null (reading 'setValue')
    at n.quillContentChanged (https://www.greencity.cx.ua/chunk-VNNOUBDJ.js:1:16043)
    at https://www.greencity.cx.ua/chunk-VNNOUBDJ.js:1:7223
    at eE (https://www.greencity.cx.ua/chunk-NUXSP4TM.js:11:76097)
    at Object.o [as next] (https://www.greencity.cx.ua/chunk-NUXSP4TM.js:11:76277)
    at bv.next (https://www.greencity.cx.ua/chunk-NUXSP4TM.js:7:3120)
    at Fr._next (https://www.greencity.cx.ua/chunk-NUXSP4TM.js:7:2803)
    at Fr.next (https://www.greencity.cx.ua/chunk-NUXSP4TM.js:7:2530)
    at https://www.greencity.cx.ua/chunk-NUXSP4TM.js:7:7848
    at Ac (https://www.greencity.cx.ua/chunk-NUXSP4TM.js:7:2222)
    at S0.next (https://www.greencity.cx.ua/chunk-NUXSP4TM.js:7:7687), [2026-03-15T12:00:21.232Z] [SEVERE] https://www.greencity.cx.ua/chunk-NUXSP4TM.js 10:45939 "ERROR" TypeError: Cannot read properties of null (reading 'setValue')
    at n.quillContentChanged (https://www.greencity.cx.ua/chunk-VNNOUBDJ.js:1:16043)
    at https://www.greencity.cx.ua/chunk-VNNOUBDJ.js:1:7223
    at eE (https://www.greencity.cx.ua/chunk-NUXSP4TM.js:11:76097)
    at Object.o [as next] (https://www.greencity.cx.ua/chunk-NUXSP4TM.js:11:76277)
    at bv.next (https://www.greencity.cx.ua/chunk-NUXSP4TM.js:7:3120)
    at Fr._next (https://www.greencity.cx.ua/chunk-NUXSP4TM.js:7:2803)
    at Fr.next (https://www.greencity.cx.ua/chunk-NUXSP4TM.js:7:2530)
    at https://www.greencity.cx.ua/chunk-NUXSP4TM.js:7:7848
    at Ac (https://www.greencity.cx.ua/chunk-NUXSP4TM.js:7:2222)
    at S0.next (https://www.greencity.cx.ua/chunk-NUXSP4TM.js:7:7687), [2026-03-15T12:00:21.235Z] [SEVERE] https://www.greencity.cx.ua/chunk-NUXSP4TM.js 10:45939 "ERROR" TypeError: Cannot read properties of null (reading 'setValue')
    at n.quillContentChanged (https://www.greencity.cx.ua/chunk-VNNOUBDJ.js:1:16043)
    at https://www.greencity.cx.ua/chunk-VNNOUBDJ.js:1:7223
    at eE (https://www.greencity.cx.ua/chunk-NUXSP4TM.js:11:76097)
    at Object.o [as next] (https://www.greencity.cx.ua/chunk-NUXSP4TM.js:11:76277)
    at bv.next (https://www.greencity.cx.ua/chunk-NUXSP4TM.js:7:3120)
    at Fr._next (https://www.greencity.cx.ua/chunk-NUXSP4TM.js:7:2803)
    at Fr.next (https://www.greencity.cx.ua/chunk-NUXSP4TM.js:7:2530)
    at https://www.greencity.cx.ua/chunk-NUXSP4TM.js:7:7848
    at Ac (https://www.greencity.cx.ua/chunk-NUXSP4TM.js:7:2222)
    at S0.next (https://www.greencity.cx.ua/chunk-NUXSP4TM.js:7:7687), [2026-03-15T12:00:21.238Z] [SEVERE] https://www.greencity.cx.ua/chunk-NUXSP4TM.js 10:45939 "ERROR" TypeError: Cannot read properties of null (reading 'setValue')
    at n.quillContentChanged (https://www.greencity.cx.ua/chunk-VNNOUBDJ.js:1:16043)
    at https://www.greencity.cx.ua/chunk-VNNOUBDJ.js:1:7223
    at eE (https://www.greencity.cx.ua/chunk-NUXSP4TM.js:11:76097)
    at Object.o [as next] (https://www.greencity.cx.ua/chunk-NUXSP4TM.js:11:76277)
    at bv.next (https://www.greencity.cx.ua/chunk-NUXSP4TM.js:7:3120)
    at Fr._next (https://www.greencity.cx.ua/chunk-NUXSP4TM.js:7:2803)
    at Fr.next (https://www.greencity.cx.ua/chunk-NUXSP4TM.js:7:2530)
    at https://www.greencity.cx.ua/chunk-NUXSP4TM.js:7:7848
    at Ac (https://www.greencity.cx.ua/chunk-NUXSP4TM.js:7:2222)
    at S0.next (https://www.greencity.cx.ua/chunk-NUXSP4TM.js:7:7687), [2026-03-15T12:00:21.241Z] [SEVERE] https://www.greencity.cx.ua/chunk-NUXSP4TM.js 10:45939 "ERROR" TypeError: Cannot read properties of null (reading 'setValue')
    at n.quillContentChanged (https://www.greencity.cx.ua/chunk-VNNOUBDJ.js:1:16043)
    at https://www.greencity.cx.ua/chunk-VNNOUBDJ.js:1:7223
    at eE (https://www.greencity.cx.ua/chunk-NUXSP4TM.js:11:76097)
    at Object.o [as next] (https://www.greencity.cx.ua/chunk-NUXSP4TM.js:11:76277)
    at bv.next (https://www.greencity.cx.ua/chunk-NUXSP4TM.js:7:3120)
    at Fr._next (https://www.greencity.cx.ua/chunk-NUXSP4TM.js:7:2803)
    at Fr.next (https://www.greencity.cx.ua/chunk-NUXSP4TM.js:7:2530)
    at https://www.greencity.cx.ua/chunk-NUXSP4TM.js:7:7848
    at Ac (https://www.greencity.cx.ua/chunk-NUXSP4TM.js:7:2222)
    at S0.next (https://www.greencity.cx.ua/chunk-NUXSP4TM.js:7:7687), [2026-03-15T12:00:21.244Z] [SEVERE] https://www.greencity.cx.ua/chunk-NUXSP4TM.js 10:45939 "ERROR" TypeError: Cannot read properties of null (reading 'setValue')
    at n.quillContentChanged (https://www.greencity.cx.ua/chunk-VNNOUBDJ.js:1:16043)
    at https://www.greencity.cx.ua/chunk-VNNOUBDJ.js:1:7223
    at eE (https://www.greencity.cx.ua/chunk-NUXSP4TM.js:11:76097)
    at Object.o [as next] (https://www.greencity.cx.ua/chunk-NUXSP4TM.js:11:76277)
    at bv.next (https://www.greencity.cx.ua/chunk-NUXSP4TM.js:7:3120)
    at Fr._next (https://www.greencity.cx.ua/chunk-NUXSP4TM.js:7:2803)
    at Fr.next (https://www.greencity.cx.ua/chunk-NUXSP4TM.js:7:2530)
    at https://www.greencity.cx.ua/chunk-NUXSP4TM.js:7:7848
    at Ac (https://www.greencity.cx.ua/chunk-NUXSP4TM.js:7:2222)
    at S0.next (https://www.greencity.cx.ua/chunk-NUXSP4TM.js:7:7687), [2026-03-15T12:00:21.246Z] [SEVERE] https://www.greencity.cx.ua/chunk-NUXSP4TM.js 10:45939 "ERROR" TypeError: Cannot read properties of null (reading 'setValue')
    at n.quillContentChanged (https://www.greencity.cx.ua/chunk-VNNOUBDJ.js:1:16043)
    at https://www.greencity.cx.ua/chunk-VNNOUBDJ.js:1:7223
    at eE (https://www.greencity.cx.ua/chunk-NUXSP4TM.js:11:76097)
    at Object.o [as next] (https://www.greencity.cx.ua/chunk-NUXSP4TM.js:11:76277)
    at bv.next (https://www.greencity.cx.ua/chunk-NUXSP4TM.js:7:3120)
    at Fr._next (https://www.greencity.cx.ua/chunk-NUXSP4TM.js:7:2803)
    at Fr.next (https://www.greencity.cx.ua/chunk-NUXSP4TM.js:7:2530)
    at https://www.greencity.cx.ua/chunk-NUXSP4TM.js:7:7848
    at Ac (https://www.greencity.cx.ua/chunk-NUXSP4TM.js:7:2222)
    at S0.next (https://www.greencity.cx.ua/chunk-NUXSP4TM.js:7:7687), [2026-03-15T12:00:21.249Z] [SEVERE] https://www.greencity.cx.ua/chunk-NUXSP4TM.js 10:45939 "ERROR" TypeError: Cannot read properties of null (reading 'setValue')
    at n.quillContentChanged (https://www.greencity.cx.ua/chunk-VNNOUBDJ.js:1:16043)
    at https://www.greencity.cx.ua/chunk-VNNOUBDJ.js:1:7223
    at eE (https://www.greencity.cx.ua/chunk-NUXSP4TM.js:11:76097)
    at Object.o [as next] (https://www.greencity.cx.ua/chunk-NUXSP4TM.js:11:76277)
    at bv.next (https://www.greencity.cx.ua/chunk-NUXSP4TM.js:7:3120)
    at Fr._next (https://www.greencity.cx.ua/chunk-NUXSP4TM.js:7:2803)
    at Fr.next (https://www.greencity.cx.ua/chunk-NUXSP4TM.js:7:2530)
    at https://www.greencity.cx.ua/chunk-NUXSP4TM.js:7:7848
    at Ac (https://www.greencity.cx.ua/chunk-NUXSP4TM.js:7:2222)
    at S0.next (https://www.greencity.cx.ua/chunk-NUXSP4TM.js:7:7687), [2026-03-15T12:00:21.252Z] [SEVERE] https://www.greencity.cx.ua/chunk-NUXSP4TM.js 10:45939 "ERROR" TypeError: Cannot read properties of null (reading 'setValue')
    at n.quillContentChanged (https://www.greencity.cx.ua/chunk-VNNOUBDJ.js:1:16043)
    at https://www.greencity.cx.ua/chunk-VNNOUBDJ.js:1:7223
    at eE (https://www.greencity.cx.ua/chunk-NUXSP4TM.js:11:76097)
    at Object.o [as next] (https://www.greencity.cx.ua/chunk-NUXSP4TM.js:11:76277)
    at bv.next (https://www.greencity.cx.ua/chunk-NUXSP4TM.js:7:3120)
    at Fr._next (https://www.greencity.cx.ua/chunk-NUXSP4TM.js:7:2803)
    at Fr.next (https://www.greencity.cx.ua/chunk-NUXSP4TM.js:7:2530)
    at https://www.greencity.cx.ua/chunk-NUXSP4TM.js:7:7848
    at Ac (https://www.greencity.cx.ua/chunk-NUXSP4TM.js:7:2222)
    at S0.next (https://www.greencity.cx.ua/chunk-NUXSP4TM.js:7:7687), [2026-03-15T12:00:21.255Z] [SEVERE] https://www.greencity.cx.ua/chunk-NUXSP4TM.js 10:45939 "ERROR" TypeError: Cannot read properties of null (reading 'setValue')
    at n.quillContentChanged (https://www.greencity.cx.ua/chunk-VNNOUBDJ.js:1:16043)
    at https://www.greencity.cx.ua/chunk-VNNOUBDJ.js:1:7223
    at eE (https://www.greencity.cx.ua/chunk-NUXSP4TM.js:11:76097)
    at Object.o [as next] (https://www.greencity.cx.ua/chunk-NUXSP4TM.js:11:76277)
    at bv.next (https://www.greencity.cx.ua/chunk-NUXSP4TM.js:7:3120)
    at Fr._next (https://www.greencity.cx.ua/chunk-NUXSP4TM.js:7:2803)
    at Fr.next (https://www.greencity.cx.ua/chunk-NUXSP4TM.js:7:2530)
    at https://www.greencity.cx.ua/chunk-NUXSP4TM.js:7:7848
    at Ac (https://www.greencity.cx.ua/chunk-NUXSP4TM.js:7:2222)
    at S0.next (https://www.greencity.cx.ua/chunk-NUXSP4TM.js:7:7687), [2026-03-15T12:00:21.257Z] [SEVERE] https://www.greencity.cx.ua/chunk-NUXSP4TM.js 10:45939 "ERROR" TypeError: Cannot read properties of null (reading 'setValue')
    at n.quillContentChanged (https://www.greencity.cx.ua/chunk-VNNOUBDJ.js:1:16043)
    at https://www.greencity.cx.ua/chunk-VNNOUBDJ.js:1:7223
    at eE (https://www.greencity.cx.ua/chunk-NUXSP4TM.js:11:76097)
    at Object.o [as next] (https://www.greencity.cx.ua/chunk-NUXSP4TM.js:11:76277)
    at bv.next (https://www.greencity.cx.ua/chunk-NUXSP4TM.js:7:3120)
    at Fr._next (https://www.greencity.cx.ua/chunk-NUXSP4TM.js:7:2803)
    at Fr.next (https://www.greencity.cx.ua/chunk-NUXSP4TM.js:7:2530)
    at https://www.greencity.cx.ua/chunk-NUXSP4TM.js:7:7848
    at Ac (https://www.greencity.cx.ua/chunk-NUXSP4TM.js:7:2222)
    at S0.next (https://www.greencity.cx.ua/chunk-NUXSP4TM.js:7:7687), [2026-03-15T12:00:21.260Z] [SEVERE] https://www.greencity.cx.ua/chunk-NUXSP4TM.js 10:45939 "ERROR" TypeError: Cannot read properties of null (reading 'setValue')
    at n.quillContentChanged (https://www.greencity.cx.ua/chunk-VNNOUBDJ.js:1:16043)
    at https://www.greencity.cx.ua/chunk-VNNOUBDJ.js:1:7223
    at eE (https://www.greencity.cx.ua/chunk-NUXSP4TM.js:11:76097)
    at Object.o [as next] (https://www.greencity.cx.ua/chunk-NUXSP4TM.js:11:76277)
    at bv.next (https://www.greencity.cx.ua/chunk-NUXSP4TM.js:7:3120)
    at Fr._next (https://www.greencity.cx.ua/chunk-NUXSP4TM.js:7:2803)
    at Fr.next (https://www.greencity.cx.ua/chunk-NUXSP4TM.js:7:2530)
    at https://www.greencity.cx.ua/chunk-NUXSP4TM.js:7:7848
    at Ac (https://www.greencity.cx.ua/chunk-NUXSP4TM.js:7:2222)
    at S0.next (https://www.greencity.cx.ua/chunk-NUXSP4TM.js:7:7687), [2026-03-15T12:00:21.263Z] [SEVERE] https://www.greencity.cx.ua/chunk-NUXSP4TM.js 10:45939 "ERROR" TypeError: Cannot read properties of null (reading 'setValue')
    at n.quillContentChanged (https://www.greencity.cx.ua/chunk-VNNOUBDJ.js:1:16043)
    at https://www.greencity.cx.ua/chunk-VNNOUBDJ.js:1:7223
    at eE (https://www.greencity.cx.ua/chunk-NUXSP4TM.js:11:76097)
    at Object.o [as next] (https://www.greencity.cx.ua/chunk-NUXSP4TM.js:11:76277)
    at bv.next (https://www.greencity.cx.ua/chunk-NUXSP4TM.js:7:3120)
    at Fr._next (https://www.greencity.cx.ua/chunk-NUXSP4TM.js:7:2803)
    at Fr.next (https://www.greencity.cx.ua/chunk-NUXSP4TM.js:7:2530)
    at https://www.greencity.cx.ua/chunk-NUXSP4TM.js:7:7848
    at Ac (https://www.greencity.cx.ua/chunk-NUXSP4TM.js:7:2222)
    at S0.next (https://www.greencity.cx.ua/chunk-NUXSP4TM.js:7:7687), [2026-03-15T12:00:21.266Z] [SEVERE] https://www.greencity.cx.ua/chunk-NUXSP4TM.js 10:45939 "ERROR" TypeError: Cannot read properties of null (reading 'setValue')
    at n.quillContentChanged (https://www.greencity.cx.ua/chunk-VNNOUBDJ.js:1:16043)
    at https://www.greencity.cx.ua/chunk-VNNOUBDJ.js:1:7223
    at eE (https://www.greencity.cx.ua/chunk-NUXSP4TM.js:11:76097)
    at Object.o [as next] (https://www.greencity.cx.ua/chunk-NUXSP4TM.js:11:76277)
    at bv.next (https://www.greencity.cx.ua/chunk-NUXSP4TM.js:7:3120)
    at Fr._next (https://www.greencity.cx.ua/chunk-NUXSP4TM.js:7:2803)
    at Fr.next (https://www.greencity.cx.ua/chunk-NUXSP4TM.js:7:2530)
    at https://www.greencity.cx.ua/chunk-NUXSP4TM.js:7:7848
    at Ac (https://www.greencity.cx.ua/chunk-NUXSP4TM.js:7:2222)
    at S0.next (https://www.greencity.cx.ua/chunk-NUXSP4TM.js:7:7687), [2026-03-15T12:00:21.269Z] [SEVERE] https://www.greencity.cx.ua/chunk-NUXSP4TM.js 10:45939 "ERROR" TypeError: Cannot read properties of null (reading 'setValue')
    at n.quillContentChanged (https://www.greencity.cx.ua/chunk-VNNOUBDJ.js:1:16043)
    at https://www.greencity.cx.ua/chunk-VNNOUBDJ.js:1:7223
    at eE (https://www.greencity.cx.ua/chunk-NUXSP4TM.js:11:76097)
    at Object.o [as next] (https://www.greencity.cx.ua/chunk-NUXSP4TM.js:11:76277)
    at bv.next (https://www.greencity.cx.ua/chunk-NUXSP4TM.js:7:3120)
    at Fr._next (https://www.greencity.cx.ua/chunk-NUXSP4TM.js:7:2803)
    at Fr.next (https://www.greencity.cx.ua/chunk-NUXSP4TM.js:7:2530)
    at https://www.greencity.cx.ua/chunk-NUXSP4TM.js:7:7848
    at Ac (https://www.greencity.cx.ua/chunk-NUXSP4TM.js:7:2222)
    at S0.next (https://www.greencity.cx.ua/chunk-NUXSP4TM.js:7:7687), [2026-03-15T12:00:21.272Z] [SEVERE] https://www.greencity.cx.ua/chunk-NUXSP4TM.js 10:45939 "ERROR" TypeError: Cannot read properties of null (reading 'setValue')
    at n.quillContentChanged (https://www.greencity.cx.ua/chunk-VNNOUBDJ.js:1:16043)
    at https://www.greencity.cx.ua/chunk-VNNOUBDJ.js:1:7223
    at eE (https://www.greencity.cx.ua/chunk-NUXSP4TM.js:11:76097)
    at Object.o [as next] (https://www.greencity.cx.ua/chunk-NUXSP4TM.js:11:76277)
    at bv.next (https://www.greencity.cx.ua/chunk-NUXSP4TM.js:7:3120)
    at Fr._next (https://www.greencity.cx.ua/chunk-NUXSP4TM.js:7:2803)
    at Fr.next (https://www.greencity.cx.ua/chunk-NUXSP4TM.js:7:2530)
    at https://www.greencity.cx.ua/chunk-NUXSP4TM.js:7:7848
    at Ac (https://www.greencity.cx.ua/chunk-NUXSP4TM.js:7:2222)
    at S0.next (https://www.greencity.cx.ua/chunk-NUXSP4TM.js:7:7687), [2026-03-15T12:00:21.275Z] [SEVERE] https://www.greencity.cx.ua/chunk-NUXSP4TM.js 10:45939 "ERROR" TypeError: Cannot read properties of null (reading 'setValue')
    at n.quillContentChanged (https://www.greencity.cx.ua/chunk-VNNOUBDJ.js:1:16043)
    at https://www.greencity.cx.ua/chunk-VNNOUBDJ.js:1:7223
    at eE (https://www.greencity.cx.ua/chunk-NUXSP4TM.js:11:76097)
    at Object.o [as next] (https://www.greencity.cx.ua/chunk-NUXSP4TM.js:11:76277)
    at bv.next (https://www.greencity.cx.ua/chunk-NUXSP4TM.js:7:3120)
    at Fr._next (https://www.greencity.cx.ua/chunk-NUXSP4TM.js:7:2803)
    at Fr.next (https://www.greencity.cx.ua/chunk-NUXSP4TM.js:7:2530)
    at https://www.greencity.cx.ua/chunk-NUXSP4TM.js:7:7848
    at Ac (https://www.greencity.cx.ua/chunk-NUXSP4TM.js:7:2222)
    at S0.next (https://www.greencity.cx.ua/chunk-NUXSP4TM.js:7:7687), [2026-03-15T12:00:21.278Z] [SEVERE] https://www.greencity.cx.ua/chunk-NUXSP4TM.js 10:45939 "ERROR" TypeError: Cannot read properties of null (reading 'setValue')
    at n.quillContentChanged (https://www.greencity.cx.ua/chunk-VNNOUBDJ.js:1:16043)
    at https://www.greencity.cx.ua/chunk-VNNOUBDJ.js:1:7223
    at eE (https://www.greencity.cx.ua/chunk-NUXSP4TM.js:11:76097)
    at Object.o [as next] (https://www.greencity.cx.ua/chunk-NUXSP4TM.js:11:76277)
    at bv.next (https://www.greencity.cx.ua/chunk-NUXSP4TM.js:7:3120)
    at Fr._next (https://www.greencity.cx.ua/chunk-NUXSP4TM.js:7:2803)
    at Fr.next (https://www.greencity.cx.ua/chunk-NUXSP4TM.js:7:2530)
    at https://www.greencity.cx.ua/chunk-NUXSP4TM.js:7:7848
    at Ac (https://www.greencity.cx.ua/chunk-NUXSP4TM.js:7:2222)
    at S0.next (https://www.greencity.cx.ua/chunk-NUXSP4TM.js:7:7687), [2026-03-15T12:00:21.280Z] [SEVERE] https://www.greencity.cx.ua/chunk-NUXSP4TM.js 10:45939 "ERROR" TypeError: Cannot read properties of null (reading 'setValue')
    at n.quillContentChanged (https://www.greencity.cx.ua/chunk-VNNOUBDJ.js:1:16043)
    at https://www.greencity.cx.ua/chunk-VNNOUBDJ.js:1:7223
    at eE (https://www.greencity.cx.ua/chunk-NUXSP4TM.js:11:76097)
    at Object.o [as next] (https://www.greencity.cx.ua/chunk-NUXSP4TM.js:11:76277)
    at bv.next (https://www.greencity.cx.ua/chunk-NUXSP4TM.js:7:3120)
    at Fr._next (https://www.greencity.cx.ua/chunk-NUXSP4TM.js:7:2803)
    at Fr.next (https://www.greencity.cx.ua/chunk-NUXSP4TM.js:7:2530)
    at https://www.greencity.cx.ua/chunk-NUXSP4TM.js:7:7848
    at Ac (https://www.greencity.cx.ua/chunk-NUXSP4TM.js:7:2222)
    at S0.next (https://www.greencity.cx.ua/chunk-NUXSP4TM.js:7:7687), [2026-03-15T12:00:21.283Z] [SEVERE] https://www.greencity.cx.ua/chunk-NUXSP4TM.js 10:45939 "ERROR" TypeError: Cannot read properties of null (reading 'setValue')
    at n.quillContentChanged (https://www.greencity.cx.ua/chunk-VNNOUBDJ.js:1:16043)
    at https://www.greencity.cx.ua/chunk-VNNOUBDJ.js:1:7223
    at eE (https://www.greencity.cx.ua/chunk-NUXSP4TM.js:11:76097)
    at Object.o [as next] (https://www.greencity.cx.ua/chunk-NUXSP4TM.js:11:76277)
    at bv.next (https://www.greencity.cx.ua/chunk-NUXSP4TM.js:7:3120)
    at Fr._next (https://www.greencity.cx.ua/chunk-NUXSP4TM.js:7:2803)
    at Fr.next (https://www.greencity.cx.ua/chunk-NUXSP4TM.js:7:2530)
    at https://www.greencity.cx.ua/chunk-NUXSP4TM.js:7:7848
    at Ac (https://www.greencity.cx.ua/chunk-NUXSP4TM.js:7:2222)
    at S0.next (https://www.greencity.cx.ua/chunk-NUXSP4TM.js:7:7687), [2026-03-15T12:00:21.286Z] [SEVERE] https://www.greencity.cx.ua/chunk-NUXSP4TM.js 10:45939 "ERROR" TypeError: Cannot read properties of null (reading 'setValue')
    at n.quillContentChanged (https://www.greencity.cx.ua/chunk-VNNOUBDJ.js:1:16043)
    at https://www.greencity.cx.ua/chunk-VNNOUBDJ.js:1:7223
    at eE (https://www.greencity.cx.ua/chunk-NUXSP4TM.js:11:76097)
    at Object.o [as next] (https://www.greencity.cx.ua/chunk-NUXSP4TM.js:11:76277)
    at bv.next (https://www.greencity.cx.ua/chunk-NUXSP4TM.js:7:3120)
    at Fr._next (https://www.greencity.cx.ua/chunk-NUXSP4TM.js:7:2803)
    at Fr.next (https://www.greencity.cx.ua/chunk-NUXSP4TM.js:7:2530)
    at https://www.greencity.cx.ua/chunk-NUXSP4TM.js:7:7848
    at Ac (https://www.greencity.cx.ua/chunk-NUXSP4TM.js:7:2222)
    at S0.next (https://www.greencity.cx.ua/chunk-NUXSP4TM.js:7:7687), [2026-03-15T12:00:21.289Z] [SEVERE] https://www.greencity.cx.ua/chunk-NUXSP4TM.js 10:45939 "ERROR" TypeError: Cannot read properties of null (reading 'setValue')
    at n.quillContentChanged (https://www.greencity.cx.ua/chunk-VNNOUBDJ.js:1:16043)
    at https://www.greencity.cx.ua/chunk-VNNOUBDJ.js:1:7223
    at eE (https://www.greencity.cx.ua/chunk-NUXSP4TM.js:11:76097)
    at Object.o [as next] (https://www.greencity.cx.ua/chunk-NUXSP4TM.js:11:76277)
    at bv.next (https://www.greencity.cx.ua/chunk-NUXSP4TM.js:7:3120)
    at Fr._next (https://www.greencity.cx.ua/chunk-NUXSP4TM.js:7:2803)
    at Fr.next (https://www.greencity.cx.ua/chunk-NUXSP4TM.js:7:2530)
    at https://www.greencity.cx.ua/chunk-NUXSP4TM.js:7:7848
    at Ac (https://www.greencity.cx.ua/chunk-NUXSP4TM.js:7:2222)
    at S0.next (https://www.greencity.cx.ua/chunk-NUXSP4TM.js:7:7687), [2026-03-15T12:00:21.292Z] [SEVERE] https://www.greencity.cx.ua/chunk-NUXSP4TM.js 10:45939 "ERROR" TypeError: Cannot read properties of null (reading 'setValue')
    at n.quillContentChanged (https://www.greencity.cx.ua/chunk-VNNOUBDJ.js:1:16043)
    at https://www.greencity.cx.ua/chunk-VNNOUBDJ.js:1:7223
    at eE (https://www.greencity.cx.ua/chunk-NUXSP4TM.js:11:76097)
    at Object.o [as next] (https://www.greencity.cx.ua/chunk-NUXSP4TM.js:11:76277)
    at bv.next (https://www.greencity.cx.ua/chunk-NUXSP4TM.js:7:3120)
    at Fr._next (https://www.greencity.cx.ua/chunk-NUXSP4TM.js:7:2803)
    at Fr.next (https://www.greencity.cx.ua/chunk-NUXSP4TM.js:7:2530)
    at https://www.greencity.cx.ua/chunk-NUXSP4TM.js:7:7848
    at Ac (https://www.greencity.cx.ua/chunk-NUXSP4TM.js:7:2222)
    at S0.next (https://www.greencity.cx.ua/chunk-NUXSP4TM.js:7:7687), [2026-03-15T12:00:21.294Z] [SEVERE] https://www.greencity.cx.ua/chunk-NUXSP4TM.js 10:45939 "ERROR" TypeError: Cannot read properties of null (reading 'setValue')
    at n.quillContentChanged (https://www.greencity.cx.ua/chunk-VNNOUBDJ.js:1:16043)
    at https://www.greencity.cx.ua/chunk-VNNOUBDJ.js:1:7223
    at eE (https://www.greencity.cx.ua/chunk-NUXSP4TM.js:11:76097)
    at Object.o [as next] (https://www.greencity.cx.ua/chunk-NUXSP4TM.js:11:76277)
    at bv.next (https://www.greencity.cx.ua/chunk-NUXSP4TM.js:7:3120)
    at Fr._next (https://www.greencity.cx.ua/chunk-NUXSP4TM.js:7:2803)
    at Fr.next (https://www.greencity.cx.ua/chunk-NUXSP4TM.js:7:2530)
    at https://www.greencity.cx.ua/chunk-NUXSP4TM.js:7:7848
    at Ac (https://www.greencity.cx.ua/chunk-NUXSP4TM.js:7:2222)
    at S0.next (https://www.greencity.cx.ua/chunk-NUXSP4TM.js:7:7687), [2026-03-15T12:00:21.297Z] [SEVERE] https://www.greencity.cx.ua/chunk-NUXSP4TM.js 10:45939 "ERROR" TypeError: Cannot read properties of null (reading 'setValue')
    at n.quillContentChanged (https://www.greencity.cx.ua/chunk-VNNOUBDJ.js:1:16043)
    at https://www.greencity.cx.ua/chunk-VNNOUBDJ.js:1:7223
    at eE (https://www.greencity.cx.ua/chunk-NUXSP4TM.js:11:76097)
    at Object.o [as next] (https://www.greencity.cx.ua/chunk-NUXSP4TM.js:11:76277)
    at bv.next (https://www.greencity.cx.ua/chunk-NUXSP4TM.js:7:3120)
    at Fr._next (https://www.greencity.cx.ua/chunk-NUXSP4TM.js:7:2803)
    at Fr.next (https://www.greencity.cx.ua/chunk-NUXSP4TM.js:7:2530)
    at https://www.greencity.cx.ua/chunk-NUXSP4TM.js:7:7848
    at Ac (https://www.greencity.cx.ua/chunk-NUXSP4TM.js:7:2222)
    at S0.next (https://www.greencity.cx.ua/chunk-NUXSP4TM.js:7:7687), [2026-03-15T12:00:21.300Z] [SEVERE] https://www.greencity.cx.ua/chunk-NUXSP4TM.js 10:45939 "ERROR" TypeError: Cannot read properties of null (reading 'setValue')
    at n.quillContentChanged (https://www.greencity.cx.ua/chunk-VNNOUBDJ.js:1:16043)
    at https://www.greencity.cx.ua/chunk-VNNOUBDJ.js:1:7223
    at eE (https://www.greencity.cx.ua/chunk-NUXSP4TM.js:11:76097)
    at Object.o [as next] (https://www.greencity.cx.ua/chunk-NUXSP4TM.js:11:76277)
    at bv.next (https://www.greencity.cx.ua/chunk-NUXSP4TM.js:7:3120)
    at Fr._next (https://www.greencity.cx.ua/chunk-NUXSP4TM.js:7:2803)
    at Fr.next (https://www.greencity.cx.ua/chunk-NUXSP4TM.js:7:2530)
    at https://www.greencity.cx.ua/chunk-NUXSP4TM.js:7:7848
    at Ac (https://www.greencity.cx.ua/chunk-NUXSP4TM.js:7:2222)
    at S0.next (https://www.greencity.cx.ua/chunk-NUXSP4TM.js:7:7687), [2026-03-15T12:00:21.303Z] [SEVERE] https://www.greencity.cx.ua/chunk-NUXSP4TM.js 10:45939 "ERROR" TypeError: Cannot read properties of null (reading 'setValue')
    at n.quillContentChanged (https://www.greencity.cx.ua/chunk-VNNOUBDJ.js:1:16043)
    at https://www.greencity.cx.ua/chunk-VNNOUBDJ.js:1:7223
    at eE (https://www.greencity.cx.ua/chunk-NUXSP4TM.js:11:76097)
    at Object.o [as next] (https://www.greencity.cx.ua/chunk-NUXSP4TM.js:11:76277)
    at bv.next (https://www.greencity.cx.ua/chunk-NUXSP4TM.js:7:3120)
    at Fr._next (https://www.greencity.cx.ua/chunk-NUXSP4TM.js:7:2803)
    at Fr.next (https://www.greencity.cx.ua/chunk-NUXSP4TM.js:7:2530)
    at https://www.greencity.cx.ua/chunk-NUXSP4TM.js:7:7848
    at Ac (https://www.greencity.cx.ua/chunk-NUXSP4TM.js:7:2222)
    at S0.next (https://www.greencity.cx.ua/chunk-NUXSP4TM.js:7:7687), [2026-03-15T12:00:21.306Z] [SEVERE] https://www.greencity.cx.ua/chunk-NUXSP4TM.js 10:45939 "ERROR" TypeError: Cannot read properties of null (reading 'setValue')
    at n.quillContentChanged (https://www.greencity.cx.ua/chunk-VNNOUBDJ.js:1:16043)
    at https://www.greencity.cx.ua/chunk-VNNOUBDJ.js:1:7223
    at eE (https://www.greencity.cx.ua/chunk-NUXSP4TM.js:11:76097)
    at Object.o [as next] (https://www.greencity.cx.ua/chunk-NUXSP4TM.js:11:76277)
    at bv.next (https://www.greencity.cx.ua/chunk-NUXSP4TM.js:7:3120)
    at Fr._next (https://www.greencity.cx.ua/chunk-NUXSP4TM.js:7:2803)
    at Fr.next (https://www.greencity.cx.ua/chunk-NUXSP4TM.js:7:2530)
    at https://www.greencity.cx.ua/chunk-NUXSP4TM.js:7:7848
    at Ac (https://www.greencity.cx.ua/chunk-NUXSP4TM.js:7:2222)
    at S0.next (https://www.greencity.cx.ua/chunk-NUXSP4TM.js:7:7687), [2026-03-15T12:00:21.308Z] [SEVERE] https://www.greencity.cx.ua/chunk-NUXSP4TM.js 10:45939 "ERROR" TypeError: Cannot read properties of null (reading 'setValue')
    at n.quillContentChanged (https://www.greencity.cx.ua/chunk-VNNOUBDJ.js:1:16043)
    at https://www.greencity.cx.ua/chunk-VNNOUBDJ.js:1:7223
    at eE (https://www.greencity.cx.ua/chunk-NUXSP4TM.js:11:76097)
    at Object.o [as next] (https://www.greencity.cx.ua/chunk-NUXSP4TM.js:11:76277)
    at bv.next (https://www.greencity.cx.ua/chunk-NUXSP4TM.js:7:3120)
    at Fr._next (https://www.greencity.cx.ua/chunk-NUXSP4TM.js:7:2803)
    at Fr.next (https://www.greencity.cx.ua/chunk-NUXSP4TM.js:7:2530)
    at https://www.greencity.cx.ua/chunk-NUXSP4TM.js:7:7848
    at Ac (https://www.greencity.cx.ua/chunk-NUXSP4TM.js:7:2222)
    at S0.next (https://www.greencity.cx.ua/chunk-NUXSP4TM.js:7:7687), [2026-03-15T12:00:21.311Z] [SEVERE] https://www.greencity.cx.ua/chunk-NUXSP4TM.js 10:45939 "ERROR" TypeError: Cannot read properties of null (reading 'setValue')
    at n.quillContentChanged (https://www.greencity.cx.ua/chunk-VNNOUBDJ.js:1:16043)
    at https://www.greencity.cx.ua/chunk-VNNOUBDJ.js:1:7223
    at eE (https://www.greencity.cx.ua/chunk-NUXSP4TM.js:11:76097)
    at Object.o [as next] (https://www.greencity.cx.ua/chunk-NUXSP4TM.js:11:76277)
    at bv.next (https://www.greencity.cx.ua/chunk-NUXSP4TM.js:7:3120)
    at Fr._next (https://www.greencity.cx.ua/chunk-NUXSP4TM.js:7:2803)
    at Fr.next (https://www.greencity.cx.ua/chunk-NUXSP4TM.js:7:2530)
    at https://www.greencity.cx.ua/chunk-NUXSP4TM.js:7:7848
    at Ac (https://www.greencity.cx.ua/chunk-NUXSP4TM.js:7:2222)
    at S0.next (https://www.greencity.cx.ua/chunk-NUXSP4TM.js:7:7687), [2026-03-15T12:00:21.313Z] [SEVERE] https://www.greencity.cx.ua/chunk-NUXSP4TM.js 10:45939 "ERROR" TypeError: Cannot read properties of null (reading 'setValue')
    at n.quillContentChanged (https://www.greencity.cx.ua/chunk-VNNOUBDJ.js:1:16043)
    at https://www.greencity.cx.ua/chunk-VNNOUBDJ.js:1:7223
    at eE (https://www.greencity.cx.ua/chunk-NUXSP4TM.js:11:76097)
    at Object.o [as next] (https://www.greencity.cx.ua/chunk-NUXSP4TM.js:11:76277)
    at bv.next (https://www.greencity.cx.ua/chunk-NUXSP4TM.js:7:3120)
    at Fr._next (https://www.greencity.cx.ua/chunk-NUXSP4TM.js:7:2803)
    at Fr.next (https://www.greencity.cx.ua/chunk-NUXSP4TM.js:7:2530)
    at https://www.greencity.cx.ua/chunk-NUXSP4TM.js:7:7848
    at Ac (https://www.greencity.cx.ua/chunk-NUXSP4TM.js:7:2222)
    at S0.next (https://www.greencity.cx.ua/chunk-NUXSP4TM.js:7:7687), [2026-03-15T12:00:21.316Z] [SEVERE] https://www.greencity.cx.ua/chunk-NUXSP4TM.js 10:45939 "ERROR" TypeError: Cannot read properties of null (reading 'setValue')
    at n.quillContentChanged (https://www.greencity.cx.ua/chunk-VNNOUBDJ.js:1:16043)
    at https://www.greencity.cx.ua/chunk-VNNOUBDJ.js:1:7223
    at eE (https://www.greencity.cx.ua/chunk-NUXSP4TM.js:11:76097)
    at Object.o [as next] (https://www.greencity.cx.ua/chunk-NUXSP4TM.js:11:76277)
    at bv.next (https://www.greencity.cx.ua/chunk-NUXSP4TM.js:7:3120)
    at Fr._next (https://www.greencity.cx.ua/chunk-NUXSP4TM.js:7:2803)
    at Fr.next (https://www.greencity.cx.ua/chunk-NUXSP4TM.js:7:2530)
    at https://www.greencity.cx.ua/chunk-NUXSP4TM.js:7:7848
    at Ac (https://www.greencity.cx.ua/chunk-NUXSP4TM.js:7:2222)
    at S0.next (https://www.greencity.cx.ua/chunk-NUXSP4TM.js:7:7687), [2026-03-15T12:00:21.319Z] [SEVERE] https://www.greencity.cx.ua/chunk-NUXSP4TM.js 10:45939 "ERROR" TypeError: Cannot read properties of null (reading 'setValue')
    at n.quillContentChanged (https://www.greencity.cx.ua/chunk-VNNOUBDJ.js:1:16043)
    at https://www.greencity.cx.ua/chunk-VNNOUBDJ.js:1:7223
    at eE (https://www.greencity.cx.ua/chunk-NUXSP4TM.js:11:76097)
    at Object.o [as next] (https://www.greencity.cx.ua/chunk-NUXSP4TM.js:11:76277)
    at bv.next (https://www.greencity.cx.ua/chunk-NUXSP4TM.js:7:3120)
    at Fr._next (https://www.greencity.cx.ua/chunk-NUXSP4TM.js:7:2803)
    at Fr.next (https://www.greencity.cx.ua/chunk-NUXSP4TM.js:7:2530)
    at https://www.greencity.cx.ua/chunk-NUXSP4TM.js:7:7848
    at Ac (https://www.greencity.cx.ua/chunk-NUXSP4TM.js:7:2222)
    at S0.next (https://www.greencity.cx.ua/chunk-NUXSP4TM.js:7:7687), [2026-03-15T12:00:21.322Z] [SEVERE] https://www.greencity.cx.ua/chunk-NUXSP4TM.js 10:45939 "ERROR" TypeError: Cannot read properties of null (reading 'setValue')
    at n.quillContentChanged (https://www.greencity.cx.ua/chunk-VNNOUBDJ.js:1:16043)
    at https://www.greencity.cx.ua/chunk-VNNOUBDJ.js:1:7223
    at eE (https://www.greencity.cx.ua/chunk-NUXSP4TM.js:11:76097)
    at Object.o [as next] (https://www.greencity.cx.ua/chunk-NUXSP4TM.js:11:76277)
    at bv.next (https://www.greencity.cx.ua/chunk-NUXSP4TM.js:7:3120)
    at Fr._next (https://www.greencity.cx.ua/chunk-NUXSP4TM.js:7:2803)
    at Fr.next (https://www.greencity.cx.ua/chunk-NUXSP4TM.js:7:2530)
    at https://www.greencity.cx.ua/chunk-NUXSP4TM.js:7:7848
    at Ac (https://www.greencity.cx.ua/chunk-NUXSP4TM.js:7:2222)
    at S0.next (https://www.greencity.cx.ua/chunk-NUXSP4TM.js:7:7687), [2026-03-15T12:00:21.325Z] [SEVERE] https://www.greencity.cx.ua/chunk-NUXSP4TM.js 10:45939 "ERROR" TypeError: Cannot read properties of null (reading 'setValue')
    at n.quillContentChanged (https://www.greencity.cx.ua/chunk-VNNOUBDJ.js:1:16043)
    at https://www.greencity.cx.ua/chunk-VNNOUBDJ.js:1:7223
    at eE (https://www.greencity.cx.ua/chunk-NUXSP4TM.js:11:76097)
    at Object.o [as next] (https://www.greencity.cx.ua/chunk-NUXSP4TM.js:11:76277)
    at bv.next (https://www.greencity.cx.ua/chunk-NUXSP4TM.js:7:3120)
    at Fr._next (https://www.greencity.cx.ua/chunk-NUXSP4TM.js:7:2803)
    at Fr.next (https://www.greencity.cx.ua/chunk-NUXSP4TM.js:7:2530)
    at https://www.greencity.cx.ua/chunk-NUXSP4TM.js:7:7848
    at Ac (https://www.greencity.cx.ua/chunk-NUXSP4TM.js:7:2222)
    at S0.next (https://www.greencity.cx.ua/chunk-NUXSP4TM.js:7:7687), [2026-03-15T12:00:21.327Z] [SEVERE] https://www.greencity.cx.ua/chunk-NUXSP4TM.js 10:45939 "ERROR" TypeError: Cannot read properties of null (reading 'setValue')
    at n.quillContentChanged (https://www.greencity.cx.ua/chunk-VNNOUBDJ.js:1:16043)
    at https://www.greencity.cx.ua/chunk-VNNOUBDJ.js:1:7223
    at eE (https://www.greencity.cx.ua/chunk-NUXSP4TM.js:11:76097)
    at Object.o [as next] (https://www.greencity.cx.ua/chunk-NUXSP4TM.js:11:76277)
    at bv.next (https://www.greencity.cx.ua/chunk-NUXSP4TM.js:7:3120)
    at Fr._next (https://www.greencity.cx.ua/chunk-NUXSP4TM.js:7:2803)
    at Fr.next (https://www.greencity.cx.ua/chunk-NUXSP4TM.js:7:2530)
    at https://www.greencity.cx.ua/chunk-NUXSP4TM.js:7:7848
    at Ac (https://www.greencity.cx.ua/chunk-NUXSP4TM.js:7:2222)
    at S0.next (https://www.greencity.cx.ua/chunk-NUXSP4TM.js:7:7687), [2026-03-15T12:00:21.330Z] [SEVERE] https://www.greencity.cx.ua/chunk-NUXSP4TM.js 10:45939 "ERROR" TypeError: Cannot read properties of null (reading 'setValue')
    at n.quillContentChanged (https://www.greencity.cx.ua/chunk-VNNOUBDJ.js:1:16043)
    at https://www.greencity.cx.ua/chunk-VNNOUBDJ.js:1:7223
    at eE (https://www.greencity.cx.ua/chunk-NUXSP4TM.js:11:76097)
    at Object.o [as next] (https://www.greencity.cx.ua/chunk-NUXSP4TM.js:11:76277)
    at bv.next (https://www.greencity.cx.ua/chunk-NUXSP4TM.js:7:3120)
    at Fr._next (https://www.greencity.cx.ua/chunk-NUXSP4TM.js:7:2803)
    at Fr.next (https://www.greencity.cx.ua/chunk-NUXSP4TM.js:7:2530)
    at https://www.greencity.cx.ua/chunk-NUXSP4TM.js:7:7848
    at Ac (https://www.greencity.cx.ua/chunk-NUXSP4TM.js:7:2222)
    at S0.next (https://www.greencity.cx.ua/chunk-NUXSP4TM.js:7:7687), [2026-03-15T12:00:21.333Z] [SEVERE] https://www.greencity.cx.ua/chunk-NUXSP4TM.js 10:45939 "ERROR" TypeError: Cannot read properties of null (reading 'setValue')
    at n.quillContentChanged (https://www.greencity.cx.ua/chunk-VNNOUBDJ.js:1:16043)
    at https://www.greencity.cx.ua/chunk-VNNOUBDJ.js:1:7223
    at eE (https://www.greencity.cx.ua/chunk-NUXSP4TM.js:11:76097)
    at Object.o [as next] (https://www.greencity.cx.ua/chunk-NUXSP4TM.js:11:76277)
    at bv.next (https://www.greencity.cx.ua/chunk-NUXSP4TM.js:7:3120)
    at Fr._next (https://www.greencity.cx.ua/chunk-NUXSP4TM.js:7:2803)
    at Fr.next (https://www.greencity.cx.ua/chunk-NUXSP4TM.js:7:2530)
    at https://www.greencity.cx.ua/chunk-NUXSP4TM.js:7:7848
    at Ac (https://www.greencity.cx.ua/chunk-NUXSP4TM.js:7:2222)
    at S0.next (https://www.greencity.cx.ua/chunk-NUXSP4TM.js:7:7687), [2026-03-15T12:00:21.336Z] [SEVERE] https://www.greencity.cx.ua/chunk-NUXSP4TM.js 10:45939 "ERROR" TypeError: Cannot read properties of null (reading 'setValue')
    at n.quillContentChanged (https://www.greencity.cx.ua/chunk-VNNOUBDJ.js:1:16043)
    at https://www.greencity.cx.ua/chunk-VNNOUBDJ.js:1:7223
    at eE (https://www.greencity.cx.ua/chunk-NUXSP4TM.js:11:76097)
    at Object.o [as next] (https://www.greencity.cx.ua/chunk-NUXSP4TM.js:11:76277)
    at bv.next (https://www.greencity.cx.ua/chunk-NUXSP4TM.js:7:3120)
    at Fr._next (https://www.greencity.cx.ua/chunk-NUXSP4TM.js:7:2803)
    at Fr.next (https://www.greencity.cx.ua/chunk-NUXSP4TM.js:7:2530)
    at https://www.greencity.cx.ua/chunk-NUXSP4TM.js:7:7848
    at Ac (https://www.greencity.cx.ua/chunk-NUXSP4TM.js:7:2222)
    at S0.next (https://www.greencity.cx.ua/chunk-NUXSP4TM.js:7:7687), [2026-03-15T12:00:21.339Z] [SEVERE] https://www.greencity.cx.ua/chunk-NUXSP4TM.js 10:45939 "ERROR" TypeError: Cannot read properties of null (reading 'setValue')
    at n.quillContentChanged (https://www.greencity.cx.ua/chunk-VNNOUBDJ.js:1:16043)
    at https://www.greencity.cx.ua/chunk-VNNOUBDJ.js:1:7223
    at eE (https://www.greencity.cx.ua/chunk-NUXSP4TM.js:11:76097)
    at Object.o [as next] (https://www.greencity.cx.ua/chunk-NUXSP4TM.js:11:76277)
    at bv.next (https://www.greencity.cx.ua/chunk-NUXSP4TM.js:7:3120)
    at Fr._next (https://www.greencity.cx.ua/chunk-NUXSP4TM.js:7:2803)
    at Fr.next (https://www.greencity.cx.ua/chunk-NUXSP4TM.js:7:2530)
    at https://www.greencity.cx.ua/chunk-NUXSP4TM.js:7:7848
    at Ac (https://www.greencity.cx.ua/chunk-NUXSP4TM.js:7:2222)
    at S0.next (https://www.greencity.cx.ua/chunk-NUXSP4TM.js:7:7687), [2026-03-15T12:00:21.342Z] [SEVERE] https://www.greencity.cx.ua/chunk-NUXSP4TM.js 10:45939 "ERROR" TypeError: Cannot read properties of null (reading 'setValue')
    at n.quillContentChanged (https://www.greencity.cx.ua/chunk-VNNOUBDJ.js:1:16043)
    at https://www.greencity.cx.ua/chunk-VNNOUBDJ.js:1:7223
    at eE (https://www.greencity.cx.ua/chunk-NUXSP4TM.js:11:76097)
    at Object.o [as next] (https://www.greencity.cx.ua/chunk-NUXSP4TM.js:11:76277)
    at bv.next (https://www.greencity.cx.ua/chunk-NUXSP4TM.js:7:3120)
    at Fr._next (https://www.greencity.cx.ua/chunk-NUXSP4TM.js:7:2803)
    at Fr.next (https://www.greencity.cx.ua/chunk-NUXSP4TM.js:7:2530)
    at https://www.greencity.cx.ua/chunk-NUXSP4TM.js:7:7848
    at Ac (https://www.greencity.cx.ua/chunk-NUXSP4TM.js:7:2222)
    at S0.next (https://www.greencity.cx.ua/chunk-NUXSP4TM.js:7:7687), [2026-03-15T12:00:21.345Z] [SEVERE] https://www.greencity.cx.ua/chunk-NUXSP4TM.js 10:45939 "ERROR" TypeError: Cannot read properties of null (reading 'setValue')
    at n.quillContentChanged (https://www.greencity.cx.ua/chunk-VNNOUBDJ.js:1:16043)
    at https://www.greencity.cx.ua/chunk-VNNOUBDJ.js:1:7223
    at eE (https://www.greencity.cx.ua/chunk-NUXSP4TM.js:11:76097)
    at Object.o [as next] (https://www.greencity.cx.ua/chunk-NUXSP4TM.js:11:76277)
    at bv.next (https://www.greencity.cx.ua/chunk-NUXSP4TM.js:7:3120)
    at Fr._next (https://www.greencity.cx.ua/chunk-NUXSP4TM.js:7:2803)
    at Fr.next (https://www.greencity.cx.ua/chunk-NUXSP4TM.js:7:2530)
    at https://www.greencity.cx.ua/chunk-NUXSP4TM.js:7:7848
    at Ac (https://www.greencity.cx.ua/chunk-NUXSP4TM.js:7:2222)
    at S0.next (https://www.greencity.cx.ua/chunk-NUXSP4TM.js:7:7687), [2026-03-15T12:00:21.347Z] [SEVERE] https://www.greencity.cx.ua/chunk-NUXSP4TM.js 10:45939 "ERROR" TypeError: Cannot read properties of null (reading 'setValue')
    at n.quillContentChanged (https://www.greencity.cx.ua/chunk-VNNOUBDJ.js:1:16043)
    at https://www.greencity.cx.ua/chunk-VNNOUBDJ.js:1:7223
    at eE (https://www.greencity.cx.ua/chunk-NUXSP4TM.js:11:76097)
    at Object.o [as next] (https://www.greencity.cx.ua/chunk-NUXSP4TM.js:11:76277)
    at bv.next (https://www.greencity.cx.ua/chunk-NUXSP4TM.js:7:3120)
    at Fr._next (https://www.greencity.cx.ua/chunk-NUXSP4TM.js:7:2803)
    at Fr.next (https://www.greencity.cx.ua/chunk-NUXSP4TM.js:7:2530)
    at https://www.greencity.cx.ua/chunk-NUXSP4TM.js:7:7848
    at Ac (https://www.greencity.cx.ua/chunk-NUXSP4TM.js:7:2222)
    at S0.next (https://www.greencity.cx.ua/chunk-NUXSP4TM.js:7:7687), [2026-03-15T12:00:21.350Z] [SEVERE] https://www.greencity.cx.ua/chunk-NUXSP4TM.js 10:45939 "ERROR" TypeError: Cannot read properties of null (reading 'setValue')
    at n.quillContentChanged (https://www.greencity.cx.ua/chunk-VNNOUBDJ.js:1:16043)
    at https://www.greencity.cx.ua/chunk-VNNOUBDJ.js:1:7223
    at eE (https://www.greencity.cx.ua/chunk-NUXSP4TM.js:11:76097)
    at Object.o [as next] (https://www.greencity.cx.ua/chunk-NUXSP4TM.js:11:76277)
    at bv.next (https://www.greencity.cx.ua/chunk-NUXSP4TM.js:7:3120)
    at Fr._next (https://www.greencity.cx.ua/chunk-NUXSP4TM.js:7:2803)
    at Fr.next (https://www.greencity.cx.ua/chunk-NUXSP4TM.js:7:2530)
    at https://www.greencity.cx.ua/chunk-NUXSP4TM.js:7:7848
    at Ac (https://www.greencity.cx.ua/chunk-NUXSP4TM.js:7:2222)
    at S0.next (https://www.greencity.cx.ua/chunk-NUXSP4TM.js:7:7687), [2026-03-15T12:00:21.352Z] [SEVERE] https://www.greencity.cx.ua/chunk-NUXSP4TM.js 10:45939 "ERROR" TypeError: Cannot read properties of null (reading 'setValue')
    at n.quillContentChanged (https://www.greencity.cx.ua/chunk-VNNOUBDJ.js:1:16043)
    at https://www.greencity.cx.ua/chunk-VNNOUBDJ.js:1:7223
    at eE (https://www.greencity.cx.ua/chunk-NUXSP4TM.js:11:76097)
    at Object.o [as next] (https://www.greencity.cx.ua/chunk-NUXSP4TM.js:11:76277)
    at bv.next (https://www.greencity.cx.ua/chunk-NUXSP4TM.js:7:3120)
    at Fr._next (https://www.greencity.cx.ua/chunk-NUXSP4TM.js:7:2803)
    at Fr.next (https://www.greencity.cx.ua/chunk-NUXSP4TM.js:7:2530)
    at https://www.greencity.cx.ua/chunk-NUXSP4TM.js:7:7848
    at Ac (https://www.greencity.cx.ua/chunk-NUXSP4TM.js:7:2222)
    at S0.next (https://www.greencity.cx.ua/chunk-NUXSP4TM.js:7:7687), [2026-03-15T12:00:21.354Z] [SEVERE] https://www.greencity.cx.ua/chunk-NUXSP4TM.js 10:45939 "ERROR" TypeError: Cannot read properties of null (reading 'setValue')
    at n.quillContentChanged (https://www.greencity.cx.ua/chunk-VNNOUBDJ.js:1:16043)
    at https://www.greencity.cx.ua/chunk-VNNOUBDJ.js:1:7223
    at eE (https://www.greencity.cx.ua/chunk-NUXSP4TM.js:11:76097)
    at Object.o [as next] (https://www.greencity.cx.ua/chunk-NUXSP4TM.js:11:76277)
    at bv.next (https://www.greencity.cx.ua/chunk-NUXSP4TM.js:7:3120)
    at Fr._next (https://www.greencity.cx.ua/chunk-NUXSP4TM.js:7:2803)
    at Fr.next (https://www.greencity.cx.ua/chunk-NUXSP4TM.js:7:2530)
    at https://www.greencity.cx.ua/chunk-NUXSP4TM.js:7:7848
    at Ac (https://www.greencity.cx.ua/chunk-NUXSP4TM.js:7:2222)
    at S0.next (https://www.greencity.cx.ua/chunk-NUXSP4TM.js:7:7687), [2026-03-15T12:00:21.357Z] [SEVERE] https://www.greencity.cx.ua/chunk-NUXSP4TM.js 10:45939 "ERROR" TypeError: Cannot read properties of null (reading 'setValue')
    at n.quillContentChanged (https://www.greencity.cx.ua/chunk-VNNOUBDJ.js:1:16043)
    at https://www.greencity.cx.ua/chunk-VNNOUBDJ.js:1:7223
    at eE (https://www.greencity.cx.ua/chunk-NUXSP4TM.js:11:76097)
    at Object.o [as next] (https://www.greencity.cx.ua/chunk-NUXSP4TM.js:11:76277)
    at bv.next (https://www.greencity.cx.ua/chunk-NUXSP4TM.js:7:3120)
    at Fr._next (https://www.greencity.cx.ua/chunk-NUXSP4TM.js:7:2803)
    at Fr.next (https://www.greencity.cx.ua/chunk-NUXSP4TM.js:7:2530)
    at https://www.greencity.cx.ua/chunk-NUXSP4TM.js:7:7848
    at Ac (https://www.greencity.cx.ua/chunk-NUXSP4TM.js:7:2222)
    at S0.next (https://www.greencity.cx.ua/chunk-NUXSP4TM.js:7:7687), [2026-03-15T12:00:21.359Z] [SEVERE] https://www.greencity.cx.ua/chunk-NUXSP4TM.js 10:45939 "ERROR" TypeError: Cannot read properties of null (reading 'setValue')
    at n.quillContentChanged (https://www.greencity.cx.ua/chunk-VNNOUBDJ.js:1:16043)
    at https://www.greencity.cx.ua/chunk-VNNOUBDJ.js:1:7223
    at eE (https://www.greencity.cx.ua/chunk-NUXSP4TM.js:11:76097)
    at Object.o [as next] (https://www.greencity.cx.ua/chunk-NUXSP4TM.js:11:76277)
    at bv.next (https://www.greencity.cx.ua/chunk-NUXSP4TM.js:7:3120)
    at Fr._next (https://www.greencity.cx.ua/chunk-NUXSP4TM.js:7:2803)
    at Fr.next (https://www.greencity.cx.ua/chunk-NUXSP4TM.js:7:2530)
    at https://www.greencity.cx.ua/chunk-NUXSP4TM.js:7:7848
    at Ac (https://www.greencity.cx.ua/chunk-NUXSP4TM.js:7:2222)
    at S0.next (https://www.greencity.cx.ua/chunk-NUXSP4TM.js:7:7687), [2026-03-15T12:00:21.362Z] [SEVERE] https://www.greencity.cx.ua/chunk-NUXSP4TM.js 10:45939 "ERROR" TypeError: Cannot read properties of null (reading 'setValue')
    at n.quillContentChanged (https://www.greencity.cx.ua/chunk-VNNOUBDJ.js:1:16043)
    at https://www.greencity.cx.ua/chunk-VNNOUBDJ.js:1:7223
    at eE (https://www.greencity.cx.ua/chunk-NUXSP4TM.js:11:76097)
    at Object.o [as next] (https://www.greencity.cx.ua/chunk-NUXSP4TM.js:11:76277)
    at bv.next (https://www.greencity.cx.ua/chunk-NUXSP4TM.js:7:3120)
    at Fr._next (https://www.greencity.cx.ua/chunk-NUXSP4TM.js:7:2803)
    at Fr.next (https://www.greencity.cx.ua/chunk-NUXSP4TM.js:7:2530)
    at https://www.greencity.cx.ua/chunk-NUXSP4TM.js:7:7848
    at Ac (https://www.greencity.cx.ua/chunk-NUXSP4TM.js:7:2222)
    at S0.next (https://www.greencity.cx.ua/chunk-NUXSP4TM.js:7:7687), [2026-03-15T12:00:21.364Z] [SEVERE] https://www.greencity.cx.ua/chunk-NUXSP4TM.js 10:45939 "ERROR" TypeError: Cannot read properties of null (reading 'setValue')
    at n.quillContentChanged (https://www.greencity.cx.ua/chunk-VNNOUBDJ.js:1:16043)
    at https://www.greencity.cx.ua/chunk-VNNOUBDJ.js:1:7223
    at eE (https://www.greencity.cx.ua/chunk-NUXSP4TM.js:11:76097)
    at Object.o [as next] (https://www.greencity.cx.ua/chunk-NUXSP4TM.js:11:76277)
    at bv.next (https://www.greencity.cx.ua/chunk-NUXSP4TM.js:7:3120)
    at Fr._next (https://www.greencity.cx.ua/chunk-NUXSP4TM.js:7:2803)
    at Fr.next (https://www.greencity.cx.ua/chunk-NUXSP4TM.js:7:2530)
    at https://www.greencity.cx.ua/chunk-NUXSP4TM.js:7:7848
    at Ac (https://www.greencity.cx.ua/chunk-NUXSP4TM.js:7:2222)
    at S0.next (https://www.greencity.cx.ua/chunk-NUXSP4TM.js:7:7687), [2026-03-15T12:00:21.367Z] [SEVERE] https://www.greencity.cx.ua/chunk-NUXSP4TM.js 10:45939 "ERROR" TypeError: Cannot read properties of null (reading 'setValue')
    at n.quillContentChanged (https://www.greencity.cx.ua/chunk-VNNOUBDJ.js:1:16043)
    at https://www.greencity.cx.ua/chunk-VNNOUBDJ.js:1:7223
    at eE (https://www.greencity.cx.ua/chunk-NUXSP4TM.js:11:76097)
    at Object.o [as next] (https://www.greencity.cx.ua/chunk-NUXSP4TM.js:11:76277)
    at bv.next (https://www.greencity.cx.ua/chunk-NUXSP4TM.js:7:3120)
    at Fr._next (https://www.greencity.cx.ua/chunk-NUXSP4TM.js:7:2803)
    at Fr.next (https://www.greencity.cx.ua/chunk-NUXSP4TM.js:7:2530)
    at https://www.greencity.cx.ua/chunk-NUXSP4TM.js:7:7848
    at Ac (https://www.greencity.cx.ua/chunk-NUXSP4TM.js:7:2222)
    at S0.next (https://www.greencity.cx.ua/chunk-NUXSP4TM.js:7:7687), [2026-03-15T12:00:21.369Z] [SEVERE] https://www.greencity.cx.ua/chunk-NUXSP4TM.js 10:45939 "ERROR" TypeError: Cannot read properties of null (reading 'setValue')
    at n.quillContentChanged (https://www.greencity.cx.ua/chunk-VNNOUBDJ.js:1:16043)
    at https://www.greencity.cx.ua/chunk-VNNOUBDJ.js:1:7223
    at eE (https://www.greencity.cx.ua/chunk-NUXSP4TM.js:11:76097)
    at Object.o [as next] (https://www.greencity.cx.ua/chunk-NUXSP4TM.js:11:76277)
    at bv.next (https://www.greencity.cx.ua/chunk-NUXSP4TM.js:7:3120)
    at Fr._next (https://www.greencity.cx.ua/chunk-NUXSP4TM.js:7:2803)
    at Fr.next (https://www.greencity.cx.ua/chunk-NUXSP4TM.js:7:2530)
    at https://www.greencity.cx.ua/chunk-NUXSP4TM.js:7:7848
    at Ac (https://www.greencity.cx.ua/chunk-NUXSP4TM.js:7:2222)
    at S0.next (https://www.greencity.cx.ua/chunk-NUXSP4TM.js:7:7687), [2026-03-15T12:00:21.371Z] [SEVERE] https://www.greencity.cx.ua/chunk-NUXSP4TM.js 10:45939 "ERROR" TypeError: Cannot read properties of null (reading 'setValue')
    at n.quillContentChanged (https://www.greencity.cx.ua/chunk-VNNOUBDJ.js:1:16043)
    at https://www.greencity.cx.ua/chunk-VNNOUBDJ.js:1:7223
    at eE (https://www.greencity.cx.ua/chunk-NUXSP4TM.js:11:76097)
    at Object.o [as next] (https://www.greencity.cx.ua/chunk-NUXSP4TM.js:11:76277)
    at bv.next (https://www.greencity.cx.ua/chunk-NUXSP4TM.js:7:3120)
    at Fr._next (https://www.greencity.cx.ua/chunk-NUXSP4TM.js:7:2803)
    at Fr.next (https://www.greencity.cx.ua/chunk-NUXSP4TM.js:7:2530)
    at https://www.greencity.cx.ua/chunk-NUXSP4TM.js:7:7848
    at Ac (https://www.greencity.cx.ua/chunk-NUXSP4TM.js:7:2222)
    at S0.next (https://www.greencity.cx.ua/chunk-NUXSP4TM.js:7:7687), [2026-03-15T12:00:21.374Z] [SEVERE] https://www.greencity.cx.ua/chunk-NUXSP4TM.js 10:45939 "ERROR" TypeError: Cannot read properties of null (reading 'setValue')
    at n.quillContentChanged (https://www.greencity.cx.ua/chunk-VNNOUBDJ.js:1:16043)
    at https://www.greencity.cx.ua/chunk-VNNOUBDJ.js:1:7223
    at eE (https://www.greencity.cx.ua/chunk-NUXSP4TM.js:11:76097)
    at Object.o [as next] (https://www.greencity.cx.ua/chunk-NUXSP4TM.js:11:76277)
    at bv.next (https://www.greencity.cx.ua/chunk-NUXSP4TM.js:7:3120)
    at Fr._next (https://www.greencity.cx.ua/chunk-NUXSP4TM.js:7:2803)
    at Fr.next (https://www.greencity.cx.ua/chunk-NUXSP4TM.js:7:2530)
    at https://www.greencity.cx.ua/chunk-NUXSP4TM.js:7:7848
    at Ac (https://www.greencity.cx.ua/chunk-NUXSP4TM.js:7:2222)
    at S0.next (https://www.greencity.cx.ua/chunk-NUXSP4TM.js:7:7687), [2026-03-15T12:00:21.375Z] [SEVERE] https://www.greencity.cx.ua/chunk-NUXSP4TM.js 10:45939 "ERROR" TypeError: Cannot read properties of null (reading 'setValue')
    at n.quillContentChanged (https://www.greencity.cx.ua/chunk-VNNOUBDJ.js:1:16043)
    at https://www.greencity.cx.ua/chunk-VNNOUBDJ.js:1:7223
    at eE (https://www.greencity.cx.ua/chunk-NUXSP4TM.js:11:76097)
    at Object.o [as next] (https://www.greencity.cx.ua/chunk-NUXSP4TM.js:11:76277)
    at bv.next (https://www.greencity.cx.ua/chunk-NUXSP4TM.js:7:3120)
    at Fr._next (https://www.greencity.cx.ua/chunk-NUXSP4TM.js:7:2803)
    at Fr.next (https://www.greencity.cx.ua/chunk-NUXSP4TM.js:7:2530)
    at https://www.greencity.cx.ua/chunk-NUXSP4TM.js:7:7848
    at Ac (https://www.greencity.cx.ua/chunk-NUXSP4TM.js:7:2222)
    at S0.next (https://www.greencity.cx.ua/chunk-NUXSP4TM.js:7:7687), [2026-03-15T12:00:21.378Z] [SEVERE] https://www.greencity.cx.ua/chunk-NUXSP4TM.js 10:45939 "ERROR" TypeError: Cannot read properties of null (reading 'setValue')
    at n.quillContentChanged (https://www.greencity.cx.ua/chunk-VNNOUBDJ.js:1:16043)
    at https://www.greencity.cx.ua/chunk-VNNOUBDJ.js:1:7223
    at eE (https://www.greencity.cx.ua/chunk-NUXSP4TM.js:11:76097)
    at Object.o [as next] (https://www.greencity.cx.ua/chunk-NUXSP4TM.js:11:76277)
    at bv.next (https://www.greencity.cx.ua/chunk-NUXSP4TM.js:7:3120)
    at Fr._next (https://www.greencity.cx.ua/chunk-NUXSP4TM.js:7:2803)
    at Fr.next (https://www.greencity.cx.ua/chunk-NUXSP4TM.js:7:2530)
    at https://www.greencity.cx.ua/chunk-NUXSP4TM.js:7:7848
    at Ac (https://www.greencity.cx.ua/chunk-NUXSP4TM.js:7:2222)
    at S0.next (https://www.greencity.cx.ua/chunk-NUXSP4TM.js:7:7687), [2026-03-15T12:00:21.380Z] [SEVERE] https://www.greencity.cx.ua/chunk-NUXSP4TM.js 10:45939 "ERROR" TypeError: Cannot read properties of null (reading 'setValue')
    at n.quillContentChanged (https://www.greencity.cx.ua/chunk-VNNOUBDJ.js:1:16043)
    at https://www.greencity.cx.ua/chunk-VNNOUBDJ.js:1:7223
    at eE (https://www.greencity.cx.ua/chunk-NUXSP4TM.js:11:76097)
    at Object.o [as next] (https://www.greencity.cx.ua/chunk-NUXSP4TM.js:11:76277)
    at bv.next (https://www.greencity.cx.ua/chunk-NUXSP4TM.js:7:3120)
    at Fr._next (https://www.greencity.cx.ua/chunk-NUXSP4TM.js:7:2803)
    at Fr.next (https://www.greencity.cx.ua/chunk-NUXSP4TM.js:7:2530)
    at https://www.greencity.cx.ua/chunk-NUXSP4TM.js:7:7848
    at Ac (https://www.greencity.cx.ua/chunk-NUXSP4TM.js:7:2222)
    at S0.next (https://www.greencity.cx.ua/chunk-NUXSP4TM.js:7:7687), [2026-03-15T12:00:21.382Z] [SEVERE] https://www.greencity.cx.ua/chunk-NUXSP4TM.js 10:45939 "ERROR" TypeError: Cannot read properties of null (reading 'setValue')
    at n.quillContentChanged (https://www.greencity.cx.ua/chunk-VNNOUBDJ.js:1:16043)
    at https://www.greencity.cx.ua/chunk-VNNOUBDJ.js:1:7223
    at eE (https://www.greencity.cx.ua/chunk-NUXSP4TM.js:11:76097)
    at Object.o [as next] (https://www.greencity.cx.ua/chunk-NUXSP4TM.js:11:76277)
    at bv.next (https://www.greencity.cx.ua/chunk-NUXSP4TM.js:7:3120)
    at Fr._next (https://www.greencity.cx.ua/chunk-NUXSP4TM.js:7:2803)
    at Fr.next (https://www.greencity.cx.ua/chunk-NUXSP4TM.js:7:2530)
    at https://www.greencity.cx.ua/chunk-NUXSP4TM.js:7:7848
    at Ac (https://www.greencity.cx.ua/chunk-NUXSP4TM.js:7:2222)
    at S0.next (https://www.greencity.cx.ua/chunk-NUXSP4TM.js:7:7687), [2026-03-15T12:00:21.385Z] [SEVERE] https://www.greencity.cx.ua/chunk-NUXSP4TM.js 10:45939 "ERROR" TypeError: Cannot read properties of null (reading 'setValue')
    at n.quillContentChanged (https://www.greencity.cx.ua/chunk-VNNOUBDJ.js:1:16043)
    at https://www.greencity.cx.ua/chunk-VNNOUBDJ.js:1:7223
    at eE (https://www.greencity.cx.ua/chunk-NUXSP4TM.js:11:76097)
    at Object.o [as next] (https://www.greencity.cx.ua/chunk-NUXSP4TM.js:11:76277)
    at bv.next (https://www.greencity.cx.ua/chunk-NUXSP4TM.js:7:3120)
    at Fr._next (https://www.greencity.cx.ua/chunk-NUXSP4TM.js:7:2803)
    at Fr.next (https://www.greencity.cx.ua/chunk-NUXSP4TM.js:7:2530)
    at https://www.greencity.cx.ua/chunk-NUXSP4TM.js:7:7848
    at Ac (https://www.greencity.cx.ua/chunk-NUXSP4TM.js:7:2222)
    at S0.next (https://www.greencity.cx.ua/chunk-NUXSP4TM.js:7:7687), [2026-03-15T12:00:21.387Z] [SEVERE] https://www.greencity.cx.ua/chunk-NUXSP4TM.js 10:45939 "ERROR" TypeError: Cannot read properties of null (reading 'setValue')
    at n.quillContentChanged (https://www.greencity.cx.ua/chunk-VNNOUBDJ.js:1:16043)
    at https://www.greencity.cx.ua/chunk-VNNOUBDJ.js:1:7223
    at eE (https://www.greencity.cx.ua/chunk-NUXSP4TM.js:11:76097)
    at Object.o [as next] (https://www.greencity.cx.ua/chunk-NUXSP4TM.js:11:76277)
    at bv.next (https://www.greencity.cx.ua/chunk-NUXSP4TM.js:7:3120)
    at Fr._next (https://www.greencity.cx.ua/chunk-NUXSP4TM.js:7:2803)
    at Fr.next (https://www.greencity.cx.ua/chunk-NUXSP4TM.js:7:2530)
    at https://www.greencity.cx.ua/chunk-NUXSP4TM.js:7:7848
    at Ac (https://www.greencity.cx.ua/chunk-NUXSP4TM.js:7:2222)
    at S0.next (https://www.greencity.cx.ua/chunk-NUXSP4TM.js:7:7687), [2026-03-15T12:00:21.390Z] [SEVERE] https://www.greencity.cx.ua/chunk-NUXSP4TM.js 10:45939 "ERROR" TypeError: Cannot read properties of null (reading 'setValue')
    at n.quillContentChanged (https://www.greencity.cx.ua/chunk-VNNOUBDJ.js:1:16043)
    at https://www.greencity.cx.ua/chunk-VNNOUBDJ.js:1:7223
    at eE (https://www.greencity.cx.ua/chunk-NUXSP4TM.js:11:76097)
    at Object.o [as next] (https://www.greencity.cx.ua/chunk-NUXSP4TM.js:11:76277)
    at bv.next (https://www.greencity.cx.ua/chunk-NUXSP4TM.js:7:3120)
    at Fr._next (https://www.greencity.cx.ua/chunk-NUXSP4TM.js:7:2803)
    at Fr.next (https://www.greencity.cx.ua/chunk-NUXSP4TM.js:7:2530)
    at https://www.greencity.cx.ua/chunk-NUXSP4TM.js:7:7848
    at Ac (https://www.greencity.cx.ua/chunk-NUXSP4TM.js:7:2222)
    at S0.next (https://www.greencity.cx.ua/chunk-NUXSP4TM.js:7:7687), [2026-03-15T12:00:21.394Z] [SEVERE] https://www.greencity.cx.ua/chunk-NUXSP4TM.js 10:45939 "ERROR" TypeError: Cannot read properties of null (reading 'setValue')
    at n.quillContentChanged (https://www.greencity.cx.ua/chunk-VNNOUBDJ.js:1:16043)
    at https://www.greencity.cx.ua/chunk-VNNOUBDJ.js:1:7223
    at eE (https://www.greencity.cx.ua/chunk-NUXSP4TM.js:11:76097)
    at Object.o [as next] (https://www.greencity.cx.ua/chunk-NUXSP4TM.js:11:76277)
    at bv.next (https://www.greencity.cx.ua/chunk-NUXSP4TM.js:7:3120)
    at Fr._next (https://www.greencity.cx.ua/chunk-NUXSP4TM.js:7:2803)
    at Fr.next (https://www.greencity.cx.ua/chunk-NUXSP4TM.js:7:2530)
    at https://www.greencity.cx.ua/chunk-NUXSP4TM.js:7:7848
    at Ac (https://www.greencity.cx.ua/chunk-NUXSP4TM.js:7:2222)
    at S0.next (https://www.greencity.cx.ua/chunk-NUXSP4TM.js:7:7687), [2026-03-15T12:00:21.396Z] [SEVERE] https://www.greencity.cx.ua/chunk-NUXSP4TM.js 10:45939 "ERROR" TypeError: Cannot read properties of null (reading 'setValue')
    at n.quillContentChanged (https://www.greencity.cx.ua/chunk-VNNOUBDJ.js:1:16043)
    at https://www.greencity.cx.ua/chunk-VNNOUBDJ.js:1:7223
    at eE (https://www.greencity.cx.ua/chunk-NUXSP4TM.js:11:76097)
    at Object.o [as next] (https://www.greencity.cx.ua/chunk-NUXSP4TM.js:11:76277)
    at bv.next (https://www.greencity.cx.ua/chunk-NUXSP4TM.js:7:3120)
    at Fr._next (https://www.greencity.cx.ua/chunk-NUXSP4TM.js:7:2803)
    at Fr.next (https://www.greencity.cx.ua/chunk-NUXSP4TM.js:7:2530)
    at https://www.greencity.cx.ua/chunk-NUXSP4TM.js:7:7848
    at Ac (https://www.greencity.cx.ua/chunk-NUXSP4TM.js:7:2222)
    at S0.next (https://www.greencity.cx.ua/chunk-NUXSP4TM.js:7:7687), [2026-03-15T12:00:21.398Z] [SEVERE] https://www.greencity.cx.ua/chunk-NUXSP4TM.js 10:45939 "ERROR" TypeError: Cannot read properties of null (reading 'setValue')
    at n.quillContentChanged (https://www.greencity.cx.ua/chunk-VNNOUBDJ.js:1:16043)
    at https://www.greencity.cx.ua/chunk-VNNOUBDJ.js:1:7223
    at eE (https://www.greencity.cx.ua/chunk-NUXSP4TM.js:11:76097)
    at Object.o [as next] (https://www.greencity.cx.ua/chunk-NUXSP4TM.js:11:76277)
    at bv.next (https://www.greencity.cx.ua/chunk-NUXSP4TM.js:7:3120)
    at Fr._next (https://www.greencity.cx.ua/chunk-NUXSP4TM.js:7:2803)
    at Fr.next (https://www.greencity.cx.ua/chunk-NUXSP4TM.js:7:2530)
    at https://www.greencity.cx.ua/chunk-NUXSP4TM.js:7:7848
    at Ac (https://www.greencity.cx.ua/chunk-NUXSP4TM.js:7:2222)
    at S0.next (https://www.greencity.cx.ua/chunk-NUXSP4TM.js:7:7687), [2026-03-15T12:00:21.401Z] [SEVERE] https://www.greencity.cx.ua/chunk-NUXSP4TM.js 10:45939 "ERROR" TypeError: Cannot read properties of null (reading 'setValue')
    at n.quillContentChanged (https://www.greencity.cx.ua/chunk-VNNOUBDJ.js:1:16043)
    at https://www.greencity.cx.ua/chunk-VNNOUBDJ.js:1:7223
    at eE (https://www.greencity.cx.ua/chunk-NUXSP4TM.js:11:76097)
    at Object.o [as next] (https://www.greencity.cx.ua/chunk-NUXSP4TM.js:11:76277)
    at bv.next (https://www.greencity.cx.ua/chunk-NUXSP4TM.js:7:3120)
    at Fr._next (https://www.greencity.cx.ua/chunk-NUXSP4TM.js:7:2803)
    at Fr.next (https://www.greencity.cx.ua/chunk-NUXSP4TM.js:7:2530)
    at https://www.greencity.cx.ua/chunk-NUXSP4TM.js:7:7848
    at Ac (https://www.greencity.cx.ua/chunk-NUXSP4TM.js:7:2222)
    at S0.next (https://www.greencity.cx.ua/chunk-NUXSP4TM.js:7:7687), [2026-03-15T12:00:21.403Z] [SEVERE] https://www.greencity.cx.ua/chunk-NUXSP4TM.js 10:45939 "ERROR" TypeError: Cannot read properties of null (reading 'setValue')
    at n.quillContentChanged (https://www.greencity.cx.ua/chunk-VNNOUBDJ.js:1:16043)
    at https://www.greencity.cx.ua/chunk-VNNOUBDJ.js:1:7223
    at eE (https://www.greencity.cx.ua/chunk-NUXSP4TM.js:11:76097)
    at Object.o [as next] (https://www.greencity.cx.ua/chunk-NUXSP4TM.js:11:76277)
    at bv.next (https://www.greencity.cx.ua/chunk-NUXSP4TM.js:7:3120)
    at Fr._next (https://www.greencity.cx.ua/chunk-NUXSP4TM.js:7:2803)
    at Fr.next (https://www.greencity.cx.ua/chunk-NUXSP4TM.js:7:2530)
    at https://www.greencity.cx.ua/chunk-NUXSP4TM.js:7:7848
    at Ac (https://www.greencity.cx.ua/chunk-NUXSP4TM.js:7:2222)
    at S0.next (https://www.greencity.cx.ua/chunk-NUXSP4TM.js:7:7687), [2026-03-15T12:00:21.406Z] [SEVERE] https://www.greencity.cx.ua/chunk-NUXSP4TM.js 10:45939 "ERROR" TypeError: Cannot read properties of null (reading 'setValue')
    at n.quillContentChanged (https://www.greencity.cx.ua/chunk-VNNOUBDJ.js:1:16043)
    at https://www.greencity.cx.ua/chunk-VNNOUBDJ.js:1:7223
    at eE (https://www.greencity.cx.ua/chunk-NUXSP4TM.js:11:76097)
    at Object.o [as next] (https://www.greencity.cx.ua/chunk-NUXSP4TM.js:11:76277)
    at bv.next (https://www.greencity.cx.ua/chunk-NUXSP4TM.js:7:3120)
    at Fr._next (https://www.greencity.cx.ua/chunk-NUXSP4TM.js:7:2803)
    at Fr.next (https://www.greencity.cx.ua/chunk-NUXSP4TM.js:7:2530)
    at https://www.greencity.cx.ua/chunk-NUXSP4TM.js:7:7848
    at Ac (https://www.greencity.cx.ua/chunk-NUXSP4TM.js:7:2222)
    at S0.next (https://www.greencity.cx.ua/chunk-NUXSP4TM.js:7:7687), [2026-03-15T12:00:21.408Z] [SEVERE] https://www.greencity.cx.ua/chunk-NUXSP4TM.js 10:45939 "ERROR" TypeError: Cannot read properties of null (reading 'setValue')
    at n.quillContentChanged (https://www.greencity.cx.ua/chunk-VNNOUBDJ.js:1:16043)
    at https://www.greencity.cx.ua/chunk-VNNOUBDJ.js:1:7223
    at eE (https://www.greencity.cx.ua/chunk-NUXSP4TM.js:11:76097)
    at Object.o [as next] (https://www.greencity.cx.ua/chunk-NUXSP4TM.js:11:76277)
    at bv.next (https://www.greencity.cx.ua/chunk-NUXSP4TM.js:7:3120)
    at Fr._next (https://www.greencity.cx.ua/chunk-NUXSP4TM.js:7:2803)
    at Fr.next (https://www.greencity.cx.ua/chunk-NUXSP4TM.js:7:2530)
    at https://www.greencity.cx.ua/chunk-NUXSP4TM.js:7:7848
    at Ac (https://www.greencity.cx.ua/chunk-NUXSP4TM.js:7:2222)
    at S0.next (https://www.greencity.cx.ua/chunk-NUXSP4TM.js:7:7687), [2026-03-15T12:00:21.411Z] [SEVERE] https://www.greencity.cx.ua/chunk-NUXSP4TM.js 10:45939 "ERROR" TypeError: Cannot read properties of null (reading 'setValue')
    at n.quillContentChanged (https://www.greencity.cx.ua/chunk-VNNOUBDJ.js:1:16043)
    at https://www.greencity.cx.ua/chunk-VNNOUBDJ.js:1:7223
    at eE (https://www.greencity.cx.ua/chunk-NUXSP4TM.js:11:76097)
    at Object.o [as next] (https://www.greencity.cx.ua/chunk-NUXSP4TM.js:11:76277)
    at bv.next (https://www.greencity.cx.ua/chunk-NUXSP4TM.js:7:3120)
    at Fr._next (https://www.greencity.cx.ua/chunk-NUXSP4TM.js:7:2803)
    at Fr.next (https://www.greencity.cx.ua/chunk-NUXSP4TM.js:7:2530)
    at https://www.greencity.cx.ua/chunk-NUXSP4TM.js:7:7848
    at Ac (https://www.greencity.cx.ua/chunk-NUXSP4TM.js:7:2222)
    at S0.next (https://www.greencity.cx.ua/chunk-NUXSP4TM.js:7:7687), [2026-03-15T12:00:21.413Z] [SEVERE] https://www.greencity.cx.ua/chunk-NUXSP4TM.js 10:45939 "ERROR" TypeError: Cannot read properties of null (reading 'setValue')
    at n.quillContentChanged (https://www.greencity.cx.ua/chunk-VNNOUBDJ.js:1:16043)
    at https://www.greencity.cx.ua/chunk-VNNOUBDJ.js:1:7223
    at eE (https://www.greencity.cx.ua/chunk-NUXSP4TM.js:11:76097)
    at Object.o [as next] (https://www.greencity.cx.ua/chunk-NUXSP4TM.js:11:76277)
    at bv.next (https://www.greencity.cx.ua/chunk-NUXSP4TM.js:7:3120)
    at Fr._next (https://www.greencity.cx.ua/chunk-NUXSP4TM.js:7:2803)
    at Fr.next (https://www.greencity.cx.ua/chunk-NUXSP4TM.js:7:2530)
    at https://www.greencity.cx.ua/chunk-NUXSP4TM.js:7:7848
    at Ac (https://www.greencity.cx.ua/chunk-NUXSP4TM.js:7:2222)
    at S0.next (https://www.greencity.cx.ua/chunk-NUXSP4TM.js:7:7687), [2026-03-15T12:00:21.415Z] [SEVERE] https://www.greencity.cx.ua/chunk-NUXSP4TM.js 10:45939 "ERROR" TypeError: Cannot read properties of null (reading 'setValue')
    at n.quillContentChanged (https://www.greencity.cx.ua/chunk-VNNOUBDJ.js:1:16043)
    at https://www.greencity.cx.ua/chunk-VNNOUBDJ.js:1:7223
    at eE (https://www.greencity.cx.ua/chunk-NUXSP4TM.js:11:76097)
    at Object.o [as next] (https://www.greencity.cx.ua/chunk-NUXSP4TM.js:11:76277)
    at bv.next (https://www.greencity.cx.ua/chunk-NUXSP4TM.js:7:3120)
    at Fr._next (https://www.greencity.cx.ua/chunk-NUXSP4TM.js:7:2803)
    at Fr.next (https://www.greencity.cx.ua/chunk-NUXSP4TM.js:7:2530)
    at https://www.greencity.cx.ua/chunk-NUXSP4TM.js:7:7848
    at Ac (https://www.greencity.cx.ua/chunk-NUXSP4TM.js:7:2222)
    at S0.next (https://www.greencity.cx.ua/chunk-NUXSP4TM.js:7:7687), [2026-03-15T12:00:21.418Z] [SEVERE] https://www.greencity.cx.ua/chunk-NUXSP4TM.js 10:45939 "ERROR" TypeError: Cannot read properties of null (reading 'setValue')
    at n.quillContentChanged (https://www.greencity.cx.ua/chunk-VNNOUBDJ.js:1:16043)
    at https://www.greencity.cx.ua/chunk-VNNOUBDJ.js:1:7223
    at eE (https://www.greencity.cx.ua/chunk-NUXSP4TM.js:11:76097)
    at Object.o [as next] (https://www.greencity.cx.ua/chunk-NUXSP4TM.js:11:76277)
    at bv.next (https://www.greencity.cx.ua/chunk-NUXSP4TM.js:7:3120)
    at Fr._next (https://www.greencity.cx.ua/chunk-NUXSP4TM.js:7:2803)
    at Fr.next (https://www.greencity.cx.ua/chunk-NUXSP4TM.js:7:2530)
    at https://www.greencity.cx.ua/chunk-NUXSP4TM.js:7:7848
    at Ac (https://www.greencity.cx.ua/chunk-NUXSP4TM.js:7:2222)
    at S0.next (https://www.greencity.cx.ua/chunk-NUXSP4TM.js:7:7687), [2026-03-15T12:00:21.420Z] [SEVERE] https://www.greencity.cx.ua/chunk-NUXSP4TM.js 10:45939 "ERROR" TypeError: Cannot read properties of null (reading 'setValue')
    at n.quillContentChanged (https://www.greencity.cx.ua/chunk-VNNOUBDJ.js:1:16043)
    at https://www.greencity.cx.ua/chunk-VNNOUBDJ.js:1:7223
    at eE (https://www.greencity.cx.ua/chunk-NUXSP4TM.js:11:76097)
    at Object.o [as next] (https://www.greencity.cx.ua/chunk-NUXSP4TM.js:11:76277)
    at bv.next (https://www.greencity.cx.ua/chunk-NUXSP4TM.js:7:3120)
    at Fr._next (https://www.greencity.cx.ua/chunk-NUXSP4TM.js:7:2803)
    at Fr.next (https://www.greencity.cx.ua/chunk-NUXSP4TM.js:7:2530)
    at https://www.greencity.cx.ua/chunk-NUXSP4TM.js:7:7848
    at Ac (https://www.greencity.cx.ua/chunk-NUXSP4TM.js:7:2222)
    at S0.next (https://www.greencity.cx.ua/chunk-NUXSP4TM.js:7:7687), [2026-03-15T12:00:21.422Z] [SEVERE] https://www.greencity.cx.ua/chunk-NUXSP4TM.js 10:45939 "ERROR" TypeError: Cannot read properties of null (reading 'setValue')
    at n.quillContentChanged (https://www.greencity.cx.ua/chunk-VNNOUBDJ.js:1:16043)
    at https://www.greencity.cx.ua/chunk-VNNOUBDJ.js:1:7223
    at eE (https://www.greencity.cx.ua/chunk-NUXSP4TM.js:11:76097)
    at Object.o [as next] (https://www.greencity.cx.ua/chunk-NUXSP4TM.js:11:76277)
    at bv.next (https://www.greencity.cx.ua/chunk-NUXSP4TM.js:7:3120)
    at Fr._next (https://www.greencity.cx.ua/chunk-NUXSP4TM.js:7:2803)
    at Fr.next (https://www.greencity.cx.ua/chunk-NUXSP4TM.js:7:2530)
    at https://www.greencity.cx.ua/chunk-NUXSP4TM.js:7:7848
    at Ac (https://www.greencity.cx.ua/chunk-NUXSP4TM.js:7:2222)
    at S0.next (https://www.greencity.cx.ua/chunk-NUXSP4TM.js:7:7687), [2026-03-15T12:00:21.425Z] [SEVERE] https://www.greencity.cx.ua/chunk-NUXSP4TM.js 10:45939 "ERROR" TypeError: Cannot read properties of null (reading 'setValue')
    at n.quillContentChanged (https://www.greencity.cx.ua/chunk-VNNOUBDJ.js:1:16043)
    at https://www.greencity.cx.ua/chunk-VNNOUBDJ.js:1:7223
    at eE (https://www.greencity.cx.ua/chunk-NUXSP4TM.js:11:76097)
    at Object.o [as next] (https://www.greencity.cx.ua/chunk-NUXSP4TM.js:11:76277)
    at bv.next (https://www.greencity.cx.ua/chunk-NUXSP4TM.js:7:3120)
    at Fr._next (https://www.greencity.cx.ua/chunk-NUXSP4TM.js:7:2803)
    at Fr.next (https://www.greencity.cx.ua/chunk-NUXSP4TM.js:7:2530)
    at https://www.greencity.cx.ua/chunk-NUXSP4TM.js:7:7848
    at Ac (https://www.greencity.cx.ua/chunk-NUXSP4TM.js:7:2222)
    at S0.next (https://www.greencity.cx.ua/chunk-NUXSP4TM.js:7:7687), [2026-03-15T12:00:21.428Z] [SEVERE] https://www.greencity.cx.ua/chunk-NUXSP4TM.js 10:45939 "ERROR" TypeError: Cannot read properties of null (reading 'setValue')
    at n.quillContentChanged (https://www.greencity.cx.ua/chunk-VNNOUBDJ.js:1:16043)
    at https://www.greencity.cx.ua/chunk-VNNOUBDJ.js:1:7223
    at eE (https://www.greencity.cx.ua/chunk-NUXSP4TM.js:11:76097)
    at Object.o [as next] (https://www.greencity.cx.ua/chunk-NUXSP4TM.js:11:76277)
    at bv.next (https://www.greencity.cx.ua/chunk-NUXSP4TM.js:7:3120)
    at Fr._next (https://www.greencity.cx.ua/chunk-NUXSP4TM.js:7:2803)
    at Fr.next (https://www.greencity.cx.ua/chunk-NUXSP4TM.js:7:2530)
    at https://www.greencity.cx.ua/chunk-NUXSP4TM.js:7:7848
    at Ac (https://www.greencity.cx.ua/chunk-NUXSP4TM.js:7:2222)
    at S0.next (https://www.greencity.cx.ua/chunk-NUXSP4TM.js:7:7687), [2026-03-15T12:00:21.431Z] [SEVERE] https://www.greencity.cx.ua/chunk-NUXSP4TM.js 10:45939 "ERROR" TypeError: Cannot read properties of null (reading 'setValue')
    at n.quillContentChanged (https://www.greencity.cx.ua/chunk-VNNOUBDJ.js:1:16043)
    at https://www.greencity.cx.ua/chunk-VNNOUBDJ.js:1:7223
    at eE (https://www.greencity.cx.ua/chunk-NUXSP4TM.js:11:76097)
    at Object.o [as next] (https://www.greencity.cx.ua/chunk-NUXSP4TM.js:11:76277)
    at bv.next (https://www.greencity.cx.ua/chunk-NUXSP4TM.js:7:3120)
    at Fr._next (https://www.greencity.cx.ua/chunk-NUXSP4TM.js:7:2803)
    at Fr.next (https://www.greencity.cx.ua/chunk-NUXSP4TM.js:7:2530)
    at https://www.greencity.cx.ua/chunk-NUXSP4TM.js:7:7848
    at Ac (https://www.greencity.cx.ua/chunk-NUXSP4TM.js:7:2222)
    at S0.next (https://www.greencity.cx.ua/chunk-NUXSP4TM.js:7:7687), [2026-03-15T12:00:21.433Z] [SEVERE] https://www.greencity.cx.ua/chunk-NUXSP4TM.js 10:45939 "ERROR" TypeError: Cannot read properties of null (reading 'setValue')
    at n.quillContentChanged (https://www.greencity.cx.ua/chunk-VNNOUBDJ.js:1:16043)
    at https://www.greencity.cx.ua/chunk-VNNOUBDJ.js:1:7223
    at eE (https://www.greencity.cx.ua/chunk-NUXSP4TM.js:11:76097)
    at Object.o [as next] (https://www.greencity.cx.ua/chunk-NUXSP4TM.js:11:76277)
    at bv.next (https://www.greencity.cx.ua/chunk-NUXSP4TM.js:7:3120)
    at Fr._next (https://www.greencity.cx.ua/chunk-NUXSP4TM.js:7:2803)
    at Fr.next (https://www.greencity.cx.ua/chunk-NUXSP4TM.js:7:2530)
    at https://www.greencity.cx.ua/chunk-NUXSP4TM.js:7:7848
    at Ac (https://www.greencity.cx.ua/chunk-NUXSP4TM.js:7:2222)
    at S0.next (https://www.greencity.cx.ua/chunk-NUXSP4TM.js:7:7687), [2026-03-15T12:00:21.436Z] [SEVERE] https://www.greencity.cx.ua/chunk-NUXSP4TM.js 10:45939 "ERROR" TypeError: Cannot read properties of null (reading 'setValue')
    at n.quillContentChanged (https://www.greencity.cx.ua/chunk-VNNOUBDJ.js:1:16043)
    at https://www.greencity.cx.ua/chunk-VNNOUBDJ.js:1:7223
    at eE (https://www.greencity.cx.ua/chunk-NUXSP4TM.js:11:76097)
    at Object.o [as next] (https://www.greencity.cx.ua/chunk-NUXSP4TM.js:11:76277)
    at bv.next (https://www.greencity.cx.ua/chunk-NUXSP4TM.js:7:3120)
    at Fr._next (https://www.greencity.cx.ua/chunk-NUXSP4TM.js:7:2803)
    at Fr.next (https://www.greencity.cx.ua/chunk-NUXSP4TM.js:7:2530)
    at https://www.greencity.cx.ua/chunk-NUXSP4TM.js:7:7848
    at Ac (https://www.greencity.cx.ua/chunk-NUXSP4TM.js:7:2222)
    at S0.next (https://www.greencity.cx.ua/chunk-NUXSP4TM.js:7:7687), [2026-03-15T12:00:21.439Z] [SEVERE] https://www.greencity.cx.ua/chunk-NUXSP4TM.js 10:45939 "ERROR" TypeError: Cannot read properties of null (reading 'setValue')
    at n.quillContentChanged (https://www.greencity.cx.ua/chunk-VNNOUBDJ.js:1:16043)
    at https://www.greencity.cx.ua/chunk-VNNOUBDJ.js:1:7223
    at eE (https://www.greencity.cx.ua/chunk-NUXSP4TM.js:11:76097)
    at Object.o [as next] (https://www.greencity.cx.ua/chunk-NUXSP4TM.js:11:76277)
    at bv.next (https://www.greencity.cx.ua/chunk-NUXSP4TM.js:7:3120)
    at Fr._next (https://www.greencity.cx.ua/chunk-NUXSP4TM.js:7:2803)
    at Fr.next (https://www.greencity.cx.ua/chunk-NUXSP4TM.js:7:2530)
    at https://www.greencity.cx.ua/chunk-NUXSP4TM.js:7:7848
    at Ac (https://www.greencity.cx.ua/chunk-NUXSP4TM.js:7:2222)
    at S0.next (https://www.greencity.cx.ua/chunk-NUXSP4TM.js:7:7687), [2026-03-15T12:00:21.441Z] [SEVERE] https://www.greencity.cx.ua/chunk-NUXSP4TM.js 10:45939 "ERROR" TypeError: Cannot read properties of null (reading 'setValue')
    at n.quillContentChanged (https://www.greencity.cx.ua/chunk-VNNOUBDJ.js:1:16043)
    at https://www.greencity.cx.ua/chunk-VNNOUBDJ.js:1:7223
    at eE (https://www.greencity.cx.ua/chunk-NUXSP4TM.js:11:76097)
    at Object.o [as next] (https://www.greencity.cx.ua/chunk-NUXSP4TM.js:11:76277)
    at bv.next (https://www.greencity.cx.ua/chunk-NUXSP4TM.js:7:3120)
    at Fr._next (https://www.greencity.cx.ua/chunk-NUXSP4TM.js:7:2803)
    at Fr.next (https://www.greencity.cx.ua/chunk-NUXSP4TM.js:7:2530)
    at https://www.greencity.cx.ua/chunk-NUXSP4TM.js:7:7848
    at Ac (https://www.greencity.cx.ua/chunk-NUXSP4TM.js:7:2222)
    at S0.next (https://www.greencity.cx.ua/chunk-NUXSP4TM.js:7:7687), [2026-03-15T12:00:21.445Z] [SEVERE] https://www.greencity.cx.ua/chunk-NUXSP4TM.js 10:45939 "ERROR" TypeError: Cannot read properties of null (reading 'setValue')
    at n.quillContentChanged (https://www.greencity.cx.ua/chunk-VNNOUBDJ.js:1:16043)
    at https://www.greencity.cx.ua/chunk-VNNOUBDJ.js:1:7223
    at eE (https://www.greencity.cx.ua/chunk-NUXSP4TM.js:11:76097)
    at Object.o [as next] (https://www.greencity.cx.ua/chunk-NUXSP4TM.js:11:76277)
    at bv.next (https://www.greencity.cx.ua/chunk-NUXSP4TM.js:7:3120)
    at Fr._next (https://www.greencity.cx.ua/chunk-NUXSP4TM.js:7:2803)
    at Fr.next (https://www.greencity.cx.ua/chunk-NUXSP4TM.js:7:2530)
    at https://www.greencity.cx.ua/chunk-NUXSP4TM.js:7:7848
    at Ac (https://www.greencity.cx.ua/chunk-NUXSP4TM.js:7:2222)
    at S0.next (https://www.greencity.cx.ua/chunk-NUXSP4TM.js:7:7687), [2026-03-15T12:00:21.447Z] [SEVERE] https://www.greencity.cx.ua/chunk-NUXSP4TM.js 10:45939 "ERROR" TypeError: Cannot read properties of null (reading 'setValue')
    at n.quillContentChanged (https://www.greencity.cx.ua/chunk-VNNOUBDJ.js:1:16043)
    at https://www.greencity.cx.ua/chunk-VNNOUBDJ.js:1:7223
    at eE (https://www.greencity.cx.ua/chunk-NUXSP4TM.js:11:76097)
    at Object.o [as next] (https://www.greencity.cx.ua/chunk-NUXSP4TM.js:11:76277)
    at bv.next (https://www.greencity.cx.ua/chunk-NUXSP4TM.js:7:3120)
    at Fr._next (https://www.greencity.cx.ua/chunk-NUXSP4TM.js:7:2803)
    at Fr.next (https://www.greencity.cx.ua/chunk-NUXSP4TM.js:7:2530)
    at https://www.greencity.cx.ua/chunk-NUXSP4TM.js:7:7848
    at Ac (https://www.greencity.cx.ua/chunk-NUXSP4TM.js:7:2222)
    at S0.next (https://www.greencity.cx.ua/chunk-NUXSP4TM.js:7:7687), [2026-03-15T12:00:21.450Z] [SEVERE] https://www.greencity.cx.ua/chunk-NUXSP4TM.js 10:45939 "ERROR" TypeError: Cannot read properties of null (reading 'setValue')
    at n.quillContentChanged (https://www.greencity.cx.ua/chunk-VNNOUBDJ.js:1:16043)
    at https://www.greencity.cx.ua/chunk-VNNOUBDJ.js:1:7223
    at eE (https://www.greencity.cx.ua/chunk-NUXSP4TM.js:11:76097)
    at Object.o [as next] (https://www.greencity.cx.ua/chunk-NUXSP4TM.js:11:76277)
    at bv.next (https://www.greencity.cx.ua/chunk-NUXSP4TM.js:7:3120)
    at Fr._next (https://www.greencity.cx.ua/chunk-NUXSP4TM.js:7:2803)
    at Fr.next (https://www.greencity.cx.ua/chunk-NUXSP4TM.js:7:2530)
    at https://www.greencity.cx.ua/chunk-NUXSP4TM.js:7:7848
    at Ac (https://www.greencity.cx.ua/chunk-NUXSP4TM.js:7:2222)
    at S0.next (https://www.greencity.cx.ua/chunk-NUXSP4TM.js:7:7687), [2026-03-15T12:00:21.455Z] [SEVERE] https://www.greencity.cx.ua/chunk-NUXSP4TM.js 10:45939 "ERROR" TypeError: Cannot read properties of null (reading 'setValue')
    at n.quillContentChanged (https://www.greencity.cx.ua/chunk-VNNOUBDJ.js:1:16043)
    at https://www.greencity.cx.ua/chunk-VNNOUBDJ.js:1:7223
    at eE (https://www.greencity.cx.ua/chunk-NUXSP4TM.js:11:76097)
    at Object.o [as next] (https://www.greencity.cx.ua/chunk-NUXSP4TM.js:11:76277)
    at bv.next (https://www.greencity.cx.ua/chunk-NUXSP4TM.js:7:3120)
    at Fr._next (https://www.greencity.cx.ua/chunk-NUXSP4TM.js:7:2803)
    at Fr.next (https://www.greencity.cx.ua/chunk-NUXSP4TM.js:7:2530)
    at https://www.greencity.cx.ua/chunk-NUXSP4TM.js:7:7848
    at Ac (https://www.greencity.cx.ua/chunk-NUXSP4TM.js:7:2222)
    at S0.next (https://www.greencity.cx.ua/chunk-NUXSP4TM.js:7:7687), [2026-03-15T12:00:21.456Z] [SEVERE] https://www.greencity.cx.ua/chunk-NUXSP4TM.js 10:45939 "ERROR" TypeError: Cannot read properties of null (reading 'setValue')
    at n.quillContentChanged (https://www.greencity.cx.ua/chunk-VNNOUBDJ.js:1:16043)
    at https://www.greencity.cx.ua/chunk-VNNOUBDJ.js:1:7223
    at eE (https://www.greencity.cx.ua/chunk-NUXSP4TM.js:11:76097)
    at Object.o [as next] (https://www.greencity.cx.ua/chunk-NUXSP4TM.js:11:76277)
    at bv.next (https://www.greencity.cx.ua/chunk-NUXSP4TM.js:7:3120)
    at Fr._next (https://www.greencity.cx.ua/chunk-NUXSP4TM.js:7:2803)
    at Fr.next (https://www.greencity.cx.ua/chunk-NUXSP4TM.js:7:2530)
    at https://www.greencity.cx.ua/chunk-NUXSP4TM.js:7:7848
    at Ac (https://www.greencity.cx.ua/chunk-NUXSP4TM.js:7:2222)
    at S0.next (https://www.greencity.cx.ua/chunk-NUXSP4TM.js:7:7687), [2026-03-15T12:00:21.458Z] [SEVERE] https://www.greencity.cx.ua/chunk-NUXSP4TM.js 10:45939 "ERROR" TypeError: Cannot read properties of null (reading 'setValue')
    at n.quillContentChanged (https://www.greencity.cx.ua/chunk-VNNOUBDJ.js:1:16043)
    at https://www.greencity.cx.ua/chunk-VNNOUBDJ.js:1:7223
    at eE (https://www.greencity.cx.ua/chunk-NUXSP4TM.js:11:76097)
    at Object.o [as next] (https://www.greencity.cx.ua/chunk-NUXSP4TM.js:11:76277)
    at bv.next (https://www.greencity.cx.ua/chunk-NUXSP4TM.js:7:3120)
    at Fr._next (https://www.greencity.cx.ua/chunk-NUXSP4TM.js:7:2803)
    at Fr.next (https://www.greencity.cx.ua/chunk-NUXSP4TM.js:7:2530)
    at https://www.greencity.cx.ua/chunk-NUXSP4TM.js:7:7848
    at Ac (https://www.greencity.cx.ua/chunk-NUXSP4TM.js:7:2222)
    at S0.next (https://www.greencity.cx.ua/chunk-NUXSP4TM.js:7:7687), [2026-03-15T12:00:21.461Z] [SEVERE] https://www.greencity.cx.ua/chunk-NUXSP4TM.js 10:45939 "ERROR" TypeError: Cannot read properties of null (reading 'setValue')
    at n.quillContentChanged (https://www.greencity.cx.ua/chunk-VNNOUBDJ.js:1:16043)
    at https://www.greencity.cx.ua/chunk-VNNOUBDJ.js:1:7223
    at eE (https://www.greencity.cx.ua/chunk-NUXSP4TM.js:11:76097)
    at Object.o [as next] (https://www.greencity.cx.ua/chunk-NUXSP4TM.js:11:76277)
    at bv.next (https://www.greencity.cx.ua/chunk-NUXSP4TM.js:7:3120)
    at Fr._next (https://www.greencity.cx.ua/chunk-NUXSP4TM.js:7:2803)
    at Fr.next (https://www.greencity.cx.ua/chunk-NUXSP4TM.js:7:2530)
    at https://www.greencity.cx.ua/chunk-NUXSP4TM.js:7:7848
    at Ac (https://www.greencity.cx.ua/chunk-NUXSP4TM.js:7:2222)
    at S0.next (https://www.greencity.cx.ua/chunk-NUXSP4TM.js:7:7687), [2026-03-15T12:00:21.464Z] [SEVERE] https://www.greencity.cx.ua/chunk-NUXSP4TM.js 10:45939 "ERROR" TypeError: Cannot read properties of null (reading 'setValue')
    at n.quillContentChanged (https://www.greencity.cx.ua/chunk-VNNOUBDJ.js:1:16043)
    at https://www.greencity.cx.ua/chunk-VNNOUBDJ.js:1:7223
    at eE (https://www.greencity.cx.ua/chunk-NUXSP4TM.js:11:76097)
    at Object.o [as next] (https://www.greencity.cx.ua/chunk-NUXSP4TM.js:11:76277)
    at bv.next (https://www.greencity.cx.ua/chunk-NUXSP4TM.js:7:3120)
    at Fr._next (https://www.greencity.cx.ua/chunk-NUXSP4TM.js:7:2803)
    at Fr.next (https://www.greencity.cx.ua/chunk-NUXSP4TM.js:7:2530)
    at https://www.greencity.cx.ua/chunk-NUXSP4TM.js:7:7848
    at Ac (https://www.greencity.cx.ua/chunk-NUXSP4TM.js:7:2222)
    at S0.next (https://www.greencity.cx.ua/chunk-NUXSP4TM.js:7:7687), [2026-03-15T12:00:21.466Z] [SEVERE] https://www.greencity.cx.ua/chunk-NUXSP4TM.js 10:45939 "ERROR" TypeError: Cannot read properties of null (reading 'setValue')
    at n.quillContentChanged (https://www.greencity.cx.ua/chunk-VNNOUBDJ.js:1:16043)
    at https://www.greencity.cx.ua/chunk-VNNOUBDJ.js:1:7223
    at eE (https://www.greencity.cx.ua/chunk-NUXSP4TM.js:11:76097)
    at Object.o [as next] (https://www.greencity.cx.ua/chunk-NUXSP4TM.js:11:76277)
    at bv.next (https://www.greencity.cx.ua/chunk-NUXSP4TM.js:7:3120)
    at Fr._next (https://www.greencity.cx.ua/chunk-NUXSP4TM.js:7:2803)
    at Fr.next (https://www.greencity.cx.ua/chunk-NUXSP4TM.js:7:2530)
    at https://www.greencity.cx.ua/chunk-NUXSP4TM.js:7:7848
    at Ac (https://www.greencity.cx.ua/chunk-NUXSP4TM.js:7:2222)
    at S0.next (https://www.greencity.cx.ua/chunk-NUXSP4TM.js:7:7687), [2026-03-15T12:00:21.469Z] [SEVERE] https://www.greencity.cx.ua/chunk-NUXSP4TM.js 10:45939 "ERROR" TypeError: Cannot read properties of null (reading 'setValue')
    at n.quillContentChanged (https://www.greencity.cx.ua/chunk-VNNOUBDJ.js:1:16043)
    at https://www.greencity.cx.ua/chunk-VNNOUBDJ.js:1:7223
    at eE (https://www.greencity.cx.ua/chunk-NUXSP4TM.js:11:76097)
    at Object.o [as next] (https://www.greencity.cx.ua/chunk-NUXSP4TM.js:11:76277)
    at bv.next (https://www.greencity.cx.ua/chunk-NUXSP4TM.js:7:3120)
    at Fr._next (https://www.greencity.cx.ua/chunk-NUXSP4TM.js:7:2803)
    at Fr.next (https://www.greencity.cx.ua/chunk-NUXSP4TM.js:7:2530)
    at https://www.greencity.cx.ua/chunk-NUXSP4TM.js:7:7848
    at Ac (https://www.greencity.cx.ua/chunk-NUXSP4TM.js:7:2222)
    at S0.next (https://www.greencity.cx.ua/chunk-NUXSP4TM.js:7:7687), [2026-03-15T12:00:21.472Z] [SEVERE] https://www.greencity.cx.ua/chunk-NUXSP4TM.js 10:45939 "ERROR" TypeError: Cannot read properties of null (reading 'setValue')
    at n.quillContentChanged (https://www.greencity.cx.ua/chunk-VNNOUBDJ.js:1:16043)
    at https://www.greencity.cx.ua/chunk-VNNOUBDJ.js:1:7223
    at eE (https://www.greencity.cx.ua/chunk-NUXSP4TM.js:11:76097)
    at Object.o [as next] (https://www.greencity.cx.ua/chunk-NUXSP4TM.js:11:76277)
    at bv.next (https://www.greencity.cx.ua/chunk-NUXSP4TM.js:7:3120)
    at Fr._next (https://www.greencity.cx.ua/chunk-NUXSP4TM.js:7:2803)
    at Fr.next (https://www.greencity.cx.ua/chunk-NUXSP4TM.js:7:2530)
    at https://www.greencity.cx.ua/chunk-NUXSP4TM.js:7:7848
    at Ac (https://www.greencity.cx.ua/chunk-NUXSP4TM.js:7:2222)
    at S0.next (https://www.greencity.cx.ua/chunk-NUXSP4TM.js:7:7687), [2026-03-15T12:00:21.474Z] [SEVERE] https://www.greencity.cx.ua/chunk-NUXSP4TM.js 10:45939 "ERROR" TypeError: Cannot read properties of null (reading 'setValue')
    at n.quillContentChanged (https://www.greencity.cx.ua/chunk-VNNOUBDJ.js:1:16043)
    at https://www.greencity.cx.ua/chunk-VNNOUBDJ.js:1:7223
    at eE (https://www.greencity.cx.ua/chunk-NUXSP4TM.js:11:76097)
    at Object.o [as next] (https://www.greencity.cx.ua/chunk-NUXSP4TM.js:11:76277)
    at bv.next (https://www.greencity.cx.ua/chunk-NUXSP4TM.js:7:3120)
    at Fr._next (https://www.greencity.cx.ua/chunk-NUXSP4TM.js:7:2803)
    at Fr.next (https://www.greencity.cx.ua/chunk-NUXSP4TM.js:7:2530)
    at https://www.greencity.cx.ua/chunk-NUXSP4TM.js:7:7848
    at Ac (https://www.greencity.cx.ua/chunk-NUXSP4TM.js:7:2222)
    at S0.next (https://www.greencity.cx.ua/chunk-NUXSP4TM.js:7:7687), [2026-03-15T12:00:21.477Z] [SEVERE] https://www.greencity.cx.ua/chunk-NUXSP4TM.js 10:45939 "ERROR" TypeError: Cannot read properties of null (reading 'setValue')
    at n.quillContentChanged (https://www.greencity.cx.ua/chunk-VNNOUBDJ.js:1:16043)
    at https://www.greencity.cx.ua/chunk-VNNOUBDJ.js:1:7223
    at eE (https://www.greencity.cx.ua/chunk-NUXSP4TM.js:11:76097)
    at Object.o [as next] (https://www.greencity.cx.ua/chunk-NUXSP4TM.js:11:76277)
    at bv.next (https://www.greencity.cx.ua/chunk-NUXSP4TM.js:7:3120)
    at Fr._next (https://www.greencity.cx.ua/chunk-NUXSP4TM.js:7:2803)
    at Fr.next (https://www.greencity.cx.ua/chunk-NUXSP4TM.js:7:2530)
    at https://www.greencity.cx.ua/chunk-NUXSP4TM.js:7:7848
    at Ac (https://www.greencity.cx.ua/chunk-NUXSP4TM.js:7:2222)
    at S0.next (https://www.greencity.cx.ua/chunk-NUXSP4TM.js:7:7687), [2026-03-15T12:00:21.479Z] [SEVERE] https://www.greencity.cx.ua/chunk-NUXSP4TM.js 10:45939 "ERROR" TypeError: Cannot read properties of null (reading 'setValue')
    at n.quillContentChanged (https://www.greencity.cx.ua/chunk-VNNOUBDJ.js:1:16043)
    at https://www.greencity.cx.ua/chunk-VNNOUBDJ.js:1:7223
    at eE (https://www.greencity.cx.ua/chunk-NUXSP4TM.js:11:76097)
    at Object.o [as next] (https://www.greencity.cx.ua/chunk-NUXSP4TM.js:11:76277)
    at bv.next (https://www.greencity.cx.ua/chunk-NUXSP4TM.js:7:3120)
    at Fr._next (https://www.greencity.cx.ua/chunk-NUXSP4TM.js:7:2803)
    at Fr.next (https://www.greencity.cx.ua/chunk-NUXSP4TM.js:7:2530)
    at https://www.greencity.cx.ua/chunk-NUXSP4TM.js:7:7848
    at Ac (https://www.greencity.cx.ua/chunk-NUXSP4TM.js:7:2222)
    at S0.next (https://www.greencity.cx.ua/chunk-NUXSP4TM.js:7:7687), [2026-03-15T12:00:21.482Z] [SEVERE] https://www.greencity.cx.ua/chunk-NUXSP4TM.js 10:45939 "ERROR" TypeError: Cannot read properties of null (reading 'setValue')
    at n.quillContentChanged (https://www.greencity.cx.ua/chunk-VNNOUBDJ.js:1:16043)
    at https://www.greencity.cx.ua/chunk-VNNOUBDJ.js:1:7223
    at eE (https://www.greencity.cx.ua/chunk-NUXSP4TM.js:11:76097)
    at Object.o [as next] (https://www.greencity.cx.ua/chunk-NUXSP4TM.js:11:76277)
    at bv.next (https://www.greencity.cx.ua/chunk-NUXSP4TM.js:7:3120)
    at Fr._next (https://www.greencity.cx.ua/chunk-NUXSP4TM.js:7:2803)
    at Fr.next (https://www.greencity.cx.ua/chunk-NUXSP4TM.js:7:2530)
    at https://www.greencity.cx.ua/chunk-NUXSP4TM.js:7:7848
    at Ac (https://www.greencity.cx.ua/chunk-NUXSP4TM.js:7:2222)
    at S0.next (https://www.greencity.cx.ua/chunk-NUXSP4TM.js:7:7687), [2026-03-15T12:00:21.485Z] [SEVERE] https://www.greencity.cx.ua/chunk-NUXSP4TM.js 10:45939 "ERROR" TypeError: Cannot read properties of null (reading 'setValue')
    at n.quillContentChanged (https://www.greencity.cx.ua/chunk-VNNOUBDJ.js:1:16043)
    at https://www.greencity.cx.ua/chunk-VNNOUBDJ.js:1:7223
    at eE (https://www.greencity.cx.ua/chunk-NUXSP4TM.js:11:76097)
    at Object.o [as next] (https://www.greencity.cx.ua/chunk-NUXSP4TM.js:11:76277)
    at bv.next (https://www.greencity.cx.ua/chunk-NUXSP4TM.js:7:3120)
    at Fr._next (https://www.greencity.cx.ua/chunk-NUXSP4TM.js:7:2803)
    at Fr.next (https://www.greencity.cx.ua/chunk-NUXSP4TM.js:7:2530)
    at https://www.greencity.cx.ua/chunk-NUXSP4TM.js:7:7848
    at Ac (https://www.greencity.cx.ua/chunk-NUXSP4TM.js:7:2222)
    at S0.next (https://www.greencity.cx.ua/chunk-NUXSP4TM.js:7:7687), [2026-03-15T12:00:21.487Z] [SEVERE] https://www.greencity.cx.ua/chunk-NUXSP4TM.js 10:45939 "ERROR" TypeError: Cannot read properties of null (reading 'setValue')
    at n.quillContentChanged (https://www.greencity.cx.ua/chunk-VNNOUBDJ.js:1:16043)
    at https://www.greencity.cx.ua/chunk-VNNOUBDJ.js:1:7223
    at eE (https://www.greencity.cx.ua/chunk-NUXSP4TM.js:11:76097)
    at Object.o [as next] (https://www.greencity.cx.ua/chunk-NUXSP4TM.js:11:76277)
    at bv.next (https://www.greencity.cx.ua/chunk-NUXSP4TM.js:7:3120)
    at Fr._next (https://www.greencity.cx.ua/chunk-NUXSP4TM.js:7:2803)
    at Fr.next (https://www.greencity.cx.ua/chunk-NUXSP4TM.js:7:2530)
    at https://www.greencity.cx.ua/chunk-NUXSP4TM.js:7:7848
    at Ac (https://www.greencity.cx.ua/chunk-NUXSP4TM.js:7:2222)
    at S0.next (https://www.greencity.cx.ua/chunk-NUXSP4TM.js:7:7687), [2026-03-15T12:00:21.490Z] [SEVERE] https://www.greencity.cx.ua/chunk-NUXSP4TM.js 10:45939 "ERROR" TypeError: Cannot read properties of null (reading 'setValue')
    at n.quillContentChanged (https://www.greencity.cx.ua/chunk-VNNOUBDJ.js:1:16043)
    at https://www.greencity.cx.ua/chunk-VNNOUBDJ.js:1:7223
    at eE (https://www.greencity.cx.ua/chunk-NUXSP4TM.js:11:76097)
    at Object.o [as next] (https://www.greencity.cx.ua/chunk-NUXSP4TM.js:11:76277)
    at bv.next (https://www.greencity.cx.ua/chunk-NUXSP4TM.js:7:3120)
    at Fr._next (https://www.greencity.cx.ua/chunk-NUXSP4TM.js:7:2803)
    at Fr.next (https://www.greencity.cx.ua/chunk-NUXSP4TM.js:7:2530)
    at https://www.greencity.cx.ua/chunk-NUXSP4TM.js:7:7848
    at Ac (https://www.greencity.cx.ua/chunk-NUXSP4TM.js:7:2222)
    at S0.next (https://www.greencity.cx.ua/chunk-NUXSP4TM.js:7:7687), [2026-03-15T12:00:21.493Z] [SEVERE] https://www.greencity.cx.ua/chunk-NUXSP4TM.js 10:45939 "ERROR" TypeError: Cannot read properties of null (reading 'setValue')
    at n.quillContentChanged (https://www.greencity.cx.ua/chunk-VNNOUBDJ.js:1:16043)
    at https://www.greencity.cx.ua/chunk-VNNOUBDJ.js:1:7223
    at eE (https://www.greencity.cx.ua/chunk-NUXSP4TM.js:11:76097)
    at Object.o [as next] (https://www.greencity.cx.ua/chunk-NUXSP4TM.js:11:76277)
    at bv.next (https://www.greencity.cx.ua/chunk-NUXSP4TM.js:7:3120)
    at Fr._next (https://www.greencity.cx.ua/chunk-NUXSP4TM.js:7:2803)
    at Fr.next (https://www.greencity.cx.ua/chunk-NUXSP4TM.js:7:2530)
    at https://www.greencity.cx.ua/chunk-NUXSP4TM.js:7:7848
    at Ac (https://www.greencity.cx.ua/chunk-NUXSP4TM.js:7:2222)
    at S0.next (https://www.greencity.cx.ua/chunk-NUXSP4TM.js:7:7687), [2026-03-15T12:00:21.495Z] [SEVERE] https://www.greencity.cx.ua/chunk-NUXSP4TM.js 10:45939 "ERROR" TypeError: Cannot read properties of null (reading 'setValue')
    at n.quillContentChanged (https://www.greencity.cx.ua/chunk-VNNOUBDJ.js:1:16043)
    at https://www.greencity.cx.ua/chunk-VNNOUBDJ.js:1:7223
    at eE (https://www.greencity.cx.ua/chunk-NUXSP4TM.js:11:76097)
    at Object.o [as next] (https://www.greencity.cx.ua/chunk-NUXSP4TM.js:11:76277)
    at bv.next (https://www.greencity.cx.ua/chunk-NUXSP4TM.js:7:3120)
    at Fr._next (https://www.greencity.cx.ua/chunk-NUXSP4TM.js:7:2803)
    at Fr.next (https://www.greencity.cx.ua/chunk-NUXSP4TM.js:7:2530)
    at https://www.greencity.cx.ua/chunk-NUXSP4TM.js:7:7848
    at Ac (https://www.greencity.cx.ua/chunk-NUXSP4TM.js:7:2222)
    at S0.next (https://www.greencity.cx.ua/chunk-NUXSP4TM.js:7:7687), [2026-03-15T12:00:21.498Z] [SEVERE] https://www.greencity.cx.ua/chunk-NUXSP4TM.js 10:45939 "ERROR" TypeError: Cannot read properties of null (reading 'setValue')
    at n.quillContentChanged (https://www.greencity.cx.ua/chunk-VNNOUBDJ.js:1:16043)
    at https://www.greencity.cx.ua/chunk-VNNOUBDJ.js:1:7223
    at eE (https://www.greencity.cx.ua/chunk-NUXSP4TM.js:11:76097)
    at Object.o [as next] (https://www.greencity.cx.ua/chunk-NUXSP4TM.js:11:76277)
    at bv.next (https://www.greencity.cx.ua/chunk-NUXSP4TM.js:7:3120)
    at Fr._next (https://www.greencity.cx.ua/chunk-NUXSP4TM.js:7:2803)
    at Fr.next (https://www.greencity.cx.ua/chunk-NUXSP4TM.js:7:2530)
    at https://www.greencity.cx.ua/chunk-NUXSP4TM.js:7:7848
    at Ac (https://www.greencity.cx.ua/chunk-NUXSP4TM.js:7:2222)
    at S0.next (https://www.greencity.cx.ua/chunk-NUXSP4TM.js:7:7687), [2026-03-15T12:00:21.500Z] [SEVERE] https://www.greencity.cx.ua/chunk-NUXSP4TM.js 10:45939 "ERROR" TypeError: Cannot read properties of null (reading 'setValue')
    at n.quillContentChanged (https://www.greencity.cx.ua/chunk-VNNOUBDJ.js:1:16043)
    at https://www.greencity.cx.ua/chunk-VNNOUBDJ.js:1:7223
    at eE (https://www.greencity.cx.ua/chunk-NUXSP4TM.js:11:76097)
    at Object.o [as next] (https://www.greencity.cx.ua/chunk-NUXSP4TM.js:11:76277)
    at bv.next (https://www.greencity.cx.ua/chunk-NUXSP4TM.js:7:3120)
    at Fr._next (https://www.greencity.cx.ua/chunk-NUXSP4TM.js:7:2803)
    at Fr.next (https://www.greencity.cx.ua/chunk-NUXSP4TM.js:7:2530)
    at https://www.greencity.cx.ua/chunk-NUXSP4TM.js:7:7848
    at Ac (https://www.greencity.cx.ua/chunk-NUXSP4TM.js:7:2222)
    at S0.next (https://www.greencity.cx.ua/chunk-NUXSP4TM.js:7:7687), [2026-03-15T12:00:21.503Z] [SEVERE] https://www.greencity.cx.ua/chunk-NUXSP4TM.js 10:45939 "ERROR" TypeError: Cannot read properties of null (reading 'setValue')
    at n.quillContentChanged (https://www.greencity.cx.ua/chunk-VNNOUBDJ.js:1:16043)
    at https://www.greencity.cx.ua/chunk-VNNOUBDJ.js:1:7223
    at eE (https://www.greencity.cx.ua/chunk-NUXSP4TM.js:11:76097)
    at Object.o [as next] (https://www.greencity.cx.ua/chunk-NUXSP4TM.js:11:76277)
    at bv.next (https://www.greencity.cx.ua/chunk-NUXSP4TM.js:7:3120)
    at Fr._next (https://www.greencity.cx.ua/chunk-NUXSP4TM.js:7:2803)
    at Fr.next (https://www.greencity.cx.ua/chunk-NUXSP4TM.js:7:2530)
    at https://www.greencity.cx.ua/chunk-NUXSP4TM.js:7:7848
    at Ac (https://www.greencity.cx.ua/chunk-NUXSP4TM.js:7:2222)
    at S0.next (https://www.greencity.cx.ua/chunk-NUXSP4TM.js:7:7687), [2026-03-15T12:00:21.505Z] [SEVERE] https://www.greencity.cx.ua/chunk-NUXSP4TM.js 10:45939 "ERROR" TypeError: Cannot read properties of null (reading 'setValue')
    at n.quillContentChanged (https://www.greencity.cx.ua/chunk-VNNOUBDJ.js:1:16043)
    at https://www.greencity.cx.ua/chunk-VNNOUBDJ.js:1:7223
    at eE (https://www.greencity.cx.ua/chunk-NUXSP4TM.js:11:76097)
    at Object.o [as next] (https://www.greencity.cx.ua/chunk-NUXSP4TM.js:11:76277)
    at bv.next (https://www.greencity.cx.ua/chunk-NUXSP4TM.js:7:3120)
    at Fr._next (https://www.greencity.cx.ua/chunk-NUXSP4TM.js:7:2803)
    at Fr.next (https://www.greencity.cx.ua/chunk-NUXSP4TM.js:7:2530)
    at https://www.greencity.cx.ua/chunk-NUXSP4TM.js:7:7848
    at Ac (https://www.greencity.cx.ua/chunk-NUXSP4TM.js:7:2222)
    at S0.next (https://www.greencity.cx.ua/chunk-NUXSP4TM.js:7:7687), [2026-03-15T12:00:21.508Z] [SEVERE] https://www.greencity.cx.ua/chunk-NUXSP4TM.js 10:45939 "ERROR" TypeError: Cannot read properties of null (reading 'setValue')
    at n.quillContentChanged (https://www.greencity.cx.ua/chunk-VNNOUBDJ.js:1:16043)
    at https://www.greencity.cx.ua/chunk-VNNOUBDJ.js:1:7223
    at eE (https://www.greencity.cx.ua/chunk-NUXSP4TM.js:11:76097)
    at Object.o [as next] (https://www.greencity.cx.ua/chunk-NUXSP4TM.js:11:76277)
    at bv.next (https://www.greencity.cx.ua/chunk-NUXSP4TM.js:7:3120)
    at Fr._next (https://www.greencity.cx.ua/chunk-NUXSP4TM.js:7:2803)
    at Fr.next (https://www.greencity.cx.ua/chunk-NUXSP4TM.js:7:2530)
    at https://www.greencity.cx.ua/chunk-NUXSP4TM.js:7:7848
    at Ac (https://www.greencity.cx.ua/chunk-NUXSP4TM.js:7:2222)
    at S0.next (https://www.greencity.cx.ua/chunk-NUXSP4TM.js:7:7687), [2026-03-15T12:00:21.511Z] [SEVERE] https://www.greencity.cx.ua/chunk-NUXSP4TM.js 10:45939 "ERROR" TypeError: Cannot read properties of null (reading 'setValue')
    at n.quillContentChanged (https://www.greencity.cx.ua/chunk-VNNOUBDJ.js:1:16043)
    at https://www.greencity.cx.ua/chunk-VNNOUBDJ.js:1:7223
    at eE (https://www.greencity.cx.ua/chunk-NUXSP4TM.js:11:76097)
    at Object.o [as next] (https://www.greencity.cx.ua/chunk-NUXSP4TM.js:11:76277)
    at bv.next (https://www.greencity.cx.ua/chunk-NUXSP4TM.js:7:3120)
    at Fr._next (https://www.greencity.cx.ua/chunk-NUXSP4TM.js:7:2803)
    at Fr.next (https://www.greencity.cx.ua/chunk-NUXSP4TM.js:7:2530)
    at https://www.greencity.cx.ua/chunk-NUXSP4TM.js:7:7848
    at Ac (https://www.greencity.cx.ua/chunk-NUXSP4TM.js:7:2222)
    at S0.next (https://www.greencity.cx.ua/chunk-NUXSP4TM.js:7:7687), [2026-03-15T12:00:21.513Z] [SEVERE] https://www.greencity.cx.ua/chunk-NUXSP4TM.js 10:45939 "ERROR" TypeError: Cannot read properties of null (reading 'setValue')
    at n.quillContentChanged (https://www.greencity.cx.ua/chunk-VNNOUBDJ.js:1:16043)
    at https://www.greencity.cx.ua/chunk-VNNOUBDJ.js:1:7223
    at eE (https://www.greencity.cx.ua/chunk-NUXSP4TM.js:11:76097)
    at Object.o [as next] (https://www.greencity.cx.ua/chunk-NUXSP4TM.js:11:76277)
    at bv.next (https://www.greencity.cx.ua/chunk-NUXSP4TM.js:7:3120)
    at Fr._next (https://www.greencity.cx.ua/chunk-NUXSP4TM.js:7:2803)
    at Fr.next (https://www.greencity.cx.ua/chunk-NUXSP4TM.js:7:2530)
    at https://www.greencity.cx.ua/chunk-NUXSP4TM.js:7:7848
    at Ac (https://www.greencity.cx.ua/chunk-NUXSP4TM.js:7:2222)
    at S0.next (https://www.greencity.cx.ua/chunk-NUXSP4TM.js:7:7687), [2026-03-15T12:00:21.515Z] [SEVERE] https://www.greencity.cx.ua/chunk-NUXSP4TM.js 10:45939 "ERROR" TypeError: Cannot read properties of null (reading 'setValue')
    at n.quillContentChanged (https://www.greencity.cx.ua/chunk-VNNOUBDJ.js:1:16043)
    at https://www.greencity.cx.ua/chunk-VNNOUBDJ.js:1:7223
    at eE (https://www.greencity.cx.ua/chunk-NUXSP4TM.js:11:76097)
    at Object.o [as next] (https://www.greencity.cx.ua/chunk-NUXSP4TM.js:11:76277)
    at bv.next (https://www.greencity.cx.ua/chunk-NUXSP4TM.js:7:3120)
    at Fr._next (https://www.greencity.cx.ua/chunk-NUXSP4TM.js:7:2803)
    at Fr.next (https://www.greencity.cx.ua/chunk-NUXSP4TM.js:7:2530)
    at https://www.greencity.cx.ua/chunk-NUXSP4TM.js:7:7848
    at Ac (https://www.greencity.cx.ua/chunk-NUXSP4TM.js:7:2222)
    at S0.next (https://www.greencity.cx.ua/chunk-NUXSP4TM.js:7:7687), [2026-03-15T12:00:21.518Z] [SEVERE] https://www.greencity.cx.ua/chunk-NUXSP4TM.js 10:45939 "ERROR" TypeError: Cannot read properties of null (reading 'setValue')
    at n.quillContentChanged (https://www.greencity.cx.ua/chunk-VNNOUBDJ.js:1:16043)
    at https://www.greencity.cx.ua/chunk-VNNOUBDJ.js:1:7223
    at eE (https://www.greencity.cx.ua/chunk-NUXSP4TM.js:11:76097)
    at Object.o [as next] (https://www.greencity.cx.ua/chunk-NUXSP4TM.js:11:76277)
    at bv.next (https://www.greencity.cx.ua/chunk-NUXSP4TM.js:7:3120)
    at Fr._next (https://www.greencity.cx.ua/chunk-NUXSP4TM.js:7:2803)
    at Fr.next (https://www.greencity.cx.ua/chunk-NUXSP4TM.js:7:2530)
    at https://www.greencity.cx.ua/chunk-NUXSP4TM.js:7:7848
    at Ac (https://www.greencity.cx.ua/chunk-NUXSP4TM.js:7:2222)
    at S0.next (https://www.greencity.cx.ua/chunk-NUXSP4TM.js:7:7687), [2026-03-15T12:00:21.520Z] [SEVERE] https://www.greencity.cx.ua/chunk-NUXSP4TM.js 10:45939 "ERROR" TypeError: Cannot read properties of null (reading 'setValue')
    at n.quillContentChanged (https://www.greencity.cx.ua/chunk-VNNOUBDJ.js:1:16043)
    at https://www.greencity.cx.ua/chunk-VNNOUBDJ.js:1:7223
    at eE (https://www.greencity.cx.ua/chunk-NUXSP4TM.js:11:76097)
    at Object.o [as next] (https://www.greencity.cx.ua/chunk-NUXSP4TM.js:11:76277)
    at bv.next (https://www.greencity.cx.ua/chunk-NUXSP4TM.js:7:3120)
    at Fr._next (https://www.greencity.cx.ua/chunk-NUXSP4TM.js:7:2803)
    at Fr.next (https://www.greencity.cx.ua/chunk-NUXSP4TM.js:7:2530)
    at https://www.greencity.cx.ua/chunk-NUXSP4TM.js:7:7848
    at Ac (https://www.greencity.cx.ua/chunk-NUXSP4TM.js:7:2222)
    at S0.next (https://www.greencity.cx.ua/chunk-NUXSP4TM.js:7:7687), [2026-03-15T12:00:21.523Z] [SEVERE] https://www.greencity.cx.ua/chunk-NUXSP4TM.js 10:45939 "ERROR" TypeError: Cannot read properties of null (reading 'setValue')
    at n.quillContentChanged (https://www.greencity.cx.ua/chunk-VNNOUBDJ.js:1:16043)
    at https://www.greencity.cx.ua/chunk-VNNOUBDJ.js:1:7223
    at eE (https://www.greencity.cx.ua/chunk-NUXSP4TM.js:11:76097)
    at Object.o [as next] (https://www.greencity.cx.ua/chunk-NUXSP4TM.js:11:76277)
    at bv.next (https://www.greencity.cx.ua/chunk-NUXSP4TM.js:7:3120)
    at Fr._next (https://www.greencity.cx.ua/chunk-NUXSP4TM.js:7:2803)
    at Fr.next (https://www.greencity.cx.ua/chunk-NUXSP4TM.js:7:2530)
    at https://www.greencity.cx.ua/chunk-NUXSP4TM.js:7:7848
    at Ac (https://www.greencity.cx.ua/chunk-NUXSP4TM.js:7:2222)
    at S0.next (https://www.greencity.cx.ua/chunk-NUXSP4TM.js:7:7687), [2026-03-15T12:00:21.525Z] [SEVERE] https://www.greencity.cx.ua/chunk-NUXSP4TM.js 10:45939 "ERROR" TypeError: Cannot read properties of null (reading 'setValue')
    at n.quillContentChanged (https://www.greencity.cx.ua/chunk-VNNOUBDJ.js:1:16043)
    at https://www.greencity.cx.ua/chunk-VNNOUBDJ.js:1:7223
    at eE (https://www.greencity.cx.ua/chunk-NUXSP4TM.js:11:76097)
    at Object.o [as next] (https://www.greencity.cx.ua/chunk-NUXSP4TM.js:11:76277)
    at bv.next (https://www.greencity.cx.ua/chunk-NUXSP4TM.js:7:3120)
    at Fr._next (https://www.greencity.cx.ua/chunk-NUXSP4TM.js:7:2803)
    at Fr.next (https://www.greencity.cx.ua/chunk-NUXSP4TM.js:7:2530)
    at https://www.greencity.cx.ua/chunk-NUXSP4TM.js:7:7848
    at Ac (https://www.greencity.cx.ua/chunk-NUXSP4TM.js:7:2222)
    at S0.next (https://www.greencity.cx.ua/chunk-NUXSP4TM.js:7:7687), [2026-03-15T12:00:21.527Z] [SEVERE] https://www.greencity.cx.ua/chunk-NUXSP4TM.js 10:45939 "ERROR" TypeError: Cannot read properties of null (reading 'setValue')
    at n.quillContentChanged (https://www.greencity.cx.ua/chunk-VNNOUBDJ.js:1:16043)
    at https://www.greencity.cx.ua/chunk-VNNOUBDJ.js:1:7223
    at eE (https://www.greencity.cx.ua/chunk-NUXSP4TM.js:11:76097)
    at Object.o [as next] (https://www.greencity.cx.ua/chunk-NUXSP4TM.js:11:76277)
    at bv.next (https://www.greencity.cx.ua/chunk-NUXSP4TM.js:7:3120)
    at Fr._next (https://www.greencity.cx.ua/chunk-NUXSP4TM.js:7:2803)
    at Fr.next (https://www.greencity.cx.ua/chunk-NUXSP4TM.js:7:2530)
    at https://www.greencity.cx.ua/chunk-NUXSP4TM.js:7:7848
    at Ac (https://www.greencity.cx.ua/chunk-NUXSP4TM.js:7:2222)
    at S0.next (https://www.greencity.cx.ua/chunk-NUXSP4TM.js:7:7687), [2026-03-15T12:00:21.530Z] [SEVERE] https://www.greencity.cx.ua/chunk-NUXSP4TM.js 10:45939 "ERROR" TypeError: Cannot read properties of null (reading 'setValue')
    at n.quillContentChanged (https://www.greencity.cx.ua/chunk-VNNOUBDJ.js:1:16043)
    at https://www.greencity.cx.ua/chunk-VNNOUBDJ.js:1:7223
    at eE (https://www.greencity.cx.ua/chunk-NUXSP4TM.js:11:76097)
    at Object.o [as next] (https://www.greencity.cx.ua/chunk-NUXSP4TM.js:11:76277)
    at bv.next (https://www.greencity.cx.ua/chunk-NUXSP4TM.js:7:3120)
    at Fr._next (https://www.greencity.cx.ua/chunk-NUXSP4TM.js:7:2803)
    at Fr.next (https://www.greencity.cx.ua/chunk-NUXSP4TM.js:7:2530)
    at https://www.greencity.cx.ua/chunk-NUXSP4TM.js:7:7848
    at Ac (https://www.greencity.cx.ua/chunk-NUXSP4TM.js:7:2222)
    at S0.next (https://www.greencity.cx.ua/chunk-NUXSP4TM.js:7:7687), [2026-03-15T12:00:21.532Z] [SEVERE] https://www.greencity.cx.ua/chunk-NUXSP4TM.js 10:45939 "ERROR" TypeError: Cannot read properties of null (reading 'setValue')
    at n.quillContentChanged (https://www.greencity.cx.ua/chunk-VNNOUBDJ.js:1:16043)
    at https://www.greencity.cx.ua/chunk-VNNOUBDJ.js:1:7223
    at eE (https://www.greencity.cx.ua/chunk-NUXSP4TM.js:11:76097)
    at Object.o [as next] (https://www.greencity.cx.ua/chunk-NUXSP4TM.js:11:76277)
    at bv.next (https://www.greencity.cx.ua/chunk-NUXSP4TM.js:7:3120)
    at Fr._next (https://www.greencity.cx.ua/chunk-NUXSP4TM.js:7:2803)
    at Fr.next (https://www.greencity.cx.ua/chunk-NUXSP4TM.js:7:2530)
    at https://www.greencity.cx.ua/chunk-NUXSP4TM.js:7:7848
    at Ac (https://www.greencity.cx.ua/chunk-NUXSP4TM.js:7:2222)
    at S0.next (https://www.greencity.cx.ua/chunk-NUXSP4TM.js:7:7687), [2026-03-15T12:00:21.535Z] [SEVERE] https://www.greencity.cx.ua/chunk-NUXSP4TM.js 10:45939 "ERROR" TypeError: Cannot read properties of null (reading 'setValue')
    at n.quillContentChanged (https://www.greencity.cx.ua/chunk-VNNOUBDJ.js:1:16043)
    at https://www.greencity.cx.ua/chunk-VNNOUBDJ.js:1:7223
    at eE (https://www.greencity.cx.ua/chunk-NUXSP4TM.js:11:76097)
    at Object.o [as next] (https://www.greencity.cx.ua/chunk-NUXSP4TM.js:11:76277)
    at bv.next (https://www.greencity.cx.ua/chunk-NUXSP4TM.js:7:3120)
    at Fr._next (https://www.greencity.cx.ua/chunk-NUXSP4TM.js:7:2803)
    at Fr.next (https://www.greencity.cx.ua/chunk-NUXSP4TM.js:7:2530)
    at https://www.greencity.cx.ua/chunk-NUXSP4TM.js:7:7848
    at Ac (https://www.greencity.cx.ua/chunk-NUXSP4TM.js:7:2222)
    at S0.next (https://www.greencity.cx.ua/chunk-NUXSP4TM.js:7:7687), [2026-03-15T12:00:21.537Z] [SEVERE] https://www.greencity.cx.ua/chunk-NUXSP4TM.js 10:45939 "ERROR" TypeError: Cannot read properties of null (reading 'setValue')
    at n.quillContentChanged (https://www.greencity.cx.ua/chunk-VNNOUBDJ.js:1:16043)
    at https://www.greencity.cx.ua/chunk-VNNOUBDJ.js:1:7223
    at eE (https://www.greencity.cx.ua/chunk-NUXSP4TM.js:11:76097)
    at Object.o [as next] (https://www.greencity.cx.ua/chunk-NUXSP4TM.js:11:76277)
    at bv.next (https://www.greencity.cx.ua/chunk-NUXSP4TM.js:7:3120)
    at Fr._next (https://www.greencity.cx.ua/chunk-NUXSP4TM.js:7:2803)
    at Fr.next (https://www.greencity.cx.ua/chunk-NUXSP4TM.js:7:2530)
    at https://www.greencity.cx.ua/chunk-NUXSP4TM.js:7:7848
    at Ac (https://www.greencity.cx.ua/chunk-NUXSP4TM.js:7:2222)
    at S0.next (https://www.greencity.cx.ua/chunk-NUXSP4TM.js:7:7687), [2026-03-15T12:00:21.539Z] [SEVERE] https://www.greencity.cx.ua/chunk-NUXSP4TM.js 10:45939 "ERROR" TypeError: Cannot read properties of null (reading 'setValue')
    at n.quillContentChanged (https://www.greencity.cx.ua/chunk-VNNOUBDJ.js:1:16043)
    at https://www.greencity.cx.ua/chunk-VNNOUBDJ.js:1:7223
    at eE (https://www.greencity.cx.ua/chunk-NUXSP4TM.js:11:76097)
    at Object.o [as next] (https://www.greencity.cx.ua/chunk-NUXSP4TM.js:11:76277)
    at bv.next (https://www.greencity.cx.ua/chunk-NUXSP4TM.js:7:3120)
    at Fr._next (https://www.greencity.cx.ua/chunk-NUXSP4TM.js:7:2803)
    at Fr.next (https://www.greencity.cx.ua/chunk-NUXSP4TM.js:7:2530)
    at https://www.greencity.cx.ua/chunk-NUXSP4TM.js:7:7848
    at Ac (https://www.greencity.cx.ua/chunk-NUXSP4TM.js:7:2222)
    at S0.next (https://www.greencity.cx.ua/chunk-NUXSP4TM.js:7:7687), [2026-03-15T12:00:21.542Z] [SEVERE] https://www.greencity.cx.ua/chunk-NUXSP4TM.js 10:45939 "ERROR" TypeError: Cannot read properties of null (reading 'setValue')
    at n.quillContentChanged (https://www.greencity.cx.ua/chunk-VNNOUBDJ.js:1:16043)
    at https://www.greencity.cx.ua/chunk-VNNOUBDJ.js:1:7223
    at eE (https://www.greencity.cx.ua/chunk-NUXSP4TM.js:11:76097)
    at Object.o [as next] (https://www.greencity.cx.ua/chunk-NUXSP4TM.js:11:76277)
    at bv.next (https://www.greencity.cx.ua/chunk-NUXSP4TM.js:7:3120)
    at Fr._next (https://www.greencity.cx.ua/chunk-NUXSP4TM.js:7:2803)
    at Fr.next (https://www.greencity.cx.ua/chunk-NUXSP4TM.js:7:2530)
    at https://www.greencity.cx.ua/chunk-NUXSP4TM.js:7:7848
    at Ac (https://www.greencity.cx.ua/chunk-NUXSP4TM.js:7:2222)
    at S0.next (https://www.greencity.cx.ua/chunk-NUXSP4TM.js:7:7687), [2026-03-15T12:00:21.544Z] [SEVERE] https://www.greencity.cx.ua/chunk-NUXSP4TM.js 10:45939 "ERROR" TypeError: Cannot read properties of null (reading 'setValue')
    at n.quillContentChanged (https://www.greencity.cx.ua/chunk-VNNOUBDJ.js:1:16043)
    at https://www.greencity.cx.ua/chunk-VNNOUBDJ.js:1:7223
    at eE (https://www.greencity.cx.ua/chunk-NUXSP4TM.js:11:76097)
    at Object.o [as next] (https://www.greencity.cx.ua/chunk-NUXSP4TM.js:11:76277)
    at bv.next (https://www.greencity.cx.ua/chunk-NUXSP4TM.js:7:3120)
    at Fr._next (https://www.greencity.cx.ua/chunk-NUXSP4TM.js:7:2803)
    at Fr.next (https://www.greencity.cx.ua/chunk-NUXSP4TM.js:7:2530)
    at https://www.greencity.cx.ua/chunk-NUXSP4TM.js:7:7848
    at Ac (https://www.greencity.cx.ua/chunk-NUXSP4TM.js:7:2222)
    at S0.next (https://www.greencity.cx.ua/chunk-NUXSP4TM.js:7:7687), [2026-03-15T12:00:21.547Z] [SEVERE] https://www.greencity.cx.ua/chunk-NUXSP4TM.js 10:45939 "ERROR" TypeError: Cannot read properties of null (reading 'setValue')
    at n.quillContentChanged (https://www.greencity.cx.ua/chunk-VNNOUBDJ.js:1:16043)
    at https://www.greencity.cx.ua/chunk-VNNOUBDJ.js:1:7223
    at eE (https://www.greencity.cx.ua/chunk-NUXSP4TM.js:11:76097)
    at Object.o [as next] (https://www.greencity.cx.ua/chunk-NUXSP4TM.js:11:76277)
    at bv.next (https://www.greencity.cx.ua/chunk-NUXSP4TM.js:7:3120)
    at Fr._next (https://www.greencity.cx.ua/chunk-NUXSP4TM.js:7:2803)
    at Fr.next (https://www.greencity.cx.ua/chunk-NUXSP4TM.js:7:2530)
    at https://www.greencity.cx.ua/chunk-NUXSP4TM.js:7:7848
    at Ac (https://www.greencity.cx.ua/chunk-NUXSP4TM.js:7:2222)
    at S0.next (https://www.greencity.cx.ua/chunk-NUXSP4TM.js:7:7687), [2026-03-15T12:00:21.549Z] [SEVERE] https://www.greencity.cx.ua/chunk-NUXSP4TM.js 10:45939 "ERROR" TypeError: Cannot read properties of null (reading 'setValue')
    at n.quillContentChanged (https://www.greencity.cx.ua/chunk-VNNOUBDJ.js:1:16043)
    at https://www.greencity.cx.ua/chunk-VNNOUBDJ.js:1:7223
    at eE (https://www.greencity.cx.ua/chunk-NUXSP4TM.js:11:76097)
    at Object.o [as next] (https://www.greencity.cx.ua/chunk-NUXSP4TM.js:11:76277)
    at bv.next (https://www.greencity.cx.ua/chunk-NUXSP4TM.js:7:3120)
    at Fr._next (https://www.greencity.cx.ua/chunk-NUXSP4TM.js:7:2803)
    at Fr.next (https://www.greencity.cx.ua/chunk-NUXSP4TM.js:7:2530)
    at https://www.greencity.cx.ua/chunk-NUXSP4TM.js:7:7848
    at Ac (https://www.greencity.cx.ua/chunk-NUXSP4TM.js:7:2222)
    at S0.next (https://www.greencity.cx.ua/chunk-NUXSP4TM.js:7:7687), [2026-03-15T12:00:21.552Z] [SEVERE] https://www.greencity.cx.ua/chunk-NUXSP4TM.js 10:45939 "ERROR" TypeError: Cannot read properties of null (reading 'setValue')
    at n.quillContentChanged (https://www.greencity.cx.ua/chunk-VNNOUBDJ.js:1:16043)
    at https://www.greencity.cx.ua/chunk-VNNOUBDJ.js:1:7223
    at eE (https://www.greencity.cx.ua/chunk-NUXSP4TM.js:11:76097)
    at Object.o [as next] (https://www.greencity.cx.ua/chunk-NUXSP4TM.js:11:76277)
    at bv.next (https://www.greencity.cx.ua/chunk-NUXSP4TM.js:7:3120)
    at Fr._next (https://www.greencity.cx.ua/chunk-NUXSP4TM.js:7:2803)
    at Fr.next (https://www.greencity.cx.ua/chunk-NUXSP4TM.js:7:2530)
    at https://www.greencity.cx.ua/chunk-NUXSP4TM.js:7:7848
    at Ac (https://www.greencity.cx.ua/chunk-NUXSP4TM.js:7:2222)
    at S0.next (https://www.greencity.cx.ua/chunk-NUXSP4TM.js:7:7687), [2026-03-15T12:00:21.554Z] [SEVERE] https://www.greencity.cx.ua/chunk-NUXSP4TM.js 10:45939 "ERROR" TypeError: Cannot read properties of null (reading 'setValue')
    at n.quillContentChanged (https://www.greencity.cx.ua/chunk-VNNOUBDJ.js:1:16043)
    at https://www.greencity.cx.ua/chunk-VNNOUBDJ.js:1:7223
    at eE (https://www.greencity.cx.ua/chunk-NUXSP4TM.js:11:76097)
    at Object.o [as next] (https://www.greencity.cx.ua/chunk-NUXSP4TM.js:11:76277)
    at bv.next (https://www.greencity.cx.ua/chunk-NUXSP4TM.js:7:3120)
    at Fr._next (https://www.greencity.cx.ua/chunk-NUXSP4TM.js:7:2803)
    at Fr.next (https://www.greencity.cx.ua/chunk-NUXSP4TM.js:7:2530)
    at https://www.greencity.cx.ua/chunk-NUXSP4TM.js:7:7848
    at Ac (https://www.greencity.cx.ua/chunk-NUXSP4TM.js:7:2222)
    at S0.next (https://www.greencity.cx.ua/chunk-NUXSP4TM.js:7:7687), [2026-03-15T12:00:21.557Z] [SEVERE] https://www.greencity.cx.ua/chunk-NUXSP4TM.js 10:45939 "ERROR" TypeError: Cannot read properties of null (reading 'setValue')
    at n.quillContentChanged (https://www.greencity.cx.ua/chunk-VNNOUBDJ.js:1:16043)
    at https://www.greencity.cx.ua/chunk-VNNOUBDJ.js:1:7223
    at eE (https://www.greencity.cx.ua/chunk-NUXSP4TM.js:11:76097)
    at Object.o [as next] (https://www.greencity.cx.ua/chunk-NUXSP4TM.js:11:76277)
    at bv.next (https://www.greencity.cx.ua/chunk-NUXSP4TM.js:7:3120)
    at Fr._next (https://www.greencity.cx.ua/chunk-NUXSP4TM.js:7:2803)
    at Fr.next (https://www.greencity.cx.ua/chunk-NUXSP4TM.js:7:2530)
    at https://www.greencity.cx.ua/chunk-NUXSP4TM.js:7:7848
    at Ac (https://www.greencity.cx.ua/chunk-NUXSP4TM.js:7:2222)
    at S0.next (https://www.greencity.cx.ua/chunk-NUXSP4TM.js:7:7687), [2026-03-15T12:00:21.559Z] [SEVERE] https://www.greencity.cx.ua/chunk-NUXSP4TM.js 10:45939 "ERROR" TypeError: Cannot read properties of null (reading 'setValue')
    at n.quillContentChanged (https://www.greencity.cx.ua/chunk-VNNOUBDJ.js:1:16043)
    at https://www.greencity.cx.ua/chunk-VNNOUBDJ.js:1:7223
    at eE (https://www.greencity.cx.ua/chunk-NUXSP4TM.js:11:76097)
    at Object.o [as next] (https://www.greencity.cx.ua/chunk-NUXSP4TM.js:11:76277)
    at bv.next (https://www.greencity.cx.ua/chunk-NUXSP4TM.js:7:3120)
    at Fr._next (https://www.greencity.cx.ua/chunk-NUXSP4TM.js:7:2803)
    at Fr.next (https://www.greencity.cx.ua/chunk-NUXSP4TM.js:7:2530)
    at https://www.greencity.cx.ua/chunk-NUXSP4TM.js:7:7848
    at Ac (https://www.greencity.cx.ua/chunk-NUXSP4TM.js:7:2222)
    at S0.next (https://www.greencity.cx.ua/chunk-NUXSP4TM.js:7:7687), [2026-03-15T12:00:21.562Z] [SEVERE] https://www.greencity.cx.ua/chunk-NUXSP4TM.js 10:45939 "ERROR" TypeError: Cannot read properties of null (reading 'setValue')
    at n.quillContentChanged (https://www.greencity.cx.ua/chunk-VNNOUBDJ.js:1:16043)
    at https://www.greencity.cx.ua/chunk-VNNOUBDJ.js:1:7223
    at eE (https://www.greencity.cx.ua/chunk-NUXSP4TM.js:11:76097)
    at Object.o [as next] (https://www.greencity.cx.ua/chunk-NUXSP4TM.js:11:76277)
    at bv.next (https://www.greencity.cx.ua/chunk-NUXSP4TM.js:7:3120)
    at Fr._next (https://www.greencity.cx.ua/chunk-NUXSP4TM.js:7:2803)
    at Fr.next (https://www.greencity.cx.ua/chunk-NUXSP4TM.js:7:2530)
    at https://www.greencity.cx.ua/chunk-NUXSP4TM.js:7:7848
    at Ac (https://www.greencity.cx.ua/chunk-NUXSP4TM.js:7:2222)
    at S0.next (https://www.greencity.cx.ua/chunk-NUXSP4TM.js:7:7687), [2026-03-15T12:00:21.565Z] [SEVERE] https://www.greencity.cx.ua/chunk-NUXSP4TM.js 10:45939 "ERROR" TypeError: Cannot read properties of null (reading 'setValue')
    at n.quillContentChanged (https://www.greencity.cx.ua/chunk-VNNOUBDJ.js:1:16043)
    at https://www.greencity.cx.ua/chunk-VNNOUBDJ.js:1:7223
    at eE (https://www.greencity.cx.ua/chunk-NUXSP4TM.js:11:76097)
    at Object.o [as next] (https://www.greencity.cx.ua/chunk-NUXSP4TM.js:11:76277)
    at bv.next (https://www.greencity.cx.ua/chunk-NUXSP4TM.js:7:3120)
    at Fr._next (https://www.greencity.cx.ua/chunk-NUXSP4TM.js:7:2803)
    at Fr.next (https://www.greencity.cx.ua/chunk-NUXSP4TM.js:7:2530)
    at https://www.greencity.cx.ua/chunk-NUXSP4TM.js:7:7848
    at Ac (https://www.greencity.cx.ua/chunk-NUXSP4TM.js:7:2222)
    at S0.next (https://www.greencity.cx.ua/chunk-NUXSP4TM.js:7:7687), [2026-03-15T12:00:21.567Z] [SEVERE] https://www.greencity.cx.ua/chunk-NUXSP4TM.js 10:45939 "ERROR" TypeError: Cannot read properties of null (reading 'setValue')
    at n.quillContentChanged (https://www.greencity.cx.ua/chunk-VNNOUBDJ.js:1:16043)
    at https://www.greencity.cx.ua/chunk-VNNOUBDJ.js:1:7223
    at eE (https://www.greencity.cx.ua/chunk-NUXSP4TM.js:11:76097)
    at Object.o [as next] (https://www.greencity.cx.ua/chunk-NUXSP4TM.js:11:76277)
    at bv.next (https://www.greencity.cx.ua/chunk-NUXSP4TM.js:7:3120)
    at Fr._next (https://www.greencity.cx.ua/chunk-NUXSP4TM.js:7:2803)
    at Fr.next (https://www.greencity.cx.ua/chunk-NUXSP4TM.js:7:2530)
    at https://www.greencity.cx.ua/chunk-NUXSP4TM.js:7:7848
    at Ac (https://www.greencity.cx.ua/chunk-NUXSP4TM.js:7:2222)
    at S0.next (https://www.greencity.cx.ua/chunk-NUXSP4TM.js:7:7687), [2026-03-15T12:00:21.570Z] [SEVERE] https://www.greencity.cx.ua/chunk-NUXSP4TM.js 10:45939 "ERROR" TypeError: Cannot read properties of null (reading 'setValue')
    at n.quillContentChanged (https://www.greencity.cx.ua/chunk-VNNOUBDJ.js:1:16043)
    at https://www.greencity.cx.ua/chunk-VNNOUBDJ.js:1:7223
    at eE (https://www.greencity.cx.ua/chunk-NUXSP4TM.js:11:76097)
    at Object.o [as next] (https://www.greencity.cx.ua/chunk-NUXSP4TM.js:11:76277)
    at bv.next (https://www.greencity.cx.ua/chunk-NUXSP4TM.js:7:3120)
    at Fr._next (https://www.greencity.cx.ua/chunk-NUXSP4TM.js:7:2803)
    at Fr.next (https://www.greencity.cx.ua/chunk-NUXSP4TM.js:7:2530)
    at https://www.greencity.cx.ua/chunk-NUXSP4TM.js:7:7848
    at Ac (https://www.greencity.cx.ua/chunk-NUXSP4TM.js:7:2222)
    at S0.next (https://www.greencity.cx.ua/chunk-NUXSP4TM.js:7:7687), [2026-03-15T12:00:21.572Z] [SEVERE] https://www.greencity.cx.ua/chunk-NUXSP4TM.js 10:45939 "ERROR" TypeError: Cannot read properties of null (reading 'setValue')
    at n.quillContentChanged (https://www.greencity.cx.ua/chunk-VNNOUBDJ.js:1:16043)
    at https://www.greencity.cx.ua/chunk-VNNOUBDJ.js:1:7223
    at eE (https://www.greencity.cx.ua/chunk-NUXSP4TM.js:11:76097)
    at Object.o [as next] (https://www.greencity.cx.ua/chunk-NUXSP4TM.js:11:76277)
    at bv.next (https://www.greencity.cx.ua/chunk-NUXSP4TM.js:7:3120)
    at Fr._next (https://www.greencity.cx.ua/chunk-NUXSP4TM.js:7:2803)
    at Fr.next (https://www.greencity.cx.ua/chunk-NUXSP4TM.js:7:2530)
    at https://www.greencity.cx.ua/chunk-NUXSP4TM.js:7:7848
    at Ac (https://www.greencity.cx.ua/chunk-NUXSP4TM.js:7:2222)
    at S0.next (https://www.greencity.cx.ua/chunk-NUXSP4TM.js:7:7687), [2026-03-15T12:00:21.575Z] [SEVERE] https://www.greencity.cx.ua/chunk-NUXSP4TM.js 10:45939 "ERROR" TypeError: Cannot read properties of null (reading 'setValue')
    at n.quillContentChanged (https://www.greencity.cx.ua/chunk-VNNOUBDJ.js:1:16043)
    at https://www.greencity.cx.ua/chunk-VNNOUBDJ.js:1:7223
    at eE (https://www.greencity.cx.ua/chunk-NUXSP4TM.js:11:76097)
    at Object.o [as next] (https://www.greencity.cx.ua/chunk-NUXSP4TM.js:11:76277)
    at bv.next (https://www.greencity.cx.ua/chunk-NUXSP4TM.js:7:3120)
    at Fr._next (https://www.greencity.cx.ua/chunk-NUXSP4TM.js:7:2803)
    at Fr.next (https://www.greencity.cx.ua/chunk-NUXSP4TM.js:7:2530)
    at https://www.greencity.cx.ua/chunk-NUXSP4TM.js:7:7848
    at Ac (https://www.greencity.cx.ua/chunk-NUXSP4TM.js:7:2222)
    at S0.next (https://www.greencity.cx.ua/chunk-NUXSP4TM.js:7:7687), [2026-03-15T12:00:21.577Z] [SEVERE] https://www.greencity.cx.ua/chunk-NUXSP4TM.js 10:45939 "ERROR" TypeError: Cannot read properties of null (reading 'setValue')
    at n.quillContentChanged (https://www.greencity.cx.ua/chunk-VNNOUBDJ.js:1:16043)
    at https://www.greencity.cx.ua/chunk-VNNOUBDJ.js:1:7223
    at eE (https://www.greencity.cx.ua/chunk-NUXSP4TM.js:11:76097)
    at Object.o [as next] (https://www.greencity.cx.ua/chunk-NUXSP4TM.js:11:76277)
    at bv.next (https://www.greencity.cx.ua/chunk-NUXSP4TM.js:7:3120)
    at Fr._next (https://www.greencity.cx.ua/chunk-NUXSP4TM.js:7:2803)
    at Fr.next (https://www.greencity.cx.ua/chunk-NUXSP4TM.js:7:2530)
    at https://www.greencity.cx.ua/chunk-NUXSP4TM.js:7:7848
    at Ac (https://www.greencity.cx.ua/chunk-NUXSP4TM.js:7:2222)
    at S0.next (https://www.greencity.cx.ua/chunk-NUXSP4TM.js:7:7687), [2026-03-15T12:00:21.580Z] [SEVERE] https://www.greencity.cx.ua/chunk-NUXSP4TM.js 10:45939 "ERROR" TypeError: Cannot read properties of null (reading 'setValue')
    at n.quillContentChanged (https://www.greencity.cx.ua/chunk-VNNOUBDJ.js:1:16043)
    at https://www.greencity.cx.ua/chunk-VNNOUBDJ.js:1:7223
    at eE (https://www.greencity.cx.ua/chunk-NUXSP4TM.js:11:76097)
    at Object.o [as next] (https://www.greencity.cx.ua/chunk-NUXSP4TM.js:11:76277)
    at bv.next (https://www.greencity.cx.ua/chunk-NUXSP4TM.js:7:3120)
    at Fr._next (https://www.greencity.cx.ua/chunk-NUXSP4TM.js:7:2803)
    at Fr.next (https://www.greencity.cx.ua/chunk-NUXSP4TM.js:7:2530)
    at https://www.greencity.cx.ua/chunk-NUXSP4TM.js:7:7848
    at Ac (https://www.greencity.cx.ua/chunk-NUXSP4TM.js:7:2222)
    at S0.next (https://www.greencity.cx.ua/chunk-NUXSP4TM.js:7:7687), [2026-03-15T12:00:21.582Z] [SEVERE] https://www.greencity.cx.ua/chunk-NUXSP4TM.js 10:45939 "ERROR" TypeError: Cannot read properties of null (reading 'setValue')
    at n.quillContentChanged (https://www.greencity.cx.ua/chunk-VNNOUBDJ.js:1:16043)
    at https://www.greencity.cx.ua/chunk-VNNOUBDJ.js:1:7223
    at eE (https://www.greencity.cx.ua/chunk-NUXSP4TM.js:11:76097)
    at Object.o [as next] (https://www.greencity.cx.ua/chunk-NUXSP4TM.js:11:76277)
    at bv.next (https://www.greencity.cx.ua/chunk-NUXSP4TM.js:7:3120)
    at Fr._next (https://www.greencity.cx.ua/chunk-NUXSP4TM.js:7:2803)
    at Fr.next (https://www.greencity.cx.ua/chunk-NUXSP4TM.js:7:2530)
    at https://www.greencity.cx.ua/chunk-NUXSP4TM.js:7:7848
    at Ac (https://www.greencity.cx.ua/chunk-NUXSP4TM.js:7:2222)
    at S0.next (https://www.greencity.cx.ua/chunk-NUXSP4TM.js:7:7687), [2026-03-15T12:00:21.585Z] [SEVERE] https://www.greencity.cx.ua/chunk-NUXSP4TM.js 10:45939 "ERROR" TypeError: Cannot read properties of null (reading 'setValue')
    at n.quillContentChanged (https://www.greencity.cx.ua/chunk-VNNOUBDJ.js:1:16043)
    at https://www.greencity.cx.ua/chunk-VNNOUBDJ.js:1:7223
    at eE (https://www.greencity.cx.ua/chunk-NUXSP4TM.js:11:76097)
    at Object.o [as next] (https://www.greencity.cx.ua/chunk-NUXSP4TM.js:11:76277)
    at bv.next (https://www.greencity.cx.ua/chunk-NUXSP4TM.js:7:3120)
    at Fr._next (https://www.greencity.cx.ua/chunk-NUXSP4TM.js:7:2803)
    at Fr.next (https://www.greencity.cx.ua/chunk-NUXSP4TM.js:7:2530)
    at https://www.greencity.cx.ua/chunk-NUXSP4TM.js:7:7848
    at Ac (https://www.greencity.cx.ua/chunk-NUXSP4TM.js:7:2222)
    at S0.next (https://www.greencity.cx.ua/chunk-NUXSP4TM.js:7:7687), [2026-03-15T12:00:21.587Z] [SEVERE] https://www.greencity.cx.ua/chunk-NUXSP4TM.js 10:45939 "ERROR" TypeError: Cannot read properties of null (reading 'setValue')
    at n.quillContentChanged (https://www.greencity.cx.ua/chunk-VNNOUBDJ.js:1:16043)
    at https://www.greencity.cx.ua/chunk-VNNOUBDJ.js:1:7223
    at eE (https://www.greencity.cx.ua/chunk-NUXSP4TM.js:11:76097)
    at Object.o [as next] (https://www.greencity.cx.ua/chunk-NUXSP4TM.js:11:76277)
    at bv.next (https://www.greencity.cx.ua/chunk-NUXSP4TM.js:7:3120)
    at Fr._next (https://www.greencity.cx.ua/chunk-NUXSP4TM.js:7:2803)
    at Fr.next (https://www.greencity.cx.ua/chunk-NUXSP4TM.js:7:2530)
    at https://www.greencity.cx.ua/chunk-NUXSP4TM.js:7:7848
    at Ac (https://www.greencity.cx.ua/chunk-NUXSP4TM.js:7:2222)
    at S0.next (https://www.greencity.cx.ua/chunk-NUXSP4TM.js:7:7687), [2026-03-15T12:00:21.590Z] [SEVERE] https://www.greencity.cx.ua/chunk-NUXSP4TM.js 10:45939 "ERROR" TypeError: Cannot read properties of null (reading 'setValue')
    at n.quillContentChanged (https://www.greencity.cx.ua/chunk-VNNOUBDJ.js:1:16043)
    at https://www.greencity.cx.ua/chunk-VNNOUBDJ.js:1:7223
    at eE (https://www.greencity.cx.ua/chunk-NUXSP4TM.js:11:76097)
    at Object.o [as next] (https://www.greencity.cx.ua/chunk-NUXSP4TM.js:11:76277)
    at bv.next (https://www.greencity.cx.ua/chunk-NUXSP4TM.js:7:3120)
    at Fr._next (https://www.greencity.cx.ua/chunk-NUXSP4TM.js:7:2803)
    at Fr.next (https://www.greencity.cx.ua/chunk-NUXSP4TM.js:7:2530)
    at https://www.greencity.cx.ua/chunk-NUXSP4TM.js:7:7848
    at Ac (https://www.greencity.cx.ua/chunk-NUXSP4TM.js:7:2222)
    at S0.next (https://www.greencity.cx.ua/chunk-NUXSP4TM.js:7:7687), [2026-03-15T12:00:21.592Z] [SEVERE] https://www.greencity.cx.ua/chunk-NUXSP4TM.js 10:45939 "ERROR" TypeError: Cannot read properties of null (reading 'setValue')
    at n.quillContentChanged (https://www.greencity.cx.ua/chunk-VNNOUBDJ.js:1:16043)
    at https://www.greencity.cx.ua/chunk-VNNOUBDJ.js:1:7223
    at eE (https://www.greencity.cx.ua/chunk-NUXSP4TM.js:11:76097)
    at Object.o [as next] (https://www.greencity.cx.ua/chunk-NUXSP4TM.js:11:76277)
    at bv.next (https://www.greencity.cx.ua/chunk-NUXSP4TM.js:7:3120)
    at Fr._next (https://www.greencity.cx.ua/chunk-NUXSP4TM.js:7:2803)
    at Fr.next (https://www.greencity.cx.ua/chunk-NUXSP4TM.js:7:2530)
    at https://www.greencity.cx.ua/chunk-NUXSP4TM.js:7:7848
    at Ac (https://www.greencity.cx.ua/chunk-NUXSP4TM.js:7:2222)
    at S0.next (https://www.greencity.cx.ua/chunk-NUXSP4TM.js:7:7687), [2026-03-15T12:00:21.595Z] [SEVERE] https://www.greencity.cx.ua/chunk-NUXSP4TM.js 10:45939 "ERROR" TypeError: Cannot read properties of null (reading 'setValue')
    at n.quillContentChanged (https://www.greencity.cx.ua/chunk-VNNOUBDJ.js:1:16043)
    at https://www.greencity.cx.ua/chunk-VNNOUBDJ.js:1:7223
    at eE (https://www.greencity.cx.ua/chunk-NUXSP4TM.js:11:76097)
    at Object.o [as next] (https://www.greencity.cx.ua/chunk-NUXSP4TM.js:11:76277)
    at bv.next (https://www.greencity.cx.ua/chunk-NUXSP4TM.js:7:3120)
    at Fr._next (https://www.greencity.cx.ua/chunk-NUXSP4TM.js:7:2803)
    at Fr.next (https://www.greencity.cx.ua/chunk-NUXSP4TM.js:7:2530)
    at https://www.greencity.cx.ua/chunk-NUXSP4TM.js:7:7848
    at Ac (https://www.greencity.cx.ua/chunk-NUXSP4TM.js:7:2222)
    at S0.next (https://www.greencity.cx.ua/chunk-NUXSP4TM.js:7:7687), [2026-03-15T12:00:21.597Z] [SEVERE] https://www.greencity.cx.ua/chunk-NUXSP4TM.js 10:45939 "ERROR" TypeError: Cannot read properties of null (reading 'setValue')
    at n.quillContentChanged (https://www.greencity.cx.ua/chunk-VNNOUBDJ.js:1:16043)
    at https://www.greencity.cx.ua/chunk-VNNOUBDJ.js:1:7223
    at eE (https://www.greencity.cx.ua/chunk-NUXSP4TM.js:11:76097)
    at Object.o [as next] (https://www.greencity.cx.ua/chunk-NUXSP4TM.js:11:76277)
    at bv.next (https://www.greencity.cx.ua/chunk-NUXSP4TM.js:7:3120)
    at Fr._next (https://www.greencity.cx.ua/chunk-NUXSP4TM.js:7:2803)
    at Fr.next (https://www.greencity.cx.ua/chunk-NUXSP4TM.js:7:2530)
    at https://www.greencity.cx.ua/chunk-NUXSP4TM.js:7:7848
    at Ac (https://www.greencity.cx.ua/chunk-NUXSP4TM.js:7:2222)
    at S0.next (https://www.greencity.cx.ua/chunk-NUXSP4TM.js:7:7687), [2026-03-15T12:00:21.600Z] [SEVERE] https://www.greencity.cx.ua/chunk-NUXSP4TM.js 10:45939 "ERROR" TypeError: Cannot read properties of null (reading 'setValue')
    at n.quillContentChanged (https://www.greencity.cx.ua/chunk-VNNOUBDJ.js:1:16043)
    at https://www.greencity.cx.ua/chunk-VNNOUBDJ.js:1:7223
    at eE (https://www.greencity.cx.ua/chunk-NUXSP4TM.js:11:76097)
    at Object.o [as next] (https://www.greencity.cx.ua/chunk-NUXSP4TM.js:11:76277)
    at bv.next (https://www.greencity.cx.ua/chunk-NUXSP4TM.js:7:3120)
    at Fr._next (https://www.greencity.cx.ua/chunk-NUXSP4TM.js:7:2803)
    at Fr.next (https://www.greencity.cx.ua/chunk-NUXSP4TM.js:7:2530)
    at https://www.greencity.cx.ua/chunk-NUXSP4TM.js:7:7848
    at Ac (https://www.greencity.cx.ua/chunk-NUXSP4TM.js:7:2222)
    at S0.next (https://www.greencity.cx.ua/chunk-NUXSP4TM.js:7:7687), [2026-03-15T12:00:21.603Z] [SEVERE] https://www.greencity.cx.ua/chunk-NUXSP4TM.js 10:45939 "ERROR" TypeError: Cannot read properties of null (reading 'setValue')
    at n.quillContentChanged (https://www.greencity.cx.ua/chunk-VNNOUBDJ.js:1:16043)
    at https://www.greencity.cx.ua/chunk-VNNOUBDJ.js:1:7223
    at eE (https://www.greencity.cx.ua/chunk-NUXSP4TM.js:11:76097)
    at Object.o [as next] (https://www.greencity.cx.ua/chunk-NUXSP4TM.js:11:76277)
    at bv.next (https://www.greencity.cx.ua/chunk-NUXSP4TM.js:7:3120)
    at Fr._next (https://www.greencity.cx.ua/chunk-NUXSP4TM.js:7:2803)
    at Fr.next (https://www.greencity.cx.ua/chunk-NUXSP4TM.js:7:2530)
    at https://www.greencity.cx.ua/chunk-NUXSP4TM.js:7:7848
    at Ac (https://www.greencity.cx.ua/chunk-NUXSP4TM.js:7:2222)
    at S0.next (https://www.greencity.cx.ua/chunk-NUXSP4TM.js:7:7687), [2026-03-15T12:00:21.606Z] [SEVERE] https://www.greencity.cx.ua/chunk-NUXSP4TM.js 10:45939 "ERROR" TypeError: Cannot read properties of null (reading 'setValue')
    at n.quillContentChanged (https://www.greencity.cx.ua/chunk-VNNOUBDJ.js:1:16043)
    at https://www.greencity.cx.ua/chunk-VNNOUBDJ.js:1:7223
    at eE (https://www.greencity.cx.ua/chunk-NUXSP4TM.js:11:76097)
    at Object.o [as next] (https://www.greencity.cx.ua/chunk-NUXSP4TM.js:11:76277)
    at bv.next (https://www.greencity.cx.ua/chunk-NUXSP4TM.js:7:3120)
    at Fr._next (https://www.greencity.cx.ua/chunk-NUXSP4TM.js:7:2803)
    at Fr.next (https://www.greencity.cx.ua/chunk-NUXSP4TM.js:7:2530)
    at https://www.greencity.cx.ua/chunk-NUXSP4TM.js:7:7848
    at Ac (https://www.greencity.cx.ua/chunk-NUXSP4TM.js:7:2222)
    at S0.next (https://www.greencity.cx.ua/chunk-NUXSP4TM.js:7:7687), [2026-03-15T12:00:21.609Z] [SEVERE] https://www.greencity.cx.ua/chunk-NUXSP4TM.js 10:45939 "ERROR" TypeError: Cannot read properties of null (reading 'setValue')
    at n.quillContentChanged (https://www.greencity.cx.ua/chunk-VNNOUBDJ.js:1:16043)
    at https://www.greencity.cx.ua/chunk-VNNOUBDJ.js:1:7223
    at eE (https://www.greencity.cx.ua/chunk-NUXSP4TM.js:11:76097)
    at Object.o [as next] (https://www.greencity.cx.ua/chunk-NUXSP4TM.js:11:76277)
    at bv.next (https://www.greencity.cx.ua/chunk-NUXSP4TM.js:7:3120)
    at Fr._next (https://www.greencity.cx.ua/chunk-NUXSP4TM.js:7:2803)
    at Fr.next (https://www.greencity.cx.ua/chunk-NUXSP4TM.js:7:2530)
    at https://www.greencity.cx.ua/chunk-NUXSP4TM.js:7:7848
    at Ac (https://www.greencity.cx.ua/chunk-NUXSP4TM.js:7:2222)
    at S0.next (https://www.greencity.cx.ua/chunk-NUXSP4TM.js:7:7687), [2026-03-15T12:00:21.614Z] [SEVERE] https://www.greencity.cx.ua/chunk-NUXSP4TM.js 10:45939 "ERROR" TypeError: Cannot read properties of null (reading 'setValue')
    at n.quillContentChanged (https://www.greencity.cx.ua/chunk-VNNOUBDJ.js:1:16043)
    at https://www.greencity.cx.ua/chunk-VNNOUBDJ.js:1:7223
    at eE (https://www.greencity.cx.ua/chunk-NUXSP4TM.js:11:76097)
    at Object.o [as next] (https://www.greencity.cx.ua/chunk-NUXSP4TM.js:11:76277)
    at bv.next (https://www.greencity.cx.ua/chunk-NUXSP4TM.js:7:3120)
    at Fr._next (https://www.greencity.cx.ua/chunk-NUXSP4TM.js:7:2803)
    at Fr.next (https://www.greencity.cx.ua/chunk-NUXSP4TM.js:7:2530)
    at https://www.greencity.cx.ua/chunk-NUXSP4TM.js:7:7848
    at Ac (https://www.greencity.cx.ua/chunk-NUXSP4TM.js:7:2222)
    at S0.next (https://www.greencity.cx.ua/chunk-NUXSP4TM.js:7:7687), [2026-03-15T12:00:21.615Z] [SEVERE] https://www.greencity.cx.ua/chunk-NUXSP4TM.js 10:45939 "ERROR" TypeError: Cannot read properties of null (reading 'setValue')
    at n.quillContentChanged (https://www.greencity.cx.ua/chunk-VNNOUBDJ.js:1:16043)
    at https://www.greencity.cx.ua/chunk-VNNOUBDJ.js:1:7223
    at eE (https://www.greencity.cx.ua/chunk-NUXSP4TM.js:11:76097)
    at Object.o [as next] (https://www.greencity.cx.ua/chunk-NUXSP4TM.js:11:76277)
    at bv.next (https://www.greencity.cx.ua/chunk-NUXSP4TM.js:7:3120)
    at Fr._next (https://www.greencity.cx.ua/chunk-NUXSP4TM.js:7:2803)
    at Fr.next (https://www.greencity.cx.ua/chunk-NUXSP4TM.js:7:2530)
    at https://www.greencity.cx.ua/chunk-NUXSP4TM.js:7:7848
    at Ac (https://www.greencity.cx.ua/chunk-NUXSP4TM.js:7:2222)
    at S0.next (https://www.greencity.cx.ua/chunk-NUXSP4TM.js:7:7687), [2026-03-15T12:00:21.620Z] [SEVERE] https://www.greencity.cx.ua/chunk-NUXSP4TM.js 10:45939 "ERROR" TypeError: Cannot read properties of null (reading 'setValue')
    at n.quillContentChanged (https://www.greencity.cx.ua/chunk-VNNOUBDJ.js:1:16043)
    at https://www.greencity.cx.ua/chunk-VNNOUBDJ.js:1:7223
    at eE (https://www.greencity.cx.ua/chunk-NUXSP4TM.js:11:76097)
    at Object.o [as next] (https://www.greencity.cx.ua/chunk-NUXSP4TM.js:11:76277)
    at bv.next (https://www.greencity.cx.ua/chunk-NUXSP4TM.js:7:3120)
    at Fr._next (https://www.greencity.cx.ua/chunk-NUXSP4TM.js:7:2803)
    at Fr.next (https://www.greencity.cx.ua/chunk-NUXSP4TM.js:7:2530)
    at https://www.greencity.cx.ua/chunk-NUXSP4TM.js:7:7848
    at Ac (https://www.greencity.cx.ua/chunk-NUXSP4TM.js:7:2222)
    at S0.next (https://www.greencity.cx.ua/chunk-NUXSP4TM.js:7:7687), [2026-03-15T12:00:21.622Z] [SEVERE] https://www.greencity.cx.ua/chunk-NUXSP4TM.js 10:45939 "ERROR" TypeError: Cannot read properties of null (reading 'setValue')
    at n.quillContentChanged (https://www.greencity.cx.ua/chunk-VNNOUBDJ.js:1:16043)
    at https://www.greencity.cx.ua/chunk-VNNOUBDJ.js:1:7223
    at eE (https://www.greencity.cx.ua/chunk-NUXSP4TM.js:11:76097)
    at Object.o [as next] (https://www.greencity.cx.ua/chunk-NUXSP4TM.js:11:76277)
    at bv.next (https://www.greencity.cx.ua/chunk-NUXSP4TM.js:7:3120)
    at Fr._next (https://www.greencity.cx.ua/chunk-NUXSP4TM.js:7:2803)
    at Fr.next (https://www.greencity.cx.ua/chunk-NUXSP4TM.js:7:2530)
    at https://www.greencity.cx.ua/chunk-NUXSP4TM.js:7:7848
    at Ac (https://www.greencity.cx.ua/chunk-NUXSP4TM.js:7:2222)
    at S0.next (https://www.greencity.cx.ua/chunk-NUXSP4TM.js:7:7687), [2026-03-15T12:00:21.625Z] [SEVERE] https://www.greencity.cx.ua/chunk-NUXSP4TM.js 10:45939 "ERROR" TypeError: Cannot read properties of null (reading 'setValue')
    at n.quillContentChanged (https://www.greencity.cx.ua/chunk-VNNOUBDJ.js:1:16043)
    at https://www.greencity.cx.ua/chunk-VNNOUBDJ.js:1:7223
    at eE (https://www.greencity.cx.ua/chunk-NUXSP4TM.js:11:76097)
    at Object.o [as next] (https://www.greencity.cx.ua/chunk-NUXSP4TM.js:11:76277)
    at bv.next (https://www.greencity.cx.ua/chunk-NUXSP4TM.js:7:3120)
    at Fr._next (https://www.greencity.cx.ua/chunk-NUXSP4TM.js:7:2803)
    at Fr.next (https://www.greencity.cx.ua/chunk-NUXSP4TM.js:7:2530)
    at https://www.greencity.cx.ua/chunk-NUXSP4TM.js:7:7848
    at Ac (https://www.greencity.cx.ua/chunk-NUXSP4TM.js:7:2222)
    at S0.next (https://www.greencity.cx.ua/chunk-NUXSP4TM.js:7:7687), [2026-03-15T12:00:21.629Z] [SEVERE] https://www.greencity.cx.ua/chunk-NUXSP4TM.js 10:45939 "ERROR" TypeError: Cannot read properties of null (reading 'setValue')
    at n.quillContentChanged (https://www.greencity.cx.ua/chunk-VNNOUBDJ.js:1:16043)
    at https://www.greencity.cx.ua/chunk-VNNOUBDJ.js:1:7223
    at eE (https://www.greencity.cx.ua/chunk-NUXSP4TM.js:11:76097)
    at Object.o [as next] (https://www.greencity.cx.ua/chunk-NUXSP4TM.js:11:76277)
    at bv.next (https://www.greencity.cx.ua/chunk-NUXSP4TM.js:7:3120)
    at Fr._next (https://www.greencity.cx.ua/chunk-NUXSP4TM.js:7:2803)
    at Fr.next (https://www.greencity.cx.ua/chunk-NUXSP4TM.js:7:2530)
    at https://www.greencity.cx.ua/chunk-NUXSP4TM.js:7:7848
    at Ac (https://www.greencity.cx.ua/chunk-NUXSP4TM.js:7:2222)
    at S0.next (https://www.greencity.cx.ua/chunk-NUXSP4TM.js:7:7687), [2026-03-15T12:00:21.631Z] [SEVERE] https://www.greencity.cx.ua/chunk-NUXSP4TM.js 10:45939 "ERROR" TypeError: Cannot read properties of null (reading 'setValue')
    at n.quillContentChanged (https://www.greencity.cx.ua/chunk-VNNOUBDJ.js:1:16043)
    at https://www.greencity.cx.ua/chunk-VNNOUBDJ.js:1:7223
    at eE (https://www.greencity.cx.ua/chunk-NUXSP4TM.js:11:76097)
    at Object.o [as next] (https://www.greencity.cx.ua/chunk-NUXSP4TM.js:11:76277)
    at bv.next (https://www.greencity.cx.ua/chunk-NUXSP4TM.js:7:3120)
    at Fr._next (https://www.greencity.cx.ua/chunk-NUXSP4TM.js:7:2803)
    at Fr.next (https://www.greencity.cx.ua/chunk-NUXSP4TM.js:7:2530)
    at https://www.greencity.cx.ua/chunk-NUXSP4TM.js:7:7848
    at Ac (https://www.greencity.cx.ua/chunk-NUXSP4TM.js:7:2222)
    at S0.next (https://www.greencity.cx.ua/chunk-NUXSP4TM.js:7:7687), [2026-03-15T12:00:21.634Z] [SEVERE] https://www.greencity.cx.ua/chunk-NUXSP4TM.js 10:45939 "ERROR" TypeError: Cannot read properties of null (reading 'setValue')
    at n.quillContentChanged (https://www.greencity.cx.ua/chunk-VNNOUBDJ.js:1:16043)
    at https://www.greencity.cx.ua/chunk-VNNOUBDJ.js:1:7223
    at eE (https://www.greencity.cx.ua/chunk-NUXSP4TM.js:11:76097)
    at Object.o [as next] (https://www.greencity.cx.ua/chunk-NUXSP4TM.js:11:76277)
    at bv.next (https://www.greencity.cx.ua/chunk-NUXSP4TM.js:7:3120)
    at Fr._next (https://www.greencity.cx.ua/chunk-NUXSP4TM.js:7:2803)
    at Fr.next (https://www.greencity.cx.ua/chunk-NUXSP4TM.js:7:2530)
    at https://www.greencity.cx.ua/chunk-NUXSP4TM.js:7:7848
    at Ac (https://www.greencity.cx.ua/chunk-NUXSP4TM.js:7:2222)
    at S0.next (https://www.greencity.cx.ua/chunk-NUXSP4TM.js:7:7687), [2026-03-15T12:00:21.637Z] [SEVERE] https://www.greencity.cx.ua/chunk-NUXSP4TM.js 10:45939 "ERROR" TypeError: Cannot read properties of null (reading 'setValue')
    at n.quillContentChanged (https://www.greencity.cx.ua/chunk-VNNOUBDJ.js:1:16043)
    at https://www.greencity.cx.ua/chunk-VNNOUBDJ.js:1:7223
    at eE (https://www.greencity.cx.ua/chunk-NUXSP4TM.js:11:76097)
    at Object.o [as next] (https://www.greencity.cx.ua/chunk-NUXSP4TM.js:11:76277)
    at bv.next (https://www.greencity.cx.ua/chunk-NUXSP4TM.js:7:3120)
    at Fr._next (https://www.greencity.cx.ua/chunk-NUXSP4TM.js:7:2803)
    at Fr.next (https://www.greencity.cx.ua/chunk-NUXSP4TM.js:7:2530)
    at https://www.greencity.cx.ua/chunk-NUXSP4TM.js:7:7848
    at Ac (https://www.greencity.cx.ua/chunk-NUXSP4TM.js:7:2222)
    at S0.next (https://www.greencity.cx.ua/chunk-NUXSP4TM.js:7:7687), [2026-03-15T12:00:21.640Z] [SEVERE] https://www.greencity.cx.ua/chunk-NUXSP4TM.js 10:45939 "ERROR" TypeError: Cannot read properties of null (reading 'setValue')
    at n.quillContentChanged (https://www.greencity.cx.ua/chunk-VNNOUBDJ.js:1:16043)
    at https://www.greencity.cx.ua/chunk-VNNOUBDJ.js:1:7223
    at eE (https://www.greencity.cx.ua/chunk-NUXSP4TM.js:11:76097)
    at Object.o [as next] (https://www.greencity.cx.ua/chunk-NUXSP4TM.js:11:76277)
    at bv.next (https://www.greencity.cx.ua/chunk-NUXSP4TM.js:7:3120)
    at Fr._next (https://www.greencity.cx.ua/chunk-NUXSP4TM.js:7:2803)
    at Fr.next (https://www.greencity.cx.ua/chunk-NUXSP4TM.js:7:2530)
    at https://www.greencity.cx.ua/chunk-NUXSP4TM.js:7:7848
    at Ac (https://www.greencity.cx.ua/chunk-NUXSP4TM.js:7:2222)
    at S0.next (https://www.greencity.cx.ua/chunk-NUXSP4TM.js:7:7687), [2026-03-15T12:00:21.643Z] [SEVERE] https://www.greencity.cx.ua/chunk-NUXSP4TM.js 10:45939 "ERROR" TypeError: Cannot read properties of null (reading 'setValue')
    at n.quillContentChanged (https://www.greencity.cx.ua/chunk-VNNOUBDJ.js:1:16043)
    at https://www.greencity.cx.ua/chunk-VNNOUBDJ.js:1:7223
    at eE (https://www.greencity.cx.ua/chunk-NUXSP4TM.js:11:76097)
    at Object.o [as next] (https://www.greencity.cx.ua/chunk-NUXSP4TM.js:11:76277)
    at bv.next (https://www.greencity.cx.ua/chunk-NUXSP4TM.js:7:3120)
    at Fr._next (https://www.greencity.cx.ua/chunk-NUXSP4TM.js:7:2803)
    at Fr.next (https://www.greencity.cx.ua/chunk-NUXSP4TM.js:7:2530)
    at https://www.greencity.cx.ua/chunk-NUXSP4TM.js:7:7848
    at Ac (https://www.greencity.cx.ua/chunk-NUXSP4TM.js:7:2222)
    at S0.next (https://www.greencity.cx.ua/chunk-NUXSP4TM.js:7:7687), [2026-03-15T12:00:21.646Z] [SEVERE] https://www.greencity.cx.ua/chunk-NUXSP4TM.js 10:45939 "ERROR" TypeError: Cannot read properties of null (reading 'setValue')
    at n.quillContentChanged (https://www.greencity.cx.ua/chunk-VNNOUBDJ.js:1:16043)
    at https://www.greencity.cx.ua/chunk-VNNOUBDJ.js:1:7223
    at eE (https://www.greencity.cx.ua/chunk-NUXSP4TM.js:11:76097)
    at Object.o [as next] (https://www.greencity.cx.ua/chunk-NUXSP4TM.js:11:76277)
    at bv.next (https://www.greencity.cx.ua/chunk-NUXSP4TM.js:7:3120)
    at Fr._next (https://www.greencity.cx.ua/chunk-NUXSP4TM.js:7:2803)
    at Fr.next (https://www.greencity.cx.ua/chunk-NUXSP4TM.js:7:2530)
    at https://www.greencity.cx.ua/chunk-NUXSP4TM.js:7:7848
    at Ac (https://www.greencity.cx.ua/chunk-NUXSP4TM.js:7:2222)
    at S0.next (https://www.greencity.cx.ua/chunk-NUXSP4TM.js:7:7687), [2026-03-15T12:00:21.649Z] [SEVERE] https://www.greencity.cx.ua/chunk-NUXSP4TM.js 10:45939 "ERROR" TypeError: Cannot read properties of null (reading 'setValue')
    at n.quillContentChanged (https://www.greencity.cx.ua/chunk-VNNOUBDJ.js:1:16043)
    at https://www.greencity.cx.ua/chunk-VNNOUBDJ.js:1:7223
    at eE (https://www.greencity.cx.ua/chunk-NUXSP4TM.js:11:76097)
    at Object.o [as next] (https://www.greencity.cx.ua/chunk-NUXSP4TM.js:11:76277)
    at bv.next (https://www.greencity.cx.ua/chunk-NUXSP4TM.js:7:3120)
    at Fr._next (https://www.greencity.cx.ua/chunk-NUXSP4TM.js:7:2803)
    at Fr.next (https://www.greencity.cx.ua/chunk-NUXSP4TM.js:7:2530)
    at https://www.greencity.cx.ua/chunk-NUXSP4TM.js:7:7848
    at Ac (https://www.greencity.cx.ua/chunk-NUXSP4TM.js:7:2222)
    at S0.next (https://www.greencity.cx.ua/chunk-NUXSP4TM.js:7:7687), [2026-03-15T12:00:21.652Z] [SEVERE] https://www.greencity.cx.ua/chunk-NUXSP4TM.js 10:45939 "ERROR" TypeError: Cannot read properties of null (reading 'setValue')
    at n.quillContentChanged (https://www.greencity.cx.ua/chunk-VNNOUBDJ.js:1:16043)
    at https://www.greencity.cx.ua/chunk-VNNOUBDJ.js:1:7223
    at eE (https://www.greencity.cx.ua/chunk-NUXSP4TM.js:11:76097)
    at Object.o [as next] (https://www.greencity.cx.ua/chunk-NUXSP4TM.js:11:76277)
    at bv.next (https://www.greencity.cx.ua/chunk-NUXSP4TM.js:7:3120)
    at Fr._next (https://www.greencity.cx.ua/chunk-NUXSP4TM.js:7:2803)
    at Fr.next (https://www.greencity.cx.ua/chunk-NUXSP4TM.js:7:2530)
    at https://www.greencity.cx.ua/chunk-NUXSP4TM.js:7:7848
    at Ac (https://www.greencity.cx.ua/chunk-NUXSP4TM.js:7:2222)
    at S0.next (https://www.greencity.cx.ua/chunk-NUXSP4TM.js:7:7687), [2026-03-15T12:00:21.655Z] [SEVERE] https://www.greencity.cx.ua/chunk-NUXSP4TM.js 10:45939 "ERROR" TypeError: Cannot read properties of null (reading 'setValue')
    at n.quillContentChanged (https://www.greencity.cx.ua/chunk-VNNOUBDJ.js:1:16043)
    at https://www.greencity.cx.ua/chunk-VNNOUBDJ.js:1:7223
    at eE (https://www.greencity.cx.ua/chunk-NUXSP4TM.js:11:76097)
    at Object.o [as next] (https://www.greencity.cx.ua/chunk-NUXSP4TM.js:11:76277)
    at bv.next (https://www.greencity.cx.ua/chunk-NUXSP4TM.js:7:3120)
    at Fr._next (https://www.greencity.cx.ua/chunk-NUXSP4TM.js:7:2803)
    at Fr.next (https://www.greencity.cx.ua/chunk-NUXSP4TM.js:7:2530)
    at https://www.greencity.cx.ua/chunk-NUXSP4TM.js:7:7848
    at Ac (https://www.greencity.cx.ua/chunk-NUXSP4TM.js:7:2222)
    at S0.next (https://www.greencity.cx.ua/chunk-NUXSP4TM.js:7:7687), [2026-03-15T12:00:21.658Z] [SEVERE] https://www.greencity.cx.ua/chunk-NUXSP4TM.js 10:45939 "ERROR" TypeError: Cannot read properties of null (reading 'setValue')
    at n.quillContentChanged (https://www.greencity.cx.ua/chunk-VNNOUBDJ.js:1:16043)
    at https://www.greencity.cx.ua/chunk-VNNOUBDJ.js:1:7223
    at eE (https://www.greencity.cx.ua/chunk-NUXSP4TM.js:11:76097)
    at Object.o [as next] (https://www.greencity.cx.ua/chunk-NUXSP4TM.js:11:76277)
    at bv.next (https://www.greencity.cx.ua/chunk-NUXSP4TM.js:7:3120)
    at Fr._next (https://www.greencity.cx.ua/chunk-NUXSP4TM.js:7:2803)
    at Fr.next (https://www.greencity.cx.ua/chunk-NUXSP4TM.js:7:2530)
    at https://www.greencity.cx.ua/chunk-NUXSP4TM.js:7:7848
    at Ac (https://www.greencity.cx.ua/chunk-NUXSP4TM.js:7:2222)
    at S0.next (https://www.greencity.cx.ua/chunk-NUXSP4TM.js:7:7687), [2026-03-15T12:00:21.661Z] [SEVERE] https://www.greencity.cx.ua/chunk-NUXSP4TM.js 10:45939 "ERROR" TypeError: Cannot read properties of null (reading 'setValue')
    at n.quillContentChanged (https://www.greencity.cx.ua/chunk-VNNOUBDJ.js:1:16043)
    at https://www.greencity.cx.ua/chunk-VNNOUBDJ.js:1:7223
    at eE (https://www.greencity.cx.ua/chunk-NUXSP4TM.js:11:76097)
    at Object.o [as next] (https://www.greencity.cx.ua/chunk-NUXSP4TM.js:11:76277)
    at bv.next (https://www.greencity.cx.ua/chunk-NUXSP4TM.js:7:3120)
    at Fr._next (https://www.greencity.cx.ua/chunk-NUXSP4TM.js:7:2803)
    at Fr.next (https://www.greencity.cx.ua/chunk-NUXSP4TM.js:7:2530)
    at https://www.greencity.cx.ua/chunk-NUXSP4TM.js:7:7848
    at Ac (https://www.greencity.cx.ua/chunk-NUXSP4TM.js:7:2222)
    at S0.next (https://www.greencity.cx.ua/chunk-NUXSP4TM.js:7:7687), [2026-03-15T12:00:21.664Z] [SEVERE] https://www.greencity.cx.ua/chunk-NUXSP4TM.js 10:45939 "ERROR" TypeError: Cannot read properties of null (reading 'setValue')
    at n.quillContentChanged (https://www.greencity.cx.ua/chunk-VNNOUBDJ.js:1:16043)
    at https://www.greencity.cx.ua/chunk-VNNOUBDJ.js:1:7223
    at eE (https://www.greencity.cx.ua/chunk-NUXSP4TM.js:11:76097)
    at Object.o [as next] (https://www.greencity.cx.ua/chunk-NUXSP4TM.js:11:76277)
    at bv.next (https://www.greencity.cx.ua/chunk-NUXSP4TM.js:7:3120)
    at Fr._next (https://www.greencity.cx.ua/chunk-NUXSP4TM.js:7:2803)
    at Fr.next (https://www.greencity.cx.ua/chunk-NUXSP4TM.js:7:2530)
    at https://www.greencity.cx.ua/chunk-NUXSP4TM.js:7:7848
    at Ac (https://www.greencity.cx.ua/chunk-NUXSP4TM.js:7:2222)
    at S0.next (https://www.greencity.cx.ua/chunk-NUXSP4TM.js:7:7687), [2026-03-15T12:00:21.667Z] [SEVERE] https://www.greencity.cx.ua/chunk-NUXSP4TM.js 10:45939 "ERROR" TypeError: Cannot read properties of null (reading 'setValue')
    at n.quillContentChanged (https://www.greencity.cx.ua/chunk-VNNOUBDJ.js:1:16043)
    at https://www.greencity.cx.ua/chunk-VNNOUBDJ.js:1:7223
    at eE (https://www.greencity.cx.ua/chunk-NUXSP4TM.js:11:76097)
    at Object.o [as next] (https://www.greencity.cx.ua/chunk-NUXSP4TM.js:11:76277)
    at bv.next (https://www.greencity.cx.ua/chunk-NUXSP4TM.js:7:3120)
    at Fr._next (https://www.greencity.cx.ua/chunk-NUXSP4TM.js:7:2803)
    at Fr.next (https://www.greencity.cx.ua/chunk-NUXSP4TM.js:7:2530)
    at https://www.greencity.cx.ua/chunk-NUXSP4TM.js:7:7848
    at Ac (https://www.greencity.cx.ua/chunk-NUXSP4TM.js:7:2222)
    at S0.next (https://www.greencity.cx.ua/chunk-NUXSP4TM.js:7:7687), [2026-03-15T12:00:21.670Z] [SEVERE] https://www.greencity.cx.ua/chunk-NUXSP4TM.js 10:45939 "ERROR" TypeError: Cannot read properties of null (reading 'setValue')
    at n.quillContentChanged (https://www.greencity.cx.ua/chunk-VNNOUBDJ.js:1:16043)
    at https://www.greencity.cx.ua/chunk-VNNOUBDJ.js:1:7223
    at eE (https://www.greencity.cx.ua/chunk-NUXSP4TM.js:11:76097)
    at Object.o [as next] (https://www.greencity.cx.ua/chunk-NUXSP4TM.js:11:76277)
    at bv.next (https://www.greencity.cx.ua/chunk-NUXSP4TM.js:7:3120)
    at Fr._next (https://www.greencity.cx.ua/chunk-NUXSP4TM.js:7:2803)
    at Fr.next (https://www.greencity.cx.ua/chunk-NUXSP4TM.js:7:2530)
    at https://www.greencity.cx.ua/chunk-NUXSP4TM.js:7:7848
    at Ac (https://www.greencity.cx.ua/chunk-NUXSP4TM.js:7:2222)
    at S0.next (https://www.greencity.cx.ua/chunk-NUXSP4TM.js:7:7687), [2026-03-15T12:00:21.673Z] [SEVERE] https://www.greencity.cx.ua/chunk-NUXSP4TM.js 10:45939 "ERROR" TypeError: Cannot read properties of null (reading 'setValue')
    at n.quillContentChanged (https://www.greencity.cx.ua/chunk-VNNOUBDJ.js:1:16043)
    at https://www.greencity.cx.ua/chunk-VNNOUBDJ.js:1:7223
    at eE (https://www.greencity.cx.ua/chunk-NUXSP4TM.js:11:76097)
    at Object.o [as next] (https://www.greencity.cx.ua/chunk-NUXSP4TM.js:11:76277)
    at bv.next (https://www.greencity.cx.ua/chunk-NUXSP4TM.js:7:3120)
    at Fr._next (https://www.greencity.cx.ua/chunk-NUXSP4TM.js:7:2803)
    at Fr.next (https://www.greencity.cx.ua/chunk-NUXSP4TM.js:7:2530)
    at https://www.greencity.cx.ua/chunk-NUXSP4TM.js:7:7848
    at Ac (https://www.greencity.cx.ua/chunk-NUXSP4TM.js:7:2222)
    at S0.next (https://www.greencity.cx.ua/chunk-NUXSP4TM.js:7:7687), [2026-03-15T12:00:21.676Z] [SEVERE] https://www.greencity.cx.ua/chunk-NUXSP4TM.js 10:45939 "ERROR" TypeError: Cannot read properties of null (reading 'setValue')
    at n.quillContentChanged (https://www.greencity.cx.ua/chunk-VNNOUBDJ.js:1:16043)
    at https://www.greencity.cx.ua/chunk-VNNOUBDJ.js:1:7223
    at eE (https://www.greencity.cx.ua/chunk-NUXSP4TM.js:11:76097)
    at Object.o [as next] (https://www.greencity.cx.ua/chunk-NUXSP4TM.js:11:76277)
    at bv.next (https://www.greencity.cx.ua/chunk-NUXSP4TM.js:7:3120)
    at Fr._next (https://www.greencity.cx.ua/chunk-NUXSP4TM.js:7:2803)
    at Fr.next (https://www.greencity.cx.ua/chunk-NUXSP4TM.js:7:2530)
    at https://www.greencity.cx.ua/chunk-NUXSP4TM.js:7:7848
    at Ac (https://www.greencity.cx.ua/chunk-NUXSP4TM.js:7:2222)
    at S0.next (https://www.greencity.cx.ua/chunk-NUXSP4TM.js:7:7687), [2026-03-15T12:00:21.679Z] [SEVERE] https://www.greencity.cx.ua/chunk-NUXSP4TM.js 10:45939 "ERROR" TypeError: Cannot read properties of null (reading 'setValue')
    at n.quillContentChanged (https://www.greencity.cx.ua/chunk-VNNOUBDJ.js:1:16043)
    at https://www.greencity.cx.ua/chunk-VNNOUBDJ.js:1:7223
    at eE (https://www.greencity.cx.ua/chunk-NUXSP4TM.js:11:76097)
    at Object.o [as next] (https://www.greencity.cx.ua/chunk-NUXSP4TM.js:11:76277)
    at bv.next (https://www.greencity.cx.ua/chunk-NUXSP4TM.js:7:3120)
    at Fr._next (https://www.greencity.cx.ua/chunk-NUXSP4TM.js:7:2803)
    at Fr.next (https://www.greencity.cx.ua/chunk-NUXSP4TM.js:7:2530)
    at https://www.greencity.cx.ua/chunk-NUXSP4TM.js:7:7848
    at Ac (https://www.greencity.cx.ua/chunk-NUXSP4TM.js:7:2222)
    at S0.next (https://www.greencity.cx.ua/chunk-NUXSP4TM.js:7:7687), [2026-03-15T12:00:21.683Z] [SEVERE] https://www.greencity.cx.ua/chunk-NUXSP4TM.js 10:45939 "ERROR" TypeError: Cannot read properties of null (reading 'setValue')
    at n.quillContentChanged (https://www.greencity.cx.ua/chunk-VNNOUBDJ.js:1:16043)
    at https://www.greencity.cx.ua/chunk-VNNOUBDJ.js:1:7223
    at eE (https://www.greencity.cx.ua/chunk-NUXSP4TM.js:11:76097)
    at Object.o [as next] (https://www.greencity.cx.ua/chunk-NUXSP4TM.js:11:76277)
    at bv.next (https://www.greencity.cx.ua/chunk-NUXSP4TM.js:7:3120)
    at Fr._next (https://www.greencity.cx.ua/chunk-NUXSP4TM.js:7:2803)
    at Fr.next (https://www.greencity.cx.ua/chunk-NUXSP4TM.js:7:2530)
    at https://www.greencity.cx.ua/chunk-NUXSP4TM.js:7:7848
    at Ac (https://www.greencity.cx.ua/chunk-NUXSP4TM.js:7:2222)
    at S0.next (https://www.greencity.cx.ua/chunk-NUXSP4TM.js:7:7687), [2026-03-15T12:00:21.689Z] [SEVERE] https://www.greencity.cx.ua/chunk-NUXSP4TM.js 10:45939 "ERROR" TypeError: Cannot read properties of null (reading 'setValue')
    at n.quillContentChanged (https://www.greencity.cx.ua/chunk-VNNOUBDJ.js:1:16043)
    at https://www.greencity.cx.ua/chunk-VNNOUBDJ.js:1:7223
    at eE (https://www.greencity.cx.ua/chunk-NUXSP4TM.js:11:76097)
    at Object.o [as next] (https://www.greencity.cx.ua/chunk-NUXSP4TM.js:11:76277)
    at bv.next (https://www.greencity.cx.ua/chunk-NUXSP4TM.js:7:3120)
    at Fr._next (https://www.greencity.cx.ua/chunk-NUXSP4TM.js:7:2803)
    at Fr.next (https://www.greencity.cx.ua/chunk-NUXSP4TM.js:7:2530)
    at https://www.greencity.cx.ua/chunk-NUXSP4TM.js:7:7848
    at Ac (https://www.greencity.cx.ua/chunk-NUXSP4TM.js:7:2222)
    at S0.next (https://www.greencity.cx.ua/chunk-NUXSP4TM.js:7:7687), [2026-03-15T12:00:21.692Z] [SEVERE] https://www.greencity.cx.ua/chunk-NUXSP4TM.js 10:45939 "ERROR" TypeError: Cannot read properties of null (reading 'setValue')
    at n.quillContentChanged (https://www.greencity.cx.ua/chunk-VNNOUBDJ.js:1:16043)
    at https://www.greencity.cx.ua/chunk-VNNOUBDJ.js:1:7223
    at eE (https://www.greencity.cx.ua/chunk-NUXSP4TM.js:11:76097)
    at Object.o [as next] (https://www.greencity.cx.ua/chunk-NUXSP4TM.js:11:76277)
    at bv.next (https://www.greencity.cx.ua/chunk-NUXSP4TM.js:7:3120)
    at Fr._next (https://www.greencity.cx.ua/chunk-NUXSP4TM.js:7:2803)
    at Fr.next (https://www.greencity.cx.ua/chunk-NUXSP4TM.js:7:2530)
    at https://www.greencity.cx.ua/chunk-NUXSP4TM.js:7:7848
    at Ac (https://www.greencity.cx.ua/chunk-NUXSP4TM.js:7:2222)
    at S0.next (https://www.greencity.cx.ua/chunk-NUXSP4TM.js:7:7687), [2026-03-15T12:00:21.695Z] [SEVERE] https://www.greencity.cx.ua/chunk-NUXSP4TM.js 10:45939 "ERROR" TypeError: Cannot read properties of null (reading 'setValue')
    at n.quillContentChanged (https://www.greencity.cx.ua/chunk-VNNOUBDJ.js:1:16043)
    at https://www.greencity.cx.ua/chunk-VNNOUBDJ.js:1:7223
    at eE (https://www.greencity.cx.ua/chunk-NUXSP4TM.js:11:76097)
    at Object.o [as next] (https://www.greencity.cx.ua/chunk-NUXSP4TM.js:11:76277)
    at bv.next (https://www.greencity.cx.ua/chunk-NUXSP4TM.js:7:3120)
    at Fr._next (https://www.greencity.cx.ua/chunk-NUXSP4TM.js:7:2803)
    at Fr.next (https://www.greencity.cx.ua/chunk-NUXSP4TM.js:7:2530)
    at https://www.greencity.cx.ua/chunk-NUXSP4TM.js:7:7848
    at Ac (https://www.greencity.cx.ua/chunk-NUXSP4TM.js:7:2222)
    at S0.next (https://www.greencity.cx.ua/chunk-NUXSP4TM.js:7:7687), [2026-03-15T12:00:21.698Z] [SEVERE] https://www.greencity.cx.ua/chunk-NUXSP4TM.js 10:45939 "ERROR" TypeError: Cannot read properties of null (reading 'setValue')
    at n.quillContentChanged (https://www.greencity.cx.ua/chunk-VNNOUBDJ.js:1:16043)
    at https://www.greencity.cx.ua/chunk-VNNOUBDJ.js:1:7223
    at eE (https://www.greencity.cx.ua/chunk-NUXSP4TM.js:11:76097)
    at Object.o [as next] (https://www.greencity.cx.ua/chunk-NUXSP4TM.js:11:76277)
    at bv.next (https://www.greencity.cx.ua/chunk-NUXSP4TM.js:7:3120)
    at Fr._next (https://www.greencity.cx.ua/chunk-NUXSP4TM.js:7:2803)
    at Fr.next (https://www.greencity.cx.ua/chunk-NUXSP4TM.js:7:2530)
    at https://www.greencity.cx.ua/chunk-NUXSP4TM.js:7:7848
    at Ac (https://www.greencity.cx.ua/chunk-NUXSP4TM.js:7:2222)
    at S0.next (https://www.greencity.cx.ua/chunk-NUXSP4TM.js:7:7687), [2026-03-15T12:00:21.701Z] [SEVERE] https://www.greencity.cx.ua/chunk-NUXSP4TM.js 10:45939 "ERROR" TypeError: Cannot read properties of null (reading 'setValue')
    at n.quillContentChanged (https://www.greencity.cx.ua/chunk-VNNOUBDJ.js:1:16043)
    at https://www.greencity.cx.ua/chunk-VNNOUBDJ.js:1:7223
    at eE (https://www.greencity.cx.ua/chunk-NUXSP4TM.js:11:76097)
    at Object.o [as next] (https://www.greencity.cx.ua/chunk-NUXSP4TM.js:11:76277)
    at bv.next (https://www.greencity.cx.ua/chunk-NUXSP4TM.js:7:3120)
    at Fr._next (https://www.greencity.cx.ua/chunk-NUXSP4TM.js:7:2803)
    at Fr.next (https://www.greencity.cx.ua/chunk-NUXSP4TM.js:7:2530)
    at https://www.greencity.cx.ua/chunk-NUXSP4TM.js:7:7848
    at Ac (https://www.greencity.cx.ua/chunk-NUXSP4TM.js:7:2222)
    at S0.next (https://www.greencity.cx.ua/chunk-NUXSP4TM.js:7:7687), [2026-03-15T12:00:21.705Z] [SEVERE] https://www.greencity.cx.ua/chunk-NUXSP4TM.js 10:45939 "ERROR" TypeError: Cannot read properties of null (reading 'setValue')
    at n.quillContentChanged (https://www.greencity.cx.ua/chunk-VNNOUBDJ.js:1:16043)
    at https://www.greencity.cx.ua/chunk-VNNOUBDJ.js:1:7223
    at eE (https://www.greencity.cx.ua/chunk-NUXSP4TM.js:11:76097)
    at Object.o [as next] (https://www.greencity.cx.ua/chunk-NUXSP4TM.js:11:76277)
    at bv.next (https://www.greencity.cx.ua/chunk-NUXSP4TM.js:7:3120)
    at Fr._next (https://www.greencity.cx.ua/chunk-NUXSP4TM.js:7:2803)
    at Fr.next (https://www.greencity.cx.ua/chunk-NUXSP4TM.js:7:2530)
    at https://www.greencity.cx.ua/chunk-NUXSP4TM.js:7:7848
    at Ac (https://www.greencity.cx.ua/chunk-NUXSP4TM.js:7:2222)
    at S0.next (https://www.greencity.cx.ua/chunk-NUXSP4TM.js:7:7687), [2026-03-15T12:00:21.708Z] [SEVERE] https://www.greencity.cx.ua/chunk-NUXSP4TM.js 10:45939 "ERROR" TypeError: Cannot read properties of null (reading 'setValue')
    at n.quillContentChanged (https://www.greencity.cx.ua/chunk-VNNOUBDJ.js:1:16043)
    at https://www.greencity.cx.ua/chunk-VNNOUBDJ.js:1:7223
    at eE (https://www.greencity.cx.ua/chunk-NUXSP4TM.js:11:76097)
    at Object.o [as next] (https://www.greencity.cx.ua/chunk-NUXSP4TM.js:11:76277)
    at bv.next (https://www.greencity.cx.ua/chunk-NUXSP4TM.js:7:3120)
    at Fr._next (https://www.greencity.cx.ua/chunk-NUXSP4TM.js:7:2803)
    at Fr.next (https://www.greencity.cx.ua/chunk-NUXSP4TM.js:7:2530)
    at https://www.greencity.cx.ua/chunk-NUXSP4TM.js:7:7848
    at Ac (https://www.greencity.cx.ua/chunk-NUXSP4TM.js:7:2222)
    at S0.next (https://www.greencity.cx.ua/chunk-NUXSP4TM.js:7:7687), [2026-03-15T12:00:21.711Z] [SEVERE] https://www.greencity.cx.ua/chunk-NUXSP4TM.js 10:45939 "ERROR" TypeError: Cannot read properties of null (reading 'setValue')
    at n.quillContentChanged (https://www.greencity.cx.ua/chunk-VNNOUBDJ.js:1:16043)
    at https://www.greencity.cx.ua/chunk-VNNOUBDJ.js:1:7223
    at eE (https://www.greencity.cx.ua/chunk-NUXSP4TM.js:11:76097)
    at Object.o [as next] (https://www.greencity.cx.ua/chunk-NUXSP4TM.js:11:76277)
    at bv.next (https://www.greencity.cx.ua/chunk-NUXSP4TM.js:7:3120)
    at Fr._next (https://www.greencity.cx.ua/chunk-NUXSP4TM.js:7:2803)
    at Fr.next (https://www.greencity.cx.ua/chunk-NUXSP4TM.js:7:2530)
    at https://www.greencity.cx.ua/chunk-NUXSP4TM.js:7:7848
    at Ac (https://www.greencity.cx.ua/chunk-NUXSP4TM.js:7:2222)
    at S0.next (https://www.greencity.cx.ua/chunk-NUXSP4TM.js:7:7687), [2026-03-15T12:00:21.714Z] [SEVERE] https://www.greencity.cx.ua/chunk-NUXSP4TM.js 10:45939 "ERROR" TypeError: Cannot read properties of null (reading 'setValue')
    at n.quillContentChanged (https://www.greencity.cx.ua/chunk-VNNOUBDJ.js:1:16043)
    at https://www.greencity.cx.ua/chunk-VNNOUBDJ.js:1:7223
    at eE (https://www.greencity.cx.ua/chunk-NUXSP4TM.js:11:76097)
    at Object.o [as next] (https://www.greencity.cx.ua/chunk-NUXSP4TM.js:11:76277)
    at bv.next (https://www.greencity.cx.ua/chunk-NUXSP4TM.js:7:3120)
    at Fr._next (https://www.greencity.cx.ua/chunk-NUXSP4TM.js:7:2803)
    at Fr.next (https://www.greencity.cx.ua/chunk-NUXSP4TM.js:7:2530)
    at https://www.greencity.cx.ua/chunk-NUXSP4TM.js:7:7848
    at Ac (https://www.greencity.cx.ua/chunk-NUXSP4TM.js:7:2222)
    at S0.next (https://www.greencity.cx.ua/chunk-NUXSP4TM.js:7:7687), [2026-03-15T12:00:21.717Z] [SEVERE] https://www.greencity.cx.ua/chunk-NUXSP4TM.js 10:45939 "ERROR" TypeError: Cannot read properties of null (reading 'setValue')
    at n.quillContentChanged (https://www.greencity.cx.ua/chunk-VNNOUBDJ.js:1:16043)
    at https://www.greencity.cx.ua/chunk-VNNOUBDJ.js:1:7223
    at eE (https://www.greencity.cx.ua/chunk-NUXSP4TM.js:11:76097)
    at Object.o [as next] (https://www.greencity.cx.ua/chunk-NUXSP4TM.js:11:76277)
    at bv.next (https://www.greencity.cx.ua/chunk-NUXSP4TM.js:7:3120)
    at Fr._next (https://www.greencity.cx.ua/chunk-NUXSP4TM.js:7:2803)
    at Fr.next (https://www.greencity.cx.ua/chunk-NUXSP4TM.js:7:2530)
    at https://www.greencity.cx.ua/chunk-NUXSP4TM.js:7:7848
    at Ac (https://www.greencity.cx.ua/chunk-NUXSP4TM.js:7:2222)
    at S0.next (https://www.greencity.cx.ua/chunk-NUXSP4TM.js:7:7687), [2026-03-15T12:00:21.720Z] [SEVERE] https://www.greencity.cx.ua/chunk-NUXSP4TM.js 10:45939 "ERROR" TypeError: Cannot read properties of null (reading 'setValue')
    at n.quillContentChanged (https://www.greencity.cx.ua/chunk-VNNOUBDJ.js:1:16043)
    at https://www.greencity.cx.ua/chunk-VNNOUBDJ.js:1:7223
    at eE (https://www.greencity.cx.ua/chunk-NUXSP4TM.js:11:76097)
    at Object.o [as next] (https://www.greencity.cx.ua/chunk-NUXSP4TM.js:11:76277)
    at bv.next (https://www.greencity.cx.ua/chunk-NUXSP4TM.js:7:3120)
    at Fr._next (https://www.greencity.cx.ua/chunk-NUXSP4TM.js:7:2803)
    at Fr.next (https://www.greencity.cx.ua/chunk-NUXSP4TM.js:7:2530)
    at https://www.greencity.cx.ua/chunk-NUXSP4TM.js:7:7848
    at Ac (https://www.greencity.cx.ua/chunk-NUXSP4TM.js:7:2222)
    at S0.next (https://www.greencity.cx.ua/chunk-NUXSP4TM.js:7:7687), [2026-03-15T12:00:21.723Z] [SEVERE] https://www.greencity.cx.ua/chunk-NUXSP4TM.js 10:45939 "ERROR" TypeError: Cannot read properties of null (reading 'setValue')
    at n.quillContentChanged (https://www.greencity.cx.ua/chunk-VNNOUBDJ.js:1:16043)
    at https://www.greencity.cx.ua/chunk-VNNOUBDJ.js:1:7223
    at eE (https://www.greencity.cx.ua/chunk-NUXSP4TM.js:11:76097)
    at Object.o [as next] (https://www.greencity.cx.ua/chunk-NUXSP4TM.js:11:76277)
    at bv.next (https://www.greencity.cx.ua/chunk-NUXSP4TM.js:7:3120)
    at Fr._next (https://www.greencity.cx.ua/chunk-NUXSP4TM.js:7:2803)
    at Fr.next (https://www.greencity.cx.ua/chunk-NUXSP4TM.js:7:2530)
    at https://www.greencity.cx.ua/chunk-NUXSP4TM.js:7:7848
    at Ac (https://www.greencity.cx.ua/chunk-NUXSP4TM.js:7:2222)
    at S0.next (https://www.greencity.cx.ua/chunk-NUXSP4TM.js:7:7687), [2026-03-15T12:00:21.726Z] [SEVERE] https://www.greencity.cx.ua/chunk-NUXSP4TM.js 10:45939 "ERROR" TypeError: Cannot read properties of null (reading 'setValue')
    at n.quillContentChanged (https://www.greencity.cx.ua/chunk-VNNOUBDJ.js:1:16043)
    at https://www.greencity.cx.ua/chunk-VNNOUBDJ.js:1:7223
    at eE (https://www.greencity.cx.ua/chunk-NUXSP4TM.js:11:76097)
    at Object.o [as next] (https://www.greencity.cx.ua/chunk-NUXSP4TM.js:11:76277)
    at bv.next (https://www.greencity.cx.ua/chunk-NUXSP4TM.js:7:3120)
    at Fr._next (https://www.greencity.cx.ua/chunk-NUXSP4TM.js:7:2803)
    at Fr.next (https://www.greencity.cx.ua/chunk-NUXSP4TM.js:7:2530)
    at https://www.greencity.cx.ua/chunk-NUXSP4TM.js:7:7848
    at Ac (https://www.greencity.cx.ua/chunk-NUXSP4TM.js:7:2222)
    at S0.next (https://www.greencity.cx.ua/chunk-NUXSP4TM.js:7:7687), [2026-03-15T12:00:21.730Z] [SEVERE] https://www.greencity.cx.ua/chunk-NUXSP4TM.js 10:45939 "ERROR" TypeError: Cannot read properties of null (reading 'setValue')
    at n.quillContentChanged (https://www.greencity.cx.ua/chunk-VNNOUBDJ.js:1:16043)
    at https://www.greencity.cx.ua/chunk-VNNOUBDJ.js:1:7223
    at eE (https://www.greencity.cx.ua/chunk-NUXSP4TM.js:11:76097)
    at Object.o [as next] (https://www.greencity.cx.ua/chunk-NUXSP4TM.js:11:76277)
    at bv.next (https://www.greencity.cx.ua/chunk-NUXSP4TM.js:7:3120)
    at Fr._next (https://www.greencity.cx.ua/chunk-NUXSP4TM.js:7:2803)
    at Fr.next (https://www.greencity.cx.ua/chunk-NUXSP4TM.js:7:2530)
    at https://www.greencity.cx.ua/chunk-NUXSP4TM.js:7:7848
    at Ac (https://www.greencity.cx.ua/chunk-NUXSP4TM.js:7:2222)
    at S0.next (https://www.greencity.cx.ua/chunk-NUXSP4TM.js:7:7687), [2026-03-15T12:00:21.733Z] [SEVERE] https://www.greencity.cx.ua/chunk-NUXSP4TM.js 10:45939 "ERROR" TypeError: Cannot read properties of null (reading 'setValue')
    at n.quillContentChanged (https://www.greencity.cx.ua/chunk-VNNOUBDJ.js:1:16043)
    at https://www.greencity.cx.ua/chunk-VNNOUBDJ.js:1:7223
    at eE (https://www.greencity.cx.ua/chunk-NUXSP4TM.js:11:76097)
    at Object.o [as next] (https://www.greencity.cx.ua/chunk-NUXSP4TM.js:11:76277)
    at bv.next (https://www.greencity.cx.ua/chunk-NUXSP4TM.js:7:3120)
    at Fr._next (https://www.greencity.cx.ua/chunk-NUXSP4TM.js:7:2803)
    at Fr.next (https://www.greencity.cx.ua/chunk-NUXSP4TM.js:7:2530)
    at https://www.greencity.cx.ua/chunk-NUXSP4TM.js:7:7848
    at Ac (https://www.greencity.cx.ua/chunk-NUXSP4TM.js:7:2222)
    at S0.next (https://www.greencity.cx.ua/chunk-NUXSP4TM.js:7:7687), [2026-03-15T12:00:21.736Z] [SEVERE] https://www.greencity.cx.ua/chunk-NUXSP4TM.js 10:45939 "ERROR" TypeError: Cannot read properties of null (reading 'setValue')
    at n.quillContentChanged (https://www.greencity.cx.ua/chunk-VNNOUBDJ.js:1:16043)
    at https://www.greencity.cx.ua/chunk-VNNOUBDJ.js:1:7223
    at eE (https://www.greencity.cx.ua/chunk-NUXSP4TM.js:11:76097)
    at Object.o [as next] (https://www.greencity.cx.ua/chunk-NUXSP4TM.js:11:76277)
    at bv.next (https://www.greencity.cx.ua/chunk-NUXSP4TM.js:7:3120)
    at Fr._next (https://www.greencity.cx.ua/chunk-NUXSP4TM.js:7:2803)
    at Fr.next (https://www.greencity.cx.ua/chunk-NUXSP4TM.js:7:2530)
    at https://www.greencity.cx.ua/chunk-NUXSP4TM.js:7:7848
    at Ac (https://www.greencity.cx.ua/chunk-NUXSP4TM.js:7:2222)
    at S0.next (https://www.greencity.cx.ua/chunk-NUXSP4TM.js:7:7687), [2026-03-15T12:00:21.739Z] [SEVERE] https://www.greencity.cx.ua/chunk-NUXSP4TM.js 10:45939 "ERROR" TypeError: Cannot read properties of null (reading 'setValue')
    at n.quillContentChanged (https://www.greencity.cx.ua/chunk-VNNOUBDJ.js:1:16043)
    at https://www.greencity.cx.ua/chunk-VNNOUBDJ.js:1:7223
    at eE (https://www.greencity.cx.ua/chunk-NUXSP4TM.js:11:76097)
    at Object.o [as next] (https://www.greencity.cx.ua/chunk-NUXSP4TM.js:11:76277)
    at bv.next (https://www.greencity.cx.ua/chunk-NUXSP4TM.js:7:3120)
    at Fr._next (https://www.greencity.cx.ua/chunk-NUXSP4TM.js:7:2803)
    at Fr.next (https://www.greencity.cx.ua/chunk-NUXSP4TM.js:7:2530)
    at https://www.greencity.cx.ua/chunk-NUXSP4TM.js:7:7848
    at Ac (https://www.greencity.cx.ua/chunk-NUXSP4TM.js:7:2222)
    at S0.next (https://www.greencity.cx.ua/chunk-NUXSP4TM.js:7:7687), [2026-03-15T12:00:21.742Z] [SEVERE] https://www.greencity.cx.ua/chunk-NUXSP4TM.js 10:45939 "ERROR" TypeError: Cannot read properties of null (reading 'setValue')
    at n.quillContentChanged (https://www.greencity.cx.ua/chunk-VNNOUBDJ.js:1:16043)
    at https://www.greencity.cx.ua/chunk-VNNOUBDJ.js:1:7223
    at eE (https://www.greencity.cx.ua/chunk-NUXSP4TM.js:11:76097)
    at Object.o [as next] (https://www.greencity.cx.ua/chunk-NUXSP4TM.js:11:76277)
    at bv.next (https://www.greencity.cx.ua/chunk-NUXSP4TM.js:7:3120)
    at Fr._next (https://www.greencity.cx.ua/chunk-NUXSP4TM.js:7:2803)
    at Fr.next (https://www.greencity.cx.ua/chunk-NUXSP4TM.js:7:2530)
    at https://www.greencity.cx.ua/chunk-NUXSP4TM.js:7:7848
    at Ac (https://www.greencity.cx.ua/chunk-NUXSP4TM.js:7:2222)
    at S0.next (https://www.greencity.cx.ua/chunk-NUXSP4TM.js:7:7687), [2026-03-15T12:00:21.746Z] [SEVERE] https://www.greencity.cx.ua/chunk-NUXSP4TM.js 10:45939 "ERROR" TypeError: Cannot read properties of null (reading 'setValue')
    at n.quillContentChanged (https://www.greencity.cx.ua/chunk-VNNOUBDJ.js:1:16043)
    at https://www.greencity.cx.ua/chunk-VNNOUBDJ.js:1:7223
    at eE (https://www.greencity.cx.ua/chunk-NUXSP4TM.js:11:76097)
    at Object.o [as next] (https://www.greencity.cx.ua/chunk-NUXSP4TM.js:11:76277)
    at bv.next (https://www.greencity.cx.ua/chunk-NUXSP4TM.js:7:3120)
    at Fr._next (https://www.greencity.cx.ua/chunk-NUXSP4TM.js:7:2803)
    at Fr.next (https://www.greencity.cx.ua/chunk-NUXSP4TM.js:7:2530)
    at https://www.greencity.cx.ua/chunk-NUXSP4TM.js:7:7848
    at Ac (https://www.greencity.cx.ua/chunk-NUXSP4TM.js:7:2222)
    at S0.next (https://www.greencity.cx.ua/chunk-NUXSP4TM.js:7:7687), [2026-03-15T12:00:21.749Z] [SEVERE] https://www.greencity.cx.ua/chunk-NUXSP4TM.js 10:45939 "ERROR" TypeError: Cannot read properties of null (reading 'setValue')
    at n.quillContentChanged (https://www.greencity.cx.ua/chunk-VNNOUBDJ.js:1:16043)
    at https://www.greencity.cx.ua/chunk-VNNOUBDJ.js:1:7223
    at eE (https://www.greencity.cx.ua/chunk-NUXSP4TM.js:11:76097)
    at Object.o [as next] (https://www.greencity.cx.ua/chunk-NUXSP4TM.js:11:76277)
    at bv.next (https://www.greencity.cx.ua/chunk-NUXSP4TM.js:7:3120)
    at Fr._next (https://www.greencity.cx.ua/chunk-NUXSP4TM.js:7:2803)
    at Fr.next (https://www.greencity.cx.ua/chunk-NUXSP4TM.js:7:2530)
    at https://www.greencity.cx.ua/chunk-NUXSP4TM.js:7:7848
    at Ac (https://www.greencity.cx.ua/chunk-NUXSP4TM.js:7:2222)
    at S0.next (https://www.greencity.cx.ua/chunk-NUXSP4TM.js:7:7687), [2026-03-15T12:00:21.752Z] [SEVERE] https://www.greencity.cx.ua/chunk-NUXSP4TM.js 10:45939 "ERROR" TypeError: Cannot read properties of null (reading 'setValue')
    at n.quillContentChanged (https://www.greencity.cx.ua/chunk-VNNOUBDJ.js:1:16043)
    at https://www.greencity.cx.ua/chunk-VNNOUBDJ.js:1:7223
    at eE (https://www.greencity.cx.ua/chunk-NUXSP4TM.js:11:76097)
    at Object.o [as next] (https://www.greencity.cx.ua/chunk-NUXSP4TM.js:11:76277)
    at bv.next (https://www.greencity.cx.ua/chunk-NUXSP4TM.js:7:3120)
    at Fr._next (https://www.greencity.cx.ua/chunk-NUXSP4TM.js:7:2803)
    at Fr.next (https://www.greencity.cx.ua/chunk-NUXSP4TM.js:7:2530)
    at https://www.greencity.cx.ua/chunk-NUXSP4TM.js:7:7848
    at Ac (https://www.greencity.cx.ua/chunk-NUXSP4TM.js:7:2222)
    at S0.next (https://www.greencity.cx.ua/chunk-NUXSP4TM.js:7:7687), [2026-03-15T12:00:21.756Z] [SEVERE] https://www.greencity.cx.ua/chunk-NUXSP4TM.js 10:45939 "ERROR" TypeError: Cannot read properties of null (reading 'setValue')
    at n.quillContentChanged (https://www.greencity.cx.ua/chunk-VNNOUBDJ.js:1:16043)
    at https://www.greencity.cx.ua/chunk-VNNOUBDJ.js:1:7223
    at eE (https://www.greencity.cx.ua/chunk-NUXSP4TM.js:11:76097)
    at Object.o [as next] (https://www.greencity.cx.ua/chunk-NUXSP4TM.js:11:76277)
    at bv.next (https://www.greencity.cx.ua/chunk-NUXSP4TM.js:7:3120)
    at Fr._next (https://www.greencity.cx.ua/chunk-NUXSP4TM.js:7:2803)
    at Fr.next (https://www.greencity.cx.ua/chunk-NUXSP4TM.js:7:2530)
    at https://www.greencity.cx.ua/chunk-NUXSP4TM.js:7:7848
    at Ac (https://www.greencity.cx.ua/chunk-NUXSP4TM.js:7:2222)
    at S0.next (https://www.greencity.cx.ua/chunk-NUXSP4TM.js:7:7687), [2026-03-15T12:00:21.759Z] [SEVERE] https://www.greencity.cx.ua/chunk-NUXSP4TM.js 10:45939 "ERROR" TypeError: Cannot read properties of null (reading 'setValue')
    at n.quillContentChanged (https://www.greencity.cx.ua/chunk-VNNOUBDJ.js:1:16043)
    at https://www.greencity.cx.ua/chunk-VNNOUBDJ.js:1:7223
    at eE (https://www.greencity.cx.ua/chunk-NUXSP4TM.js:11:76097)
    at Object.o [as next] (https://www.greencity.cx.ua/chunk-NUXSP4TM.js:11:76277)
    at bv.next (https://www.greencity.cx.ua/chunk-NUXSP4TM.js:7:3120)
    at Fr._next (https://www.greencity.cx.ua/chunk-NUXSP4TM.js:7:2803)
    at Fr.next (https://www.greencity.cx.ua/chunk-NUXSP4TM.js:7:2530)
    at https://www.greencity.cx.ua/chunk-NUXSP4TM.js:7:7848
    at Ac (https://www.greencity.cx.ua/chunk-NUXSP4TM.js:7:2222)
    at S0.next (https://www.greencity.cx.ua/chunk-NUXSP4TM.js:7:7687), [2026-03-15T12:00:21.762Z] [SEVERE] https://www.greencity.cx.ua/chunk-NUXSP4TM.js 10:45939 "ERROR" TypeError: Cannot read properties of null (reading 'setValue')
    at n.quillContentChanged (https://www.greencity.cx.ua/chunk-VNNOUBDJ.js:1:16043)
    at https://www.greencity.cx.ua/chunk-VNNOUBDJ.js:1:7223
    at eE (https://www.greencity.cx.ua/chunk-NUXSP4TM.js:11:76097)
    at Object.o [as next] (https://www.greencity.cx.ua/chunk-NUXSP4TM.js:11:76277)
    at bv.next (https://www.greencity.cx.ua/chunk-NUXSP4TM.js:7:3120)
    at Fr._next (https://www.greencity.cx.ua/chunk-NUXSP4TM.js:7:2803)
    at Fr.next (https://www.greencity.cx.ua/chunk-NUXSP4TM.js:7:2530)
    at https://www.greencity.cx.ua/chunk-NUXSP4TM.js:7:7848
    at Ac (https://www.greencity.cx.ua/chunk-NUXSP4TM.js:7:2222)
    at S0.next (https://www.greencity.cx.ua/chunk-NUXSP4TM.js:7:7687), [2026-03-15T12:00:21.765Z] [SEVERE] https://www.greencity.cx.ua/chunk-NUXSP4TM.js 10:45939 "ERROR" TypeError: Cannot read properties of null (reading 'setValue')
    at n.quillContentChanged (https://www.greencity.cx.ua/chunk-VNNOUBDJ.js:1:16043)
    at https://www.greencity.cx.ua/chunk-VNNOUBDJ.js:1:7223
    at eE (https://www.greencity.cx.ua/chunk-NUXSP4TM.js:11:76097)
    at Object.o [as next] (https://www.greencity.cx.ua/chunk-NUXSP4TM.js:11:76277)
    at bv.next (https://www.greencity.cx.ua/chunk-NUXSP4TM.js:7:3120)
    at Fr._next (https://www.greencity.cx.ua/chunk-NUXSP4TM.js:7:2803)
    at Fr.next (https://www.greencity.cx.ua/chunk-NUXSP4TM.js:7:2530)
    at https://www.greencity.cx.ua/chunk-NUXSP4TM.js:7:7848
    at Ac (https://www.greencity.cx.ua/chunk-NUXSP4TM.js:7:2222)
    at S0.next (https://www.greencity.cx.ua/chunk-NUXSP4TM.js:7:7687), [2026-03-15T12:00:21.768Z] [SEVERE] https://www.greencity.cx.ua/chunk-NUXSP4TM.js 10:45939 "ERROR" TypeError: Cannot read properties of null (reading 'setValue')
    at n.quillContentChanged (https://www.greencity.cx.ua/chunk-VNNOUBDJ.js:1:16043)
    at https://www.greencity.cx.ua/chunk-VNNOUBDJ.js:1:7223
    at eE (https://www.greencity.cx.ua/chunk-NUXSP4TM.js:11:76097)
    at Object.o [as next] (https://www.greencity.cx.ua/chunk-NUXSP4TM.js:11:76277)
    at bv.next (https://www.greencity.cx.ua/chunk-NUXSP4TM.js:7:3120)
    at Fr._next (https://www.greencity.cx.ua/chunk-NUXSP4TM.js:7:2803)
    at Fr.next (https://www.greencity.cx.ua/chunk-NUXSP4TM.js:7:2530)
    at https://www.greencity.cx.ua/chunk-NUXSP4TM.js:7:7848
    at Ac (https://www.greencity.cx.ua/chunk-NUXSP4TM.js:7:2222)
    at S0.next (https://www.greencity.cx.ua/chunk-NUXSP4TM.js:7:7687), [2026-03-15T12:00:21.771Z] [SEVERE] https://www.greencity.cx.ua/chunk-NUXSP4TM.js 10:45939 "ERROR" TypeError: Cannot read properties of null (reading 'setValue')
    at n.quillContentChanged (https://www.greencity.cx.ua/chunk-VNNOUBDJ.js:1:16043)
    at https://www.greencity.cx.ua/chunk-VNNOUBDJ.js:1:7223
    at eE (https://www.greencity.cx.ua/chunk-NUXSP4TM.js:11:76097)
    at Object.o [as next] (https://www.greencity.cx.ua/chunk-NUXSP4TM.js:11:76277)
    at bv.next (https://www.greencity.cx.ua/chunk-NUXSP4TM.js:7:3120)
    at Fr._next (https://www.greencity.cx.ua/chunk-NUXSP4TM.js:7:2803)
    at Fr.next (https://www.greencity.cx.ua/chunk-NUXSP4TM.js:7:2530)
    at https://www.greencity.cx.ua/chunk-NUXSP4TM.js:7:7848
    at Ac (https://www.greencity.cx.ua/chunk-NUXSP4TM.js:7:2222)
    at S0.next (https://www.greencity.cx.ua/chunk-NUXSP4TM.js:7:7687), [2026-03-15T12:00:21.774Z] [SEVERE] https://www.greencity.cx.ua/chunk-NUXSP4TM.js 10:45939 "ERROR" TypeError: Cannot read properties of null (reading 'setValue')
    at n.quillContentChanged (https://www.greencity.cx.ua/chunk-VNNOUBDJ.js:1:16043)
    at https://www.greencity.cx.ua/chunk-VNNOUBDJ.js:1:7223
    at eE (https://www.greencity.cx.ua/chunk-NUXSP4TM.js:11:76097)
    at Object.o [as next] (https://www.greencity.cx.ua/chunk-NUXSP4TM.js:11:76277)
    at bv.next (https://www.greencity.cx.ua/chunk-NUXSP4TM.js:7:3120)
    at Fr._next (https://www.greencity.cx.ua/chunk-NUXSP4TM.js:7:2803)
    at Fr.next (https://www.greencity.cx.ua/chunk-NUXSP4TM.js:7:2530)
    at https://www.greencity.cx.ua/chunk-NUXSP4TM.js:7:7848
    at Ac (https://www.greencity.cx.ua/chunk-NUXSP4TM.js:7:2222)
    at S0.next (https://www.greencity.cx.ua/chunk-NUXSP4TM.js:7:7687), [2026-03-15T12:00:21.777Z] [SEVERE] https://www.greencity.cx.ua/chunk-NUXSP4TM.js 10:45939 "ERROR" TypeError: Cannot read properties of null (reading 'setValue')
    at n.quillContentChanged (https://www.greencity.cx.ua/chunk-VNNOUBDJ.js:1:16043)
    at https://www.greencity.cx.ua/chunk-VNNOUBDJ.js:1:7223
    at eE (https://www.greencity.cx.ua/chunk-NUXSP4TM.js:11:76097)
    at Object.o [as next] (https://www.greencity.cx.ua/chunk-NUXSP4TM.js:11:76277)
    at bv.next (https://www.greencity.cx.ua/chunk-NUXSP4TM.js:7:3120)
    at Fr._next (https://www.greencity.cx.ua/chunk-NUXSP4TM.js:7:2803)
    at Fr.next (https://www.greencity.cx.ua/chunk-NUXSP4TM.js:7:2530)
    at https://www.greencity.cx.ua/chunk-NUXSP4TM.js:7:7848
    at Ac (https://www.greencity.cx.ua/chunk-NUXSP4TM.js:7:2222)
    at S0.next (https://www.greencity.cx.ua/chunk-NUXSP4TM.js:7:7687), [2026-03-15T12:00:21.780Z] [SEVERE] https://www.greencity.cx.ua/chunk-NUXSP4TM.js 10:45939 "ERROR" TypeError: Cannot read properties of null (reading 'setValue')
    at n.quillContentChanged (https://www.greencity.cx.ua/chunk-VNNOUBDJ.js:1:16043)
    at https://www.greencity.cx.ua/chunk-VNNOUBDJ.js:1:7223
    at eE (https://www.greencity.cx.ua/chunk-NUXSP4TM.js:11:76097)
    at Object.o [as next] (https://www.greencity.cx.ua/chunk-NUXSP4TM.js:11:76277)
    at bv.next (https://www.greencity.cx.ua/chunk-NUXSP4TM.js:7:3120)
    at Fr._next (https://www.greencity.cx.ua/chunk-NUXSP4TM.js:7:2803)
    at Fr.next (https://www.greencity.cx.ua/chunk-NUXSP4TM.js:7:2530)
    at https://www.greencity.cx.ua/chunk-NUXSP4TM.js:7:7848
    at Ac (https://www.greencity.cx.ua/chunk-NUXSP4TM.js:7:2222)
    at S0.next (https://www.greencity.cx.ua/chunk-NUXSP4TM.js:7:7687), [2026-03-15T12:00:21.783Z] [SEVERE] https://www.greencity.cx.ua/chunk-NUXSP4TM.js 10:45939 "ERROR" TypeError: Cannot read properties of null (reading 'setValue')
    at n.quillContentChanged (https://www.greencity.cx.ua/chunk-VNNOUBDJ.js:1:16043)
    at https://www.greencity.cx.ua/chunk-VNNOUBDJ.js:1:7223
    at eE (https://www.greencity.cx.ua/chunk-NUXSP4TM.js:11:76097)
    at Object.o [as next] (https://www.greencity.cx.ua/chunk-NUXSP4TM.js:11:76277)
    at bv.next (https://www.greencity.cx.ua/chunk-NUXSP4TM.js:7:3120)
    at Fr._next (https://www.greencity.cx.ua/chunk-NUXSP4TM.js:7:2803)
    at Fr.next (https://www.greencity.cx.ua/chunk-NUXSP4TM.js:7:2530)
    at https://www.greencity.cx.ua/chunk-NUXSP4TM.js:7:7848
    at Ac (https://www.greencity.cx.ua/chunk-NUXSP4TM.js:7:2222)
    at S0.next (https://www.greencity.cx.ua/chunk-NUXSP4TM.js:7:7687), [2026-03-15T12:00:21.786Z] [SEVERE] https://www.greencity.cx.ua/chunk-NUXSP4TM.js 10:45939 "ERROR" TypeError: Cannot read properties of null (reading 'setValue')
    at n.quillContentChanged (https://www.greencity.cx.ua/chunk-VNNOUBDJ.js:1:16043)
    at https://www.greencity.cx.ua/chunk-VNNOUBDJ.js:1:7223
    at eE (https://www.greencity.cx.ua/chunk-NUXSP4TM.js:11:76097)
    at Object.o [as next] (https://www.greencity.cx.ua/chunk-NUXSP4TM.js:11:76277)
    at bv.next (https://www.greencity.cx.ua/chunk-NUXSP4TM.js:7:3120)
    at Fr._next (https://www.greencity.cx.ua/chunk-NUXSP4TM.js:7:2803)
    at Fr.next (https://www.greencity.cx.ua/chunk-NUXSP4TM.js:7:2530)
    at https://www.greencity.cx.ua/chunk-NUXSP4TM.js:7:7848
    at Ac (https://www.greencity.cx.ua/chunk-NUXSP4TM.js:7:2222)
    at S0.next (https://www.greencity.cx.ua/chunk-NUXSP4TM.js:7:7687), [2026-03-15T12:00:21.789Z] [SEVERE] https://www.greencity.cx.ua/chunk-NUXSP4TM.js 10:45939 "ERROR" TypeError: Cannot read properties of null (reading 'setValue')
    at n.quillContentChanged (https://www.greencity.cx.ua/chunk-VNNOUBDJ.js:1:16043)
    at https://www.greencity.cx.ua/chunk-VNNOUBDJ.js:1:7223
    at eE (https://www.greencity.cx.ua/chunk-NUXSP4TM.js:11:76097)
    at Object.o [as next] (https://www.greencity.cx.ua/chunk-NUXSP4TM.js:11:76277)
    at bv.next (https://www.greencity.cx.ua/chunk-NUXSP4TM.js:7:3120)
    at Fr._next (https://www.greencity.cx.ua/chunk-NUXSP4TM.js:7:2803)
    at Fr.next (https://www.greencity.cx.ua/chunk-NUXSP4TM.js:7:2530)
    at https://www.greencity.cx.ua/chunk-NUXSP4TM.js:7:7848
    at Ac (https://www.greencity.cx.ua/chunk-NUXSP4TM.js:7:2222)
    at S0.next (https://www.greencity.cx.ua/chunk-NUXSP4TM.js:7:7687), [2026-03-15T12:00:21.794Z] [SEVERE] https://www.greencity.cx.ua/chunk-NUXSP4TM.js 10:45939 "ERROR" TypeError: Cannot read properties of null (reading 'setValue')
    at n.quillContentChanged (https://www.greencity.cx.ua/chunk-VNNOUBDJ.js:1:16043)
    at https://www.greencity.cx.ua/chunk-VNNOUBDJ.js:1:7223
    at eE (https://www.greencity.cx.ua/chunk-NUXSP4TM.js:11:76097)
    at Object.o [as next] (https://www.greencity.cx.ua/chunk-NUXSP4TM.js:11:76277)
    at bv.next (https://www.greencity.cx.ua/chunk-NUXSP4TM.js:7:3120)
    at Fr._next (https://www.greencity.cx.ua/chunk-NUXSP4TM.js:7:2803)
    at Fr.next (https://www.greencity.cx.ua/chunk-NUXSP4TM.js:7:2530)
    at https://www.greencity.cx.ua/chunk-NUXSP4TM.js:7:7848
    at Ac (https://www.greencity.cx.ua/chunk-NUXSP4TM.js:7:2222)
    at S0.next (https://www.greencity.cx.ua/chunk-NUXSP4TM.js:7:7687), [2026-03-15T12:00:21.797Z] [SEVERE] https://www.greencity.cx.ua/chunk-NUXSP4TM.js 10:45939 "ERROR" TypeError: Cannot read properties of null (reading 'setValue')
    at n.quillContentChanged (https://www.greencity.cx.ua/chunk-VNNOUBDJ.js:1:16043)
    at https://www.greencity.cx.ua/chunk-VNNOUBDJ.js:1:7223
    at eE (https://www.greencity.cx.ua/chunk-NUXSP4TM.js:11:76097)
    at Object.o [as next] (https://www.greencity.cx.ua/chunk-NUXSP4TM.js:11:76277)
    at bv.next (https://www.greencity.cx.ua/chunk-NUXSP4TM.js:7:3120)
    at Fr._next (https://www.greencity.cx.ua/chunk-NUXSP4TM.js:7:2803)
    at Fr.next (https://www.greencity.cx.ua/chunk-NUXSP4TM.js:7:2530)
    at https://www.greencity.cx.ua/chunk-NUXSP4TM.js:7:7848
    at Ac (https://www.greencity.cx.ua/chunk-NUXSP4TM.js:7:2222)
    at S0.next (https://www.greencity.cx.ua/chunk-NUXSP4TM.js:7:7687), [2026-03-15T12:00:21.798Z] [SEVERE] https://www.greencity.cx.ua/chunk-NUXSP4TM.js 10:45939 "ERROR" TypeError: Cannot read properties of null (reading 'setValue')
    at n.quillContentChanged (https://www.greencity.cx.ua/chunk-VNNOUBDJ.js:1:16043)
    at https://www.greencity.cx.ua/chunk-VNNOUBDJ.js:1:7223
    at eE (https://www.greencity.cx.ua/chunk-NUXSP4TM.js:11:76097)
    at Object.o [as next] (https://www.greencity.cx.ua/chunk-NUXSP4TM.js:11:76277)
    at bv.next (https://www.greencity.cx.ua/chunk-NUXSP4TM.js:7:3120)
    at Fr._next (https://www.greencity.cx.ua/chunk-NUXSP4TM.js:7:2803)
    at Fr.next (https://www.greencity.cx.ua/chunk-NUXSP4TM.js:7:2530)
    at https://www.greencity.cx.ua/chunk-NUXSP4TM.js:7:7848
    at Ac (https://www.greencity.cx.ua/chunk-NUXSP4TM.js:7:2222)
    at S0.next (https://www.greencity.cx.ua/chunk-NUXSP4TM.js:7:7687), [2026-03-15T12:00:21.802Z] [SEVERE] https://www.greencity.cx.ua/chunk-NUXSP4TM.js 10:45939 "ERROR" TypeError: Cannot read properties of null (reading 'setValue')
    at n.quillContentChanged (https://www.greencity.cx.ua/chunk-VNNOUBDJ.js:1:16043)
    at https://www.greencity.cx.ua/chunk-VNNOUBDJ.js:1:7223
    at eE (https://www.greencity.cx.ua/chunk-NUXSP4TM.js:11:76097)
    at Object.o [as next] (https://www.greencity.cx.ua/chunk-NUXSP4TM.js:11:76277)
    at bv.next (https://www.greencity.cx.ua/chunk-NUXSP4TM.js:7:3120)
    at Fr._next (https://www.greencity.cx.ua/chunk-NUXSP4TM.js:7:2803)
    at Fr.next (https://www.greencity.cx.ua/chunk-NUXSP4TM.js:7:2530)
    at https://www.greencity.cx.ua/chunk-NUXSP4TM.js:7:7848
    at Ac (https://www.greencity.cx.ua/chunk-NUXSP4TM.js:7:2222)
    at S0.next (https://www.greencity.cx.ua/chunk-NUXSP4TM.js:7:7687), [2026-03-15T12:00:21.806Z] [SEVERE] https://www.greencity.cx.ua/chunk-NUXSP4TM.js 10:45939 "ERROR" TypeError: Cannot read properties of null (reading 'setValue')
    at n.quillContentChanged (https://www.greencity.cx.ua/chunk-VNNOUBDJ.js:1:16043)
    at https://www.greencity.cx.ua/chunk-VNNOUBDJ.js:1:7223
    at eE (https://www.greencity.cx.ua/chunk-NUXSP4TM.js:11:76097)
    at Object.o [as next] (https://www.greencity.cx.ua/chunk-NUXSP4TM.js:11:76277)
    at bv.next (https://www.greencity.cx.ua/chunk-NUXSP4TM.js:7:3120)
    at Fr._next (https://www.greencity.cx.ua/chunk-NUXSP4TM.js:7:2803)
    at Fr.next (https://www.greencity.cx.ua/chunk-NUXSP4TM.js:7:2530)
    at https://www.greencity.cx.ua/chunk-NUXSP4TM.js:7:7848
    at Ac (https://www.greencity.cx.ua/chunk-NUXSP4TM.js:7:2222)
    at S0.next (https://www.greencity.cx.ua/chunk-NUXSP4TM.js:7:7687), [2026-03-15T12:00:21.808Z] [SEVERE] https://www.greencity.cx.ua/chunk-NUXSP4TM.js 10:45939 "ERROR" TypeError: Cannot read properties of null (reading 'setValue')
    at n.quillContentChanged (https://www.greencity.cx.ua/chunk-VNNOUBDJ.js:1:16043)
    at https://www.greencity.cx.ua/chunk-VNNOUBDJ.js:1:7223
    at eE (https://www.greencity.cx.ua/chunk-NUXSP4TM.js:11:76097)
    at Object.o [as next] (https://www.greencity.cx.ua/chunk-NUXSP4TM.js:11:76277)
    at bv.next (https://www.greencity.cx.ua/chunk-NUXSP4TM.js:7:3120)
    at Fr._next (https://www.greencity.cx.ua/chunk-NUXSP4TM.js:7:2803)
    at Fr.next (https://www.greencity.cx.ua/chunk-NUXSP4TM.js:7:2530)
    at https://www.greencity.cx.ua/chunk-NUXSP4TM.js:7:7848
    at Ac (https://www.greencity.cx.ua/chunk-NUXSP4TM.js:7:2222)
    at S0.next (https://www.greencity.cx.ua/chunk-NUXSP4TM.js:7:7687), [2026-03-15T12:00:21.811Z] [SEVERE] https://www.greencity.cx.ua/chunk-NUXSP4TM.js 10:45939 "ERROR" TypeError: Cannot read properties of null (reading 'setValue')
    at n.quillContentChanged (https://www.greencity.cx.ua/chunk-VNNOUBDJ.js:1:16043)
    at https://www.greencity.cx.ua/chunk-VNNOUBDJ.js:1:7223
    at eE (https://www.greencity.cx.ua/chunk-NUXSP4TM.js:11:76097)
    at Object.o [as next] (https://www.greencity.cx.ua/chunk-NUXSP4TM.js:11:76277)
    at bv.next (https://www.greencity.cx.ua/chunk-NUXSP4TM.js:7:3120)
    at Fr._next (https://www.greencity.cx.ua/chunk-NUXSP4TM.js:7:2803)
    at Fr.next (https://www.greencity.cx.ua/chunk-NUXSP4TM.js:7:2530)
    at https://www.greencity.cx.ua/chunk-NUXSP4TM.js:7:7848
    at Ac (https://www.greencity.cx.ua/chunk-NUXSP4TM.js:7:2222)
    at S0.next (https://www.greencity.cx.ua/chunk-NUXSP4TM.js:7:7687), [2026-03-15T12:00:21.814Z] [SEVERE] https://www.greencity.cx.ua/chunk-NUXSP4TM.js 10:45939 "ERROR" TypeError: Cannot read properties of null (reading 'setValue')
    at n.quillContentChanged (https://www.greencity.cx.ua/chunk-VNNOUBDJ.js:1:16043)
    at https://www.greencity.cx.ua/chunk-VNNOUBDJ.js:1:7223
    at eE (https://www.greencity.cx.ua/chunk-NUXSP4TM.js:11:76097)
    at Object.o [as next] (https://www.greencity.cx.ua/chunk-NUXSP4TM.js:11:76277)
    at bv.next (https://www.greencity.cx.ua/chunk-NUXSP4TM.js:7:3120)
    at Fr._next (https://www.greencity.cx.ua/chunk-NUXSP4TM.js:7:2803)
    at Fr.next (https://www.greencity.cx.ua/chunk-NUXSP4TM.js:7:2530)
    at https://www.greencity.cx.ua/chunk-NUXSP4TM.js:7:7848
    at Ac (https://www.greencity.cx.ua/chunk-NUXSP4TM.js:7:2222)
    at S0.next (https://www.greencity.cx.ua/chunk-NUXSP4TM.js:7:7687), [2026-03-15T12:00:21.818Z] [SEVERE] https://www.greencity.cx.ua/chunk-NUXSP4TM.js 10:45939 "ERROR" TypeError: Cannot read properties of null (reading 'setValue')
    at n.quillContentChanged (https://www.greencity.cx.ua/chunk-VNNOUBDJ.js:1:16043)
    at https://www.greencity.cx.ua/chunk-VNNOUBDJ.js:1:7223
    at eE (https://www.greencity.cx.ua/chunk-NUXSP4TM.js:11:76097)
    at Object.o [as next] (https://www.greencity.cx.ua/chunk-NUXSP4TM.js:11:76277)
    at bv.next (https://www.greencity.cx.ua/chunk-NUXSP4TM.js:7:3120)
    at Fr._next (https://www.greencity.cx.ua/chunk-NUXSP4TM.js:7:2803)
    at Fr.next (https://www.greencity.cx.ua/chunk-NUXSP4TM.js:7:2530)
    at https://www.greencity.cx.ua/chunk-NUXSP4TM.js:7:7848
    at Ac (https://www.greencity.cx.ua/chunk-NUXSP4TM.js:7:2222)
    at S0.next (https://www.greencity.cx.ua/chunk-NUXSP4TM.js:7:7687), [2026-03-15T12:00:21.822Z] [SEVERE] https://www.greencity.cx.ua/chunk-NUXSP4TM.js 10:45939 "ERROR" TypeError: Cannot read properties of null (reading 'setValue')
    at n.quillContentChanged (https://www.greencity.cx.ua/chunk-VNNOUBDJ.js:1:16043)
    at https://www.greencity.cx.ua/chunk-VNNOUBDJ.js:1:7223
    at eE (https://www.greencity.cx.ua/chunk-NUXSP4TM.js:11:76097)
    at Object.o [as next] (https://www.greencity.cx.ua/chunk-NUXSP4TM.js:11:76277)
    at bv.next (https://www.greencity.cx.ua/chunk-NUXSP4TM.js:7:3120)
    at Fr._next (https://www.greencity.cx.ua/chunk-NUXSP4TM.js:7:2803)
    at Fr.next (https://www.greencity.cx.ua/chunk-NUXSP4TM.js:7:2530)
    at https://www.greencity.cx.ua/chunk-NUXSP4TM.js:7:7848
    at Ac (https://www.greencity.cx.ua/chunk-NUXSP4TM.js:7:2222)
    at S0.next (https://www.greencity.cx.ua/chunk-NUXSP4TM.js:7:7687), [2026-03-15T12:00:21.824Z] [SEVERE] https://www.greencity.cx.ua/chunk-NUXSP4TM.js 10:45939 "ERROR" TypeError: Cannot read properties of null (reading 'setValue')
    at n.quillContentChanged (https://www.greencity.cx.ua/chunk-VNNOUBDJ.js:1:16043)
    at https://www.greencity.cx.ua/chunk-VNNOUBDJ.js:1:7223
    at eE (https://www.greencity.cx.ua/chunk-NUXSP4TM.js:11:76097)
    at Object.o [as next] (https://www.greencity.cx.ua/chunk-NUXSP4TM.js:11:76277)
    at bv.next (https://www.greencity.cx.ua/chunk-NUXSP4TM.js:7:3120)
    at Fr._next (https://www.greencity.cx.ua/chunk-NUXSP4TM.js:7:2803)
    at Fr.next (https://www.greencity.cx.ua/chunk-NUXSP4TM.js:7:2530)
    at https://www.greencity.cx.ua/chunk-NUXSP4TM.js:7:7848
    at Ac (https://www.greencity.cx.ua/chunk-NUXSP4TM.js:7:2222)
    at S0.next (https://www.greencity.cx.ua/chunk-NUXSP4TM.js:7:7687), [2026-03-15T12:00:21.827Z] [SEVERE] https://www.greencity.cx.ua/chunk-NUXSP4TM.js 10:45939 "ERROR" TypeError: Cannot read properties of null (reading 'setValue')
    at n.quillContentChanged (https://www.greencity.cx.ua/chunk-VNNOUBDJ.js:1:16043)
    at https://www.greencity.cx.ua/chunk-VNNOUBDJ.js:1:7223
    at eE (https://www.greencity.cx.ua/chunk-NUXSP4TM.js:11:76097)
    at Object.o [as next] (https://www.greencity.cx.ua/chunk-NUXSP4TM.js:11:76277)
    at bv.next (https://www.greencity.cx.ua/chunk-NUXSP4TM.js:7:3120)
    at Fr._next (https://www.greencity.cx.ua/chunk-NUXSP4TM.js:7:2803)
    at Fr.next (https://www.greencity.cx.ua/chunk-NUXSP4TM.js:7:2530)
    at https://www.greencity.cx.ua/chunk-NUXSP4TM.js:7:7848
    at Ac (https://www.greencity.cx.ua/chunk-NUXSP4TM.js:7:2222)
    at S0.next (https://www.greencity.cx.ua/chunk-NUXSP4TM.js:7:7687), [2026-03-15T12:00:21.831Z] [SEVERE] https://www.greencity.cx.ua/chunk-NUXSP4TM.js 10:45939 "ERROR" TypeError: Cannot read properties of null (reading 'setValue')
    at n.quillContentChanged (https://www.greencity.cx.ua/chunk-VNNOUBDJ.js:1:16043)
    at https://www.greencity.cx.ua/chunk-VNNOUBDJ.js:1:7223
    at eE (https://www.greencity.cx.ua/chunk-NUXSP4TM.js:11:76097)
    at Object.o [as next] (https://www.greencity.cx.ua/chunk-NUXSP4TM.js:11:76277)
    at bv.next (https://www.greencity.cx.ua/chunk-NUXSP4TM.js:7:3120)
    at Fr._next (https://www.greencity.cx.ua/chunk-NUXSP4TM.js:7:2803)
    at Fr.next (https://www.greencity.cx.ua/chunk-NUXSP4TM.js:7:2530)
    at https://www.greencity.cx.ua/chunk-NUXSP4TM.js:7:7848
    at Ac (https://www.greencity.cx.ua/chunk-NUXSP4TM.js:7:2222)
    at S0.next (https://www.greencity.cx.ua/chunk-NUXSP4TM.js:7:7687), [2026-03-15T12:00:21.834Z] [SEVERE] https://www.greencity.cx.ua/chunk-NUXSP4TM.js 10:45939 "ERROR" TypeError: Cannot read properties of null (reading 'setValue')
    at n.quillContentChanged (https://www.greencity.cx.ua/chunk-VNNOUBDJ.js:1:16043)
    at https://www.greencity.cx.ua/chunk-VNNOUBDJ.js:1:7223
    at eE (https://www.greencity.cx.ua/chunk-NUXSP4TM.js:11:76097)
    at Object.o [as next] (https://www.greencity.cx.ua/chunk-NUXSP4TM.js:11:76277)
    at bv.next (https://www.greencity.cx.ua/chunk-NUXSP4TM.js:7:3120)
    at Fr._next (https://www.greencity.cx.ua/chunk-NUXSP4TM.js:7:2803)
    at Fr.next (https://www.greencity.cx.ua/chunk-NUXSP4TM.js:7:2530)
    at https://www.greencity.cx.ua/chunk-NUXSP4TM.js:7:7848
    at Ac (https://www.greencity.cx.ua/chunk-NUXSP4TM.js:7:2222)
    at S0.next (https://www.greencity.cx.ua/chunk-NUXSP4TM.js:7:7687), [2026-03-15T12:00:21.837Z] [SEVERE] https://www.greencity.cx.ua/chunk-NUXSP4TM.js 10:45939 "ERROR" TypeError: Cannot read properties of null (reading 'setValue')
    at n.quillContentChanged (https://www.greencity.cx.ua/chunk-VNNOUBDJ.js:1:16043)
    at https://www.greencity.cx.ua/chunk-VNNOUBDJ.js:1:7223
    at eE (https://www.greencity.cx.ua/chunk-NUXSP4TM.js:11:76097)
    at Object.o [as next] (https://www.greencity.cx.ua/chunk-NUXSP4TM.js:11:76277)
    at bv.next (https://www.greencity.cx.ua/chunk-NUXSP4TM.js:7:3120)
    at Fr._next (https://www.greencity.cx.ua/chunk-NUXSP4TM.js:7:2803)
    at Fr.next (https://www.greencity.cx.ua/chunk-NUXSP4TM.js:7:2530)
    at https://www.greencity.cx.ua/chunk-NUXSP4TM.js:7:7848
    at Ac (https://www.greencity.cx.ua/chunk-NUXSP4TM.js:7:2222)
    at S0.next (https://www.greencity.cx.ua/chunk-NUXSP4TM.js:7:7687), [2026-03-15T12:00:21.840Z] [SEVERE] https://www.greencity.cx.ua/chunk-NUXSP4TM.js 10:45939 "ERROR" TypeError: Cannot read properties of null (reading 'setValue')
    at n.quillContentChanged (https://www.greencity.cx.ua/chunk-VNNOUBDJ.js:1:16043)
    at https://www.greencity.cx.ua/chunk-VNNOUBDJ.js:1:7223
    at eE (https://www.greencity.cx.ua/chunk-NUXSP4TM.js:11:76097)
    at Object.o [as next] (https://www.greencity.cx.ua/chunk-NUXSP4TM.js:11:76277)
    at bv.next (https://www.greencity.cx.ua/chunk-NUXSP4TM.js:7:3120)
    at Fr._next (https://www.greencity.cx.ua/chunk-NUXSP4TM.js:7:2803)
    at Fr.next (https://www.greencity.cx.ua/chunk-NUXSP4TM.js:7:2530)
    at https://www.greencity.cx.ua/chunk-NUXSP4TM.js:7:7848
    at Ac (https://www.greencity.cx.ua/chunk-NUXSP4TM.js:7:2222)
    at S0.next (https://www.greencity.cx.ua/chunk-NUXSP4TM.js:7:7687), [2026-03-15T12:00:21.844Z] [SEVERE] https://www.greencity.cx.ua/chunk-NUXSP4TM.js 10:45939 "ERROR" TypeError: Cannot read properties of null (reading 'setValue')
    at n.quillContentChanged (https://www.greencity.cx.ua/chunk-VNNOUBDJ.js:1:16043)
    at https://www.greencity.cx.ua/chunk-VNNOUBDJ.js:1:7223
    at eE (https://www.greencity.cx.ua/chunk-NUXSP4TM.js:11:76097)
    at Object.o [as next] (https://www.greencity.cx.ua/chunk-NUXSP4TM.js:11:76277)
    at bv.next (https://www.greencity.cx.ua/chunk-NUXSP4TM.js:7:3120)
    at Fr._next (https://www.greencity.cx.ua/chunk-NUXSP4TM.js:7:2803)
    at Fr.next (https://www.greencity.cx.ua/chunk-NUXSP4TM.js:7:2530)
    at https://www.greencity.cx.ua/chunk-NUXSP4TM.js:7:7848
    at Ac (https://www.greencity.cx.ua/chunk-NUXSP4TM.js:7:2222)
    at S0.next (https://www.greencity.cx.ua/chunk-NUXSP4TM.js:7:7687), [2026-03-15T12:00:21.847Z] [SEVERE] https://www.greencity.cx.ua/chunk-NUXSP4TM.js 10:45939 "ERROR" TypeError: Cannot read properties of null (reading 'setValue')
    at n.quillContentChanged (https://www.greencity.cx.ua/chunk-VNNOUBDJ.js:1:16043)
    at https://www.greencity.cx.ua/chunk-VNNOUBDJ.js:1:7223
    at eE (https://www.greencity.cx.ua/chunk-NUXSP4TM.js:11:76097)
    at Object.o [as next] (https://www.greencity.cx.ua/chunk-NUXSP4TM.js:11:76277)
    at bv.next (https://www.greencity.cx.ua/chunk-NUXSP4TM.js:7:3120)
    at Fr._next (https://www.greencity.cx.ua/chunk-NUXSP4TM.js:7:2803)
    at Fr.next (https://www.greencity.cx.ua/chunk-NUXSP4TM.js:7:2530)
    at https://www.greencity.cx.ua/chunk-NUXSP4TM.js:7:7848
    at Ac (https://www.greencity.cx.ua/chunk-NUXSP4TM.js:7:2222)
    at S0.next (https://www.greencity.cx.ua/chunk-NUXSP4TM.js:7:7687), [2026-03-15T12:00:21.849Z] [SEVERE] https://www.greencity.cx.ua/chunk-NUXSP4TM.js 10:45939 "ERROR" TypeError: Cannot read properties of null (reading 'setValue')
    at n.quillContentChanged (https://www.greencity.cx.ua/chunk-VNNOUBDJ.js:1:16043)
    at https://www.greencity.cx.ua/chunk-VNNOUBDJ.js:1:7223
    at eE (https://www.greencity.cx.ua/chunk-NUXSP4TM.js:11:76097)
    at Object.o [as next] (https://www.greencity.cx.ua/chunk-NUXSP4TM.js:11:76277)
    at bv.next (https://www.greencity.cx.ua/chunk-NUXSP4TM.js:7:3120)
    at Fr._next (https://www.greencity.cx.ua/chunk-NUXSP4TM.js:7:2803)
    at Fr.next (https://www.greencity.cx.ua/chunk-NUXSP4TM.js:7:2530)
    at https://www.greencity.cx.ua/chunk-NUXSP4TM.js:7:7848
    at Ac (https://www.greencity.cx.ua/chunk-NUXSP4TM.js:7:2222)
    at S0.next (https://www.greencity.cx.ua/chunk-NUXSP4TM.js:7:7687), [2026-03-15T12:00:21.856Z] [SEVERE] https://www.greencity.cx.ua/chunk-NUXSP4TM.js 10:45939 "ERROR" TypeError: Cannot read properties of null (reading 'setValue')
    at n.quillContentChanged (https://www.greencity.cx.ua/chunk-VNNOUBDJ.js:1:16043)
    at https://www.greencity.cx.ua/chunk-VNNOUBDJ.js:1:7223
    at eE (https://www.greencity.cx.ua/chunk-NUXSP4TM.js:11:76097)
    at Object.o [as next] (https://www.greencity.cx.ua/chunk-NUXSP4TM.js:11:76277)
    at bv.next (https://www.greencity.cx.ua/chunk-NUXSP4TM.js:7:3120)
    at Fr._next (https://www.greencity.cx.ua/chunk-NUXSP4TM.js:7:2803)
    at Fr.next (https://www.greencity.cx.ua/chunk-NUXSP4TM.js:7:2530)
    at https://www.greencity.cx.ua/chunk-NUXSP4TM.js:7:7848
    at Ac (https://www.greencity.cx.ua/chunk-NUXSP4TM.js:7:2222)
    at S0.next (https://www.greencity.cx.ua/chunk-NUXSP4TM.js:7:7687), [2026-03-15T12:00:21.857Z] [SEVERE] https://www.greencity.cx.ua/chunk-NUXSP4TM.js 10:45939 "ERROR" TypeError: Cannot read properties of null (reading 'setValue')
    at n.quillContentChanged (https://www.greencity.cx.ua/chunk-VNNOUBDJ.js:1:16043)
    at https://www.greencity.cx.ua/chunk-VNNOUBDJ.js:1:7223
    at eE (https://www.greencity.cx.ua/chunk-NUXSP4TM.js:11:76097)
    at Object.o [as next] (https://www.greencity.cx.ua/chunk-NUXSP4TM.js:11:76277)
    at bv.next (https://www.greencity.cx.ua/chunk-NUXSP4TM.js:7:3120)
    at Fr._next (https://www.greencity.cx.ua/chunk-NUXSP4TM.js:7:2803)
    at Fr.next (https://www.greencity.cx.ua/chunk-NUXSP4TM.js:7:2530)
    at https://www.greencity.cx.ua/chunk-NUXSP4TM.js:7:7848
    at Ac (https://www.greencity.cx.ua/chunk-NUXSP4TM.js:7:2222)
    at S0.next (https://www.greencity.cx.ua/chunk-NUXSP4TM.js:7:7687), [2026-03-15T12:00:21.860Z] [SEVERE] https://www.greencity.cx.ua/chunk-NUXSP4TM.js 10:45939 "ERROR" TypeError: Cannot read properties of null (reading 'setValue')
    at n.quillContentChanged (https://www.greencity.cx.ua/chunk-VNNOUBDJ.js:1:16043)
    at https://www.greencity.cx.ua/chunk-VNNOUBDJ.js:1:7223
    at eE (https://www.greencity.cx.ua/chunk-NUXSP4TM.js:11:76097)
    at Object.o [as next] (https://www.greencity.cx.ua/chunk-NUXSP4TM.js:11:76277)
    at bv.next (https://www.greencity.cx.ua/chunk-NUXSP4TM.js:7:3120)
    at Fr._next (https://www.greencity.cx.ua/chunk-NUXSP4TM.js:7:2803)
    at Fr.next (https://www.greencity.cx.ua/chunk-NUXSP4TM.js:7:2530)
    at https://www.greencity.cx.ua/chunk-NUXSP4TM.js:7:7848
    at Ac (https://www.greencity.cx.ua/chunk-NUXSP4TM.js:7:2222)
    at S0.next (https://www.greencity.cx.ua/chunk-NUXSP4TM.js:7:7687), [2026-03-15T12:00:21.864Z] [SEVERE] https://www.greencity.cx.ua/chunk-NUXSP4TM.js 10:45939 "ERROR" TypeError: Cannot read properties of null (reading 'setValue')
    at n.quillContentChanged (https://www.greencity.cx.ua/chunk-VNNOUBDJ.js:1:16043)
    at https://www.greencity.cx.ua/chunk-VNNOUBDJ.js:1:7223
    at eE (https://www.greencity.cx.ua/chunk-NUXSP4TM.js:11:76097)
    at Object.o [as next] (https://www.greencity.cx.ua/chunk-NUXSP4TM.js:11:76277)
    at bv.next (https://www.greencity.cx.ua/chunk-NUXSP4TM.js:7:3120)
    at Fr._next (https://www.greencity.cx.ua/chunk-NUXSP4TM.js:7:2803)
    at Fr.next (https://www.greencity.cx.ua/chunk-NUXSP4TM.js:7:2530)
    at https://www.greencity.cx.ua/chunk-NUXSP4TM.js:7:7848
    at Ac (https://www.greencity.cx.ua/chunk-NUXSP4TM.js:7:2222)
    at S0.next (https://www.greencity.cx.ua/chunk-NUXSP4TM.js:7:7687), [2026-03-15T12:00:21.867Z] [SEVERE] https://www.greencity.cx.ua/chunk-NUXSP4TM.js 10:45939 "ERROR" TypeError: Cannot read properties of null (reading 'setValue')
    at n.quillContentChanged (https://www.greencity.cx.ua/chunk-VNNOUBDJ.js:1:16043)
    at https://www.greencity.cx.ua/chunk-VNNOUBDJ.js:1:7223
    at eE (https://www.greencity.cx.ua/chunk-NUXSP4TM.js:11:76097)
    at Object.o [as next] (https://www.greencity.cx.ua/chunk-NUXSP4TM.js:11:76277)
    at bv.next (https://www.greencity.cx.ua/chunk-NUXSP4TM.js:7:3120)
    at Fr._next (https://www.greencity.cx.ua/chunk-NUXSP4TM.js:7:2803)
    at Fr.next (https://www.greencity.cx.ua/chunk-NUXSP4TM.js:7:2530)
    at https://www.greencity.cx.ua/chunk-NUXSP4TM.js:7:7848
    at Ac (https://www.greencity.cx.ua/chunk-NUXSP4TM.js:7:2222)
    at S0.next (https://www.greencity.cx.ua/chunk-NUXSP4TM.js:7:7687), [2026-03-15T12:00:21.870Z] [SEVERE] https://www.greencity.cx.ua/chunk-NUXSP4TM.js 10:45939 "ERROR" TypeError: Cannot read properties of null (reading 'setValue')
    at n.quillContentChanged (https://www.greencity.cx.ua/chunk-VNNOUBDJ.js:1:16043)
    at https://www.greencity.cx.ua/chunk-VNNOUBDJ.js:1:7223
    at eE (https://www.greencity.cx.ua/chunk-NUXSP4TM.js:11:76097)
    at Object.o [as next] (https://www.greencity.cx.ua/chunk-NUXSP4TM.js:11:76277)
    at bv.next (https://www.greencity.cx.ua/chunk-NUXSP4TM.js:7:3120)
    at Fr._next (https://www.greencity.cx.ua/chunk-NUXSP4TM.js:7:2803)
    at Fr.next (https://www.greencity.cx.ua/chunk-NUXSP4TM.js:7:2530)
    at https://www.greencity.cx.ua/chunk-NUXSP4TM.js:7:7848
    at Ac (https://www.greencity.cx.ua/chunk-NUXSP4TM.js:7:2222)
    at S0.next (https://www.greencity.cx.ua/chunk-NUXSP4TM.js:7:7687), [2026-03-15T12:00:21.874Z] [SEVERE] https://www.greencity.cx.ua/chunk-NUXSP4TM.js 10:45939 "ERROR" TypeError: Cannot read properties of null (reading 'setValue')
    at n.quillContentChanged (https://www.greencity.cx.ua/chunk-VNNOUBDJ.js:1:16043)
    at https://www.greencity.cx.ua/chunk-VNNOUBDJ.js:1:7223
    at eE (https://www.greencity.cx.ua/chunk-NUXSP4TM.js:11:76097)
    at Object.o [as next] (https://www.greencity.cx.ua/chunk-NUXSP4TM.js:11:76277)
    at bv.next (https://www.greencity.cx.ua/chunk-NUXSP4TM.js:7:3120)
    at Fr._next (https://www.greencity.cx.ua/chunk-NUXSP4TM.js:7:2803)
    at Fr.next (https://www.greencity.cx.ua/chunk-NUXSP4TM.js:7:2530)
    at https://www.greencity.cx.ua/chunk-NUXSP4TM.js:7:7848
    at Ac (https://www.greencity.cx.ua/chunk-NUXSP4TM.js:7:2222)
    at S0.next (https://www.greencity.cx.ua/chunk-NUXSP4TM.js:7:7687), [2026-03-15T12:00:21.877Z] [SEVERE] https://www.greencity.cx.ua/chunk-NUXSP4TM.js 10:45939 "ERROR" TypeError: Cannot read properties of null (reading 'setValue')
    at n.quillContentChanged (https://www.greencity.cx.ua/chunk-VNNOUBDJ.js:1:16043)
    at https://www.greencity.cx.ua/chunk-VNNOUBDJ.js:1:7223
    at eE (https://www.greencity.cx.ua/chunk-NUXSP4TM.js:11:76097)
    at Object.o [as next] (https://www.greencity.cx.ua/chunk-NUXSP4TM.js:11:76277)
    at bv.next (https://www.greencity.cx.ua/chunk-NUXSP4TM.js:7:3120)
    at Fr._next (https://www.greencity.cx.ua/chunk-NUXSP4TM.js:7:2803)
    at Fr.next (https://www.greencity.cx.ua/chunk-NUXSP4TM.js:7:2530)
    at https://www.greencity.cx.ua/chunk-NUXSP4TM.js:7:7848
    at Ac (https://www.greencity.cx.ua/chunk-NUXSP4TM.js:7:2222)
    at S0.next (https://www.greencity.cx.ua/chunk-NUXSP4TM.js:7:7687), [2026-03-15T12:00:21.884Z] [SEVERE] https://www.greencity.cx.ua/chunk-NUXSP4TM.js 10:45939 "ERROR" TypeError: Cannot read properties of null (reading 'setValue')
    at n.quillContentChanged (https://www.greencity.cx.ua/chunk-VNNOUBDJ.js:1:16043)
    at https://www.greencity.cx.ua/chunk-VNNOUBDJ.js:1:7223
    at eE (https://www.greencity.cx.ua/chunk-NUXSP4TM.js:11:76097)
    at Object.o [as next] (https://www.greencity.cx.ua/chunk-NUXSP4TM.js:11:76277)
    at bv.next (https://www.greencity.cx.ua/chunk-NUXSP4TM.js:7:3120)
    at Fr._next (https://www.greencity.cx.ua/chunk-NUXSP4TM.js:7:2803)
    at Fr.next (https://www.greencity.cx.ua/chunk-NUXSP4TM.js:7:2530)
    at https://www.greencity.cx.ua/chunk-NUXSP4TM.js:7:7848
    at Ac (https://www.greencity.cx.ua/chunk-NUXSP4TM.js:7:2222)
    at S0.next (https://www.greencity.cx.ua/chunk-NUXSP4TM.js:7:7687), [2026-03-15T12:00:21.884Z] [SEVERE] https://www.greencity.cx.ua/chunk-NUXSP4TM.js 10:45939 "ERROR" TypeError: Cannot read properties of null (reading 'setValue')
    at n.quillContentChanged (https://www.greencity.cx.ua/chunk-VNNOUBDJ.js:1:16043)
    at https://www.greencity.cx.ua/chunk-VNNOUBDJ.js:1:7223
    at eE (https://www.greencity.cx.ua/chunk-NUXSP4TM.js:11:76097)
    at Object.o [as next] (https://www.greencity.cx.ua/chunk-NUXSP4TM.js:11:76277)
    at bv.next (https://www.greencity.cx.ua/chunk-NUXSP4TM.js:7:3120)
    at Fr._next (https://www.greencity.cx.ua/chunk-NUXSP4TM.js:7:2803)
    at Fr.next (https://www.greencity.cx.ua/chunk-NUXSP4TM.js:7:2530)
    at https://www.greencity.cx.ua/chunk-NUXSP4TM.js:7:7848
    at Ac (https://www.greencity.cx.ua/chunk-NUXSP4TM.js:7:2222)
    at S0.next (https://www.greencity.cx.ua/chunk-NUXSP4TM.js:7:7687), [2026-03-15T12:00:21.886Z] [SEVERE] https://www.greencity.cx.ua/chunk-NUXSP4TM.js 10:45939 "ERROR" TypeError: Cannot read properties of null (reading 'setValue')
    at n.quillContentChanged (https://www.greencity.cx.ua/chunk-VNNOUBDJ.js:1:16043)
    at https://www.greencity.cx.ua/chunk-VNNOUBDJ.js:1:7223
    at eE (https://www.greencity.cx.ua/chunk-NUXSP4TM.js:11:76097)
    at Object.o [as next] (https://www.greencity.cx.ua/chunk-NUXSP4TM.js:11:76277)
    at bv.next (https://www.greencity.cx.ua/chunk-NUXSP4TM.js:7:3120)
    at Fr._next (https://www.greencity.cx.ua/chunk-NUXSP4TM.js:7:2803)
    at Fr.next (https://www.greencity.cx.ua/chunk-NUXSP4TM.js:7:2530)
    at https://www.greencity.cx.ua/chunk-NUXSP4TM.js:7:7848
    at Ac (https://www.greencity.cx.ua/chunk-NUXSP4TM.js:7:2222)
    at S0.next (https://www.greencity.cx.ua/chunk-NUXSP4TM.js:7:7687), [2026-03-15T12:00:21.890Z] [SEVERE] https://www.greencity.cx.ua/chunk-NUXSP4TM.js 10:45939 "ERROR" TypeError: Cannot read properties of null (reading 'setValue')
    at n.quillContentChanged (https://www.greencity.cx.ua/chunk-VNNOUBDJ.js:1:16043)
    at https://www.greencity.cx.ua/chunk-VNNOUBDJ.js:1:7223
    at eE (https://www.greencity.cx.ua/chunk-NUXSP4TM.js:11:76097)
    at Object.o [as next] (https://www.greencity.cx.ua/chunk-NUXSP4TM.js:11:76277)
    at bv.next (https://www.greencity.cx.ua/chunk-NUXSP4TM.js:7:3120)
    at Fr._next (https://www.greencity.cx.ua/chunk-NUXSP4TM.js:7:2803)
    at Fr.next (https://www.greencity.cx.ua/chunk-NUXSP4TM.js:7:2530)
    at https://www.greencity.cx.ua/chunk-NUXSP4TM.js:7:7848
    at Ac (https://www.greencity.cx.ua/chunk-NUXSP4TM.js:7:2222)
    at S0.next (https://www.greencity.cx.ua/chunk-NUXSP4TM.js:7:7687), [2026-03-15T12:00:21.894Z] [SEVERE] https://www.greencity.cx.ua/chunk-NUXSP4TM.js 10:45939 "ERROR" TypeError: Cannot read properties of null (reading 'setValue')
    at n.quillContentChanged (https://www.greencity.cx.ua/chunk-VNNOUBDJ.js:1:16043)
    at https://www.greencity.cx.ua/chunk-VNNOUBDJ.js:1:7223
    at eE (https://www.greencity.cx.ua/chunk-NUXSP4TM.js:11:76097)
    at Object.o [as next] (https://www.greencity.cx.ua/chunk-NUXSP4TM.js:11:76277)
    at bv.next (https://www.greencity.cx.ua/chunk-NUXSP4TM.js:7:3120)
    at Fr._next (https://www.greencity.cx.ua/chunk-NUXSP4TM.js:7:2803)
    at Fr.next (https://www.greencity.cx.ua/chunk-NUXSP4TM.js:7:2530)
    at https://www.greencity.cx.ua/chunk-NUXSP4TM.js:7:7848
    at Ac (https://www.greencity.cx.ua/chunk-NUXSP4TM.js:7:2222)
    at S0.next (https://www.greencity.cx.ua/chunk-NUXSP4TM.js:7:7687), [2026-03-15T12:00:21.897Z] [SEVERE] https://www.greencity.cx.ua/chunk-NUXSP4TM.js 10:45939 "ERROR" TypeError: Cannot read properties of null (reading 'setValue')
    at n.quillContentChanged (https://www.greencity.cx.ua/chunk-VNNOUBDJ.js:1:16043)
    at https://www.greencity.cx.ua/chunk-VNNOUBDJ.js:1:7223
    at eE (https://www.greencity.cx.ua/chunk-NUXSP4TM.js:11:76097)
    at Object.o [as next] (https://www.greencity.cx.ua/chunk-NUXSP4TM.js:11:76277)
    at bv.next (https://www.greencity.cx.ua/chunk-NUXSP4TM.js:7:3120)
    at Fr._next (https://www.greencity.cx.ua/chunk-NUXSP4TM.js:7:2803)
    at Fr.next (https://www.greencity.cx.ua/chunk-NUXSP4TM.js:7:2530)
    at https://www.greencity.cx.ua/chunk-NUXSP4TM.js:7:7848
    at Ac (https://www.greencity.cx.ua/chunk-NUXSP4TM.js:7:2222)
    at S0.next (https://www.greencity.cx.ua/chunk-NUXSP4TM.js:7:7687), [2026-03-15T12:00:21.900Z] [SEVERE] https://www.greencity.cx.ua/chunk-NUXSP4TM.js 10:45939 "ERROR" TypeError: Cannot read properties of null (reading 'setValue')
    at n.quillContentChanged (https://www.greencity.cx.ua/chunk-VNNOUBDJ.js:1:16043)
    at https://www.greencity.cx.ua/chunk-VNNOUBDJ.js:1:7223
    at eE (https://www.greencity.cx.ua/chunk-NUXSP4TM.js:11:76097)
    at Object.o [as next] (https://www.greencity.cx.ua/chunk-NUXSP4TM.js:11:76277)
    at bv.next (https://www.greencity.cx.ua/chunk-NUXSP4TM.js:7:3120)
    at Fr._next (https://www.greencity.cx.ua/chunk-NUXSP4TM.js:7:2803)
    at Fr.next (https://www.greencity.cx.ua/chunk-NUXSP4TM.js:7:2530)
    at https://www.greencity.cx.ua/chunk-NUXSP4TM.js:7:7848
    at Ac (https://www.greencity.cx.ua/chunk-NUXSP4TM.js:7:2222)
    at S0.next (https://www.greencity.cx.ua/chunk-NUXSP4TM.js:7:7687), [2026-03-15T12:00:21.904Z] [SEVERE] https://www.greencity.cx.ua/chunk-NUXSP4TM.js 10:45939 "ERROR" TypeError: Cannot read properties of null (reading 'setValue')
    at n.quillContentChanged (https://www.greencity.cx.ua/chunk-VNNOUBDJ.js:1:16043)
    at https://www.greencity.cx.ua/chunk-VNNOUBDJ.js:1:7223
    at eE (https://www.greencity.cx.ua/chunk-NUXSP4TM.js:11:76097)
    at Object.o [as next] (https://www.greencity.cx.ua/chunk-NUXSP4TM.js:11:76277)
    at bv.next (https://www.greencity.cx.ua/chunk-NUXSP4TM.js:7:3120)
    at Fr._next (https://www.greencity.cx.ua/chunk-NUXSP4TM.js:7:2803)
    at Fr.next (https://www.greencity.cx.ua/chunk-NUXSP4TM.js:7:2530)
    at https://www.greencity.cx.ua/chunk-NUXSP4TM.js:7:7848
    at Ac (https://www.greencity.cx.ua/chunk-NUXSP4TM.js:7:2222)
    at S0.next (https://www.greencity.cx.ua/chunk-NUXSP4TM.js:7:7687), [2026-03-15T12:00:21.907Z] [SEVERE] https://www.greencity.cx.ua/chunk-NUXSP4TM.js 10:45939 "ERROR" TypeError: Cannot read properties of null (reading 'setValue')
    at n.quillContentChanged (https://www.greencity.cx.ua/chunk-VNNOUBDJ.js:1:16043)
    at https://www.greencity.cx.ua/chunk-VNNOUBDJ.js:1:7223
    at eE (https://www.greencity.cx.ua/chunk-NUXSP4TM.js:11:76097)
    at Object.o [as next] (https://www.greencity.cx.ua/chunk-NUXSP4TM.js:11:76277)
    at bv.next (https://www.greencity.cx.ua/chunk-NUXSP4TM.js:7:3120)
    at Fr._next (https://www.greencity.cx.ua/chunk-NUXSP4TM.js:7:2803)
    at Fr.next (https://www.greencity.cx.ua/chunk-NUXSP4TM.js:7:2530)
    at https://www.greencity.cx.ua/chunk-NUXSP4TM.js:7:7848
    at Ac (https://www.greencity.cx.ua/chunk-NUXSP4TM.js:7:2222)
    at S0.next (https://www.greencity.cx.ua/chunk-NUXSP4TM.js:7:7687), [2026-03-15T12:00:21.909Z] [SEVERE] https://www.greencity.cx.ua/chunk-NUXSP4TM.js 10:45939 "ERROR" TypeError: Cannot read properties of null (reading 'setValue')
    at n.quillContentChanged (https://www.greencity.cx.ua/chunk-VNNOUBDJ.js:1:16043)
    at https://www.greencity.cx.ua/chunk-VNNOUBDJ.js:1:7223
    at eE (https://www.greencity.cx.ua/chunk-NUXSP4TM.js:11:76097)
    at Object.o [as next] (https://www.greencity.cx.ua/chunk-NUXSP4TM.js:11:76277)
    at bv.next (https://www.greencity.cx.ua/chunk-NUXSP4TM.js:7:3120)
    at Fr._next (https://www.greencity.cx.ua/chunk-NUXSP4TM.js:7:2803)
    at Fr.next (https://www.greencity.cx.ua/chunk-NUXSP4TM.js:7:2530)
    at https://www.greencity.cx.ua/chunk-NUXSP4TM.js:7:7848
    at Ac (https://www.greencity.cx.ua/chunk-NUXSP4TM.js:7:2222)
    at S0.next (https://www.greencity.cx.ua/chunk-NUXSP4TM.js:7:7687), [2026-03-15T12:00:21.911Z] [SEVERE] https://www.greencity.cx.ua/chunk-NUXSP4TM.js 10:45939 "ERROR" TypeError: Cannot read properties of null (reading 'setValue')
    at n.quillContentChanged (https://www.greencity.cx.ua/chunk-VNNOUBDJ.js:1:16043)
    at https://www.greencity.cx.ua/chunk-VNNOUBDJ.js:1:7223
    at eE (https://www.greencity.cx.ua/chunk-NUXSP4TM.js:11:76097)
    at Object.o [as next] (https://www.greencity.cx.ua/chunk-NUXSP4TM.js:11:76277)
    at bv.next (https://www.greencity.cx.ua/chunk-NUXSP4TM.js:7:3120)
    at Fr._next (https://www.greencity.cx.ua/chunk-NUXSP4TM.js:7:2803)
    at Fr.next (https://www.greencity.cx.ua/chunk-NUXSP4TM.js:7:2530)
    at https://www.greencity.cx.ua/chunk-NUXSP4TM.js:7:7848
    at Ac (https://www.greencity.cx.ua/chunk-NUXSP4TM.js:7:2222)
    at S0.next (https://www.greencity.cx.ua/chunk-NUXSP4TM.js:7:7687), [2026-03-15T12:00:21.913Z] [SEVERE] https://www.greencity.cx.ua/chunk-NUXSP4TM.js 10:45939 "ERROR" TypeError: Cannot read properties of null (reading 'setValue')
    at n.quillContentChanged (https://www.greencity.cx.ua/chunk-VNNOUBDJ.js:1:16043)
    at https://www.greencity.cx.ua/chunk-VNNOUBDJ.js:1:7223
    at eE (https://www.greencity.cx.ua/chunk-NUXSP4TM.js:11:76097)
    at Object.o [as next] (https://www.greencity.cx.ua/chunk-NUXSP4TM.js:11:76277)
    at bv.next (https://www.greencity.cx.ua/chunk-NUXSP4TM.js:7:3120)
    at Fr._next (https://www.greencity.cx.ua/chunk-NUXSP4TM.js:7:2803)
    at Fr.next (https://www.greencity.cx.ua/chunk-NUXSP4TM.js:7:2530)
    at https://www.greencity.cx.ua/chunk-NUXSP4TM.js:7:7848
    at Ac (https://www.greencity.cx.ua/chunk-NUXSP4TM.js:7:2222)
    at S0.next (https://www.greencity.cx.ua/chunk-NUXSP4TM.js:7:7687), [2026-03-15T12:00:21.917Z] [SEVERE] https://www.greencity.cx.ua/chunk-NUXSP4TM.js 10:45939 "ERROR" TypeError: Cannot read properties of null (reading 'setValue')
    at n.quillContentChanged (https://www.greencity.cx.ua/chunk-VNNOUBDJ.js:1:16043)
    at https://www.greencity.cx.ua/chunk-VNNOUBDJ.js:1:7223
    at eE (https://www.greencity.cx.ua/chunk-NUXSP4TM.js:11:76097)
    at Object.o [as next] (https://www.greencity.cx.ua/chunk-NUXSP4TM.js:11:76277)
    at bv.next (https://www.greencity.cx.ua/chunk-NUXSP4TM.js:7:3120)
    at Fr._next (https://www.greencity.cx.ua/chunk-NUXSP4TM.js:7:2803)
    at Fr.next (https://www.greencity.cx.ua/chunk-NUXSP4TM.js:7:2530)
    at https://www.greencity.cx.ua/chunk-NUXSP4TM.js:7:7848
    at Ac (https://www.greencity.cx.ua/chunk-NUXSP4TM.js:7:2222)
    at S0.next (https://www.greencity.cx.ua/chunk-NUXSP4TM.js:7:7687), [2026-03-15T12:00:21.920Z] [SEVERE] https://www.greencity.cx.ua/chunk-NUXSP4TM.js 10:45939 "ERROR" TypeError: Cannot read properties of null (reading 'setValue')
    at n.quillContentChanged (https://www.greencity.cx.ua/chunk-VNNOUBDJ.js:1:16043)
    at https://www.greencity.cx.ua/chunk-VNNOUBDJ.js:1:7223
    at eE (https://www.greencity.cx.ua/chunk-NUXSP4TM.js:11:76097)
    at Object.o [as next] (https://www.greencity.cx.ua/chunk-NUXSP4TM.js:11:76277)
    at bv.next (https://www.greencity.cx.ua/chunk-NUXSP4TM.js:7:3120)
    at Fr._next (https://www.greencity.cx.ua/chunk-NUXSP4TM.js:7:2803)
    at Fr.next (https://www.greencity.cx.ua/chunk-NUXSP4TM.js:7:2530)
    at https://www.greencity.cx.ua/chunk-NUXSP4TM.js:7:7848
    at Ac (https://www.greencity.cx.ua/chunk-NUXSP4TM.js:7:2222)
    at S0.next (https://www.greencity.cx.ua/chunk-NUXSP4TM.js:7:7687), [2026-03-15T12:00:21.922Z] [SEVERE] https://www.greencity.cx.ua/chunk-NUXSP4TM.js 10:45939 "ERROR" TypeError: Cannot read properties of null (reading 'setValue')
    at n.quillContentChanged (https://www.greencity.cx.ua/chunk-VNNOUBDJ.js:1:16043)
    at https://www.greencity.cx.ua/chunk-VNNOUBDJ.js:1:7223
    at eE (https://www.greencity.cx.ua/chunk-NUXSP4TM.js:11:76097)
    at Object.o [as next] (https://www.greencity.cx.ua/chunk-NUXSP4TM.js:11:76277)
    at bv.next (https://www.greencity.cx.ua/chunk-NUXSP4TM.js:7:3120)
    at Fr._next (https://www.greencity.cx.ua/chunk-NUXSP4TM.js:7:2803)
    at Fr.next (https://www.greencity.cx.ua/chunk-NUXSP4TM.js:7:2530)
    at https://www.greencity.cx.ua/chunk-NUXSP4TM.js:7:7848
    at Ac (https://www.greencity.cx.ua/chunk-NUXSP4TM.js:7:2222)
    at S0.next (https://www.greencity.cx.ua/chunk-NUXSP4TM.js:7:7687), [2026-03-15T12:00:21.925Z] [SEVERE] https://www.greencity.cx.ua/chunk-NUXSP4TM.js 10:45939 "ERROR" TypeError: Cannot read properties of null (reading 'setValue')
    at n.quillContentChanged (https://www.greencity.cx.ua/chunk-VNNOUBDJ.js:1:16043)
    at https://www.greencity.cx.ua/chunk-VNNOUBDJ.js:1:7223
    at eE (https://www.greencity.cx.ua/chunk-NUXSP4TM.js:11:76097)
    at Object.o [as next] (https://www.greencity.cx.ua/chunk-NUXSP4TM.js:11:76277)
    at bv.next (https://www.greencity.cx.ua/chunk-NUXSP4TM.js:7:3120)
    at Fr._next (https://www.greencity.cx.ua/chunk-NUXSP4TM.js:7:2803)
    at Fr.next (https://www.greencity.cx.ua/chunk-NUXSP4TM.js:7:2530)
    at https://www.greencity.cx.ua/chunk-NUXSP4TM.js:7:7848
    at Ac (https://www.greencity.cx.ua/chunk-NUXSP4TM.js:7:2222)
    at S0.next (https://www.greencity.cx.ua/chunk-NUXSP4TM.js:7:7687), [2026-03-15T12:00:21.928Z] [SEVERE] https://www.greencity.cx.ua/chunk-NUXSP4TM.js 10:45939 "ERROR" TypeError: Cannot read properties of null (reading 'setValue')
    at n.quillContentChanged (https://www.greencity.cx.ua/chunk-VNNOUBDJ.js:1:16043)
    at https://www.greencity.cx.ua/chunk-VNNOUBDJ.js:1:7223
    at eE (https://www.greencity.cx.ua/chunk-NUXSP4TM.js:11:76097)
    at Object.o [as next] (https://www.greencity.cx.ua/chunk-NUXSP4TM.js:11:76277)
    at bv.next (https://www.greencity.cx.ua/chunk-NUXSP4TM.js:7:3120)
    at Fr._next (https://www.greencity.cx.ua/chunk-NUXSP4TM.js:7:2803)
    at Fr.next (https://www.greencity.cx.ua/chunk-NUXSP4TM.js:7:2530)
    at https://www.greencity.cx.ua/chunk-NUXSP4TM.js:7:7848
    at Ac (https://www.greencity.cx.ua/chunk-NUXSP4TM.js:7:2222)
    at S0.next (https://www.greencity.cx.ua/chunk-NUXSP4TM.js:7:7687), [2026-03-15T12:00:21.931Z] [SEVERE] https://www.greencity.cx.ua/chunk-NUXSP4TM.js 10:45939 "ERROR" TypeError: Cannot read properties of null (reading 'setValue')
    at n.quillContentChanged (https://www.greencity.cx.ua/chunk-VNNOUBDJ.js:1:16043)
    at https://www.greencity.cx.ua/chunk-VNNOUBDJ.js:1:7223
    at eE (https://www.greencity.cx.ua/chunk-NUXSP4TM.js:11:76097)
    at Object.o [as next] (https://www.greencity.cx.ua/chunk-NUXSP4TM.js:11:76277)
    at bv.next (https://www.greencity.cx.ua/chunk-NUXSP4TM.js:7:3120)
    at Fr._next (https://www.greencity.cx.ua/chunk-NUXSP4TM.js:7:2803)
    at Fr.next (https://www.greencity.cx.ua/chunk-NUXSP4TM.js:7:2530)
    at https://www.greencity.cx.ua/chunk-NUXSP4TM.js:7:7848
    at Ac (https://www.greencity.cx.ua/chunk-NUXSP4TM.js:7:2222)
    at S0.next (https://www.greencity.cx.ua/chunk-NUXSP4TM.js:7:7687), [2026-03-15T12:00:21.934Z] [SEVERE] https://www.greencity.cx.ua/chunk-NUXSP4TM.js 10:45939 "ERROR" TypeError: Cannot read properties of null (reading 'setValue')
    at n.quillContentChanged (https://www.greencity.cx.ua/chunk-VNNOUBDJ.js:1:16043)
    at https://www.greencity.cx.ua/chunk-VNNOUBDJ.js:1:7223
    at eE (https://www.greencity.cx.ua/chunk-NUXSP4TM.js:11:76097)
    at Object.o [as next] (https://www.greencity.cx.ua/chunk-NUXSP4TM.js:11:76277)
    at bv.next (https://www.greencity.cx.ua/chunk-NUXSP4TM.js:7:3120)
    at Fr._next (https://www.greencity.cx.ua/chunk-NUXSP4TM.js:7:2803)
    at Fr.next (https://www.greencity.cx.ua/chunk-NUXSP4TM.js:7:2530)
    at https://www.greencity.cx.ua/chunk-NUXSP4TM.js:7:7848
    at Ac (https://www.greencity.cx.ua/chunk-NUXSP4TM.js:7:2222)
    at S0.next (https://www.greencity.cx.ua/chunk-NUXSP4TM.js:7:7687), [2026-03-15T12:00:21.937Z] [SEVERE] https://www.greencity.cx.ua/chunk-NUXSP4TM.js 10:45939 "ERROR" TypeError: Cannot read properties of null (reading 'setValue')
    at n.quillContentChanged (https://www.greencity.cx.ua/chunk-VNNOUBDJ.js:1:16043)
    at https://www.greencity.cx.ua/chunk-VNNOUBDJ.js:1:7223
    at eE (https://www.greencity.cx.ua/chunk-NUXSP4TM.js:11:76097)
    at Object.o [as next] (https://www.greencity.cx.ua/chunk-NUXSP4TM.js:11:76277)
    at bv.next (https://www.greencity.cx.ua/chunk-NUXSP4TM.js:7:3120)
    at Fr._next (https://www.greencity.cx.ua/chunk-NUXSP4TM.js:7:2803)
    at Fr.next (https://www.greencity.cx.ua/chunk-NUXSP4TM.js:7:2530)
    at https://www.greencity.cx.ua/chunk-NUXSP4TM.js:7:7848
    at Ac (https://www.greencity.cx.ua/chunk-NUXSP4TM.js:7:2222)
    at S0.next (https://www.greencity.cx.ua/chunk-NUXSP4TM.js:7:7687), [2026-03-15T12:00:21.940Z] [SEVERE] https://www.greencity.cx.ua/chunk-NUXSP4TM.js 10:45939 "ERROR" TypeError: Cannot read properties of null (reading 'setValue')
    at n.quillContentChanged (https://www.greencity.cx.ua/chunk-VNNOUBDJ.js:1:16043)
    at https://www.greencity.cx.ua/chunk-VNNOUBDJ.js:1:7223
    at eE (https://www.greencity.cx.ua/chunk-NUXSP4TM.js:11:76097)
    at Object.o [as next] (https://www.greencity.cx.ua/chunk-NUXSP4TM.js:11:76277)
    at bv.next (https://www.greencity.cx.ua/chunk-NUXSP4TM.js:7:3120)
    at Fr._next (https://www.greencity.cx.ua/chunk-NUXSP4TM.js:7:2803)
    at Fr.next (https://www.greencity.cx.ua/chunk-NUXSP4TM.js:7:2530)
    at https://www.greencity.cx.ua/chunk-NUXSP4TM.js:7:7848
    at Ac (https://www.greencity.cx.ua/chunk-NUXSP4TM.js:7:2222)
    at S0.next (https://www.greencity.cx.ua/chunk-NUXSP4TM.js:7:7687), [2026-03-15T12:00:21.943Z] [SEVERE] https://www.greencity.cx.ua/chunk-NUXSP4TM.js 10:45939 "ERROR" TypeError: Cannot read properties of null (reading 'setValue')
    at n.quillContentChanged (https://www.greencity.cx.ua/chunk-VNNOUBDJ.js:1:16043)
    at https://www.greencity.cx.ua/chunk-VNNOUBDJ.js:1:7223
    at eE (https://www.greencity.cx.ua/chunk-NUXSP4TM.js:11:76097)
    at Object.o [as next] (https://www.greencity.cx.ua/chunk-NUXSP4TM.js:11:76277)
    at bv.next (https://www.greencity.cx.ua/chunk-NUXSP4TM.js:7:3120)
    at Fr._next (https://www.greencity.cx.ua/chunk-NUXSP4TM.js:7:2803)
    at Fr.next (https://www.greencity.cx.ua/chunk-NUXSP4TM.js:7:2530)
    at https://www.greencity.cx.ua/chunk-NUXSP4TM.js:7:7848
    at Ac (https://www.greencity.cx.ua/chunk-NUXSP4TM.js:7:2222)
    at S0.next (https://www.greencity.cx.ua/chunk-NUXSP4TM.js:7:7687), [2026-03-15T12:00:21.946Z] [SEVERE] https://www.greencity.cx.ua/chunk-NUXSP4TM.js 10:45939 "ERROR" TypeError: Cannot read properties of null (reading 'setValue')
    at n.quillContentChanged (https://www.greencity.cx.ua/chunk-VNNOUBDJ.js:1:16043)
    at https://www.greencity.cx.ua/chunk-VNNOUBDJ.js:1:7223
    at eE (https://www.greencity.cx.ua/chunk-NUXSP4TM.js:11:76097)
    at Object.o [as next] (https://www.greencity.cx.ua/chunk-NUXSP4TM.js:11:76277)
    at bv.next (https://www.greencity.cx.ua/chunk-NUXSP4TM.js:7:3120)
    at Fr._next (https://www.greencity.cx.ua/chunk-NUXSP4TM.js:7:2803)
    at Fr.next (https://www.greencity.cx.ua/chunk-NUXSP4TM.js:7:2530)
    at https://www.greencity.cx.ua/chunk-NUXSP4TM.js:7:7848
    at Ac (https://www.greencity.cx.ua/chunk-NUXSP4TM.js:7:2222)
    at S0.next (https://www.greencity.cx.ua/chunk-NUXSP4TM.js:7:7687), [2026-03-15T12:00:21.950Z] [SEVERE] https://www.greencity.cx.ua/chunk-NUXSP4TM.js 10:45939 "ERROR" TypeError: Cannot read properties of null (reading 'setValue')
    at n.quillContentChanged (https://www.greencity.cx.ua/chunk-VNNOUBDJ.js:1:16043)
    at https://www.greencity.cx.ua/chunk-VNNOUBDJ.js:1:7223
    at eE (https://www.greencity.cx.ua/chunk-NUXSP4TM.js:11:76097)
    at Object.o [as next] (https://www.greencity.cx.ua/chunk-NUXSP4TM.js:11:76277)
    at bv.next (https://www.greencity.cx.ua/chunk-NUXSP4TM.js:7:3120)
    at Fr._next (https://www.greencity.cx.ua/chunk-NUXSP4TM.js:7:2803)
    at Fr.next (https://www.greencity.cx.ua/chunk-NUXSP4TM.js:7:2530)
    at https://www.greencity.cx.ua/chunk-NUXSP4TM.js:7:7848
    at Ac (https://www.greencity.cx.ua/chunk-NUXSP4TM.js:7:2222)
    at S0.next (https://www.greencity.cx.ua/chunk-NUXSP4TM.js:7:7687), [2026-03-15T12:00:21.952Z] [SEVERE] https://www.greencity.cx.ua/chunk-NUXSP4TM.js 10:45939 "ERROR" TypeError: Cannot read properties of null (reading 'setValue')
    at n.quillContentChanged (https://www.greencity.cx.ua/chunk-VNNOUBDJ.js:1:16043)
    at https://www.greencity.cx.ua/chunk-VNNOUBDJ.js:1:7223
    at eE (https://www.greencity.cx.ua/chunk-NUXSP4TM.js:11:76097)
    at Object.o [as next] (https://www.greencity.cx.ua/chunk-NUXSP4TM.js:11:76277)
    at bv.next (https://www.greencity.cx.ua/chunk-NUXSP4TM.js:7:3120)
    at Fr._next (https://www.greencity.cx.ua/chunk-NUXSP4TM.js:7:2803)
    at Fr.next (https://www.greencity.cx.ua/chunk-NUXSP4TM.js:7:2530)
    at https://www.greencity.cx.ua/chunk-NUXSP4TM.js:7:7848
    at Ac (https://www.greencity.cx.ua/chunk-NUXSP4TM.js:7:2222)
    at S0.next (https://www.greencity.cx.ua/chunk-NUXSP4TM.js:7:7687), [2026-03-15T12:00:21.956Z] [SEVERE] https://www.greencity.cx.ua/chunk-NUXSP4TM.js 10:45939 "ERROR" TypeError: Cannot read properties of null (reading 'setValue')
    at n.quillContentChanged (https://www.greencity.cx.ua/chunk-VNNOUBDJ.js:1:16043)
    at https://www.greencity.cx.ua/chunk-VNNOUBDJ.js:1:7223
    at eE (https://www.greencity.cx.ua/chunk-NUXSP4TM.js:11:76097)
    at Object.o [as next] (https://www.greencity.cx.ua/chunk-NUXSP4TM.js:11:76277)
    at bv.next (https://www.greencity.cx.ua/chunk-NUXSP4TM.js:7:3120)
    at Fr._next (https://www.greencity.cx.ua/chunk-NUXSP4TM.js:7:2803)
    at Fr.next (https://www.greencity.cx.ua/chunk-NUXSP4TM.js:7:2530)
    at https://www.greencity.cx.ua/chunk-NUXSP4TM.js:7:7848
    at Ac (https://www.greencity.cx.ua/chunk-NUXSP4TM.js:7:2222)
    at S0.next (https://www.greencity.cx.ua/chunk-NUXSP4TM.js:7:7687), [2026-03-15T12:00:21.959Z] [SEVERE] https://www.greencity.cx.ua/chunk-NUXSP4TM.js 10:45939 "ERROR" TypeError: Cannot read properties of null (reading 'setValue')
    at n.quillContentChanged (https://www.greencity.cx.ua/chunk-VNNOUBDJ.js:1:16043)
    at https://www.greencity.cx.ua/chunk-VNNOUBDJ.js:1:7223
    at eE (https://www.greencity.cx.ua/chunk-NUXSP4TM.js:11:76097)
    at Object.o [as next] (https://www.greencity.cx.ua/chunk-NUXSP4TM.js:11:76277)
    at bv.next (https://www.greencity.cx.ua/chunk-NUXSP4TM.js:7:3120)
    at Fr._next (https://www.greencity.cx.ua/chunk-NUXSP4TM.js:7:2803)
    at Fr.next (https://www.greencity.cx.ua/chunk-NUXSP4TM.js:7:2530)
    at https://www.greencity.cx.ua/chunk-NUXSP4TM.js:7:7848
    at Ac (https://www.greencity.cx.ua/chunk-NUXSP4TM.js:7:2222)
    at S0.next (https://www.greencity.cx.ua/chunk-NUXSP4TM.js:7:7687), [2026-03-15T12:00:21.962Z] [SEVERE] https://www.greencity.cx.ua/chunk-NUXSP4TM.js 10:45939 "ERROR" TypeError: Cannot read properties of null (reading 'setValue')
    at n.quillContentChanged (https://www.greencity.cx.ua/chunk-VNNOUBDJ.js:1:16043)
    at https://www.greencity.cx.ua/chunk-VNNOUBDJ.js:1:7223
    at eE (https://www.greencity.cx.ua/chunk-NUXSP4TM.js:11:76097)
    at Object.o [as next] (https://www.greencity.cx.ua/chunk-NUXSP4TM.js:11:76277)
    at bv.next (https://www.greencity.cx.ua/chunk-NUXSP4TM.js:7:3120)
    at Fr._next (https://www.greencity.cx.ua/chunk-NUXSP4TM.js:7:2803)
    at Fr.next (https://www.greencity.cx.ua/chunk-NUXSP4TM.js:7:2530)
    at https://www.greencity.cx.ua/chunk-NUXSP4TM.js:7:7848
    at Ac (https://www.greencity.cx.ua/chunk-NUXSP4TM.js:7:2222)
    at S0.next (https://www.greencity.cx.ua/chunk-NUXSP4TM.js:7:7687), [2026-03-15T12:00:21.965Z] [SEVERE] https://www.greencity.cx.ua/chunk-NUXSP4TM.js 10:45939 "ERROR" TypeError: Cannot read properties of null (reading 'setValue')
    at n.quillContentChanged (https://www.greencity.cx.ua/chunk-VNNOUBDJ.js:1:16043)
    at https://www.greencity.cx.ua/chunk-VNNOUBDJ.js:1:7223
    at eE (https://www.greencity.cx.ua/chunk-NUXSP4TM.js:11:76097)
    at Object.o [as next] (https://www.greencity.cx.ua/chunk-NUXSP4TM.js:11:76277)
    at bv.next (https://www.greencity.cx.ua/chunk-NUXSP4TM.js:7:3120)
    at Fr._next (https://www.greencity.cx.ua/chunk-NUXSP4TM.js:7:2803)
    at Fr.next (https://www.greencity.cx.ua/chunk-NUXSP4TM.js:7:2530)
    at https://www.greencity.cx.ua/chunk-NUXSP4TM.js:7:7848
    at Ac (https://www.greencity.cx.ua/chunk-NUXSP4TM.js:7:2222)
    at S0.next (https://www.greencity.cx.ua/chunk-NUXSP4TM.js:7:7687), [2026-03-15T12:00:21.969Z] [SEVERE] https://www.greencity.cx.ua/chunk-NUXSP4TM.js 10:45939 "ERROR" TypeError: Cannot read properties of null (reading 'setValue')
    at n.quillContentChanged (https://www.greencity.cx.ua/chunk-VNNOUBDJ.js:1:16043)
    at https://www.greencity.cx.ua/chunk-VNNOUBDJ.js:1:7223
    at eE (https://www.greencity.cx.ua/chunk-NUXSP4TM.js:11:76097)
    at Object.o [as next] (https://www.greencity.cx.ua/chunk-NUXSP4TM.js:11:76277)
    at bv.next (https://www.greencity.cx.ua/chunk-NUXSP4TM.js:7:3120)
    at Fr._next (https://www.greencity.cx.ua/chunk-NUXSP4TM.js:7:2803)
    at Fr.next (https://www.greencity.cx.ua/chunk-NUXSP4TM.js:7:2530)
    at https://www.greencity.cx.ua/chunk-NUXSP4TM.js:7:7848
    at Ac (https://www.greencity.cx.ua/chunk-NUXSP4TM.js:7:2222)
    at S0.next (https://www.greencity.cx.ua/chunk-NUXSP4TM.js:7:7687), [2026-03-15T12:00:21.972Z] [SEVERE] https://www.greencity.cx.ua/chunk-NUXSP4TM.js 10:45939 "ERROR" TypeError: Cannot read properties of null (reading 'setValue')
    at n.quillContentChanged (https://www.greencity.cx.ua/chunk-VNNOUBDJ.js:1:16043)
    at https://www.greencity.cx.ua/chunk-VNNOUBDJ.js:1:7223
    at eE (https://www.greencity.cx.ua/chunk-NUXSP4TM.js:11:76097)
    at Object.o [as next] (https://www.greencity.cx.ua/chunk-NUXSP4TM.js:11:76277)
    at bv.next (https://www.greencity.cx.ua/chunk-NUXSP4TM.js:7:3120)
    at Fr._next (https://www.greencity.cx.ua/chunk-NUXSP4TM.js:7:2803)
    at Fr.next (https://www.greencity.cx.ua/chunk-NUXSP4TM.js:7:2530)
    at https://www.greencity.cx.ua/chunk-NUXSP4TM.js:7:7848
    at Ac (https://www.greencity.cx.ua/chunk-NUXSP4TM.js:7:2222)
    at S0.next (https://www.greencity.cx.ua/chunk-NUXSP4TM.js:7:7687), [2026-03-15T12:00:21.976Z] [SEVERE] https://www.greencity.cx.ua/chunk-NUXSP4TM.js 10:45939 "ERROR" TypeError: Cannot read properties of null (reading 'setValue')
    at n.quillContentChanged (https://www.greencity.cx.ua/chunk-VNNOUBDJ.js:1:16043)
    at https://www.greencity.cx.ua/chunk-VNNOUBDJ.js:1:7223
    at eE (https://www.greencity.cx.ua/chunk-NUXSP4TM.js:11:76097)
    at Object.o [as next] (https://www.greencity.cx.ua/chunk-NUXSP4TM.js:11:76277)
    at bv.next (https://www.greencity.cx.ua/chunk-NUXSP4TM.js:7:3120)
    at Fr._next (https://www.greencity.cx.ua/chunk-NUXSP4TM.js:7:2803)
    at Fr.next (https://www.greencity.cx.ua/chunk-NUXSP4TM.js:7:2530)
    at https://www.greencity.cx.ua/chunk-NUXSP4TM.js:7:7848
    at Ac (https://www.greencity.cx.ua/chunk-NUXSP4TM.js:7:2222)
    at S0.next (https://www.greencity.cx.ua/chunk-NUXSP4TM.js:7:7687), [2026-03-15T12:00:21.979Z] [SEVERE] https://www.greencity.cx.ua/chunk-NUXSP4TM.js 10:45939 "ERROR" TypeError: Cannot read properties of null (reading 'setValue')
    at n.quillContentChanged (https://www.greencity.cx.ua/chunk-VNNOUBDJ.js:1:16043)
    at https://www.greencity.cx.ua/chunk-VNNOUBDJ.js:1:7223
    at eE (https://www.greencity.cx.ua/chunk-NUXSP4TM.js:11:76097)
    at Object.o [as next] (https://www.greencity.cx.ua/chunk-NUXSP4TM.js:11:76277)
    at bv.next (https://www.greencity.cx.ua/chunk-NUXSP4TM.js:7:3120)
    at Fr._next (https://www.greencity.cx.ua/chunk-NUXSP4TM.js:7:2803)
    at Fr.next (https://www.greencity.cx.ua/chunk-NUXSP4TM.js:7:2530)
    at https://www.greencity.cx.ua/chunk-NUXSP4TM.js:7:7848
    at Ac (https://www.greencity.cx.ua/chunk-NUXSP4TM.js:7:2222)
    at S0.next (https://www.greencity.cx.ua/chunk-NUXSP4TM.js:7:7687), [2026-03-15T12:00:21.982Z] [SEVERE] https://www.greencity.cx.ua/chunk-NUXSP4TM.js 10:45939 "ERROR" TypeError: Cannot read properties of null (reading 'setValue')
    at n.quillContentChanged (https://www.greencity.cx.ua/chunk-VNNOUBDJ.js:1:16043)
    at https://www.greencity.cx.ua/chunk-VNNOUBDJ.js:1:7223
    at eE (https://www.greencity.cx.ua/chunk-NUXSP4TM.js:11:76097)
    at Object.o [as next] (https://www.greencity.cx.ua/chunk-NUXSP4TM.js:11:76277)
    at bv.next (https://www.greencity.cx.ua/chunk-NUXSP4TM.js:7:3120)
    at Fr._next (https://www.greencity.cx.ua/chunk-NUXSP4TM.js:7:2803)
    at Fr.next (https://www.greencity.cx.ua/chunk-NUXSP4TM.js:7:2530)
    at https://www.greencity.cx.ua/chunk-NUXSP4TM.js:7:7848
    at Ac (https://www.greencity.cx.ua/chunk-NUXSP4TM.js:7:2222)
    at S0.next (https://www.greencity.cx.ua/chunk-NUXSP4TM.js:7:7687), [2026-03-15T12:00:21.985Z] [SEVERE] https://www.greencity.cx.ua/chunk-NUXSP4TM.js 10:45939 "ERROR" TypeError: Cannot read properties of null (reading 'setValue')
    at n.quillContentChanged (https://www.greencity.cx.ua/chunk-VNNOUBDJ.js:1:16043)
    at https://www.greencity.cx.ua/chunk-VNNOUBDJ.js:1:7223
    at eE (https://www.greencity.cx.ua/chunk-NUXSP4TM.js:11:76097)
    at Object.o [as next] (https://www.greencity.cx.ua/chunk-NUXSP4TM.js:11:76277)
    at bv.next (https://www.greencity.cx.ua/chunk-NUXSP4TM.js:7:3120)
    at Fr._next (https://www.greencity.cx.ua/chunk-NUXSP4TM.js:7:2803)
    at Fr.next (https://www.greencity.cx.ua/chunk-NUXSP4TM.js:7:2530)
    at https://www.greencity.cx.ua/chunk-NUXSP4TM.js:7:7848
    at Ac (https://www.greencity.cx.ua/chunk-NUXSP4TM.js:7:2222)
    at S0.next (https://www.greencity.cx.ua/chunk-NUXSP4TM.js:7:7687), [2026-03-15T12:00:21.988Z] [SEVERE] https://www.greencity.cx.ua/chunk-NUXSP4TM.js 10:45939 "ERROR" TypeError: Cannot read properties of null (reading 'setValue')
    at n.quillContentChanged (https://www.greencity.cx.ua/chunk-VNNOUBDJ.js:1:16043)
    at https://www.greencity.cx.ua/chunk-VNNOUBDJ.js:1:7223
    at eE (https://www.greencity.cx.ua/chunk-NUXSP4TM.js:11:76097)
    at Object.o [as next] (https://www.greencity.cx.ua/chunk-NUXSP4TM.js:11:76277)
    at bv.next (https://www.greencity.cx.ua/chunk-NUXSP4TM.js:7:3120)
    at Fr._next (https://www.greencity.cx.ua/chunk-NUXSP4TM.js:7:2803)
    at Fr.next (https://www.greencity.cx.ua/chunk-NUXSP4TM.js:7:2530)
    at https://www.greencity.cx.ua/chunk-NUXSP4TM.js:7:7848
    at Ac (https://www.greencity.cx.ua/chunk-NUXSP4TM.js:7:2222)
    at S0.next (https://www.greencity.cx.ua/chunk-NUXSP4TM.js:7:7687), [2026-03-15T12:00:21.991Z] [SEVERE] https://www.greencity.cx.ua/chunk-NUXSP4TM.js 10:45939 "ERROR" TypeError: Cannot read properties of null (reading 'setValue')
    at n.quillContentChanged (https://www.greencity.cx.ua/chunk-VNNOUBDJ.js:1:16043)
    at https://www.greencity.cx.ua/chunk-VNNOUBDJ.js:1:7223
    at eE (https://www.greencity.cx.ua/chunk-NUXSP4TM.js:11:76097)
    at Object.o [as next] (https://www.greencity.cx.ua/chunk-NUXSP4TM.js:11:76277)
    at bv.next (https://www.greencity.cx.ua/chunk-NUXSP4TM.js:7:3120)
    at Fr._next (https://www.greencity.cx.ua/chunk-NUXSP4TM.js:7:2803)
    at Fr.next (https://www.greencity.cx.ua/chunk-NUXSP4TM.js:7:2530)
    at https://www.greencity.cx.ua/chunk-NUXSP4TM.js:7:7848
    at Ac (https://www.greencity.cx.ua/chunk-NUXSP4TM.js:7:2222)
    at S0.next (https://www.greencity.cx.ua/chunk-NUXSP4TM.js:7:7687), [2026-03-15T12:00:21.994Z] [SEVERE] https://www.greencity.cx.ua/chunk-NUXSP4TM.js 10:45939 "ERROR" TypeError: Cannot read properties of null (reading 'setValue')
    at n.quillContentChanged (https://www.greencity.cx.ua/chunk-VNNOUBDJ.js:1:16043)
    at https://www.greencity.cx.ua/chunk-VNNOUBDJ.js:1:7223
    at eE (https://www.greencity.cx.ua/chunk-NUXSP4TM.js:11:76097)
    at Object.o [as next] (https://www.greencity.cx.ua/chunk-NUXSP4TM.js:11:76277)
    at bv.next (https://www.greencity.cx.ua/chunk-NUXSP4TM.js:7:3120)
    at Fr._next (https://www.greencity.cx.ua/chunk-NUXSP4TM.js:7:2803)
    at Fr.next (https://www.greencity.cx.ua/chunk-NUXSP4TM.js:7:2530)
    at https://www.greencity.cx.ua/chunk-NUXSP4TM.js:7:7848
    at Ac (https://www.greencity.cx.ua/chunk-NUXSP4TM.js:7:2222)
    at S0.next (https://www.greencity.cx.ua/chunk-NUXSP4TM.js:7:7687), [2026-03-15T12:00:21.998Z] [SEVERE] https://www.greencity.cx.ua/chunk-NUXSP4TM.js 10:45939 "ERROR" TypeError: Cannot read properties of null (reading 'setValue')
    at n.quillContentChanged (https://www.greencity.cx.ua/chunk-VNNOUBDJ.js:1:16043)
    at https://www.greencity.cx.ua/chunk-VNNOUBDJ.js:1:7223
    at eE (https://www.greencity.cx.ua/chunk-NUXSP4TM.js:11:76097)
    at Object.o [as next] (https://www.greencity.cx.ua/chunk-NUXSP4TM.js:11:76277)
    at bv.next (https://www.greencity.cx.ua/chunk-NUXSP4TM.js:7:3120)
    at Fr._next (https://www.greencity.cx.ua/chunk-NUXSP4TM.js:7:2803)
    at Fr.next (https://www.greencity.cx.ua/chunk-NUXSP4TM.js:7:2530)
    at https://www.greencity.cx.ua/chunk-NUXSP4TM.js:7:7848
    at Ac (https://www.greencity.cx.ua/chunk-NUXSP4TM.js:7:2222)
    at S0.next (https://www.greencity.cx.ua/chunk-NUXSP4TM.js:7:7687), [2026-03-15T12:00:22.001Z] [SEVERE] https://www.greencity.cx.ua/chunk-NUXSP4TM.js 10:45939 "ERROR" TypeError: Cannot read properties of null (reading 'setValue')
    at n.quillContentChanged (https://www.greencity.cx.ua/chunk-VNNOUBDJ.js:1:16043)
    at https://www.greencity.cx.ua/chunk-VNNOUBDJ.js:1:7223
    at eE (https://www.greencity.cx.ua/chunk-NUXSP4TM.js:11:76097)
    at Object.o [as next] (https://www.greencity.cx.ua/chunk-NUXSP4TM.js:11:76277)
    at bv.next (https://www.greencity.cx.ua/chunk-NUXSP4TM.js:7:3120)
    at Fr._next (https://www.greencity.cx.ua/chunk-NUXSP4TM.js:7:2803)
    at Fr.next (https://www.greencity.cx.ua/chunk-NUXSP4TM.js:7:2530)
    at https://www.greencity.cx.ua/chunk-NUXSP4TM.js:7:7848
    at Ac (https://www.greencity.cx.ua/chunk-NUXSP4TM.js:7:2222)
    at S0.next (https://www.greencity.cx.ua/chunk-NUXSP4TM.js:7:7687), [2026-03-15T12:00:22.004Z] [SEVERE] https://www.greencity.cx.ua/chunk-NUXSP4TM.js 10:45939 "ERROR" TypeError: Cannot read properties of null (reading 'setValue')
    at n.quillContentChanged (https://www.greencity.cx.ua/chunk-VNNOUBDJ.js:1:16043)
    at https://www.greencity.cx.ua/chunk-VNNOUBDJ.js:1:7223
    at eE (https://www.greencity.cx.ua/chunk-NUXSP4TM.js:11:76097)
    at Object.o [as next] (https://www.greencity.cx.ua/chunk-NUXSP4TM.js:11:76277)
    at bv.next (https://www.greencity.cx.ua/chunk-NUXSP4TM.js:7:3120)
    at Fr._next (https://www.greencity.cx.ua/chunk-NUXSP4TM.js:7:2803)
    at Fr.next (https://www.greencity.cx.ua/chunk-NUXSP4TM.js:7:2530)
    at https://www.greencity.cx.ua/chunk-NUXSP4TM.js:7:7848
    at Ac (https://www.greencity.cx.ua/chunk-NUXSP4TM.js:7:2222)
    at S0.next (https://www.greencity.cx.ua/chunk-NUXSP4TM.js:7:7687), [2026-03-15T12:00:22.007Z] [SEVERE] https://www.greencity.cx.ua/chunk-NUXSP4TM.js 10:45939 "ERROR" TypeError: Cannot read properties of null (reading 'setValue')
    at n.quillContentChanged (https://www.greencity.cx.ua/chunk-VNNOUBDJ.js:1:16043)
    at https://www.greencity.cx.ua/chunk-VNNOUBDJ.js:1:7223
    at eE (https://www.greencity.cx.ua/chunk-NUXSP4TM.js:11:76097)
    at Object.o [as next] (https://www.greencity.cx.ua/chunk-NUXSP4TM.js:11:76277)
    at bv.next (https://www.greencity.cx.ua/chunk-NUXSP4TM.js:7:3120)
    at Fr._next (https://www.greencity.cx.ua/chunk-NUXSP4TM.js:7:2803)
    at Fr.next (https://www.greencity.cx.ua/chunk-NUXSP4TM.js:7:2530)
    at https://www.greencity.cx.ua/chunk-NUXSP4TM.js:7:7848
    at Ac (https://www.greencity.cx.ua/chunk-NUXSP4TM.js:7:2222)
    at S0.next (https://www.greencity.cx.ua/chunk-NUXSP4TM.js:7:7687), [2026-03-15T12:00:22.010Z] [SEVERE] https://www.greencity.cx.ua/chunk-NUXSP4TM.js 10:45939 "ERROR" TypeError: Cannot read properties of null (reading 'setValue')
    at n.quillContentChanged (https://www.greencity.cx.ua/chunk-VNNOUBDJ.js:1:16043)
    at https://www.greencity.cx.ua/chunk-VNNOUBDJ.js:1:7223
    at eE (https://www.greencity.cx.ua/chunk-NUXSP4TM.js:11:76097)
    at Object.o [as next] (https://www.greencity.cx.ua/chunk-NUXSP4TM.js:11:76277)
    at bv.next (https://www.greencity.cx.ua/chunk-NUXSP4TM.js:7:3120)
    at Fr._next (https://www.greencity.cx.ua/chunk-NUXSP4TM.js:7:2803)
    at Fr.next (https://www.greencity.cx.ua/chunk-NUXSP4TM.js:7:2530)
    at https://www.greencity.cx.ua/chunk-NUXSP4TM.js:7:7848
    at Ac (https://www.greencity.cx.ua/chunk-NUXSP4TM.js:7:2222)
    at S0.next (https://www.greencity.cx.ua/chunk-NUXSP4TM.js:7:7687), [2026-03-15T12:00:22.014Z] [SEVERE] https://www.greencity.cx.ua/chunk-NUXSP4TM.js 10:45939 "ERROR" TypeError: Cannot read properties of null (reading 'setValue')
    at n.quillContentChanged (https://www.greencity.cx.ua/chunk-VNNOUBDJ.js:1:16043)
    at https://www.greencity.cx.ua/chunk-VNNOUBDJ.js:1:7223
    at eE (https://www.greencity.cx.ua/chunk-NUXSP4TM.js:11:76097)
    at Object.o [as next] (https://www.greencity.cx.ua/chunk-NUXSP4TM.js:11:76277)
    at bv.next (https://www.greencity.cx.ua/chunk-NUXSP4TM.js:7:3120)
    at Fr._next (https://www.greencity.cx.ua/chunk-NUXSP4TM.js:7:2803)
    at Fr.next (https://www.greencity.cx.ua/chunk-NUXSP4TM.js:7:2530)
    at https://www.greencity.cx.ua/chunk-NUXSP4TM.js:7:7848
    at Ac (https://www.greencity.cx.ua/chunk-NUXSP4TM.js:7:2222)
    at S0.next (https://www.greencity.cx.ua/chunk-NUXSP4TM.js:7:7687), [2026-03-15T12:00:22.017Z] [SEVERE] https://www.greencity.cx.ua/chunk-NUXSP4TM.js 10:45939 "ERROR" TypeError: Cannot read properties of null (reading 'setValue')
    at n.quillContentChanged (https://www.greencity.cx.ua/chunk-VNNOUBDJ.js:1:16043)
    at https://www.greencity.cx.ua/chunk-VNNOUBDJ.js:1:7223
    at eE (https://www.greencity.cx.ua/chunk-NUXSP4TM.js:11:76097)
    at Object.o [as next] (https://www.greencity.cx.ua/chunk-NUXSP4TM.js:11:76277)
    at bv.next (https://www.greencity.cx.ua/chunk-NUXSP4TM.js:7:3120)
    at Fr._next (https://www.greencity.cx.ua/chunk-NUXSP4TM.js:7:2803)
    at Fr.next (https://www.greencity.cx.ua/chunk-NUXSP4TM.js:7:2530)
    at https://www.greencity.cx.ua/chunk-NUXSP4TM.js:7:7848
    at Ac (https://www.greencity.cx.ua/chunk-NUXSP4TM.js:7:2222)
    at S0.next (https://www.greencity.cx.ua/chunk-NUXSP4TM.js:7:7687), [2026-03-15T12:00:22.020Z] [SEVERE] https://www.greencity.cx.ua/chunk-NUXSP4TM.js 10:45939 "ERROR" TypeError: Cannot read properties of null (reading 'setValue')
    at n.quillContentChanged (https://www.greencity.cx.ua/chunk-VNNOUBDJ.js:1:16043)
    at https://www.greencity.cx.ua/chunk-VNNOUBDJ.js:1:7223
    at eE (https://www.greencity.cx.ua/chunk-NUXSP4TM.js:11:76097)
    at Object.o [as next] (https://www.greencity.cx.ua/chunk-NUXSP4TM.js:11:76277)
    at bv.next (https://www.greencity.cx.ua/chunk-NUXSP4TM.js:7:3120)
    at Fr._next (https://www.greencity.cx.ua/chunk-NUXSP4TM.js:7:2803)
    at Fr.next (https://www.greencity.cx.ua/chunk-NUXSP4TM.js:7:2530)
    at https://www.greencity.cx.ua/chunk-NUXSP4TM.js:7:7848
    at Ac (https://www.greencity.cx.ua/chunk-NUXSP4TM.js:7:2222)
    at S0.next (https://www.greencity.cx.ua/chunk-NUXSP4TM.js:7:7687), [2026-03-15T12:00:22.023Z] [SEVERE] https://www.greencity.cx.ua/chunk-NUXSP4TM.js 10:45939 "ERROR" TypeError: Cannot read properties of null (reading 'setValue')
    at n.quillContentChanged (https://www.greencity.cx.ua/chunk-VNNOUBDJ.js:1:16043)
    at https://www.greencity.cx.ua/chunk-VNNOUBDJ.js:1:7223
    at eE (https://www.greencity.cx.ua/chunk-NUXSP4TM.js:11:76097)
    at Object.o [as next] (https://www.greencity.cx.ua/chunk-NUXSP4TM.js:11:76277)
    at bv.next (https://www.greencity.cx.ua/chunk-NUXSP4TM.js:7:3120)
    at Fr._next (https://www.greencity.cx.ua/chunk-NUXSP4TM.js:7:2803)
    at Fr.next (https://www.greencity.cx.ua/chunk-NUXSP4TM.js:7:2530)
    at https://www.greencity.cx.ua/chunk-NUXSP4TM.js:7:7848
    at Ac (https://www.greencity.cx.ua/chunk-NUXSP4TM.js:7:2222)
    at S0.next (https://www.greencity.cx.ua/chunk-NUXSP4TM.js:7:7687), [2026-03-15T12:00:22.026Z] [SEVERE] https://www.greencity.cx.ua/chunk-NUXSP4TM.js 10:45939 "ERROR" TypeError: Cannot read properties of null (reading 'setValue')
    at n.quillContentChanged (https://www.greencity.cx.ua/chunk-VNNOUBDJ.js:1:16043)
    at https://www.greencity.cx.ua/chunk-VNNOUBDJ.js:1:7223
    at eE (https://www.greencity.cx.ua/chunk-NUXSP4TM.js:11:76097)
    at Object.o [as next] (https://www.greencity.cx.ua/chunk-NUXSP4TM.js:11:76277)
    at bv.next (https://www.greencity.cx.ua/chunk-NUXSP4TM.js:7:3120)
    at Fr._next (https://www.greencity.cx.ua/chunk-NUXSP4TM.js:7:2803)
    at Fr.next (https://www.greencity.cx.ua/chunk-NUXSP4TM.js:7:2530)
    at https://www.greencity.cx.ua/chunk-NUXSP4TM.js:7:7848
    at Ac (https://www.greencity.cx.ua/chunk-NUXSP4TM.js:7:2222)
    at S0.next (https://www.greencity.cx.ua/chunk-NUXSP4TM.js:7:7687), [2026-03-15T12:00:22.029Z] [SEVERE] https://www.greencity.cx.ua/chunk-NUXSP4TM.js 10:45939 "ERROR" TypeError: Cannot read properties of null (reading 'setValue')
    at n.quillContentChanged (https://www.greencity.cx.ua/chunk-VNNOUBDJ.js:1:16043)
    at https://www.greencity.cx.ua/chunk-VNNOUBDJ.js:1:7223
    at eE (https://www.greencity.cx.ua/chunk-NUXSP4TM.js:11:76097)
    at Object.o [as next] (https://www.greencity.cx.ua/chunk-NUXSP4TM.js:11:76277)
    at bv.next (https://www.greencity.cx.ua/chunk-NUXSP4TM.js:7:3120)
    at Fr._next (https://www.greencity.cx.ua/chunk-NUXSP4TM.js:7:2803)
    at Fr.next (https://www.greencity.cx.ua/chunk-NUXSP4TM.js:7:2530)
    at https://www.greencity.cx.ua/chunk-NUXSP4TM.js:7:7848
    at Ac (https://www.greencity.cx.ua/chunk-NUXSP4TM.js:7:2222)
    at S0.next (https://www.greencity.cx.ua/chunk-NUXSP4TM.js:7:7687), [2026-03-15T12:00:22.032Z] [SEVERE] https://www.greencity.cx.ua/chunk-NUXSP4TM.js 10:45939 "ERROR" TypeError: Cannot read properties of null (reading 'setValue')
    at n.quillContentChanged (https://www.greencity.cx.ua/chunk-VNNOUBDJ.js:1:16043)
    at https://www.greencity.cx.ua/chunk-VNNOUBDJ.js:1:7223
    at eE (https://www.greencity.cx.ua/chunk-NUXSP4TM.js:11:76097)
    at Object.o [as next] (https://www.greencity.cx.ua/chunk-NUXSP4TM.js:11:76277)
    at bv.next (https://www.greencity.cx.ua/chunk-NUXSP4TM.js:7:3120)
    at Fr._next (https://www.greencity.cx.ua/chunk-NUXSP4TM.js:7:2803)
    at Fr.next (https://www.greencity.cx.ua/chunk-NUXSP4TM.js:7:2530)
    at https://www.greencity.cx.ua/chunk-NUXSP4TM.js:7:7848
    at Ac (https://www.greencity.cx.ua/chunk-NUXSP4TM.js:7:2222)
    at S0.next (https://www.greencity.cx.ua/chunk-NUXSP4TM.js:7:7687), [2026-03-15T12:00:22.036Z] [SEVERE] https://www.greencity.cx.ua/chunk-NUXSP4TM.js 10:45939 "ERROR" TypeError: Cannot read properties of null (reading 'setValue')
    at n.quillContentChanged (https://www.greencity.cx.ua/chunk-VNNOUBDJ.js:1:16043)
    at https://www.greencity.cx.ua/chunk-VNNOUBDJ.js:1:7223
    at eE (https://www.greencity.cx.ua/chunk-NUXSP4TM.js:11:76097)
    at Object.o [as next] (https://www.greencity.cx.ua/chunk-NUXSP4TM.js:11:76277)
    at bv.next (https://www.greencity.cx.ua/chunk-NUXSP4TM.js:7:3120)
    at Fr._next (https://www.greencity.cx.ua/chunk-NUXSP4TM.js:7:2803)
    at Fr.next (https://www.greencity.cx.ua/chunk-NUXSP4TM.js:7:2530)
    at https://www.greencity.cx.ua/chunk-NUXSP4TM.js:7:7848
    at Ac (https://www.greencity.cx.ua/chunk-NUXSP4TM.js:7:2222)
    at S0.next (https://www.greencity.cx.ua/chunk-NUXSP4TM.js:7:7687), [2026-03-15T12:00:22.039Z] [SEVERE] https://www.greencity.cx.ua/chunk-NUXSP4TM.js 10:45939 "ERROR" TypeError: Cannot read properties of null (reading 'setValue')
    at n.quillContentChanged (https://www.greencity.cx.ua/chunk-VNNOUBDJ.js:1:16043)
    at https://www.greencity.cx.ua/chunk-VNNOUBDJ.js:1:7223
    at eE (https://www.greencity.cx.ua/chunk-NUXSP4TM.js:11:76097)
    at Object.o [as next] (https://www.greencity.cx.ua/chunk-NUXSP4TM.js:11:76277)
    at bv.next (https://www.greencity.cx.ua/chunk-NUXSP4TM.js:7:3120)
    at Fr._next (https://www.greencity.cx.ua/chunk-NUXSP4TM.js:7:2803)
    at Fr.next (https://www.greencity.cx.ua/chunk-NUXSP4TM.js:7:2530)
    at https://www.greencity.cx.ua/chunk-NUXSP4TM.js:7:7848
    at Ac (https://www.greencity.cx.ua/chunk-NUXSP4TM.js:7:2222)
    at S0.next (https://www.greencity.cx.ua/chunk-NUXSP4TM.js:7:7687), [2026-03-15T12:00:22.042Z] [SEVERE] https://www.greencity.cx.ua/chunk-NUXSP4TM.js 10:45939 "ERROR" TypeError: Cannot read properties of null (reading 'setValue')
    at n.quillContentChanged (https://www.greencity.cx.ua/chunk-VNNOUBDJ.js:1:16043)
    at https://www.greencity.cx.ua/chunk-VNNOUBDJ.js:1:7223
    at eE (https://www.greencity.cx.ua/chunk-NUXSP4TM.js:11:76097)
    at Object.o [as next] (https://www.greencity.cx.ua/chunk-NUXSP4TM.js:11:76277)
    at bv.next (https://www.greencity.cx.ua/chunk-NUXSP4TM.js:7:3120)
    at Fr._next (https://www.greencity.cx.ua/chunk-NUXSP4TM.js:7:2803)
    at Fr.next (https://www.greencity.cx.ua/chunk-NUXSP4TM.js:7:2530)
    at https://www.greencity.cx.ua/chunk-NUXSP4TM.js:7:7848
    at Ac (https://www.greencity.cx.ua/chunk-NUXSP4TM.js:7:2222)
    at S0.next (https://www.greencity.cx.ua/chunk-NUXSP4TM.js:7:7687), [2026-03-15T12:00:22.045Z] [SEVERE] https://www.greencity.cx.ua/chunk-NUXSP4TM.js 10:45939 "ERROR" TypeError: Cannot read properties of null (reading 'setValue')
    at n.quillContentChanged (https://www.greencity.cx.ua/chunk-VNNOUBDJ.js:1:16043)
    at https://www.greencity.cx.ua/chunk-VNNOUBDJ.js:1:7223
    at eE (https://www.greencity.cx.ua/chunk-NUXSP4TM.js:11:76097)
    at Object.o [as next] (https://www.greencity.cx.ua/chunk-NUXSP4TM.js:11:76277)
    at bv.next (https://www.greencity.cx.ua/chunk-NUXSP4TM.js:7:3120)
    at Fr._next (https://www.greencity.cx.ua/chunk-NUXSP4TM.js:7:2803)
    at Fr.next (https://www.greencity.cx.ua/chunk-NUXSP4TM.js:7:2530)
    at https://www.greencity.cx.ua/chunk-NUXSP4TM.js:7:7848
    at Ac (https://www.greencity.cx.ua/chunk-NUXSP4TM.js:7:2222)
    at S0.next (https://www.greencity.cx.ua/chunk-NUXSP4TM.js:7:7687), [2026-03-15T12:00:22.049Z] [SEVERE] https://www.greencity.cx.ua/chunk-NUXSP4TM.js 10:45939 "ERROR" TypeError: Cannot read properties of null (reading 'setValue')
    at n.quillContentChanged (https://www.greencity.cx.ua/chunk-VNNOUBDJ.js:1:16043)
    at https://www.greencity.cx.ua/chunk-VNNOUBDJ.js:1:7223
    at eE (https://www.greencity.cx.ua/chunk-NUXSP4TM.js:11:76097)
    at Object.o [as next] (https://www.greencity.cx.ua/chunk-NUXSP4TM.js:11:76277)
    at bv.next (https://www.greencity.cx.ua/chunk-NUXSP4TM.js:7:3120)
    at Fr._next (https://www.greencity.cx.ua/chunk-NUXSP4TM.js:7:2803)
    at Fr.next (https://www.greencity.cx.ua/chunk-NUXSP4TM.js:7:2530)
    at https://www.greencity.cx.ua/chunk-NUXSP4TM.js:7:7848
    at Ac (https://www.greencity.cx.ua/chunk-NUXSP4TM.js:7:2222)
    at S0.next (https://www.greencity.cx.ua/chunk-NUXSP4TM.js:7:7687), [2026-03-15T12:00:22.053Z] [SEVERE] https://www.greencity.cx.ua/chunk-NUXSP4TM.js 10:45939 "ERROR" TypeError: Cannot read properties of null (reading 'setValue')
    at n.quillContentChanged (https://www.greencity.cx.ua/chunk-VNNOUBDJ.js:1:16043)
    at https://www.greencity.cx.ua/chunk-VNNOUBDJ.js:1:7223
    at eE (https://www.greencity.cx.ua/chunk-NUXSP4TM.js:11:76097)
    at Object.o [as next] (https://www.greencity.cx.ua/chunk-NUXSP4TM.js:11:76277)
    at bv.next (https://www.greencity.cx.ua/chunk-NUXSP4TM.js:7:3120)
    at Fr._next (https://www.greencity.cx.ua/chunk-NUXSP4TM.js:7:2803)
    at Fr.next (https://www.greencity.cx.ua/chunk-NUXSP4TM.js:7:2530)
    at https://www.greencity.cx.ua/chunk-NUXSP4TM.js:7:7848
    at Ac (https://www.greencity.cx.ua/chunk-NUXSP4TM.js:7:2222)
    at S0.next (https://www.greencity.cx.ua/chunk-NUXSP4TM.js:7:7687), [2026-03-15T12:00:22.056Z] [SEVERE] https://www.greencity.cx.ua/chunk-NUXSP4TM.js 10:45939 "ERROR" TypeError: Cannot read properties of null (reading 'setValue')
    at n.quillContentChanged (https://www.greencity.cx.ua/chunk-VNNOUBDJ.js:1:16043)
    at https://www.greencity.cx.ua/chunk-VNNOUBDJ.js:1:7223
    at eE (https://www.greencity.cx.ua/chunk-NUXSP4TM.js:11:76097)
    at Object.o [as next] (https://www.greencity.cx.ua/chunk-NUXSP4TM.js:11:76277)
    at bv.next (https://www.greencity.cx.ua/chunk-NUXSP4TM.js:7:3120)
    at Fr._next (https://www.greencity.cx.ua/chunk-NUXSP4TM.js:7:2803)
    at Fr.next (https://www.greencity.cx.ua/chunk-NUXSP4TM.js:7:2530)
    at https://www.greencity.cx.ua/chunk-NUXSP4TM.js:7:7848
    at Ac (https://www.greencity.cx.ua/chunk-NUXSP4TM.js:7:2222)
    at S0.next (https://www.greencity.cx.ua/chunk-NUXSP4TM.js:7:7687), [2026-03-15T12:00:22.060Z] [SEVERE] https://www.greencity.cx.ua/chunk-NUXSP4TM.js 10:45939 "ERROR" TypeError: Cannot read properties of null (reading 'setValue')
    at n.quillContentChanged (https://www.greencity.cx.ua/chunk-VNNOUBDJ.js:1:16043)
    at https://www.greencity.cx.ua/chunk-VNNOUBDJ.js:1:7223
    at eE (https://www.greencity.cx.ua/chunk-NUXSP4TM.js:11:76097)
    at Object.o [as next] (https://www.greencity.cx.ua/chunk-NUXSP4TM.js:11:76277)
    at bv.next (https://www.greencity.cx.ua/chunk-NUXSP4TM.js:7:3120)
    at Fr._next (https://www.greencity.cx.ua/chunk-NUXSP4TM.js:7:2803)
    at Fr.next (https://www.greencity.cx.ua/chunk-NUXSP4TM.js:7:2530)
    at https://www.greencity.cx.ua/chunk-NUXSP4TM.js:7:7848
    at Ac (https://www.greencity.cx.ua/chunk-NUXSP4TM.js:7:2222)
    at S0.next (https://www.greencity.cx.ua/chunk-NUXSP4TM.js:7:7687), [2026-03-15T12:00:22.064Z] [SEVERE] https://www.greencity.cx.ua/chunk-NUXSP4TM.js 10:45939 "ERROR" TypeError: Cannot read properties of null (reading 'setValue')
    at n.quillContentChanged (https://www.greencity.cx.ua/chunk-VNNOUBDJ.js:1:16043)
    at https://www.greencity.cx.ua/chunk-VNNOUBDJ.js:1:7223
    at eE (https://www.greencity.cx.ua/chunk-NUXSP4TM.js:11:76097)
    at Object.o [as next] (https://www.greencity.cx.ua/chunk-NUXSP4TM.js:11:76277)
    at bv.next (https://www.greencity.cx.ua/chunk-NUXSP4TM.js:7:3120)
    at Fr._next (https://www.greencity.cx.ua/chunk-NUXSP4TM.js:7:2803)
    at Fr.next (https://www.greencity.cx.ua/chunk-NUXSP4TM.js:7:2530)
    at https://www.greencity.cx.ua/chunk-NUXSP4TM.js:7:7848
    at Ac (https://www.greencity.cx.ua/chunk-NUXSP4TM.js:7:2222)
    at S0.next (https://www.greencity.cx.ua/chunk-NUXSP4TM.js:7:7687), [2026-03-15T12:00:22.067Z] [SEVERE] https://www.greencity.cx.ua/chunk-NUXSP4TM.js 10:45939 "ERROR" TypeError: Cannot read properties of null (reading 'setValue')
    at n.quillContentChanged (https://www.greencity.cx.ua/chunk-VNNOUBDJ.js:1:16043)
    at https://www.greencity.cx.ua/chunk-VNNOUBDJ.js:1:7223
    at eE (https://www.greencity.cx.ua/chunk-NUXSP4TM.js:11:76097)
    at Object.o [as next] (https://www.greencity.cx.ua/chunk-NUXSP4TM.js:11:76277)
    at bv.next (https://www.greencity.cx.ua/chunk-NUXSP4TM.js:7:3120)
    at Fr._next (https://www.greencity.cx.ua/chunk-NUXSP4TM.js:7:2803)
    at Fr.next (https://www.greencity.cx.ua/chunk-NUXSP4TM.js:7:2530)
    at https://www.greencity.cx.ua/chunk-NUXSP4TM.js:7:7848
    at Ac (https://www.greencity.cx.ua/chunk-NUXSP4TM.js:7:2222)
    at S0.next (https://www.greencity.cx.ua/chunk-NUXSP4TM.js:7:7687), [2026-03-15T12:00:22.071Z] [SEVERE] https://www.greencity.cx.ua/chunk-NUXSP4TM.js 10:45939 "ERROR" TypeError: Cannot read properties of null (reading 'setValue')
    at n.quillContentChanged (https://www.greencity.cx.ua/chunk-VNNOUBDJ.js:1:16043)
    at https://www.greencity.cx.ua/chunk-VNNOUBDJ.js:1:7223
    at eE (https://www.greencity.cx.ua/chunk-NUXSP4TM.js:11:76097)
    at Object.o [as next] (https://www.greencity.cx.ua/chunk-NUXSP4TM.js:11:76277)
    at bv.next (https://www.greencity.cx.ua/chunk-NUXSP4TM.js:7:3120)
    at Fr._next (https://www.greencity.cx.ua/chunk-NUXSP4TM.js:7:2803)
    at Fr.next (https://www.greencity.cx.ua/chunk-NUXSP4TM.js:7:2530)
    at https://www.greencity.cx.ua/chunk-NUXSP4TM.js:7:7848
    at Ac (https://www.greencity.cx.ua/chunk-NUXSP4TM.js:7:2222)
    at S0.next (https://www.greencity.cx.ua/chunk-NUXSP4TM.js:7:7687), [2026-03-15T12:00:22.074Z] [SEVERE] https://www.greencity.cx.ua/chunk-NUXSP4TM.js 10:45939 "ERROR" TypeError: Cannot read properties of null (reading 'setValue')
    at n.quillContentChanged (https://www.greencity.cx.ua/chunk-VNNOUBDJ.js:1:16043)
    at https://www.greencity.cx.ua/chunk-VNNOUBDJ.js:1:7223
    at eE (https://www.greencity.cx.ua/chunk-NUXSP4TM.js:11:76097)
    at Object.o [as next] (https://www.greencity.cx.ua/chunk-NUXSP4TM.js:11:76277)
    at bv.next (https://www.greencity.cx.ua/chunk-NUXSP4TM.js:7:3120)
    at Fr._next (https://www.greencity.cx.ua/chunk-NUXSP4TM.js:7:2803)
    at Fr.next (https://www.greencity.cx.ua/chunk-NUXSP4TM.js:7:2530)
    at https://www.greencity.cx.ua/chunk-NUXSP4TM.js:7:7848
    at Ac (https://www.greencity.cx.ua/chunk-NUXSP4TM.js:7:2222)
    at S0.next (https://www.greencity.cx.ua/chunk-NUXSP4TM.js:7:7687), [2026-03-15T12:00:22.077Z] [SEVERE] https://www.greencity.cx.ua/chunk-NUXSP4TM.js 10:45939 "ERROR" TypeError: Cannot read properties of null (reading 'setValue')
    at n.quillContentChanged (https://www.greencity.cx.ua/chunk-VNNOUBDJ.js:1:16043)
    at https://www.greencity.cx.ua/chunk-VNNOUBDJ.js:1:7223
    at eE (https://www.greencity.cx.ua/chunk-NUXSP4TM.js:11:76097)
    at Object.o [as next] (https://www.greencity.cx.ua/chunk-NUXSP4TM.js:11:76277)
    at bv.next (https://www.greencity.cx.ua/chunk-NUXSP4TM.js:7:3120)
    at Fr._next (https://www.greencity.cx.ua/chunk-NUXSP4TM.js:7:2803)
    at Fr.next (https://www.greencity.cx.ua/chunk-NUXSP4TM.js:7:2530)
    at https://www.greencity.cx.ua/chunk-NUXSP4TM.js:7:7848
    at Ac (https://www.greencity.cx.ua/chunk-NUXSP4TM.js:7:2222)
    at S0.next (https://www.greencity.cx.ua/chunk-NUXSP4TM.js:7:7687), [2026-03-15T12:00:22.080Z] [SEVERE] https://www.greencity.cx.ua/chunk-NUXSP4TM.js 10:45939 "ERROR" TypeError: Cannot read properties of null (reading 'setValue')
    at n.quillContentChanged (https://www.greencity.cx.ua/chunk-VNNOUBDJ.js:1:16043)
    at https://www.greencity.cx.ua/chunk-VNNOUBDJ.js:1:7223
    at eE (https://www.greencity.cx.ua/chunk-NUXSP4TM.js:11:76097)
    at Object.o [as next] (https://www.greencity.cx.ua/chunk-NUXSP4TM.js:11:76277)
    at bv.next (https://www.greencity.cx.ua/chunk-NUXSP4TM.js:7:3120)
    at Fr._next (https://www.greencity.cx.ua/chunk-NUXSP4TM.js:7:2803)
    at Fr.next (https://www.greencity.cx.ua/chunk-NUXSP4TM.js:7:2530)
    at https://www.greencity.cx.ua/chunk-NUXSP4TM.js:7:7848
    at Ac (https://www.greencity.cx.ua/chunk-NUXSP4TM.js:7:2222)
    at S0.next (https://www.greencity.cx.ua/chunk-NUXSP4TM.js:7:7687), [2026-03-15T12:00:22.083Z] [SEVERE] https://www.greencity.cx.ua/chunk-NUXSP4TM.js 10:45939 "ERROR" TypeError: Cannot read properties of null (reading 'setValue')
    at n.quillContentChanged (https://www.greencity.cx.ua/chunk-VNNOUBDJ.js:1:16043)
    at https://www.greencity.cx.ua/chunk-VNNOUBDJ.js:1:7223
    at eE (https://www.greencity.cx.ua/chunk-NUXSP4TM.js:11:76097)
    at Object.o [as next] (https://www.greencity.cx.ua/chunk-NUXSP4TM.js:11:76277)
    at bv.next (https://www.greencity.cx.ua/chunk-NUXSP4TM.js:7:3120)
    at Fr._next (https://www.greencity.cx.ua/chunk-NUXSP4TM.js:7:2803)
    at Fr.next (https://www.greencity.cx.ua/chunk-NUXSP4TM.js:7:2530)
    at https://www.greencity.cx.ua/chunk-NUXSP4TM.js:7:7848
    at Ac (https://www.greencity.cx.ua/chunk-NUXSP4TM.js:7:2222)
    at S0.next (https://www.greencity.cx.ua/chunk-NUXSP4TM.js:7:7687), [2026-03-15T12:00:22.086Z] [SEVERE] https://www.greencity.cx.ua/chunk-NUXSP4TM.js 10:45939 "ERROR" TypeError: Cannot read properties of null (reading 'setValue')
    at n.quillContentChanged (https://www.greencity.cx.ua/chunk-VNNOUBDJ.js:1:16043)
    at https://www.greencity.cx.ua/chunk-VNNOUBDJ.js:1:7223
    at eE (https://www.greencity.cx.ua/chunk-NUXSP4TM.js:11:76097)
    at Object.o [as next] (https://www.greencity.cx.ua/chunk-NUXSP4TM.js:11:76277)
    at bv.next (https://www.greencity.cx.ua/chunk-NUXSP4TM.js:7:3120)
    at Fr._next (https://www.greencity.cx.ua/chunk-NUXSP4TM.js:7:2803)
    at Fr.next (https://www.greencity.cx.ua/chunk-NUXSP4TM.js:7:2530)
    at https://www.greencity.cx.ua/chunk-NUXSP4TM.js:7:7848
    at Ac (https://www.greencity.cx.ua/chunk-NUXSP4TM.js:7:2222)
    at S0.next (https://www.greencity.cx.ua/chunk-NUXSP4TM.js:7:7687), [2026-03-15T12:00:22.089Z] [SEVERE] https://www.greencity.cx.ua/chunk-NUXSP4TM.js 10:45939 "ERROR" TypeError: Cannot read properties of null (reading 'setValue')
    at n.quillContentChanged (https://www.greencity.cx.ua/chunk-VNNOUBDJ.js:1:16043)
    at https://www.greencity.cx.ua/chunk-VNNOUBDJ.js:1:7223
    at eE (https://www.greencity.cx.ua/chunk-NUXSP4TM.js:11:76097)
    at Object.o [as next] (https://www.greencity.cx.ua/chunk-NUXSP4TM.js:11:76277)
    at bv.next (https://www.greencity.cx.ua/chunk-NUXSP4TM.js:7:3120)
    at Fr._next (https://www.greencity.cx.ua/chunk-NUXSP4TM.js:7:2803)
    at Fr.next (https://www.greencity.cx.ua/chunk-NUXSP4TM.js:7:2530)
    at https://www.greencity.cx.ua/chunk-NUXSP4TM.js:7:7848
    at Ac (https://www.greencity.cx.ua/chunk-NUXSP4TM.js:7:2222)
    at S0.next (https://www.greencity.cx.ua/chunk-NUXSP4TM.js:7:7687), [2026-03-15T12:00:22.091Z] [SEVERE] https://www.greencity.cx.ua/chunk-NUXSP4TM.js 10:45939 "ERROR" TypeError: Cannot read properties of null (reading 'setValue')
    at n.quillContentChanged (https://www.greencity.cx.ua/chunk-VNNOUBDJ.js:1:16043)
    at https://www.greencity.cx.ua/chunk-VNNOUBDJ.js:1:7223
    at eE (https://www.greencity.cx.ua/chunk-NUXSP4TM.js:11:76097)
    at Object.o [as next] (https://www.greencity.cx.ua/chunk-NUXSP4TM.js:11:76277)
    at bv.next (https://www.greencity.cx.ua/chunk-NUXSP4TM.js:7:3120)
    at Fr._next (https://www.greencity.cx.ua/chunk-NUXSP4TM.js:7:2803)
    at Fr.next (https://www.greencity.cx.ua/chunk-NUXSP4TM.js:7:2530)
    at https://www.greencity.cx.ua/chunk-NUXSP4TM.js:7:7848
    at Ac (https://www.greencity.cx.ua/chunk-NUXSP4TM.js:7:2222)
    at S0.next (https://www.greencity.cx.ua/chunk-NUXSP4TM.js:7:7687), [2026-03-15T12:00:22.094Z] [SEVERE] https://www.greencity.cx.ua/chunk-NUXSP4TM.js 10:45939 "ERROR" TypeError: Cannot read properties of null (reading 'setValue')
    at n.quillContentChanged (https://www.greencity.cx.ua/chunk-VNNOUBDJ.js:1:16043)
    at https://www.greencity.cx.ua/chunk-VNNOUBDJ.js:1:7223
    at eE (https://www.greencity.cx.ua/chunk-NUXSP4TM.js:11:76097)
    at Object.o [as next] (https://www.greencity.cx.ua/chunk-NUXSP4TM.js:11:76277)
    at bv.next (https://www.greencity.cx.ua/chunk-NUXSP4TM.js:7:3120)
    at Fr._next (https://www.greencity.cx.ua/chunk-NUXSP4TM.js:7:2803)
    at Fr.next (https://www.greencity.cx.ua/chunk-NUXSP4TM.js:7:2530)
    at https://www.greencity.cx.ua/chunk-NUXSP4TM.js:7:7848
    at Ac (https://www.greencity.cx.ua/chunk-NUXSP4TM.js:7:2222)
    at S0.next (https://www.greencity.cx.ua/chunk-NUXSP4TM.js:7:7687), [2026-03-15T12:00:22.097Z] [SEVERE] https://www.greencity.cx.ua/chunk-NUXSP4TM.js 10:45939 "ERROR" TypeError: Cannot read properties of null (reading 'setValue')
    at n.quillContentChanged (https://www.greencity.cx.ua/chunk-VNNOUBDJ.js:1:16043)
    at https://www.greencity.cx.ua/chunk-VNNOUBDJ.js:1:7223
    at eE (https://www.greencity.cx.ua/chunk-NUXSP4TM.js:11:76097)
    at Object.o [as next] (https://www.greencity.cx.ua/chunk-NUXSP4TM.js:11:76277)
    at bv.next (https://www.greencity.cx.ua/chunk-NUXSP4TM.js:7:3120)
    at Fr._next (https://www.greencity.cx.ua/chunk-NUXSP4TM.js:7:2803)
    at Fr.next (https://www.greencity.cx.ua/chunk-NUXSP4TM.js:7:2530)
    at https://www.greencity.cx.ua/chunk-NUXSP4TM.js:7:7848
    at Ac (https://www.greencity.cx.ua/chunk-NUXSP4TM.js:7:2222)
    at S0.next (https://www.greencity.cx.ua/chunk-NUXSP4TM.js:7:7687), [2026-03-15T12:00:22.101Z] [SEVERE] https://www.greencity.cx.ua/chunk-NUXSP4TM.js 10:45939 "ERROR" TypeError: Cannot read properties of null (reading 'setValue')
    at n.quillContentChanged (https://www.greencity.cx.ua/chunk-VNNOUBDJ.js:1:16043)
    at https://www.greencity.cx.ua/chunk-VNNOUBDJ.js:1:7223
    at eE (https://www.greencity.cx.ua/chunk-NUXSP4TM.js:11:76097)
    at Object.o [as next] (https://www.greencity.cx.ua/chunk-NUXSP4TM.js:11:76277)
    at bv.next (https://www.greencity.cx.ua/chunk-NUXSP4TM.js:7:3120)
    at Fr._next (https://www.greencity.cx.ua/chunk-NUXSP4TM.js:7:2803)
    at Fr.next (https://www.greencity.cx.ua/chunk-NUXSP4TM.js:7:2530)
    at https://www.greencity.cx.ua/chunk-NUXSP4TM.js:7:7848
    at Ac (https://www.greencity.cx.ua/chunk-NUXSP4TM.js:7:2222)
    at S0.next (https://www.greencity.cx.ua/chunk-NUXSP4TM.js:7:7687), [2026-03-15T12:00:22.104Z] [SEVERE] https://www.greencity.cx.ua/chunk-NUXSP4TM.js 10:45939 "ERROR" TypeError: Cannot read properties of null (reading 'setValue')
    at n.quillContentChanged (https://www.greencity.cx.ua/chunk-VNNOUBDJ.js:1:16043)
    at https://www.greencity.cx.ua/chunk-VNNOUBDJ.js:1:7223
    at eE (https://www.greencity.cx.ua/chunk-NUXSP4TM.js:11:76097)
    at Object.o [as next] (https://www.greencity.cx.ua/chunk-NUXSP4TM.js:11:76277)
    at bv.next (https://www.greencity.cx.ua/chunk-NUXSP4TM.js:7:3120)
    at Fr._next (https://www.greencity.cx.ua/chunk-NUXSP4TM.js:7:2803)
    at Fr.next (https://www.greencity.cx.ua/chunk-NUXSP4TM.js:7:2530)
    at https://www.greencity.cx.ua/chunk-NUXSP4TM.js:7:7848
    at Ac (https://www.greencity.cx.ua/chunk-NUXSP4TM.js:7:2222)
    at S0.next (https://www.greencity.cx.ua/chunk-NUXSP4TM.js:7:7687), [2026-03-15T12:00:22.107Z] [SEVERE] https://www.greencity.cx.ua/chunk-NUXSP4TM.js 10:45939 "ERROR" TypeError: Cannot read properties of null (reading 'setValue')
    at n.quillContentChanged (https://www.greencity.cx.ua/chunk-VNNOUBDJ.js:1:16043)
    at https://www.greencity.cx.ua/chunk-VNNOUBDJ.js:1:7223
    at eE (https://www.greencity.cx.ua/chunk-NUXSP4TM.js:11:76097)
    at Object.o [as next] (https://www.greencity.cx.ua/chunk-NUXSP4TM.js:11:76277)
    at bv.next (https://www.greencity.cx.ua/chunk-NUXSP4TM.js:7:3120)
    at Fr._next (https://www.greencity.cx.ua/chunk-NUXSP4TM.js:7:2803)
    at Fr.next (https://www.greencity.cx.ua/chunk-NUXSP4TM.js:7:2530)
    at https://www.greencity.cx.ua/chunk-NUXSP4TM.js:7:7848
    at Ac (https://www.greencity.cx.ua/chunk-NUXSP4TM.js:7:2222)
    at S0.next (https://www.greencity.cx.ua/chunk-NUXSP4TM.js:7:7687), [2026-03-15T12:00:22.110Z] [SEVERE] https://www.greencity.cx.ua/chunk-NUXSP4TM.js 10:45939 "ERROR" TypeError: Cannot read properties of null (reading 'setValue')
    at n.quillContentChanged (https://www.greencity.cx.ua/chunk-VNNOUBDJ.js:1:16043)
    at https://www.greencity.cx.ua/chunk-VNNOUBDJ.js:1:7223
    at eE (https://www.greencity.cx.ua/chunk-NUXSP4TM.js:11:76097)
    at Object.o [as next] (https://www.greencity.cx.ua/chunk-NUXSP4TM.js:11:76277)
    at bv.next (https://www.greencity.cx.ua/chunk-NUXSP4TM.js:7:3120)
    at Fr._next (https://www.greencity.cx.ua/chunk-NUXSP4TM.js:7:2803)
    at Fr.next (https://www.greencity.cx.ua/chunk-NUXSP4TM.js:7:2530)
    at https://www.greencity.cx.ua/chunk-NUXSP4TM.js:7:7848
    at Ac (https://www.greencity.cx.ua/chunk-NUXSP4TM.js:7:2222)
    at S0.next (https://www.greencity.cx.ua/chunk-NUXSP4TM.js:7:7687), [2026-03-15T12:00:22.113Z] [SEVERE] https://www.greencity.cx.ua/chunk-NUXSP4TM.js 10:45939 "ERROR" TypeError: Cannot read properties of null (reading 'setValue')
    at n.quillContentChanged (https://www.greencity.cx.ua/chunk-VNNOUBDJ.js:1:16043)
    at https://www.greencity.cx.ua/chunk-VNNOUBDJ.js:1:7223
    at eE (https://www.greencity.cx.ua/chunk-NUXSP4TM.js:11:76097)
    at Object.o [as next] (https://www.greencity.cx.ua/chunk-NUXSP4TM.js:11:76277)
    at bv.next (https://www.greencity.cx.ua/chunk-NUXSP4TM.js:7:3120)
    at Fr._next (https://www.greencity.cx.ua/chunk-NUXSP4TM.js:7:2803)
    at Fr.next (https://www.greencity.cx.ua/chunk-NUXSP4TM.js:7:2530)
    at https://www.greencity.cx.ua/chunk-NUXSP4TM.js:7:7848
    at Ac (https://www.greencity.cx.ua/chunk-NUXSP4TM.js:7:2222)
    at S0.next (https://www.greencity.cx.ua/chunk-NUXSP4TM.js:7:7687), [2026-03-15T12:00:22.116Z] [SEVERE] https://www.greencity.cx.ua/chunk-NUXSP4TM.js 10:45939 "ERROR" TypeError: Cannot read properties of null (reading 'setValue')
    at n.quillContentChanged (https://www.greencity.cx.ua/chunk-VNNOUBDJ.js:1:16043)
    at https://www.greencity.cx.ua/chunk-VNNOUBDJ.js:1:7223
    at eE (https://www.greencity.cx.ua/chunk-NUXSP4TM.js:11:76097)
    at Object.o [as next] (https://www.greencity.cx.ua/chunk-NUXSP4TM.js:11:76277)
    at bv.next (https://www.greencity.cx.ua/chunk-NUXSP4TM.js:7:3120)
    at Fr._next (https://www.greencity.cx.ua/chunk-NUXSP4TM.js:7:2803)
    at Fr.next (https://www.greencity.cx.ua/chunk-NUXSP4TM.js:7:2530)
    at https://www.greencity.cx.ua/chunk-NUXSP4TM.js:7:7848
    at Ac (https://www.greencity.cx.ua/chunk-NUXSP4TM.js:7:2222)
    at S0.next (https://www.greencity.cx.ua/chunk-NUXSP4TM.js:7:7687), [2026-03-15T12:00:22.119Z] [SEVERE] https://www.greencity.cx.ua/chunk-NUXSP4TM.js 10:45939 "ERROR" TypeError: Cannot read properties of null (reading 'setValue')
    at n.quillContentChanged (https://www.greencity.cx.ua/chunk-VNNOUBDJ.js:1:16043)
    at https://www.greencity.cx.ua/chunk-VNNOUBDJ.js:1:7223
    at eE (https://www.greencity.cx.ua/chunk-NUXSP4TM.js:11:76097)
    at Object.o [as next] (https://www.greencity.cx.ua/chunk-NUXSP4TM.js:11:76277)
    at bv.next (https://www.greencity.cx.ua/chunk-NUXSP4TM.js:7:3120)
    at Fr._next (https://www.greencity.cx.ua/chunk-NUXSP4TM.js:7:2803)
    at Fr.next (https://www.greencity.cx.ua/chunk-NUXSP4TM.js:7:2530)
    at https://www.greencity.cx.ua/chunk-NUXSP4TM.js:7:7848
    at Ac (https://www.greencity.cx.ua/chunk-NUXSP4TM.js:7:2222)
    at S0.next (https://www.greencity.cx.ua/chunk-NUXSP4TM.js:7:7687), [2026-03-15T12:00:22.123Z] [SEVERE] https://www.greencity.cx.ua/chunk-NUXSP4TM.js 10:45939 "ERROR" TypeError: Cannot read properties of null (reading 'setValue')
    at n.quillContentChanged (https://www.greencity.cx.ua/chunk-VNNOUBDJ.js:1:16043)
    at https://www.greencity.cx.ua/chunk-VNNOUBDJ.js:1:7223
    at eE (https://www.greencity.cx.ua/chunk-NUXSP4TM.js:11:76097)
    at Object.o [as next] (https://www.greencity.cx.ua/chunk-NUXSP4TM.js:11:76277)
    at bv.next (https://www.greencity.cx.ua/chunk-NUXSP4TM.js:7:3120)
    at Fr._next (https://www.greencity.cx.ua/chunk-NUXSP4TM.js:7:2803)
    at Fr.next (https://www.greencity.cx.ua/chunk-NUXSP4TM.js:7:2530)
    at https://www.greencity.cx.ua/chunk-NUXSP4TM.js:7:7848
    at Ac (https://www.greencity.cx.ua/chunk-NUXSP4TM.js:7:2222)
    at S0.next (https://www.greencity.cx.ua/chunk-NUXSP4TM.js:7:7687), [2026-03-15T12:00:22.126Z] [SEVERE] https://www.greencity.cx.ua/chunk-NUXSP4TM.js 10:45939 "ERROR" TypeError: Cannot read properties of null (reading 'setValue')
    at n.quillContentChanged (https://www.greencity.cx.ua/chunk-VNNOUBDJ.js:1:16043)
    at https://www.greencity.cx.ua/chunk-VNNOUBDJ.js:1:7223
    at eE (https://www.greencity.cx.ua/chunk-NUXSP4TM.js:11:76097)
    at Object.o [as next] (https://www.greencity.cx.ua/chunk-NUXSP4TM.js:11:76277)
    at bv.next (https://www.greencity.cx.ua/chunk-NUXSP4TM.js:7:3120)
    at Fr._next (https://www.greencity.cx.ua/chunk-NUXSP4TM.js:7:2803)
    at Fr.next (https://www.greencity.cx.ua/chunk-NUXSP4TM.js:7:2530)
    at https://www.greencity.cx.ua/chunk-NUXSP4TM.js:7:7848
    at Ac (https://www.greencity.cx.ua/chunk-NUXSP4TM.js:7:2222)
    at S0.next (https://www.greencity.cx.ua/chunk-NUXSP4TM.js:7:7687), [2026-03-15T12:00:22.129Z] [SEVERE] https://www.greencity.cx.ua/chunk-NUXSP4TM.js 10:45939 "ERROR" TypeError: Cannot read properties of null (reading 'setValue')
    at n.quillContentChanged (https://www.greencity.cx.ua/chunk-VNNOUBDJ.js:1:16043)
    at https://www.greencity.cx.ua/chunk-VNNOUBDJ.js:1:7223
    at eE (https://www.greencity.cx.ua/chunk-NUXSP4TM.js:11:76097)
    at Object.o [as next] (https://www.greencity.cx.ua/chunk-NUXSP4TM.js:11:76277)
    at bv.next (https://www.greencity.cx.ua/chunk-NUXSP4TM.js:7:3120)
    at Fr._next (https://www.greencity.cx.ua/chunk-NUXSP4TM.js:7:2803)
    at Fr.next (https://www.greencity.cx.ua/chunk-NUXSP4TM.js:7:2530)
    at https://www.greencity.cx.ua/chunk-NUXSP4TM.js:7:7848
    at Ac (https://www.greencity.cx.ua/chunk-NUXSP4TM.js:7:2222)
    at S0.next (https://www.greencity.cx.ua/chunk-NUXSP4TM.js:7:7687), [2026-03-15T12:00:22.132Z] [SEVERE] https://www.greencity.cx.ua/chunk-NUXSP4TM.js 10:45939 "ERROR" TypeError: Cannot read properties of null (reading 'setValue')
    at n.quillContentChanged (https://www.greencity.cx.ua/chunk-VNNOUBDJ.js:1:16043)
    at https://www.greencity.cx.ua/chunk-VNNOUBDJ.js:1:7223
    at eE (https://www.greencity.cx.ua/chunk-NUXSP4TM.js:11:76097)
    at Object.o [as next] (https://www.greencity.cx.ua/chunk-NUXSP4TM.js:11:76277)
    at bv.next (https://www.greencity.cx.ua/chunk-NUXSP4TM.js:7:3120)
    at Fr._next (https://www.greencity.cx.ua/chunk-NUXSP4TM.js:7:2803)
    at Fr.next (https://www.greencity.cx.ua/chunk-NUXSP4TM.js:7:2530)
    at https://www.greencity.cx.ua/chunk-NUXSP4TM.js:7:7848
    at Ac (https://www.greencity.cx.ua/chunk-NUXSP4TM.js:7:2222)
    at S0.next (https://www.greencity.cx.ua/chunk-NUXSP4TM.js:7:7687), [2026-03-15T12:00:22.135Z] [SEVERE] https://www.greencity.cx.ua/chunk-NUXSP4TM.js 10:45939 "ERROR" TypeError: Cannot read properties of null (reading 'setValue')
    at n.quillContentChanged (https://www.greencity.cx.ua/chunk-VNNOUBDJ.js:1:16043)
    at https://www.greencity.cx.ua/chunk-VNNOUBDJ.js:1:7223
    at eE (https://www.greencity.cx.ua/chunk-NUXSP4TM.js:11:76097)
    at Object.o [as next] (https://www.greencity.cx.ua/chunk-NUXSP4TM.js:11:76277)
    at bv.next (https://www.greencity.cx.ua/chunk-NUXSP4TM.js:7:3120)
    at Fr._next (https://www.greencity.cx.ua/chunk-NUXSP4TM.js:7:2803)
    at Fr.next (https://www.greencity.cx.ua/chunk-NUXSP4TM.js:7:2530)
    at https://www.greencity.cx.ua/chunk-NUXSP4TM.js:7:7848
    at Ac (https://www.greencity.cx.ua/chunk-NUXSP4TM.js:7:2222)
    at S0.next (https://www.greencity.cx.ua/chunk-NUXSP4TM.js:7:7687), [2026-03-15T12:00:22.138Z] [SEVERE] https://www.greencity.cx.ua/chunk-NUXSP4TM.js 10:45939 "ERROR" TypeError: Cannot read properties of null (reading 'setValue')
    at n.quillContentChanged (https://www.greencity.cx.ua/chunk-VNNOUBDJ.js:1:16043)
    at https://www.greencity.cx.ua/chunk-VNNOUBDJ.js:1:7223
    at eE (https://www.greencity.cx.ua/chunk-NUXSP4TM.js:11:76097)
    at Object.o [as next] (https://www.greencity.cx.ua/chunk-NUXSP4TM.js:11:76277)
    at bv.next (https://www.greencity.cx.ua/chunk-NUXSP4TM.js:7:3120)
    at Fr._next (https://www.greencity.cx.ua/chunk-NUXSP4TM.js:7:2803)
    at Fr.next (https://www.greencity.cx.ua/chunk-NUXSP4TM.js:7:2530)
    at https://www.greencity.cx.ua/chunk-NUXSP4TM.js:7:7848
    at Ac (https://www.greencity.cx.ua/chunk-NUXSP4TM.js:7:2222)
    at S0.next (https://www.greencity.cx.ua/chunk-NUXSP4TM.js:7:7687), [2026-03-15T12:00:22.142Z] [SEVERE] https://www.greencity.cx.ua/chunk-NUXSP4TM.js 10:45939 "ERROR" TypeError: Cannot read properties of null (reading 'setValue')
    at n.quillContentChanged (https://www.greencity.cx.ua/chunk-VNNOUBDJ.js:1:16043)
    at https://www.greencity.cx.ua/chunk-VNNOUBDJ.js:1:7223
    at eE (https://www.greencity.cx.ua/chunk-NUXSP4TM.js:11:76097)
    at Object.o [as next] (https://www.greencity.cx.ua/chunk-NUXSP4TM.js:11:76277)
    at bv.next (https://www.greencity.cx.ua/chunk-NUXSP4TM.js:7:3120)
    at Fr._next (https://www.greencity.cx.ua/chunk-NUXSP4TM.js:7:2803)
    at Fr.next (https://www.greencity.cx.ua/chunk-NUXSP4TM.js:7:2530)
    at https://www.greencity.cx.ua/chunk-NUXSP4TM.js:7:7848
    at Ac (https://www.greencity.cx.ua/chunk-NUXSP4TM.js:7:2222)
    at S0.next (https://www.greencity.cx.ua/chunk-NUXSP4TM.js:7:7687), [2026-03-15T12:00:22.145Z] [SEVERE] https://www.greencity.cx.ua/chunk-NUXSP4TM.js 10:45939 "ERROR" TypeError: Cannot read properties of null (reading 'setValue')
    at n.quillContentChanged (https://www.greencity.cx.ua/chunk-VNNOUBDJ.js:1:16043)
    at https://www.greencity.cx.ua/chunk-VNNOUBDJ.js:1:7223
    at eE (https://www.greencity.cx.ua/chunk-NUXSP4TM.js:11:76097)
    at Object.o [as next] (https://www.greencity.cx.ua/chunk-NUXSP4TM.js:11:76277)
    at bv.next (https://www.greencity.cx.ua/chunk-NUXSP4TM.js:7:3120)
    at Fr._next (https://www.greencity.cx.ua/chunk-NUXSP4TM.js:7:2803)
    at Fr.next (https://www.greencity.cx.ua/chunk-NUXSP4TM.js:7:2530)
    at https://www.greencity.cx.ua/chunk-NUXSP4TM.js:7:7848
    at Ac (https://www.greencity.cx.ua/chunk-NUXSP4TM.js:7:2222)
    at S0.next (https://www.greencity.cx.ua/chunk-NUXSP4TM.js:7:7687), [2026-03-15T12:00:22.148Z] [SEVERE] https://www.greencity.cx.ua/chunk-NUXSP4TM.js 10:45939 "ERROR" TypeError: Cannot read properties of null (reading 'setValue')
    at n.quillContentChanged (https://www.greencity.cx.ua/chunk-VNNOUBDJ.js:1:16043)
    at https://www.greencity.cx.ua/chunk-VNNOUBDJ.js:1:7223
    at eE (https://www.greencity.cx.ua/chunk-NUXSP4TM.js:11:76097)
    at Object.o [as next] (https://www.greencity.cx.ua/chunk-NUXSP4TM.js:11:76277)
    at bv.next (https://www.greencity.cx.ua/chunk-NUXSP4TM.js:7:3120)
    at Fr._next (https://www.greencity.cx.ua/chunk-NUXSP4TM.js:7:2803)
    at Fr.next (https://www.greencity.cx.ua/chunk-NUXSP4TM.js:7:2530)
    at https://www.greencity.cx.ua/chunk-NUXSP4TM.js:7:7848
    at Ac (https://www.greencity.cx.ua/chunk-NUXSP4TM.js:7:2222)
    at S0.next (https://www.greencity.cx.ua/chunk-NUXSP4TM.js:7:7687), [2026-03-15T12:00:22.151Z] [SEVERE] https://www.greencity.cx.ua/chunk-NUXSP4TM.js 10:45939 "ERROR" TypeError: Cannot read properties of null (reading 'setValue')
    at n.quillContentChanged (https://www.greencity.cx.ua/chunk-VNNOUBDJ.js:1:16043)
    at https://www.greencity.cx.ua/chunk-VNNOUBDJ.js:1:7223
    at eE (https://www.greencity.cx.ua/chunk-NUXSP4TM.js:11:76097)
    at Object.o [as next] (https://www.greencity.cx.ua/chunk-NUXSP4TM.js:11:76277)
    at bv.next (https://www.greencity.cx.ua/chunk-NUXSP4TM.js:7:3120)
    at Fr._next (https://www.greencity.cx.ua/chunk-NUXSP4TM.js:7:2803)
    at Fr.next (https://www.greencity.cx.ua/chunk-NUXSP4TM.js:7:2530)
    at https://www.greencity.cx.ua/chunk-NUXSP4TM.js:7:7848
    at Ac (https://www.greencity.cx.ua/chunk-NUXSP4TM.js:7:2222)
    at S0.next (https://www.greencity.cx.ua/chunk-NUXSP4TM.js:7:7687), [2026-03-15T12:00:22.154Z] [SEVERE] https://www.greencity.cx.ua/chunk-NUXSP4TM.js 10:45939 "ERROR" TypeError: Cannot read properties of null (reading 'setValue')
    at n.quillContentChanged (https://www.greencity.cx.ua/chunk-VNNOUBDJ.js:1:16043)
    at https://www.greencity.cx.ua/chunk-VNNOUBDJ.js:1:7223
    at eE (https://www.greencity.cx.ua/chunk-NUXSP4TM.js:11:76097)
    at Object.o [as next] (https://www.greencity.cx.ua/chunk-NUXSP4TM.js:11:76277)
    at bv.next (https://www.greencity.cx.ua/chunk-NUXSP4TM.js:7:3120)
    at Fr._next (https://www.greencity.cx.ua/chunk-NUXSP4TM.js:7:2803)
    at Fr.next (https://www.greencity.cx.ua/chunk-NUXSP4TM.js:7:2530)
    at https://www.greencity.cx.ua/chunk-NUXSP4TM.js:7:7848
    at Ac (https://www.greencity.cx.ua/chunk-NUXSP4TM.js:7:2222)
    at S0.next (https://www.greencity.cx.ua/chunk-NUXSP4TM.js:7:7687), [2026-03-15T12:00:22.157Z] [SEVERE] https://www.greencity.cx.ua/chunk-NUXSP4TM.js 10:45939 "ERROR" TypeError: Cannot read properties of null (reading 'setValue')
    at n.quillContentChanged (https://www.greencity.cx.ua/chunk-VNNOUBDJ.js:1:16043)
    at https://www.greencity.cx.ua/chunk-VNNOUBDJ.js:1:7223
    at eE (https://www.greencity.cx.ua/chunk-NUXSP4TM.js:11:76097)
    at Object.o [as next] (https://www.greencity.cx.ua/chunk-NUXSP4TM.js:11:76277)
    at bv.next (https://www.greencity.cx.ua/chunk-NUXSP4TM.js:7:3120)
    at Fr._next (https://www.greencity.cx.ua/chunk-NUXSP4TM.js:7:2803)
    at Fr.next (https://www.greencity.cx.ua/chunk-NUXSP4TM.js:7:2530)
    at https://www.greencity.cx.ua/chunk-NUXSP4TM.js:7:7848
    at Ac (https://www.greencity.cx.ua/chunk-NUXSP4TM.js:7:2222)
    at S0.next (https://www.greencity.cx.ua/chunk-NUXSP4TM.js:7:7687), [2026-03-15T12:00:22.160Z] [SEVERE] https://www.greencity.cx.ua/chunk-NUXSP4TM.js 10:45939 "ERROR" TypeError: Cannot read properties of null (reading 'setValue')
    at n.quillContentChanged (https://www.greencity.cx.ua/chunk-VNNOUBDJ.js:1:16043)
    at https://www.greencity.cx.ua/chunk-VNNOUBDJ.js:1:7223
    at eE (https://www.greencity.cx.ua/chunk-NUXSP4TM.js:11:76097)
    at Object.o [as next] (https://www.greencity.cx.ua/chunk-NUXSP4TM.js:11:76277)
    at bv.next (https://www.greencity.cx.ua/chunk-NUXSP4TM.js:7:3120)
    at Fr._next (https://www.greencity.cx.ua/chunk-NUXSP4TM.js:7:2803)
    at Fr.next (https://www.greencity.cx.ua/chunk-NUXSP4TM.js:7:2530)
    at https://www.greencity.cx.ua/chunk-NUXSP4TM.js:7:7848
    at Ac (https://www.greencity.cx.ua/chunk-NUXSP4TM.js:7:2222)
    at S0.next (https://www.greencity.cx.ua/chunk-NUXSP4TM.js:7:7687), [2026-03-15T12:00:22.162Z] [SEVERE] https://www.greencity.cx.ua/chunk-NUXSP4TM.js 10:45939 "ERROR" TypeError: Cannot read properties of null (reading 'setValue')
    at n.quillContentChanged (https://www.greencity.cx.ua/chunk-VNNOUBDJ.js:1:16043)
    at https://www.greencity.cx.ua/chunk-VNNOUBDJ.js:1:7223
    at eE (https://www.greencity.cx.ua/chunk-NUXSP4TM.js:11:76097)
    at Object.o [as next] (https://www.greencity.cx.ua/chunk-NUXSP4TM.js:11:76277)
    at bv.next (https://www.greencity.cx.ua/chunk-NUXSP4TM.js:7:3120)
    at Fr._next (https://www.greencity.cx.ua/chunk-NUXSP4TM.js:7:2803)
    at Fr.next (https://www.greencity.cx.ua/chunk-NUXSP4TM.js:7:2530)
    at https://www.greencity.cx.ua/chunk-NUXSP4TM.js:7:7848
    at Ac (https://www.greencity.cx.ua/chunk-NUXSP4TM.js:7:2222)
    at S0.next (https://www.greencity.cx.ua/chunk-NUXSP4TM.js:7:7687), [2026-03-15T12:00:22.165Z] [SEVERE] https://www.greencity.cx.ua/chunk-NUXSP4TM.js 10:45939 "ERROR" TypeError: Cannot read properties of null (reading 'setValue')
    at n.quillContentChanged (https://www.greencity.cx.ua/chunk-VNNOUBDJ.js:1:16043)
    at https://www.greencity.cx.ua/chunk-VNNOUBDJ.js:1:7223
    at eE (https://www.greencity.cx.ua/chunk-NUXSP4TM.js:11:76097)
    at Object.o [as next] (https://www.greencity.cx.ua/chunk-NUXSP4TM.js:11:76277)
    at bv.next (https://www.greencity.cx.ua/chunk-NUXSP4TM.js:7:3120)
    at Fr._next (https://www.greencity.cx.ua/chunk-NUXSP4TM.js:7:2803)
    at Fr.next (https://www.greencity.cx.ua/chunk-NUXSP4TM.js:7:2530)
    at https://www.greencity.cx.ua/chunk-NUXSP4TM.js:7:7848
    at Ac (https://www.greencity.cx.ua/chunk-NUXSP4TM.js:7:2222)
    at S0.next (https://www.greencity.cx.ua/chunk-NUXSP4TM.js:7:7687), [2026-03-15T12:00:22.168Z] [SEVERE] https://www.greencity.cx.ua/chunk-NUXSP4TM.js 10:45939 "ERROR" TypeError: Cannot read properties of null (reading 'setValue')
    at n.quillContentChanged (https://www.greencity.cx.ua/chunk-VNNOUBDJ.js:1:16043)
    at https://www.greencity.cx.ua/chunk-VNNOUBDJ.js:1:7223
    at eE (https://www.greencity.cx.ua/chunk-NUXSP4TM.js:11:76097)
    at Object.o [as next] (https://www.greencity.cx.ua/chunk-NUXSP4TM.js:11:76277)
    at bv.next (https://www.greencity.cx.ua/chunk-NUXSP4TM.js:7:3120)
    at Fr._next (https://www.greencity.cx.ua/chunk-NUXSP4TM.js:7:2803)
    at Fr.next (https://www.greencity.cx.ua/chunk-NUXSP4TM.js:7:2530)
    at https://www.greencity.cx.ua/chunk-NUXSP4TM.js:7:7848
    at Ac (https://www.greencity.cx.ua/chunk-NUXSP4TM.js:7:2222)
    at S0.next (https://www.greencity.cx.ua/chunk-NUXSP4TM.js:7:7687), [2026-03-15T12:00:22.171Z] [SEVERE] https://www.greencity.cx.ua/chunk-NUXSP4TM.js 10:45939 "ERROR" TypeError: Cannot read properties of null (reading 'setValue')
    at n.quillContentChanged (https://www.greencity.cx.ua/chunk-VNNOUBDJ.js:1:16043)
    at https://www.greencity.cx.ua/chunk-VNNOUBDJ.js:1:7223
    at eE (https://www.greencity.cx.ua/chunk-NUXSP4TM.js:11:76097)
    at Object.o [as next] (https://www.greencity.cx.ua/chunk-NUXSP4TM.js:11:76277)
    at bv.next (https://www.greencity.cx.ua/chunk-NUXSP4TM.js:7:3120)
    at Fr._next (https://www.greencity.cx.ua/chunk-NUXSP4TM.js:7:2803)
    at Fr.next (https://www.greencity.cx.ua/chunk-NUXSP4TM.js:7:2530)
    at https://www.greencity.cx.ua/chunk-NUXSP4TM.js:7:7848
    at Ac (https://www.greencity.cx.ua/chunk-NUXSP4TM.js:7:2222)
    at S0.next (https://www.greencity.cx.ua/chunk-NUXSP4TM.js:7:7687), [2026-03-15T12:00:22.174Z] [SEVERE] https://www.greencity.cx.ua/chunk-NUXSP4TM.js 10:45939 "ERROR" TypeError: Cannot read properties of null (reading 'setValue')
    at n.quillContentChanged (https://www.greencity.cx.ua/chunk-VNNOUBDJ.js:1:16043)
    at https://www.greencity.cx.ua/chunk-VNNOUBDJ.js:1:7223
    at eE (https://www.greencity.cx.ua/chunk-NUXSP4TM.js:11:76097)
    at Object.o [as next] (https://www.greencity.cx.ua/chunk-NUXSP4TM.js:11:76277)
    at bv.next (https://www.greencity.cx.ua/chunk-NUXSP4TM.js:7:3120)
    at Fr._next (https://www.greencity.cx.ua/chunk-NUXSP4TM.js:7:2803)
    at Fr.next (https://www.greencity.cx.ua/chunk-NUXSP4TM.js:7:2530)
    at https://www.greencity.cx.ua/chunk-NUXSP4TM.js:7:7848
    at Ac (https://www.greencity.cx.ua/chunk-NUXSP4TM.js:7:2222)
    at S0.next (https://www.greencity.cx.ua/chunk-NUXSP4TM.js:7:7687), [2026-03-15T12:00:22.177Z] [SEVERE] https://www.greencity.cx.ua/chunk-NUXSP4TM.js 10:45939 "ERROR" TypeError: Cannot read properties of null (reading 'setValue')
    at n.quillContentChanged (https://www.greencity.cx.ua/chunk-VNNOUBDJ.js:1:16043)
    at https://www.greencity.cx.ua/chunk-VNNOUBDJ.js:1:7223
    at eE (https://www.greencity.cx.ua/chunk-NUXSP4TM.js:11:76097)
    at Object.o [as next] (https://www.greencity.cx.ua/chunk-NUXSP4TM.js:11:76277)
    at bv.next (https://www.greencity.cx.ua/chunk-NUXSP4TM.js:7:3120)
    at Fr._next (https://www.greencity.cx.ua/chunk-NUXSP4TM.js:7:2803)
    at Fr.next (https://www.greencity.cx.ua/chunk-NUXSP4TM.js:7:2530)
    at https://www.greencity.cx.ua/chunk-NUXSP4TM.js:7:7848
    at Ac (https://www.greencity.cx.ua/chunk-NUXSP4TM.js:7:2222)
    at S0.next (https://www.greencity.cx.ua/chunk-NUXSP4TM.js:7:7687), [2026-03-15T12:00:22.179Z] [SEVERE] https://www.greencity.cx.ua/chunk-NUXSP4TM.js 10:45939 "ERROR" TypeError: Cannot read properties of null (reading 'setValue')
    at n.quillContentChanged (https://www.greencity.cx.ua/chunk-VNNOUBDJ.js:1:16043)
    at https://www.greencity.cx.ua/chunk-VNNOUBDJ.js:1:7223
    at eE (https://www.greencity.cx.ua/chunk-NUXSP4TM.js:11:76097)
    at Object.o [as next] (https://www.greencity.cx.ua/chunk-NUXSP4TM.js:11:76277)
    at bv.next (https://www.greencity.cx.ua/chunk-NUXSP4TM.js:7:3120)
    at Fr._next (https://www.greencity.cx.ua/chunk-NUXSP4TM.js:7:2803)
    at Fr.next (https://www.greencity.cx.ua/chunk-NUXSP4TM.js:7:2530)
    at https://www.greencity.cx.ua/chunk-NUXSP4TM.js:7:7848
    at Ac (https://www.greencity.cx.ua/chunk-NUXSP4TM.js:7:2222)
    at S0.next (https://www.greencity.cx.ua/chunk-NUXSP4TM.js:7:7687), [2026-03-15T12:00:22.182Z] [SEVERE] https://www.greencity.cx.ua/chunk-NUXSP4TM.js 10:45939 "ERROR" TypeError: Cannot read properties of null (reading 'setValue')
    at n.quillContentChanged (https://www.greencity.cx.ua/chunk-VNNOUBDJ.js:1:16043)
    at https://www.greencity.cx.ua/chunk-VNNOUBDJ.js:1:7223
    at eE (https://www.greencity.cx.ua/chunk-NUXSP4TM.js:11:76097)
    at Object.o [as next] (https://www.greencity.cx.ua/chunk-NUXSP4TM.js:11:76277)
    at bv.next (https://www.greencity.cx.ua/chunk-NUXSP4TM.js:7:3120)
    at Fr._next (https://www.greencity.cx.ua/chunk-NUXSP4TM.js:7:2803)
    at Fr.next (https://www.greencity.cx.ua/chunk-NUXSP4TM.js:7:2530)
    at https://www.greencity.cx.ua/chunk-NUXSP4TM.js:7:7848
    at Ac (https://www.greencity.cx.ua/chunk-NUXSP4TM.js:7:2222)
    at S0.next (https://www.greencity.cx.ua/chunk-NUXSP4TM.js:7:7687), [2026-03-15T12:00:22.185Z] [SEVERE] https://www.greencity.cx.ua/chunk-NUXSP4TM.js 10:45939 "ERROR" TypeError: Cannot read properties of null (reading 'setValue')
    at n.quillContentChanged (https://www.greencity.cx.ua/chunk-VNNOUBDJ.js:1:16043)
    at https://www.greencity.cx.ua/chunk-VNNOUBDJ.js:1:7223
    at eE (https://www.greencity.cx.ua/chunk-NUXSP4TM.js:11:76097)
    at Object.o [as next] (https://www.greencity.cx.ua/chunk-NUXSP4TM.js:11:76277)
    at bv.next (https://www.greencity.cx.ua/chunk-NUXSP4TM.js:7:3120)
    at Fr._next (https://www.greencity.cx.ua/chunk-NUXSP4TM.js:7:2803)
    at Fr.next (https://www.greencity.cx.ua/chunk-NUXSP4TM.js:7:2530)
    at https://www.greencity.cx.ua/chunk-NUXSP4TM.js:7:7848
    at Ac (https://www.greencity.cx.ua/chunk-NUXSP4TM.js:7:2222)
    at S0.next (https://www.greencity.cx.ua/chunk-NUXSP4TM.js:7:7687), [2026-03-15T12:00:22.188Z] [SEVERE] https://www.greencity.cx.ua/chunk-NUXSP4TM.js 10:45939 "ERROR" TypeError: Cannot read properties of null (reading 'setValue')
    at n.quillContentChanged (https://www.greencity.cx.ua/chunk-VNNOUBDJ.js:1:16043)
    at https://www.greencity.cx.ua/chunk-VNNOUBDJ.js:1:7223
    at eE (https://www.greencity.cx.ua/chunk-NUXSP4TM.js:11:76097)
    at Object.o [as next] (https://www.greencity.cx.ua/chunk-NUXSP4TM.js:11:76277)
    at bv.next (https://www.greencity.cx.ua/chunk-NUXSP4TM.js:7:3120)
    at Fr._next (https://www.greencity.cx.ua/chunk-NUXSP4TM.js:7:2803)
    at Fr.next (https://www.greencity.cx.ua/chunk-NUXSP4TM.js:7:2530)
    at https://www.greencity.cx.ua/chunk-NUXSP4TM.js:7:7848
    at Ac (https://www.greencity.cx.ua/chunk-NUXSP4TM.js:7:2222)
    at S0.next (https://www.greencity.cx.ua/chunk-NUXSP4TM.js:7:7687), [2026-03-15T12:00:22.191Z] [SEVERE] https://www.greencity.cx.ua/chunk-NUXSP4TM.js 10:45939 "ERROR" TypeError: Cannot read properties of null (reading 'setValue')
    at n.quillContentChanged (https://www.greencity.cx.ua/chunk-VNNOUBDJ.js:1:16043)
    at https://www.greencity.cx.ua/chunk-VNNOUBDJ.js:1:7223
    at eE (https://www.greencity.cx.ua/chunk-NUXSP4TM.js:11:76097)
    at Object.o [as next] (https://www.greencity.cx.ua/chunk-NUXSP4TM.js:11:76277)
    at bv.next (https://www.greencity.cx.ua/chunk-NUXSP4TM.js:7:3120)
    at Fr._next (https://www.greencity.cx.ua/chunk-NUXSP4TM.js:7:2803)
    at Fr.next (https://www.greencity.cx.ua/chunk-NUXSP4TM.js:7:2530)
    at https://www.greencity.cx.ua/chunk-NUXSP4TM.js:7:7848
    at Ac (https://www.greencity.cx.ua/chunk-NUXSP4TM.js:7:2222)
    at S0.next (https://www.greencity.cx.ua/chunk-NUXSP4TM.js:7:7687), [2026-03-15T12:00:22.193Z] [SEVERE] https://www.greencity.cx.ua/chunk-NUXSP4TM.js 10:45939 "ERROR" TypeError: Cannot read properties of null (reading 'setValue')
    at n.quillContentChanged (https://www.greencity.cx.ua/chunk-VNNOUBDJ.js:1:16043)
    at https://www.greencity.cx.ua/chunk-VNNOUBDJ.js:1:7223
    at eE (https://www.greencity.cx.ua/chunk-NUXSP4TM.js:11:76097)
    at Object.o [as next] (https://www.greencity.cx.ua/chunk-NUXSP4TM.js:11:76277)
    at bv.next (https://www.greencity.cx.ua/chunk-NUXSP4TM.js:7:3120)
    at Fr._next (https://www.greencity.cx.ua/chunk-NUXSP4TM.js:7:2803)
    at Fr.next (https://www.greencity.cx.ua/chunk-NUXSP4TM.js:7:2530)
    at https://www.greencity.cx.ua/chunk-NUXSP4TM.js:7:7848
    at Ac (https://www.greencity.cx.ua/chunk-NUXSP4TM.js:7:2222)
    at S0.next (https://www.greencity.cx.ua/chunk-NUXSP4TM.js:7:7687), [2026-03-15T12:00:22.196Z] [SEVERE] https://www.greencity.cx.ua/chunk-NUXSP4TM.js 10:45939 "ERROR" TypeError: Cannot read properties of null (reading 'setValue')
    at n.quillContentChanged (https://www.greencity.cx.ua/chunk-VNNOUBDJ.js:1:16043)
    at https://www.greencity.cx.ua/chunk-VNNOUBDJ.js:1:7223
    at eE (https://www.greencity.cx.ua/chunk-NUXSP4TM.js:11:76097)
    at Object.o [as next] (https://www.greencity.cx.ua/chunk-NUXSP4TM.js:11:76277)
    at bv.next (https://www.greencity.cx.ua/chunk-NUXSP4TM.js:7:3120)
    at Fr._next (https://www.greencity.cx.ua/chunk-NUXSP4TM.js:7:2803)
    at Fr.next (https://www.greencity.cx.ua/chunk-NUXSP4TM.js:7:2530)
    at https://www.greencity.cx.ua/chunk-NUXSP4TM.js:7:7848
    at Ac (https://www.greencity.cx.ua/chunk-NUXSP4TM.js:7:2222)
    at S0.next (https://www.greencity.cx.ua/chunk-NUXSP4TM.js:7:7687), [2026-03-15T12:00:22.199Z] [SEVERE] https://www.greencity.cx.ua/chunk-NUXSP4TM.js 10:45939 "ERROR" TypeError: Cannot read properties of null (reading 'setValue')
    at n.quillContentChanged (https://www.greencity.cx.ua/chunk-VNNOUBDJ.js:1:16043)
    at https://www.greencity.cx.ua/chunk-VNNOUBDJ.js:1:7223
    at eE (https://www.greencity.cx.ua/chunk-NUXSP4TM.js:11:76097)
    at Object.o [as next] (https://www.greencity.cx.ua/chunk-NUXSP4TM.js:11:76277)
    at bv.next (https://www.greencity.cx.ua/chunk-NUXSP4TM.js:7:3120)
    at Fr._next (https://www.greencity.cx.ua/chunk-NUXSP4TM.js:7:2803)
    at Fr.next (https://www.greencity.cx.ua/chunk-NUXSP4TM.js:7:2530)
    at https://www.greencity.cx.ua/chunk-NUXSP4TM.js:7:7848
    at Ac (https://www.greencity.cx.ua/chunk-NUXSP4TM.js:7:2222)
    at S0.next (https://www.greencity.cx.ua/chunk-NUXSP4TM.js:7:7687), [2026-03-15T12:00:22.201Z] [SEVERE] https://www.greencity.cx.ua/chunk-NUXSP4TM.js 10:45939 "ERROR" TypeError: Cannot read properties of null (reading 'setValue')
    at n.quillContentChanged (https://www.greencity.cx.ua/chunk-VNNOUBDJ.js:1:16043)
    at https://www.greencity.cx.ua/chunk-VNNOUBDJ.js:1:7223
    at eE (https://www.greencity.cx.ua/chunk-NUXSP4TM.js:11:76097)
    at Object.o [as next] (https://www.greencity.cx.ua/chunk-NUXSP4TM.js:11:76277)
    at bv.next (https://www.greencity.cx.ua/chunk-NUXSP4TM.js:7:3120)
    at Fr._next (https://www.greencity.cx.ua/chunk-NUXSP4TM.js:7:2803)
    at Fr.next (https://www.greencity.cx.ua/chunk-NUXSP4TM.js:7:2530)
    at https://www.greencity.cx.ua/chunk-NUXSP4TM.js:7:7848
    at Ac (https://www.greencity.cx.ua/chunk-NUXSP4TM.js:7:2222)
    at S0.next (https://www.greencity.cx.ua/chunk-NUXSP4TM.js:7:7687), [2026-03-15T12:00:22.204Z] [SEVERE] https://www.greencity.cx.ua/chunk-NUXSP4TM.js 10:45939 "ERROR" TypeError: Cannot read properties of null (reading 'setValue')
    at n.quillContentChanged (https://www.greencity.cx.ua/chunk-VNNOUBDJ.js:1:16043)
    at https://www.greencity.cx.ua/chunk-VNNOUBDJ.js:1:7223
    at eE (https://www.greencity.cx.ua/chunk-NUXSP4TM.js:11:76097)
    at Object.o [as next] (https://www.greencity.cx.ua/chunk-NUXSP4TM.js:11:76277)
    at bv.next (https://www.greencity.cx.ua/chunk-NUXSP4TM.js:7:3120)
    at Fr._next (https://www.greencity.cx.ua/chunk-NUXSP4TM.js:7:2803)
    at Fr.next (https://www.greencity.cx.ua/chunk-NUXSP4TM.js:7:2530)
    at https://www.greencity.cx.ua/chunk-NUXSP4TM.js:7:7848
    at Ac (https://www.greencity.cx.ua/chunk-NUXSP4TM.js:7:2222)
    at S0.next (https://www.greencity.cx.ua/chunk-NUXSP4TM.js:7:7687), [2026-03-15T12:00:22.207Z] [SEVERE] https://www.greencity.cx.ua/chunk-NUXSP4TM.js 10:45939 "ERROR" TypeError: Cannot read properties of null (reading 'setValue')
    at n.quillContentChanged (https://www.greencity.cx.ua/chunk-VNNOUBDJ.js:1:16043)
    at https://www.greencity.cx.ua/chunk-VNNOUBDJ.js:1:7223
    at eE (https://www.greencity.cx.ua/chunk-NUXSP4TM.js:11:76097)
    at Object.o [as next] (https://www.greencity.cx.ua/chunk-NUXSP4TM.js:11:76277)
    at bv.next (https://www.greencity.cx.ua/chunk-NUXSP4TM.js:7:3120)
    at Fr._next (https://www.greencity.cx.ua/chunk-NUXSP4TM.js:7:2803)
    at Fr.next (https://www.greencity.cx.ua/chunk-NUXSP4TM.js:7:2530)
    at https://www.greencity.cx.ua/chunk-NUXSP4TM.js:7:7848
    at Ac (https://www.greencity.cx.ua/chunk-NUXSP4TM.js:7:2222)
    at S0.next (https://www.greencity.cx.ua/chunk-NUXSP4TM.js:7:7687), [2026-03-15T12:00:22.210Z] [SEVERE] https://www.greencity.cx.ua/chunk-NUXSP4TM.js 10:45939 "ERROR" TypeError: Cannot read properties of null (reading 'setValue')
    at n.quillContentChanged (https://www.greencity.cx.ua/chunk-VNNOUBDJ.js:1:16043)
    at https://www.greencity.cx.ua/chunk-VNNOUBDJ.js:1:7223
    at eE (https://www.greencity.cx.ua/chunk-NUXSP4TM.js:11:76097)
    at Object.o [as next] (https://www.greencity.cx.ua/chunk-NUXSP4TM.js:11:76277)
    at bv.next (https://www.greencity.cx.ua/chunk-NUXSP4TM.js:7:3120)
    at Fr._next (https://www.greencity.cx.ua/chunk-NUXSP4TM.js:7:2803)
    at Fr.next (https://www.greencity.cx.ua/chunk-NUXSP4TM.js:7:2530)
    at https://www.greencity.cx.ua/chunk-NUXSP4TM.js:7:7848
    at Ac (https://www.greencity.cx.ua/chunk-NUXSP4TM.js:7:2222)
    at S0.next (https://www.greencity.cx.ua/chunk-NUXSP4TM.js:7:7687), [2026-03-15T12:00:22.213Z] [SEVERE] https://www.greencity.cx.ua/chunk-NUXSP4TM.js 10:45939 "ERROR" TypeError: Cannot read properties of null (reading 'setValue')
    at n.quillContentChanged (https://www.greencity.cx.ua/chunk-VNNOUBDJ.js:1:16043)
    at https://www.greencity.cx.ua/chunk-VNNOUBDJ.js:1:7223
    at eE (https://www.greencity.cx.ua/chunk-NUXSP4TM.js:11:76097)
    at Object.o [as next] (https://www.greencity.cx.ua/chunk-NUXSP4TM.js:11:76277)
    at bv.next (https://www.greencity.cx.ua/chunk-NUXSP4TM.js:7:3120)
    at Fr._next (https://www.greencity.cx.ua/chunk-NUXSP4TM.js:7:2803)
    at Fr.next (https://www.greencity.cx.ua/chunk-NUXSP4TM.js:7:2530)
    at https://www.greencity.cx.ua/chunk-NUXSP4TM.js:7:7848
    at Ac (https://www.greencity.cx.ua/chunk-NUXSP4TM.js:7:2222)
    at S0.next (https://www.greencity.cx.ua/chunk-NUXSP4TM.js:7:7687), [2026-03-15T12:00:22.215Z] [SEVERE] https://www.greencity.cx.ua/chunk-NUXSP4TM.js 10:45939 "ERROR" TypeError: Cannot read properties of null (reading 'setValue')
    at n.quillContentChanged (https://www.greencity.cx.ua/chunk-VNNOUBDJ.js:1:16043)
    at https://www.greencity.cx.ua/chunk-VNNOUBDJ.js:1:7223
    at eE (https://www.greencity.cx.ua/chunk-NUXSP4TM.js:11:76097)
    at Object.o [as next] (https://www.greencity.cx.ua/chunk-NUXSP4TM.js:11:76277)
    at bv.next (https://www.greencity.cx.ua/chunk-NUXSP4TM.js:7:3120)
    at Fr._next (https://www.greencity.cx.ua/chunk-NUXSP4TM.js:7:2803)
    at Fr.next (https://www.greencity.cx.ua/chunk-NUXSP4TM.js:7:2530)
    at https://www.greencity.cx.ua/chunk-NUXSP4TM.js:7:7848
    at Ac (https://www.greencity.cx.ua/chunk-NUXSP4TM.js:7:2222)
    at S0.next (https://www.greencity.cx.ua/chunk-NUXSP4TM.js:7:7687), [2026-03-15T12:00:22.220Z] [SEVERE] https://www.greencity.cx.ua/chunk-NUXSP4TM.js 10:45939 "ERROR" TypeError: Cannot read properties of null (reading 'setValue')
    at n.quillContentChanged (https://www.greencity.cx.ua/chunk-VNNOUBDJ.js:1:16043)
    at https://www.greencity.cx.ua/chunk-VNNOUBDJ.js:1:7223
    at eE (https://www.greencity.cx.ua/chunk-NUXSP4TM.js:11:76097)
    at Object.o [as next] (https://www.greencity.cx.ua/chunk-NUXSP4TM.js:11:76277)
    at bv.next (https://www.greencity.cx.ua/chunk-NUXSP4TM.js:7:3120)
    at Fr._next (https://www.greencity.cx.ua/chunk-NUXSP4TM.js:7:2803)
    at Fr.next (https://www.greencity.cx.ua/chunk-NUXSP4TM.js:7:2530)
    at https://www.greencity.cx.ua/chunk-NUXSP4TM.js:7:7848
    at Ac (https://www.greencity.cx.ua/chunk-NUXSP4TM.js:7:2222)
    at S0.next (https://www.greencity.cx.ua/chunk-NUXSP4TM.js:7:7687), [2026-03-15T12:00:22.223Z] [SEVERE] https://www.greencity.cx.ua/chunk-NUXSP4TM.js 10:45939 "ERROR" TypeError: Cannot read properties of null (reading 'setValue')
    at n.quillContentChanged (https://www.greencity.cx.ua/chunk-VNNOUBDJ.js:1:16043)
    at https://www.greencity.cx.ua/chunk-VNNOUBDJ.js:1:7223
    at eE (https://www.greencity.cx.ua/chunk-NUXSP4TM.js:11:76097)
    at Object.o [as next] (https://www.greencity.cx.ua/chunk-NUXSP4TM.js:11:76277)
    at bv.next (https://www.greencity.cx.ua/chunk-NUXSP4TM.js:7:3120)
    at Fr._next (https://www.greencity.cx.ua/chunk-NUXSP4TM.js:7:2803)
    at Fr.next (https://www.greencity.cx.ua/chunk-NUXSP4TM.js:7:2530)
    at https://www.greencity.cx.ua/chunk-NUXSP4TM.js:7:7848
    at Ac (https://www.greencity.cx.ua/chunk-NUXSP4TM.js:7:2222)
    at S0.next (https://www.greencity.cx.ua/chunk-NUXSP4TM.js:7:7687), [2026-03-15T12:00:22.226Z] [SEVERE] https://www.greencity.cx.ua/chunk-NUXSP4TM.js 10:45939 "ERROR" TypeError: Cannot read properties of null (reading 'setValue')
    at n.quillContentChanged (https://www.greencity.cx.ua/chunk-VNNOUBDJ.js:1:16043)
    at https://www.greencity.cx.ua/chunk-VNNOUBDJ.js:1:7223
    at eE (https://www.greencity.cx.ua/chunk-NUXSP4TM.js:11:76097)
    at Object.o [as next] (https://www.greencity.cx.ua/chunk-NUXSP4TM.js:11:76277)
    at bv.next (https://www.greencity.cx.ua/chunk-NUXSP4TM.js:7:3120)
    at Fr._next (https://www.greencity.cx.ua/chunk-NUXSP4TM.js:7:2803)
    at Fr.next (https://www.greencity.cx.ua/chunk-NUXSP4TM.js:7:2530)
    at https://www.greencity.cx.ua/chunk-NUXSP4TM.js:7:7848
    at Ac (https://www.greencity.cx.ua/chunk-NUXSP4TM.js:7:2222)
    at S0.next (https://www.greencity.cx.ua/chunk-NUXSP4TM.js:7:7687), [2026-03-15T12:00:22.229Z] [SEVERE] https://www.greencity.cx.ua/chunk-NUXSP4TM.js 10:45939 "ERROR" TypeError: Cannot read properties of null (reading 'setValue')
    at n.quillContentChanged (https://www.greencity.cx.ua/chunk-VNNOUBDJ.js:1:16043)
    at https://www.greencity.cx.ua/chunk-VNNOUBDJ.js:1:7223
    at eE (https://www.greencity.cx.ua/chunk-NUXSP4TM.js:11:76097)
    at Object.o [as next] (https://www.greencity.cx.ua/chunk-NUXSP4TM.js:11:76277)
    at bv.next (https://www.greencity.cx.ua/chunk-NUXSP4TM.js:7:3120)
    at Fr._next (https://www.greencity.cx.ua/chunk-NUXSP4TM.js:7:2803)
    at Fr.next (https://www.greencity.cx.ua/chunk-NUXSP4TM.js:7:2530)
    at https://www.greencity.cx.ua/chunk-NUXSP4TM.js:7:7848
    at Ac (https://www.greencity.cx.ua/chunk-NUXSP4TM.js:7:2222)
    at S0.next (https://www.greencity.cx.ua/chunk-NUXSP4TM.js:7:7687), [2026-03-15T12:00:22.232Z] [SEVERE] https://www.greencity.cx.ua/chunk-NUXSP4TM.js 10:45939 "ERROR" TypeError: Cannot read properties of null (reading 'setValue')
    at n.quillContentChanged (https://www.greencity.cx.ua/chunk-VNNOUBDJ.js:1:16043)
    at https://www.greencity.cx.ua/chunk-VNNOUBDJ.js:1:7223
    at eE (https://www.greencity.cx.ua/chunk-NUXSP4TM.js:11:76097)
    at Object.o [as next] (https://www.greencity.cx.ua/chunk-NUXSP4TM.js:11:76277)
    at bv.next (https://www.greencity.cx.ua/chunk-NUXSP4TM.js:7:3120)
    at Fr._next (https://www.greencity.cx.ua/chunk-NUXSP4TM.js:7:2803)
    at Fr.next (https://www.greencity.cx.ua/chunk-NUXSP4TM.js:7:2530)
    at https://www.greencity.cx.ua/chunk-NUXSP4TM.js:7:7848
    at Ac (https://www.greencity.cx.ua/chunk-NUXSP4TM.js:7:2222)
    at S0.next (https://www.greencity.cx.ua/chunk-NUXSP4TM.js:7:7687), [2026-03-15T12:00:22.235Z] [SEVERE] https://www.greencity.cx.ua/chunk-NUXSP4TM.js 10:45939 "ERROR" TypeError: Cannot read properties of null (reading 'setValue')
    at n.quillContentChanged (https://www.greencity.cx.ua/chunk-VNNOUBDJ.js:1:16043)
    at https://www.greencity.cx.ua/chunk-VNNOUBDJ.js:1:7223
    at eE (https://www.greencity.cx.ua/chunk-NUXSP4TM.js:11:76097)
    at Object.o [as next] (https://www.greencity.cx.ua/chunk-NUXSP4TM.js:11:76277)
    at bv.next (https://www.greencity.cx.ua/chunk-NUXSP4TM.js:7:3120)
    at Fr._next (https://www.greencity.cx.ua/chunk-NUXSP4TM.js:7:2803)
    at Fr.next (https://www.greencity.cx.ua/chunk-NUXSP4TM.js:7:2530)
    at https://www.greencity.cx.ua/chunk-NUXSP4TM.js:7:7848
    at Ac (https://www.greencity.cx.ua/chunk-NUXSP4TM.js:7:2222)
    at S0.next (https://www.greencity.cx.ua/chunk-NUXSP4TM.js:7:7687), [2026-03-15T12:00:22.237Z] [SEVERE] https://www.greencity.cx.ua/chunk-NUXSP4TM.js 10:45939 "ERROR" TypeError: Cannot read properties of null (reading 'setValue')
    at n.quillContentChanged (https://www.greencity.cx.ua/chunk-VNNOUBDJ.js:1:16043)
    at https://www.greencity.cx.ua/chunk-VNNOUBDJ.js:1:7223
    at eE (https://www.greencity.cx.ua/chunk-NUXSP4TM.js:11:76097)
    at Object.o [as next] (https://www.greencity.cx.ua/chunk-NUXSP4TM.js:11:76277)
    at bv.next (https://www.greencity.cx.ua/chunk-NUXSP4TM.js:7:3120)
    at Fr._next (https://www.greencity.cx.ua/chunk-NUXSP4TM.js:7:2803)
    at Fr.next (https://www.greencity.cx.ua/chunk-NUXSP4TM.js:7:2530)
    at https://www.greencity.cx.ua/chunk-NUXSP4TM.js:7:7848
    at Ac (https://www.greencity.cx.ua/chunk-NUXSP4TM.js:7:2222)
    at S0.next (https://www.greencity.cx.ua/chunk-NUXSP4TM.js:7:7687), [2026-03-15T12:00:22.240Z] [SEVERE] https://www.greencity.cx.ua/chunk-NUXSP4TM.js 10:45939 "ERROR" TypeError: Cannot read properties of null (reading 'setValue')
    at n.quillContentChanged (https://www.greencity.cx.ua/chunk-VNNOUBDJ.js:1:16043)
    at https://www.greencity.cx.ua/chunk-VNNOUBDJ.js:1:7223
    at eE (https://www.greencity.cx.ua/chunk-NUXSP4TM.js:11:76097)
    at Object.o [as next] (https://www.greencity.cx.ua/chunk-NUXSP4TM.js:11:76277)
    at bv.next (https://www.greencity.cx.ua/chunk-NUXSP4TM.js:7:3120)
    at Fr._next (https://www.greencity.cx.ua/chunk-NUXSP4TM.js:7:2803)
    at Fr.next (https://www.greencity.cx.ua/chunk-NUXSP4TM.js:7:2530)
    at https://www.greencity.cx.ua/chunk-NUXSP4TM.js:7:7848
    at Ac (https://www.greencity.cx.ua/chunk-NUXSP4TM.js:7:2222)
    at S0.next (https://www.greencity.cx.ua/chunk-NUXSP4TM.js:7:7687), [2026-03-15T12:00:22.243Z] [SEVERE] https://www.greencity.cx.ua/chunk-NUXSP4TM.js 10:45939 "ERROR" TypeError: Cannot read properties of null (reading 'setValue')
    at n.quillContentChanged (https://www.greencity.cx.ua/chunk-VNNOUBDJ.js:1:16043)
    at https://www.greencity.cx.ua/chunk-VNNOUBDJ.js:1:7223
    at eE (https://www.greencity.cx.ua/chunk-NUXSP4TM.js:11:76097)
    at Object.o [as next] (https://www.greencity.cx.ua/chunk-NUXSP4TM.js:11:76277)
    at bv.next (https://www.greencity.cx.ua/chunk-NUXSP4TM.js:7:3120)
    at Fr._next (https://www.greencity.cx.ua/chunk-NUXSP4TM.js:7:2803)
    at Fr.next (https://www.greencity.cx.ua/chunk-NUXSP4TM.js:7:2530)
    at https://www.greencity.cx.ua/chunk-NUXSP4TM.js:7:7848
    at Ac (https://www.greencity.cx.ua/chunk-NUXSP4TM.js:7:2222)
    at S0.next (https://www.greencity.cx.ua/chunk-NUXSP4TM.js:7:7687), [2026-03-15T12:00:22.246Z] [SEVERE] https://www.greencity.cx.ua/chunk-NUXSP4TM.js 10:45939 "ERROR" TypeError: Cannot read properties of null (reading 'setValue')
    at n.quillContentChanged (https://www.greencity.cx.ua/chunk-VNNOUBDJ.js:1:16043)
    at https://www.greencity.cx.ua/chunk-VNNOUBDJ.js:1:7223
    at eE (https://www.greencity.cx.ua/chunk-NUXSP4TM.js:11:76097)
    at Object.o [as next] (https://www.greencity.cx.ua/chunk-NUXSP4TM.js:11:76277)
    at bv.next (https://www.greencity.cx.ua/chunk-NUXSP4TM.js:7:3120)
    at Fr._next (https://www.greencity.cx.ua/chunk-NUXSP4TM.js:7:2803)
    at Fr.next (https://www.greencity.cx.ua/chunk-NUXSP4TM.js:7:2530)
    at https://www.greencity.cx.ua/chunk-NUXSP4TM.js:7:7848
    at Ac (https://www.greencity.cx.ua/chunk-NUXSP4TM.js:7:2222)
    at S0.next (https://www.greencity.cx.ua/chunk-NUXSP4TM.js:7:7687), [2026-03-15T12:00:22.249Z] [SEVERE] https://www.greencity.cx.ua/chunk-NUXSP4TM.js 10:45939 "ERROR" TypeError: Cannot read properties of null (reading 'setValue')
    at n.quillContentChanged (https://www.greencity.cx.ua/chunk-VNNOUBDJ.js:1:16043)
    at https://www.greencity.cx.ua/chunk-VNNOUBDJ.js:1:7223
    at eE (https://www.greencity.cx.ua/chunk-NUXSP4TM.js:11:76097)
    at Object.o [as next] (https://www.greencity.cx.ua/chunk-NUXSP4TM.js:11:76277)
    at bv.next (https://www.greencity.cx.ua/chunk-NUXSP4TM.js:7:3120)
    at Fr._next (https://www.greencity.cx.ua/chunk-NUXSP4TM.js:7:2803)
    at Fr.next (https://www.greencity.cx.ua/chunk-NUXSP4TM.js:7:2530)
    at https://www.greencity.cx.ua/chunk-NUXSP4TM.js:7:7848
    at Ac (https://www.greencity.cx.ua/chunk-NUXSP4TM.js:7:2222)
    at S0.next (https://www.greencity.cx.ua/chunk-NUXSP4TM.js:7:7687), [2026-03-15T12:00:22.251Z] [SEVERE] https://www.greencity.cx.ua/chunk-NUXSP4TM.js 10:45939 "ERROR" TypeError: Cannot read properties of null (reading 'setValue')
    at n.quillContentChanged (https://www.greencity.cx.ua/chunk-VNNOUBDJ.js:1:16043)
    at https://www.greencity.cx.ua/chunk-VNNOUBDJ.js:1:7223
    at eE (https://www.greencity.cx.ua/chunk-NUXSP4TM.js:11:76097)
    at Object.o [as next] (https://www.greencity.cx.ua/chunk-NUXSP4TM.js:11:76277)
    at bv.next (https://www.greencity.cx.ua/chunk-NUXSP4TM.js:7:3120)
    at Fr._next (https://www.greencity.cx.ua/chunk-NUXSP4TM.js:7:2803)
    at Fr.next (https://www.greencity.cx.ua/chunk-NUXSP4TM.js:7:2530)
    at https://www.greencity.cx.ua/chunk-NUXSP4TM.js:7:7848
    at Ac (https://www.greencity.cx.ua/chunk-NUXSP4TM.js:7:2222)
    at S0.next (https://www.greencity.cx.ua/chunk-NUXSP4TM.js:7:7687), [2026-03-15T12:00:22.254Z] [SEVERE] https://www.greencity.cx.ua/chunk-NUXSP4TM.js 10:45939 "ERROR" TypeError: Cannot read properties of null (reading 'setValue')
    at n.quillContentChanged (https://www.greencity.cx.ua/chunk-VNNOUBDJ.js:1:16043)
    at https://www.greencity.cx.ua/chunk-VNNOUBDJ.js:1:7223
    at eE (https://www.greencity.cx.ua/chunk-NUXSP4TM.js:11:76097)
    at Object.o [as next] (https://www.greencity.cx.ua/chunk-NUXSP4TM.js:11:76277)
    at bv.next (https://www.greencity.cx.ua/chunk-NUXSP4TM.js:7:3120)
    at Fr._next (https://www.greencity.cx.ua/chunk-NUXSP4TM.js:7:2803)
    at Fr.next (https://www.greencity.cx.ua/chunk-NUXSP4TM.js:7:2530)
    at https://www.greencity.cx.ua/chunk-NUXSP4TM.js:7:7848
    at Ac (https://www.greencity.cx.ua/chunk-NUXSP4TM.js:7:2222)
    at S0.next (https://www.greencity.cx.ua/chunk-NUXSP4TM.js:7:7687), [2026-03-15T12:00:22.257Z] [SEVERE] https://www.greencity.cx.ua/chunk-NUXSP4TM.js 10:45939 "ERROR" TypeError: Cannot read properties of null (reading 'setValue')
    at n.quillContentChanged (https://www.greencity.cx.ua/chunk-VNNOUBDJ.js:1:16043)
    at https://www.greencity.cx.ua/chunk-VNNOUBDJ.js:1:7223
    at eE (https://www.greencity.cx.ua/chunk-NUXSP4TM.js:11:76097)
    at Object.o [as next] (https://www.greencity.cx.ua/chunk-NUXSP4TM.js:11:76277)
    at bv.next (https://www.greencity.cx.ua/chunk-NUXSP4TM.js:7:3120)
    at Fr._next (https://www.greencity.cx.ua/chunk-NUXSP4TM.js:7:2803)
    at Fr.next (https://www.greencity.cx.ua/chunk-NUXSP4TM.js:7:2530)
    at https://www.greencity.cx.ua/chunk-NUXSP4TM.js:7:7848
    at Ac (https://www.greencity.cx.ua/chunk-NUXSP4TM.js:7:2222)
    at S0.next (https://www.greencity.cx.ua/chunk-NUXSP4TM.js:7:7687), [2026-03-15T12:00:22.260Z] [SEVERE] https://www.greencity.cx.ua/chunk-NUXSP4TM.js 10:45939 "ERROR" TypeError: Cannot read properties of null (reading 'setValue')
    at n.quillContentChanged (https://www.greencity.cx.ua/chunk-VNNOUBDJ.js:1:16043)
    at https://www.greencity.cx.ua/chunk-VNNOUBDJ.js:1:7223
    at eE (https://www.greencity.cx.ua/chunk-NUXSP4TM.js:11:76097)
    at Object.o [as next] (https://www.greencity.cx.ua/chunk-NUXSP4TM.js:11:76277)
    at bv.next (https://www.greencity.cx.ua/chunk-NUXSP4TM.js:7:3120)
    at Fr._next (https://www.greencity.cx.ua/chunk-NUXSP4TM.js:7:2803)
    at Fr.next (https://www.greencity.cx.ua/chunk-NUXSP4TM.js:7:2530)
    at https://www.greencity.cx.ua/chunk-NUXSP4TM.js:7:7848
    at Ac (https://www.greencity.cx.ua/chunk-NUXSP4TM.js:7:2222)
    at S0.next (https://www.greencity.cx.ua/chunk-NUXSP4TM.js:7:7687), [2026-03-15T12:00:22.263Z] [SEVERE] https://www.greencity.cx.ua/chunk-NUXSP4TM.js 10:45939 "ERROR" TypeError: Cannot read properties of null (reading 'setValue')
    at n.quillContentChanged (https://www.greencity.cx.ua/chunk-VNNOUBDJ.js:1:16043)
    at https://www.greencity.cx.ua/chunk-VNNOUBDJ.js:1:7223
    at eE (https://www.greencity.cx.ua/chunk-NUXSP4TM.js:11:76097)
    at Object.o [as next] (https://www.greencity.cx.ua/chunk-NUXSP4TM.js:11:76277)
    at bv.next (https://www.greencity.cx.ua/chunk-NUXSP4TM.js:7:3120)
    at Fr._next (https://www.greencity.cx.ua/chunk-NUXSP4TM.js:7:2803)
    at Fr.next (https://www.greencity.cx.ua/chunk-NUXSP4TM.js:7:2530)
    at https://www.greencity.cx.ua/chunk-NUXSP4TM.js:7:7848
    at Ac (https://www.greencity.cx.ua/chunk-NUXSP4TM.js:7:2222)
    at S0.next (https://www.greencity.cx.ua/chunk-NUXSP4TM.js:7:7687), [2026-03-15T12:00:22.266Z] [SEVERE] https://www.greencity.cx.ua/chunk-NUXSP4TM.js 10:45939 "ERROR" TypeError: Cannot read properties of null (reading 'setValue')
    at n.quillContentChanged (https://www.greencity.cx.ua/chunk-VNNOUBDJ.js:1:16043)
    at https://www.greencity.cx.ua/chunk-VNNOUBDJ.js:1:7223
    at eE (https://www.greencity.cx.ua/chunk-NUXSP4TM.js:11:76097)
    at Object.o [as next] (https://www.greencity.cx.ua/chunk-NUXSP4TM.js:11:76277)
    at bv.next (https://www.greencity.cx.ua/chunk-NUXSP4TM.js:7:3120)
    at Fr._next (https://www.greencity.cx.ua/chunk-NUXSP4TM.js:7:2803)
    at Fr.next (https://www.greencity.cx.ua/chunk-NUXSP4TM.js:7:2530)
    at https://www.greencity.cx.ua/chunk-NUXSP4TM.js:7:7848
    at Ac (https://www.greencity.cx.ua/chunk-NUXSP4TM.js:7:2222)
    at S0.next (https://www.greencity.cx.ua/chunk-NUXSP4TM.js:7:7687), [2026-03-15T12:00:22.269Z] [SEVERE] https://www.greencity.cx.ua/chunk-NUXSP4TM.js 10:45939 "ERROR" TypeError: Cannot read properties of null (reading 'setValue')
    at n.quillContentChanged (https://www.greencity.cx.ua/chunk-VNNOUBDJ.js:1:16043)
    at https://www.greencity.cx.ua/chunk-VNNOUBDJ.js:1:7223
    at eE (https://www.greencity.cx.ua/chunk-NUXSP4TM.js:11:76097)
    at Object.o [as next] (https://www.greencity.cx.ua/chunk-NUXSP4TM.js:11:76277)
    at bv.next (https://www.greencity.cx.ua/chunk-NUXSP4TM.js:7:3120)
    at Fr._next (https://www.greencity.cx.ua/chunk-NUXSP4TM.js:7:2803)
    at Fr.next (https://www.greencity.cx.ua/chunk-NUXSP4TM.js:7:2530)
    at https://www.greencity.cx.ua/chunk-NUXSP4TM.js:7:7848
    at Ac (https://www.greencity.cx.ua/chunk-NUXSP4TM.js:7:2222)
    at S0.next (https://www.greencity.cx.ua/chunk-NUXSP4TM.js:7:7687), [2026-03-15T12:00:22.274Z] [SEVERE] https://www.greencity.cx.ua/chunk-NUXSP4TM.js 10:45939 "ERROR" TypeError: Cannot read properties of null (reading 'setValue')
    at n.quillContentChanged (https://www.greencity.cx.ua/chunk-VNNOUBDJ.js:1:16043)
    at https://www.greencity.cx.ua/chunk-VNNOUBDJ.js:1:7223
    at eE (https://www.greencity.cx.ua/chunk-NUXSP4TM.js:11:76097)
    at Object.o [as next] (https://www.greencity.cx.ua/chunk-NUXSP4TM.js:11:76277)
    at bv.next (https://www.greencity.cx.ua/chunk-NUXSP4TM.js:7:3120)
    at Fr._next (https://www.greencity.cx.ua/chunk-NUXSP4TM.js:7:2803)
    at Fr.next (https://www.greencity.cx.ua/chunk-NUXSP4TM.js:7:2530)
    at https://www.greencity.cx.ua/chunk-NUXSP4TM.js:7:7848
    at Ac (https://www.greencity.cx.ua/chunk-NUXSP4TM.js:7:2222)
    at S0.next (https://www.greencity.cx.ua/chunk-NUXSP4TM.js:7:7687), [2026-03-15T12:00:22.277Z] [SEVERE] https://www.greencity.cx.ua/chunk-NUXSP4TM.js 10:45939 "ERROR" TypeError: Cannot read properties of null (reading 'setValue')
    at n.quillContentChanged (https://www.greencity.cx.ua/chunk-VNNOUBDJ.js:1:16043)
    at https://www.greencity.cx.ua/chunk-VNNOUBDJ.js:1:7223
    at eE (https://www.greencity.cx.ua/chunk-NUXSP4TM.js:11:76097)
    at Object.o [as next] (https://www.greencity.cx.ua/chunk-NUXSP4TM.js:11:76277)
    at bv.next (https://www.greencity.cx.ua/chunk-NUXSP4TM.js:7:3120)
    at Fr._next (https://www.greencity.cx.ua/chunk-NUXSP4TM.js:7:2803)
    at Fr.next (https://www.greencity.cx.ua/chunk-NUXSP4TM.js:7:2530)
    at https://www.greencity.cx.ua/chunk-NUXSP4TM.js:7:7848
    at Ac (https://www.greencity.cx.ua/chunk-NUXSP4TM.js:7:2222)
    at S0.next (https://www.greencity.cx.ua/chunk-NUXSP4TM.js:7:7687), [2026-03-15T12:00:22.280Z] [SEVERE] https://www.greencity.cx.ua/chunk-NUXSP4TM.js 10:45939 "ERROR" TypeError: Cannot read properties of null (reading 'setValue')
    at n.quillContentChanged (https://www.greencity.cx.ua/chunk-VNNOUBDJ.js:1:16043)
    at https://www.greencity.cx.ua/chunk-VNNOUBDJ.js:1:7223
    at eE (https://www.greencity.cx.ua/chunk-NUXSP4TM.js:11:76097)
    at Object.o [as next] (https://www.greencity.cx.ua/chunk-NUXSP4TM.js:11:76277)
    at bv.next (https://www.greencity.cx.ua/chunk-NUXSP4TM.js:7:3120)
    at Fr._next (https://www.greencity.cx.ua/chunk-NUXSP4TM.js:7:2803)
    at Fr.next (https://www.greencity.cx.ua/chunk-NUXSP4TM.js:7:2530)
    at https://www.greencity.cx.ua/chunk-NUXSP4TM.js:7:7848
    at Ac (https://www.greencity.cx.ua/chunk-NUXSP4TM.js:7:2222)
    at S0.next (https://www.greencity.cx.ua/chunk-NUXSP4TM.js:7:7687), [2026-03-15T12:00:22.284Z] [SEVERE] https://www.greencity.cx.ua/chunk-NUXSP4TM.js 10:45939 "ERROR" TypeError: Cannot read properties of null (reading 'setValue')
    at n.quillContentChanged (https://www.greencity.cx.ua/chunk-VNNOUBDJ.js:1:16043)
    at https://www.greencity.cx.ua/chunk-VNNOUBDJ.js:1:7223
    at eE (https://www.greencity.cx.ua/chunk-NUXSP4TM.js:11:76097)
    at Object.o [as next] (https://www.greencity.cx.ua/chunk-NUXSP4TM.js:11:76277)
    at bv.next (https://www.greencity.cx.ua/chunk-NUXSP4TM.js:7:3120)
    at Fr._next (https://www.greencity.cx.ua/chunk-NUXSP4TM.js:7:2803)
    at Fr.next (https://www.greencity.cx.ua/chunk-NUXSP4TM.js:7:2530)
    at https://www.greencity.cx.ua/chunk-NUXSP4TM.js:7:7848
    at Ac (https://www.greencity.cx.ua/chunk-NUXSP4TM.js:7:2222)
    at S0.next (https://www.greencity.cx.ua/chunk-NUXSP4TM.js:7:7687), [2026-03-15T12:00:22.287Z] [SEVERE] https://www.greencity.cx.ua/chunk-NUXSP4TM.js 10:45939 "ERROR" TypeError: Cannot read properties of null (reading 'setValue')
    at n.quillContentChanged (https://www.greencity.cx.ua/chunk-VNNOUBDJ.js:1:16043)
    at https://www.greencity.cx.ua/chunk-VNNOUBDJ.js:1:7223
    at eE (https://www.greencity.cx.ua/chunk-NUXSP4TM.js:11:76097)
    at Object.o [as next] (https://www.greencity.cx.ua/chunk-NUXSP4TM.js:11:76277)
    at bv.next (https://www.greencity.cx.ua/chunk-NUXSP4TM.js:7:3120)
    at Fr._next (https://www.greencity.cx.ua/chunk-NUXSP4TM.js:7:2803)
    at Fr.next (https://www.greencity.cx.ua/chunk-NUXSP4TM.js:7:2530)
    at https://www.greencity.cx.ua/chunk-NUXSP4TM.js:7:7848
    at Ac (https://www.greencity.cx.ua/chunk-NUXSP4TM.js:7:2222)
    at S0.next (https://www.greencity.cx.ua/chunk-NUXSP4TM.js:7:7687), [2026-03-15T12:00:22.290Z] [SEVERE] https://www.greencity.cx.ua/chunk-NUXSP4TM.js 10:45939 "ERROR" TypeError: Cannot read properties of null (reading 'setValue')
    at n.quillContentChanged (https://www.greencity.cx.ua/chunk-VNNOUBDJ.js:1:16043)
    at https://www.greencity.cx.ua/chunk-VNNOUBDJ.js:1:7223
    at eE (https://www.greencity.cx.ua/chunk-NUXSP4TM.js:11:76097)
    at Object.o [as next] (https://www.greencity.cx.ua/chunk-NUXSP4TM.js:11:76277)
    at bv.next (https://www.greencity.cx.ua/chunk-NUXSP4TM.js:7:3120)
    at Fr._next (https://www.greencity.cx.ua/chunk-NUXSP4TM.js:7:2803)
    at Fr.next (https://www.greencity.cx.ua/chunk-NUXSP4TM.js:7:2530)
    at https://www.greencity.cx.ua/chunk-NUXSP4TM.js:7:7848
    at Ac (https://www.greencity.cx.ua/chunk-NUXSP4TM.js:7:2222)
    at S0.next (https://www.greencity.cx.ua/chunk-NUXSP4TM.js:7:7687), [2026-03-15T12:00:22.293Z] [SEVERE] https://www.greencity.cx.ua/chunk-NUXSP4TM.js 10:45939 "ERROR" TypeError: Cannot read properties of null (reading 'setValue')
    at n.quillContentChanged (https://www.greencity.cx.ua/chunk-VNNOUBDJ.js:1:16043)
    at https://www.greencity.cx.ua/chunk-VNNOUBDJ.js:1:7223
    at eE (https://www.greencity.cx.ua/chunk-NUXSP4TM.js:11:76097)
    at Object.o [as next] (https://www.greencity.cx.ua/chunk-NUXSP4TM.js:11:76277)
    at bv.next (https://www.greencity.cx.ua/chunk-NUXSP4TM.js:7:3120)
    at Fr._next (https://www.greencity.cx.ua/chunk-NUXSP4TM.js:7:2803)
    at Fr.next (https://www.greencity.cx.ua/chunk-NUXSP4TM.js:7:2530)
    at https://www.greencity.cx.ua/chunk-NUXSP4TM.js:7:7848
    at Ac (https://www.greencity.cx.ua/chunk-NUXSP4TM.js:7:2222)
    at S0.next (https://www.greencity.cx.ua/chunk-NUXSP4TM.js:7:7687), [2026-03-15T12:00:22.296Z] [SEVERE] https://www.greencity.cx.ua/chunk-NUXSP4TM.js 10:45939 "ERROR" TypeError: Cannot read properties of null (reading 'setValue')
    at n.quillContentChanged (https://www.greencity.cx.ua/chunk-VNNOUBDJ.js:1:16043)
    at https://www.greencity.cx.ua/chunk-VNNOUBDJ.js:1:7223
    at eE (https://www.greencity.cx.ua/chunk-NUXSP4TM.js:11:76097)
    at Object.o [as next] (https://www.greencity.cx.ua/chunk-NUXSP4TM.js:11:76277)
    at bv.next (https://www.greencity.cx.ua/chunk-NUXSP4TM.js:7:3120)
    at Fr._next (https://www.greencity.cx.ua/chunk-NUXSP4TM.js:7:2803)
    at Fr.next (https://www.greencity.cx.ua/chunk-NUXSP4TM.js:7:2530)
    at https://www.greencity.cx.ua/chunk-NUXSP4TM.js:7:7848
    at Ac (https://www.greencity.cx.ua/chunk-NUXSP4TM.js:7:2222)
    at S0.next (https://www.greencity.cx.ua/chunk-NUXSP4TM.js:7:7687), [2026-03-15T12:00:22.298Z] [SEVERE] https://www.greencity.cx.ua/chunk-NUXSP4TM.js 10:45939 "ERROR" TypeError: Cannot read properties of null (reading 'setValue')
    at n.quillContentChanged (https://www.greencity.cx.ua/chunk-VNNOUBDJ.js:1:16043)
    at https://www.greencity.cx.ua/chunk-VNNOUBDJ.js:1:7223
    at eE (https://www.greencity.cx.ua/chunk-NUXSP4TM.js:11:76097)
    at Object.o [as next] (https://www.greencity.cx.ua/chunk-NUXSP4TM.js:11:76277)
    at bv.next (https://www.greencity.cx.ua/chunk-NUXSP4TM.js:7:3120)
    at Fr._next (https://www.greencity.cx.ua/chunk-NUXSP4TM.js:7:2803)
    at Fr.next (https://www.greencity.cx.ua/chunk-NUXSP4TM.js:7:2530)
    at https://www.greencity.cx.ua/chunk-NUXSP4TM.js:7:7848
    at Ac (https://www.greencity.cx.ua/chunk-NUXSP4TM.js:7:2222)
    at S0.next (https://www.greencity.cx.ua/chunk-NUXSP4TM.js:7:7687), [2026-03-15T12:00:22.301Z] [SEVERE] https://www.greencity.cx.ua/chunk-NUXSP4TM.js 10:45939 "ERROR" TypeError: Cannot read properties of null (reading 'setValue')
    at n.quillContentChanged (https://www.greencity.cx.ua/chunk-VNNOUBDJ.js:1:16043)
    at https://www.greencity.cx.ua/chunk-VNNOUBDJ.js:1:7223
    at eE (https://www.greencity.cx.ua/chunk-NUXSP4TM.js:11:76097)
    at Object.o [as next] (https://www.greencity.cx.ua/chunk-NUXSP4TM.js:11:76277)
    at bv.next (https://www.greencity.cx.ua/chunk-NUXSP4TM.js:7:3120)
    at Fr._next (https://www.greencity.cx.ua/chunk-NUXSP4TM.js:7:2803)
    at Fr.next (https://www.greencity.cx.ua/chunk-NUXSP4TM.js:7:2530)
    at https://www.greencity.cx.ua/chunk-NUXSP4TM.js:7:7848
    at Ac (https://www.greencity.cx.ua/chunk-NUXSP4TM.js:7:2222)
    at S0.next (https://www.greencity.cx.ua/chunk-NUXSP4TM.js:7:7687), [2026-03-15T12:00:22.304Z] [SEVERE] https://www.greencity.cx.ua/chunk-NUXSP4TM.js 10:45939 "ERROR" TypeError: Cannot read properties of null (reading 'setValue')
    at n.quillContentChanged (https://www.greencity.cx.ua/chunk-VNNOUBDJ.js:1:16043)
    at https://www.greencity.cx.ua/chunk-VNNOUBDJ.js:1:7223
    at eE (https://www.greencity.cx.ua/chunk-NUXSP4TM.js:11:76097)
    at Object.o [as next] (https://www.greencity.cx.ua/chunk-NUXSP4TM.js:11:76277)
    at bv.next (https://www.greencity.cx.ua/chunk-NUXSP4TM.js:7:3120)
    at Fr._next (https://www.greencity.cx.ua/chunk-NUXSP4TM.js:7:2803)
    at Fr.next (https://www.greencity.cx.ua/chunk-NUXSP4TM.js:7:2530)
    at https://www.greencity.cx.ua/chunk-NUXSP4TM.js:7:7848
    at Ac (https://www.greencity.cx.ua/chunk-NUXSP4TM.js:7:2222)
    at S0.next (https://www.greencity.cx.ua/chunk-NUXSP4TM.js:7:7687), [2026-03-15T12:00:22.307Z] [SEVERE] https://www.greencity.cx.ua/chunk-NUXSP4TM.js 10:45939 "ERROR" TypeError: Cannot read properties of null (reading 'setValue')
    at n.quillContentChanged (https://www.greencity.cx.ua/chunk-VNNOUBDJ.js:1:16043)
    at https://www.greencity.cx.ua/chunk-VNNOUBDJ.js:1:7223
    at eE (https://www.greencity.cx.ua/chunk-NUXSP4TM.js:11:76097)
    at Object.o [as next] (https://www.greencity.cx.ua/chunk-NUXSP4TM.js:11:76277)
    at bv.next (https://www.greencity.cx.ua/chunk-NUXSP4TM.js:7:3120)
    at Fr._next (https://www.greencity.cx.ua/chunk-NUXSP4TM.js:7:2803)
    at Fr.next (https://www.greencity.cx.ua/chunk-NUXSP4TM.js:7:2530)
    at https://www.greencity.cx.ua/chunk-NUXSP4TM.js:7:7848
    at Ac (https://www.greencity.cx.ua/chunk-NUXSP4TM.js:7:2222)
    at S0.next (https://www.greencity.cx.ua/chunk-NUXSP4TM.js:7:7687), [2026-03-15T12:00:22.309Z] [SEVERE] https://www.greencity.cx.ua/chunk-NUXSP4TM.js 10:45939 "ERROR" TypeError: Cannot read properties of null (reading 'setValue')
    at n.quillContentChanged (https://www.greencity.cx.ua/chunk-VNNOUBDJ.js:1:16043)
    at https://www.greencity.cx.ua/chunk-VNNOUBDJ.js:1:7223
    at eE (https://www.greencity.cx.ua/chunk-NUXSP4TM.js:11:76097)
    at Object.o [as next] (https://www.greencity.cx.ua/chunk-NUXSP4TM.js:11:76277)
    at bv.next (https://www.greencity.cx.ua/chunk-NUXSP4TM.js:7:3120)
    at Fr._next (https://www.greencity.cx.ua/chunk-NUXSP4TM.js:7:2803)
    at Fr.next (https://www.greencity.cx.ua/chunk-NUXSP4TM.js:7:2530)
    at https://www.greencity.cx.ua/chunk-NUXSP4TM.js:7:7848
    at Ac (https://www.greencity.cx.ua/chunk-NUXSP4TM.js:7:2222)
    at S0.next (https://www.greencity.cx.ua/chunk-NUXSP4TM.js:7:7687), [2026-03-15T12:00:22.312Z] [SEVERE] https://www.greencity.cx.ua/chunk-NUXSP4TM.js 10:45939 "ERROR" TypeError: Cannot read properties of null (reading 'setValue')
    at n.quillContentChanged (https://www.greencity.cx.ua/chunk-VNNOUBDJ.js:1:16043)
    at https://www.greencity.cx.ua/chunk-VNNOUBDJ.js:1:7223
    at eE (https://www.greencity.cx.ua/chunk-NUXSP4TM.js:11:76097)
    at Object.o [as next] (https://www.greencity.cx.ua/chunk-NUXSP4TM.js:11:76277)
    at bv.next (https://www.greencity.cx.ua/chunk-NUXSP4TM.js:7:3120)
    at Fr._next (https://www.greencity.cx.ua/chunk-NUXSP4TM.js:7:2803)
    at Fr.next (https://www.greencity.cx.ua/chunk-NUXSP4TM.js:7:2530)
    at https://www.greencity.cx.ua/chunk-NUXSP4TM.js:7:7848
    at Ac (https://www.greencity.cx.ua/chunk-NUXSP4TM.js:7:2222)
    at S0.next (https://www.greencity.cx.ua/chunk-NUXSP4TM.js:7:7687), [2026-03-15T12:00:22.315Z] [SEVERE] https://www.greencity.cx.ua/chunk-NUXSP4TM.js 10:45939 "ERROR" TypeError: Cannot read properties of null (reading 'setValue')
    at n.quillContentChanged (https://www.greencity.cx.ua/chunk-VNNOUBDJ.js:1:16043)
    at https://www.greencity.cx.ua/chunk-VNNOUBDJ.js:1:7223
    at eE (https://www.greencity.cx.ua/chunk-NUXSP4TM.js:11:76097)
    at Object.o [as next] (https://www.greencity.cx.ua/chunk-NUXSP4TM.js:11:76277)
    at bv.next (https://www.greencity.cx.ua/chunk-NUXSP4TM.js:7:3120)
    at Fr._next (https://www.greencity.cx.ua/chunk-NUXSP4TM.js:7:2803)
    at Fr.next (https://www.greencity.cx.ua/chunk-NUXSP4TM.js:7:2530)
    at https://www.greencity.cx.ua/chunk-NUXSP4TM.js:7:7848
    at Ac (https://www.greencity.cx.ua/chunk-NUXSP4TM.js:7:2222)
    at S0.next (https://www.greencity.cx.ua/chunk-NUXSP4TM.js:7:7687), [2026-03-15T12:00:22.317Z] [SEVERE] https://www.greencity.cx.ua/chunk-NUXSP4TM.js 10:45939 "ERROR" TypeError: Cannot read properties of null (reading 'setValue')
    at n.quillContentChanged (https://www.greencity.cx.ua/chunk-VNNOUBDJ.js:1:16043)
    at https://www.greencity.cx.ua/chunk-VNNOUBDJ.js:1:7223
    at eE (https://www.greencity.cx.ua/chunk-NUXSP4TM.js:11:76097)
    at Object.o [as next] (https://www.greencity.cx.ua/chunk-NUXSP4TM.js:11:76277)
    at bv.next (https://www.greencity.cx.ua/chunk-NUXSP4TM.js:7:3120)
    at Fr._next (https://www.greencity.cx.ua/chunk-NUXSP4TM.js:7:2803)
    at Fr.next (https://www.greencity.cx.ua/chunk-NUXSP4TM.js:7:2530)
    at https://www.greencity.cx.ua/chunk-NUXSP4TM.js:7:7848
    at Ac (https://www.greencity.cx.ua/chunk-NUXSP4TM.js:7:2222)
    at S0.next (https://www.greencity.cx.ua/chunk-NUXSP4TM.js:7:7687), [2026-03-15T12:00:22.320Z] [SEVERE] https://www.greencity.cx.ua/chunk-NUXSP4TM.js 10:45939 "ERROR" TypeError: Cannot read properties of null (reading 'setValue')
    at n.quillContentChanged (https://www.greencity.cx.ua/chunk-VNNOUBDJ.js:1:16043)
    at https://www.greencity.cx.ua/chunk-VNNOUBDJ.js:1:7223
    at eE (https://www.greencity.cx.ua/chunk-NUXSP4TM.js:11:76097)
    at Object.o [as next] (https://www.greencity.cx.ua/chunk-NUXSP4TM.js:11:76277)
    at bv.next (https://www.greencity.cx.ua/chunk-NUXSP4TM.js:7:3120)
    at Fr._next (https://www.greencity.cx.ua/chunk-NUXSP4TM.js:7:2803)
    at Fr.next (https://www.greencity.cx.ua/chunk-NUXSP4TM.js:7:2530)
    at https://www.greencity.cx.ua/chunk-NUXSP4TM.js:7:7848
    at Ac (https://www.greencity.cx.ua/chunk-NUXSP4TM.js:7:2222)
    at S0.next (https://www.greencity.cx.ua/chunk-NUXSP4TM.js:7:7687), [2026-03-15T12:00:22.323Z] [SEVERE] https://www.greencity.cx.ua/chunk-NUXSP4TM.js 10:45939 "ERROR" TypeError: Cannot read properties of null (reading 'setValue')
    at n.quillContentChanged (https://www.greencity.cx.ua/chunk-VNNOUBDJ.js:1:16043)
    at https://www.greencity.cx.ua/chunk-VNNOUBDJ.js:1:7223
    at eE (https://www.greencity.cx.ua/chunk-NUXSP4TM.js:11:76097)
    at Object.o [as next] (https://www.greencity.cx.ua/chunk-NUXSP4TM.js:11:76277)
    at bv.next (https://www.greencity.cx.ua/chunk-NUXSP4TM.js:7:3120)
    at Fr._next (https://www.greencity.cx.ua/chunk-NUXSP4TM.js:7:2803)
    at Fr.next (https://www.greencity.cx.ua/chunk-NUXSP4TM.js:7:2530)
    at https://www.greencity.cx.ua/chunk-NUXSP4TM.js:7:7848
    at Ac (https://www.greencity.cx.ua/chunk-NUXSP4TM.js:7:2222)
    at S0.next (https://www.greencity.cx.ua/chunk-NUXSP4TM.js:7:7687), [2026-03-15T12:00:22.326Z] [SEVERE] https://www.greencity.cx.ua/chunk-NUXSP4TM.js 10:45939 "ERROR" TypeError: Cannot read properties of null (reading 'setValue')
    at n.quillContentChanged (https://www.greencity.cx.ua/chunk-VNNOUBDJ.js:1:16043)
    at https://www.greencity.cx.ua/chunk-VNNOUBDJ.js:1:7223
    at eE (https://www.greencity.cx.ua/chunk-NUXSP4TM.js:11:76097)
    at Object.o [as next] (https://www.greencity.cx.ua/chunk-NUXSP4TM.js:11:76277)
    at bv.next (https://www.greencity.cx.ua/chunk-NUXSP4TM.js:7:3120)
    at Fr._next (https://www.greencity.cx.ua/chunk-NUXSP4TM.js:7:2803)
    at Fr.next (https://www.greencity.cx.ua/chunk-NUXSP4TM.js:7:2530)
    at https://www.greencity.cx.ua/chunk-NUXSP4TM.js:7:7848
    at Ac (https://www.greencity.cx.ua/chunk-NUXSP4TM.js:7:2222)
    at S0.next (https://www.greencity.cx.ua/chunk-NUXSP4TM.js:7:7687), [2026-03-15T12:00:22.328Z] [SEVERE] https://www.greencity.cx.ua/chunk-NUXSP4TM.js 10:45939 "ERROR" TypeError: Cannot read properties of null (reading 'setValue')
    at n.quillContentChanged (https://www.greencity.cx.ua/chunk-VNNOUBDJ.js:1:16043)
    at https://www.greencity.cx.ua/chunk-VNNOUBDJ.js:1:7223
    at eE (https://www.greencity.cx.ua/chunk-NUXSP4TM.js:11:76097)
    at Object.o [as next] (https://www.greencity.cx.ua/chunk-NUXSP4TM.js:11:76277)
    at bv.next (https://www.greencity.cx.ua/chunk-NUXSP4TM.js:7:3120)
    at Fr._next (https://www.greencity.cx.ua/chunk-NUXSP4TM.js:7:2803)
    at Fr.next (https://www.greencity.cx.ua/chunk-NUXSP4TM.js:7:2530)
    at https://www.greencity.cx.ua/chunk-NUXSP4TM.js:7:7848
    at Ac (https://www.greencity.cx.ua/chunk-NUXSP4TM.js:7:2222)
    at S0.next (https://www.greencity.cx.ua/chunk-NUXSP4TM.js:7:7687), [2026-03-15T12:00:22.331Z] [SEVERE] https://www.greencity.cx.ua/chunk-NUXSP4TM.js 10:45939 "ERROR" TypeError: Cannot read properties of null (reading 'setValue')
    at n.quillContentChanged (https://www.greencity.cx.ua/chunk-VNNOUBDJ.js:1:16043)
    at https://www.greencity.cx.ua/chunk-VNNOUBDJ.js:1:7223
    at eE (https://www.greencity.cx.ua/chunk-NUXSP4TM.js:11:76097)
    at Object.o [as next] (https://www.greencity.cx.ua/chunk-NUXSP4TM.js:11:76277)
    at bv.next (https://www.greencity.cx.ua/chunk-NUXSP4TM.js:7:3120)
    at Fr._next (https://www.greencity.cx.ua/chunk-NUXSP4TM.js:7:2803)
    at Fr.next (https://www.greencity.cx.ua/chunk-NUXSP4TM.js:7:2530)
    at https://www.greencity.cx.ua/chunk-NUXSP4TM.js:7:7848
    at Ac (https://www.greencity.cx.ua/chunk-NUXSP4TM.js:7:2222)
    at S0.next (https://www.greencity.cx.ua/chunk-NUXSP4TM.js:7:7687), [2026-03-15T12:00:22.334Z] [SEVERE] https://www.greencity.cx.ua/chunk-NUXSP4TM.js 10:45939 "ERROR" TypeError: Cannot read properties of null (reading 'setValue')
    at n.quillContentChanged (https://www.greencity.cx.ua/chunk-VNNOUBDJ.js:1:16043)
    at https://www.greencity.cx.ua/chunk-VNNOUBDJ.js:1:7223
    at eE (https://www.greencity.cx.ua/chunk-NUXSP4TM.js:11:76097)
    at Object.o [as next] (https://www.greencity.cx.ua/chunk-NUXSP4TM.js:11:76277)
    at bv.next (https://www.greencity.cx.ua/chunk-NUXSP4TM.js:7:3120)
    at Fr._next (https://www.greencity.cx.ua/chunk-NUXSP4TM.js:7:2803)
    at Fr.next (https://www.greencity.cx.ua/chunk-NUXSP4TM.js:7:2530)
    at https://www.greencity.cx.ua/chunk-NUXSP4TM.js:7:7848
    at Ac (https://www.greencity.cx.ua/chunk-NUXSP4TM.js:7:2222)
    at S0.next (https://www.greencity.cx.ua/chunk-NUXSP4TM.js:7:7687), [2026-03-15T12:00:22.337Z] [SEVERE] https://www.greencity.cx.ua/chunk-NUXSP4TM.js 10:45939 "ERROR" TypeError: Cannot read properties of null (reading 'setValue')
    at n.quillContentChanged (https://www.greencity.cx.ua/chunk-VNNOUBDJ.js:1:16043)
    at https://www.greencity.cx.ua/chunk-VNNOUBDJ.js:1:7223
    at eE (https://www.greencity.cx.ua/chunk-NUXSP4TM.js:11:76097)
    at Object.o [as next] (https://www.greencity.cx.ua/chunk-NUXSP4TM.js:11:76277)
    at bv.next (https://www.greencity.cx.ua/chunk-NUXSP4TM.js:7:3120)
    at Fr._next (https://www.greencity.cx.ua/chunk-NUXSP4TM.js:7:2803)
    at Fr.next (https://www.greencity.cx.ua/chunk-NUXSP4TM.js:7:2530)
    at https://www.greencity.cx.ua/chunk-NUXSP4TM.js:7:7848
    at Ac (https://www.greencity.cx.ua/chunk-NUXSP4TM.js:7:2222)
    at S0.next (https://www.greencity.cx.ua/chunk-NUXSP4TM.js:7:7687), [2026-03-15T12:00:22.340Z] [SEVERE] https://www.greencity.cx.ua/chunk-NUXSP4TM.js 10:45939 "ERROR" TypeError: Cannot read properties of null (reading 'setValue')
    at n.quillContentChanged (https://www.greencity.cx.ua/chunk-VNNOUBDJ.js:1:16043)
    at https://www.greencity.cx.ua/chunk-VNNOUBDJ.js:1:7223
    at eE (https://www.greencity.cx.ua/chunk-NUXSP4TM.js:11:76097)
    at Object.o [as next] (https://www.greencity.cx.ua/chunk-NUXSP4TM.js:11:76277)
    at bv.next (https://www.greencity.cx.ua/chunk-NUXSP4TM.js:7:3120)
    at Fr._next (https://www.greencity.cx.ua/chunk-NUXSP4TM.js:7:2803)
    at Fr.next (https://www.greencity.cx.ua/chunk-NUXSP4TM.js:7:2530)
    at https://www.greencity.cx.ua/chunk-NUXSP4TM.js:7:7848
    at Ac (https://www.greencity.cx.ua/chunk-NUXSP4TM.js:7:2222)
    at S0.next (https://www.greencity.cx.ua/chunk-NUXSP4TM.js:7:7687), [2026-03-15T12:00:22.343Z] [SEVERE] https://www.greencity.cx.ua/chunk-NUXSP4TM.js 10:45939 "ERROR" TypeError: Cannot read properties of null (reading 'setValue')
    at n.quillContentChanged (https://www.greencity.cx.ua/chunk-VNNOUBDJ.js:1:16043)
    at https://www.greencity.cx.ua/chunk-VNNOUBDJ.js:1:7223
    at eE (https://www.greencity.cx.ua/chunk-NUXSP4TM.js:11:76097)
    at Object.o [as next] (https://www.greencity.cx.ua/chunk-NUXSP4TM.js:11:76277)
    at bv.next (https://www.greencity.cx.ua/chunk-NUXSP4TM.js:7:3120)
    at Fr._next (https://www.greencity.cx.ua/chunk-NUXSP4TM.js:7:2803)
    at Fr.next (https://www.greencity.cx.ua/chunk-NUXSP4TM.js:7:2530)
    at https://www.greencity.cx.ua/chunk-NUXSP4TM.js:7:7848
    at Ac (https://www.greencity.cx.ua/chunk-NUXSP4TM.js:7:2222)
    at S0.next (https://www.greencity.cx.ua/chunk-NUXSP4TM.js:7:7687), [2026-03-15T12:00:22.345Z] [SEVERE] https://www.greencity.cx.ua/chunk-NUXSP4TM.js 10:45939 "ERROR" TypeError: Cannot read properties of null (reading 'setValue')
    at n.quillContentChanged (https://www.greencity.cx.ua/chunk-VNNOUBDJ.js:1:16043)
    at https://www.greencity.cx.ua/chunk-VNNOUBDJ.js:1:7223
    at eE (https://www.greencity.cx.ua/chunk-NUXSP4TM.js:11:76097)
    at Object.o [as next] (https://www.greencity.cx.ua/chunk-NUXSP4TM.js:11:76277)
    at bv.next (https://www.greencity.cx.ua/chunk-NUXSP4TM.js:7:3120)
    at Fr._next (https://www.greencity.cx.ua/chunk-NUXSP4TM.js:7:2803)
    at Fr.next (https://www.greencity.cx.ua/chunk-NUXSP4TM.js:7:2530)
    at https://www.greencity.cx.ua/chunk-NUXSP4TM.js:7:7848
    at Ac (https://www.greencity.cx.ua/chunk-NUXSP4TM.js:7:2222)
    at S0.next (https://www.greencity.cx.ua/chunk-NUXSP4TM.js:7:7687), [2026-03-15T12:00:22.348Z] [SEVERE] https://www.greencity.cx.ua/chunk-NUXSP4TM.js 10:45939 "ERROR" TypeError: Cannot read properties of null (reading 'setValue')
    at n.quillContentChanged (https://www.greencity.cx.ua/chunk-VNNOUBDJ.js:1:16043)
    at https://www.greencity.cx.ua/chunk-VNNOUBDJ.js:1:7223
    at eE (https://www.greencity.cx.ua/chunk-NUXSP4TM.js:11:76097)
    at Object.o [as next] (https://www.greencity.cx.ua/chunk-NUXSP4TM.js:11:76277)
    at bv.next (https://www.greencity.cx.ua/chunk-NUXSP4TM.js:7:3120)
    at Fr._next (https://www.greencity.cx.ua/chunk-NUXSP4TM.js:7:2803)
    at Fr.next (https://www.greencity.cx.ua/chunk-NUXSP4TM.js:7:2530)
    at https://www.greencity.cx.ua/chunk-NUXSP4TM.js:7:7848
    at Ac (https://www.greencity.cx.ua/chunk-NUXSP4TM.js:7:2222)
    at S0.next (https://www.greencity.cx.ua/chunk-NUXSP4TM.js:7:7687), [2026-03-15T12:00:22.351Z] [SEVERE] https://www.greencity.cx.ua/chunk-NUXSP4TM.js 10:45939 "ERROR" TypeError: Cannot read properties of null (reading 'setValue')
    at n.quillContentChanged (https://www.greencity.cx.ua/chunk-VNNOUBDJ.js:1:16043)
    at https://www.greencity.cx.ua/chunk-VNNOUBDJ.js:1:7223
    at eE (https://www.greencity.cx.ua/chunk-NUXSP4TM.js:11:76097)
    at Object.o [as next] (https://www.greencity.cx.ua/chunk-NUXSP4TM.js:11:76277)
    at bv.next (https://www.greencity.cx.ua/chunk-NUXSP4TM.js:7:3120)
    at Fr._next (https://www.greencity.cx.ua/chunk-NUXSP4TM.js:7:2803)
    at Fr.next (https://www.greencity.cx.ua/chunk-NUXSP4TM.js:7:2530)
    at https://www.greencity.cx.ua/chunk-NUXSP4TM.js:7:7848
    at Ac (https://www.greencity.cx.ua/chunk-NUXSP4TM.js:7:2222)
    at S0.next (https://www.greencity.cx.ua/chunk-NUXSP4TM.js:7:7687), [2026-03-15T12:00:22.354Z] [SEVERE] https://www.greencity.cx.ua/chunk-NUXSP4TM.js 10:45939 "ERROR" TypeError: Cannot read properties of null (reading 'setValue')
    at n.quillContentChanged (https://www.greencity.cx.ua/chunk-VNNOUBDJ.js:1:16043)
    at https://www.greencity.cx.ua/chunk-VNNOUBDJ.js:1:7223
    at eE (https://www.greencity.cx.ua/chunk-NUXSP4TM.js:11:76097)
    at Object.o [as next] (https://www.greencity.cx.ua/chunk-NUXSP4TM.js:11:76277)
    at bv.next (https://www.greencity.cx.ua/chunk-NUXSP4TM.js:7:3120)
    at Fr._next (https://www.greencity.cx.ua/chunk-NUXSP4TM.js:7:2803)
    at Fr.next (https://www.greencity.cx.ua/chunk-NUXSP4TM.js:7:2530)
    at https://www.greencity.cx.ua/chunk-NUXSP4TM.js:7:7848
    at Ac (https://www.greencity.cx.ua/chunk-NUXSP4TM.js:7:2222)
    at S0.next (https://www.greencity.cx.ua/chunk-NUXSP4TM.js:7:7687), [2026-03-15T12:00:22.357Z] [SEVERE] https://www.greencity.cx.ua/chunk-NUXSP4TM.js 10:45939 "ERROR" TypeError: Cannot read properties of null (reading 'setValue')
    at n.quillContentChanged (https://www.greencity.cx.ua/chunk-VNNOUBDJ.js:1:16043)
    at https://www.greencity.cx.ua/chunk-VNNOUBDJ.js:1:7223
    at eE (https://www.greencity.cx.ua/chunk-NUXSP4TM.js:11:76097)
    at Object.o [as next] (https://www.greencity.cx.ua/chunk-NUXSP4TM.js:11:76277)
    at bv.next (https://www.greencity.cx.ua/chunk-NUXSP4TM.js:7:3120)
    at Fr._next (https://www.greencity.cx.ua/chunk-NUXSP4TM.js:7:2803)
    at Fr.next (https://www.greencity.cx.ua/chunk-NUXSP4TM.js:7:2530)
    at https://www.greencity.cx.ua/chunk-NUXSP4TM.js:7:7848
    at Ac (https://www.greencity.cx.ua/chunk-NUXSP4TM.js:7:2222)
    at S0.next (https://www.greencity.cx.ua/chunk-NUXSP4TM.js:7:7687), [2026-03-15T12:00:22.359Z] [SEVERE] https://www.greencity.cx.ua/chunk-NUXSP4TM.js 10:45939 "ERROR" TypeError: Cannot read properties of null (reading 'setValue')
    at n.quillContentChanged (https://www.greencity.cx.ua/chunk-VNNOUBDJ.js:1:16043)
    at https://www.greencity.cx.ua/chunk-VNNOUBDJ.js:1:7223
    at eE (https://www.greencity.cx.ua/chunk-NUXSP4TM.js:11:76097)
    at Object.o [as next] (https://www.greencity.cx.ua/chunk-NUXSP4TM.js:11:76277)
    at bv.next (https://www.greencity.cx.ua/chunk-NUXSP4TM.js:7:3120)
    at Fr._next (https://www.greencity.cx.ua/chunk-NUXSP4TM.js:7:2803)
    at Fr.next (https://www.greencity.cx.ua/chunk-NUXSP4TM.js:7:2530)
    at https://www.greencity.cx.ua/chunk-NUXSP4TM.js:7:7848
    at Ac (https://www.greencity.cx.ua/chunk-NUXSP4TM.js:7:2222)
    at S0.next (https://www.greencity.cx.ua/chunk-NUXSP4TM.js:7:7687), [2026-03-15T12:00:22.362Z] [SEVERE] https://www.greencity.cx.ua/chunk-NUXSP4TM.js 10:45939 "ERROR" TypeError: Cannot read properties of null (reading 'setValue')
    at n.quillContentChanged (https://www.greencity.cx.ua/chunk-VNNOUBDJ.js:1:16043)
    at https://www.greencity.cx.ua/chunk-VNNOUBDJ.js:1:7223
    at eE (https://www.greencity.cx.ua/chunk-NUXSP4TM.js:11:76097)
    at Object.o [as next] (https://www.greencity.cx.ua/chunk-NUXSP4TM.js:11:76277)
    at bv.next (https://www.greencity.cx.ua/chunk-NUXSP4TM.js:7:3120)
    at Fr._next (https://www.greencity.cx.ua/chunk-NUXSP4TM.js:7:2803)
    at Fr.next (https://www.greencity.cx.ua/chunk-NUXSP4TM.js:7:2530)
    at https://www.greencity.cx.ua/chunk-NUXSP4TM.js:7:7848
    at Ac (https://www.greencity.cx.ua/chunk-NUXSP4TM.js:7:2222)
    at S0.next (https://www.greencity.cx.ua/chunk-NUXSP4TM.js:7:7687), [2026-03-15T12:00:22.365Z] [SEVERE] https://www.greencity.cx.ua/chunk-NUXSP4TM.js 10:45939 "ERROR" TypeError: Cannot read properties of null (reading 'setValue')
    at n.quillContentChanged (https://www.greencity.cx.ua/chunk-VNNOUBDJ.js:1:16043)
    at https://www.greencity.cx.ua/chunk-VNNOUBDJ.js:1:7223
    at eE (https://www.greencity.cx.ua/chunk-NUXSP4TM.js:11:76097)
    at Object.o [as next] (https://www.greencity.cx.ua/chunk-NUXSP4TM.js:11:76277)
    at bv.next (https://www.greencity.cx.ua/chunk-NUXSP4TM.js:7:3120)
    at Fr._next (https://www.greencity.cx.ua/chunk-NUXSP4TM.js:7:2803)
    at Fr.next (https://www.greencity.cx.ua/chunk-NUXSP4TM.js:7:2530)
    at https://www.greencity.cx.ua/chunk-NUXSP4TM.js:7:7848
    at Ac (https://www.greencity.cx.ua/chunk-NUXSP4TM.js:7:2222)
    at S0.next (https://www.greencity.cx.ua/chunk-NUXSP4TM.js:7:7687), [2026-03-15T12:00:22.368Z] [SEVERE] https://www.greencity.cx.ua/chunk-NUXSP4TM.js 10:45939 "ERROR" TypeError: Cannot read properties of null (reading 'setValue')
    at n.quillContentChanged (https://www.greencity.cx.ua/chunk-VNNOUBDJ.js:1:16043)
    at https://www.greencity.cx.ua/chunk-VNNOUBDJ.js:1:7223
    at eE (https://www.greencity.cx.ua/chunk-NUXSP4TM.js:11:76097)
    at Object.o [as next] (https://www.greencity.cx.ua/chunk-NUXSP4TM.js:11:76277)
    at bv.next (https://www.greencity.cx.ua/chunk-NUXSP4TM.js:7:3120)
    at Fr._next (https://www.greencity.cx.ua/chunk-NUXSP4TM.js:7:2803)
    at Fr.next (https://www.greencity.cx.ua/chunk-NUXSP4TM.js:7:2530)
    at https://www.greencity.cx.ua/chunk-NUXSP4TM.js:7:7848
    at Ac (https://www.greencity.cx.ua/chunk-NUXSP4TM.js:7:2222)
    at S0.next (https://www.greencity.cx.ua/chunk-NUXSP4TM.js:7:7687), [2026-03-15T12:00:22.371Z] [SEVERE] https://www.greencity.cx.ua/chunk-NUXSP4TM.js 10:45939 "ERROR" TypeError: Cannot read properties of null (reading 'setValue')
    at n.quillContentChanged (https://www.greencity.cx.ua/chunk-VNNOUBDJ.js:1:16043)
    at https://www.greencity.cx.ua/chunk-VNNOUBDJ.js:1:7223
    at eE (https://www.greencity.cx.ua/chunk-NUXSP4TM.js:11:76097)
    at Object.o [as next] (https://www.greencity.cx.ua/chunk-NUXSP4TM.js:11:76277)
    at bv.next (https://www.greencity.cx.ua/chunk-NUXSP4TM.js:7:3120)
    at Fr._next (https://www.greencity.cx.ua/chunk-NUXSP4TM.js:7:2803)
    at Fr.next (https://www.greencity.cx.ua/chunk-NUXSP4TM.js:7:2530)
    at https://www.greencity.cx.ua/chunk-NUXSP4TM.js:7:7848
    at Ac (https://www.greencity.cx.ua/chunk-NUXSP4TM.js:7:2222)
    at S0.next (https://www.greencity.cx.ua/chunk-NUXSP4TM.js:7:7687), [2026-03-15T12:00:22.374Z] [SEVERE] https://www.greencity.cx.ua/chunk-NUXSP4TM.js 10:45939 "ERROR" TypeError: Cannot read properties of null (reading 'setValue')
    at n.quillContentChanged (https://www.greencity.cx.ua/chunk-VNNOUBDJ.js:1:16043)
    at https://www.greencity.cx.ua/chunk-VNNOUBDJ.js:1:7223
    at eE (https://www.greencity.cx.ua/chunk-NUXSP4TM.js:11:76097)
    at Object.o [as next] (https://www.greencity.cx.ua/chunk-NUXSP4TM.js:11:76277)
    at bv.next (https://www.greencity.cx.ua/chunk-NUXSP4TM.js:7:3120)
    at Fr._next (https://www.greencity.cx.ua/chunk-NUXSP4TM.js:7:2803)
    at Fr.next (https://www.greencity.cx.ua/chunk-NUXSP4TM.js:7:2530)
    at https://www.greencity.cx.ua/chunk-NUXSP4TM.js:7:7848
    at Ac (https://www.greencity.cx.ua/chunk-NUXSP4TM.js:7:2222)
    at S0.next (https://www.greencity.cx.ua/chunk-NUXSP4TM.js:7:7687), [2026-03-15T12:00:22.376Z] [SEVERE] https://www.greencity.cx.ua/chunk-NUXSP4TM.js 10:45939 "ERROR" TypeError: Cannot read properties of null (reading 'setValue')
    at n.quillContentChanged (https://www.greencity.cx.ua/chunk-VNNOUBDJ.js:1:16043)
    at https://www.greencity.cx.ua/chunk-VNNOUBDJ.js:1:7223
    at eE (https://www.greencity.cx.ua/chunk-NUXSP4TM.js:11:76097)
    at Object.o [as next] (https://www.greencity.cx.ua/chunk-NUXSP4TM.js:11:76277)
    at bv.next (https://www.greencity.cx.ua/chunk-NUXSP4TM.js:7:3120)
    at Fr._next (https://www.greencity.cx.ua/chunk-NUXSP4TM.js:7:2803)
    at Fr.next (https://www.greencity.cx.ua/chunk-NUXSP4TM.js:7:2530)
    at https://www.greencity.cx.ua/chunk-NUXSP4TM.js:7:7848
    at Ac (https://www.greencity.cx.ua/chunk-NUXSP4TM.js:7:2222)
    at S0.next (https://www.greencity.cx.ua/chunk-NUXSP4TM.js:7:7687), [2026-03-15T12:00:22.379Z] [SEVERE] https://www.greencity.cx.ua/chunk-NUXSP4TM.js 10:45939 "ERROR" TypeError: Cannot read properties of null (reading 'setValue')
    at n.quillContentChanged (https://www.greencity.cx.ua/chunk-VNNOUBDJ.js:1:16043)
    at https://www.greencity.cx.ua/chunk-VNNOUBDJ.js:1:7223
    at eE (https://www.greencity.cx.ua/chunk-NUXSP4TM.js:11:76097)
    at Object.o [as next] (https://www.greencity.cx.ua/chunk-NUXSP4TM.js:11:76277)
    at bv.next (https://www.greencity.cx.ua/chunk-NUXSP4TM.js:7:3120)
    at Fr._next (https://www.greencity.cx.ua/chunk-NUXSP4TM.js:7:2803)
    at Fr.next (https://www.greencity.cx.ua/chunk-NUXSP4TM.js:7:2530)
    at https://www.greencity.cx.ua/chunk-NUXSP4TM.js:7:7848
    at Ac (https://www.greencity.cx.ua/chunk-NUXSP4TM.js:7:2222)
    at S0.next (https://www.greencity.cx.ua/chunk-NUXSP4TM.js:7:7687), [2026-03-15T12:00:22.382Z] [SEVERE] https://www.greencity.cx.ua/chunk-NUXSP4TM.js 10:45939 "ERROR" TypeError: Cannot read properties of null (reading 'setValue')
    at n.quillContentChanged (https://www.greencity.cx.ua/chunk-VNNOUBDJ.js:1:16043)
    at https://www.greencity.cx.ua/chunk-VNNOUBDJ.js:1:7223
    at eE (https://www.greencity.cx.ua/chunk-NUXSP4TM.js:11:76097)
    at Object.o [as next] (https://www.greencity.cx.ua/chunk-NUXSP4TM.js:11:76277)
    at bv.next (https://www.greencity.cx.ua/chunk-NUXSP4TM.js:7:3120)
    at Fr._next (https://www.greencity.cx.ua/chunk-NUXSP4TM.js:7:2803)
    at Fr.next (https://www.greencity.cx.ua/chunk-NUXSP4TM.js:7:2530)
    at https://www.greencity.cx.ua/chunk-NUXSP4TM.js:7:7848
    at Ac (https://www.greencity.cx.ua/chunk-NUXSP4TM.js:7:2222)
    at S0.next (https://www.greencity.cx.ua/chunk-NUXSP4TM.js:7:7687), [2026-03-15T12:00:22.385Z] [SEVERE] https://www.greencity.cx.ua/chunk-NUXSP4TM.js 10:45939 "ERROR" TypeError: Cannot read properties of null (reading 'setValue')
    at n.quillContentChanged (https://www.greencity.cx.ua/chunk-VNNOUBDJ.js:1:16043)
    at https://www.greencity.cx.ua/chunk-VNNOUBDJ.js:1:7223
    at eE (https://www.greencity.cx.ua/chunk-NUXSP4TM.js:11:76097)
    at Object.o [as next] (https://www.greencity.cx.ua/chunk-NUXSP4TM.js:11:76277)
    at bv.next (https://www.greencity.cx.ua/chunk-NUXSP4TM.js:7:3120)
    at Fr._next (https://www.greencity.cx.ua/chunk-NUXSP4TM.js:7:2803)
    at Fr.next (https://www.greencity.cx.ua/chunk-NUXSP4TM.js:7:2530)
    at https://www.greencity.cx.ua/chunk-NUXSP4TM.js:7:7848
    at Ac (https://www.greencity.cx.ua/chunk-NUXSP4TM.js:7:2222)
    at S0.next (https://www.greencity.cx.ua/chunk-NUXSP4TM.js:7:7687), [2026-03-15T12:00:22.387Z] [SEVERE] https://www.greencity.cx.ua/chunk-NUXSP4TM.js 10:45939 "ERROR" TypeError: Cannot read properties of null (reading 'setValue')
    at n.quillContentChanged (https://www.greencity.cx.ua/chunk-VNNOUBDJ.js:1:16043)
    at https://www.greencity.cx.ua/chunk-VNNOUBDJ.js:1:7223
    at eE (https://www.greencity.cx.ua/chunk-NUXSP4TM.js:11:76097)
    at Object.o [as next] (https://www.greencity.cx.ua/chunk-NUXSP4TM.js:11:76277)
    at bv.next (https://www.greencity.cx.ua/chunk-NUXSP4TM.js:7:3120)
    at Fr._next (https://www.greencity.cx.ua/chunk-NUXSP4TM.js:7:2803)
    at Fr.next (https://www.greencity.cx.ua/chunk-NUXSP4TM.js:7:2530)
    at https://www.greencity.cx.ua/chunk-NUXSP4TM.js:7:7848
    at Ac (https://www.greencity.cx.ua/chunk-NUXSP4TM.js:7:2222)
    at S0.next (https://www.greencity.cx.ua/chunk-NUXSP4TM.js:7:7687), [2026-03-15T12:00:22.391Z] [SEVERE] https://www.greencity.cx.ua/chunk-NUXSP4TM.js 10:45939 "ERROR" TypeError: Cannot read properties of null (reading 'setValue')
    at n.quillContentChanged (https://www.greencity.cx.ua/chunk-VNNOUBDJ.js:1:16043)
    at https://www.greencity.cx.ua/chunk-VNNOUBDJ.js:1:7223
    at eE (https://www.greencity.cx.ua/chunk-NUXSP4TM.js:11:76097)
    at Object.o [as next] (https://www.greencity.cx.ua/chunk-NUXSP4TM.js:11:76277)
    at bv.next (https://www.greencity.cx.ua/chunk-NUXSP4TM.js:7:3120)
    at Fr._next (https://www.greencity.cx.ua/chunk-NUXSP4TM.js:7:2803)
    at Fr.next (https://www.greencity.cx.ua/chunk-NUXSP4TM.js:7:2530)
    at https://www.greencity.cx.ua/chunk-NUXSP4TM.js:7:7848
    at Ac (https://www.greencity.cx.ua/chunk-NUXSP4TM.js:7:2222)
    at S0.next (https://www.greencity.cx.ua/chunk-NUXSP4TM.js:7:7687), [2026-03-15T12:00:22.394Z] [SEVERE] https://www.greencity.cx.ua/chunk-NUXSP4TM.js 10:45939 "ERROR" TypeError: Cannot read properties of null (reading 'setValue')
    at n.quillContentChanged (https://www.greencity.cx.ua/chunk-VNNOUBDJ.js:1:16043)
    at https://www.greencity.cx.ua/chunk-VNNOUBDJ.js:1:7223
    at eE (https://www.greencity.cx.ua/chunk-NUXSP4TM.js:11:76097)
    at Object.o [as next] (https://www.greencity.cx.ua/chunk-NUXSP4TM.js:11:76277)
    at bv.next (https://www.greencity.cx.ua/chunk-NUXSP4TM.js:7:3120)
    at Fr._next (https://www.greencity.cx.ua/chunk-NUXSP4TM.js:7:2803)
    at Fr.next (https://www.greencity.cx.ua/chunk-NUXSP4TM.js:7:2530)
    at https://www.greencity.cx.ua/chunk-NUXSP4TM.js:7:7848
    at Ac (https://www.greencity.cx.ua/chunk-NUXSP4TM.js:7:2222)
    at S0.next (https://www.greencity.cx.ua/chunk-NUXSP4TM.js:7:7687), [2026-03-15T12:00:22.396Z] [SEVERE] https://www.greencity.cx.ua/chunk-NUXSP4TM.js 10:45939 "ERROR" TypeError: Cannot read properties of null (reading 'setValue')
    at n.quillContentChanged (https://www.greencity.cx.ua/chunk-VNNOUBDJ.js:1:16043)
    at https://www.greencity.cx.ua/chunk-VNNOUBDJ.js:1:7223
    at eE (https://www.greencity.cx.ua/chunk-NUXSP4TM.js:11:76097)
    at Object.o [as next] (https://www.greencity.cx.ua/chunk-NUXSP4TM.js:11:76277)
    at bv.next (https://www.greencity.cx.ua/chunk-NUXSP4TM.js:7:3120)
    at Fr._next (https://www.greencity.cx.ua/chunk-NUXSP4TM.js:7:2803)
    at Fr.next (https://www.greencity.cx.ua/chunk-NUXSP4TM.js:7:2530)
    at https://www.greencity.cx.ua/chunk-NUXSP4TM.js:7:7848
    at Ac (https://www.greencity.cx.ua/chunk-NUXSP4TM.js:7:2222)
    at S0.next (https://www.greencity.cx.ua/chunk-NUXSP4TM.js:7:7687), [2026-03-15T12:00:22.399Z] [SEVERE] https://www.greencity.cx.ua/chunk-NUXSP4TM.js 10:45939 "ERROR" TypeError: Cannot read properties of null (reading 'setValue')
    at n.quillContentChanged (https://www.greencity.cx.ua/chunk-VNNOUBDJ.js:1:16043)
    at https://www.greencity.cx.ua/chunk-VNNOUBDJ.js:1:7223
    at eE (https://www.greencity.cx.ua/chunk-NUXSP4TM.js:11:76097)
    at Object.o [as next] (https://www.greencity.cx.ua/chunk-NUXSP4TM.js:11:76277)
    at bv.next (https://www.greencity.cx.ua/chunk-NUXSP4TM.js:7:3120)
    at Fr._next (https://www.greencity.cx.ua/chunk-NUXSP4TM.js:7:2803)
    at Fr.next (https://www.greencity.cx.ua/chunk-NUXSP4TM.js:7:2530)
    at https://www.greencity.cx.ua/chunk-NUXSP4TM.js:7:7848
    at Ac (https://www.greencity.cx.ua/chunk-NUXSP4TM.js:7:2222)
    at S0.next (https://www.greencity.cx.ua/chunk-NUXSP4TM.js:7:7687), [2026-03-15T12:00:22.402Z] [SEVERE] https://www.greencity.cx.ua/chunk-NUXSP4TM.js 10:45939 "ERROR" TypeError: Cannot read properties of null (reading 'setValue')
    at n.quillContentChanged (https://www.greencity.cx.ua/chunk-VNNOUBDJ.js:1:16043)
    at https://www.greencity.cx.ua/chunk-VNNOUBDJ.js:1:7223
    at eE (https://www.greencity.cx.ua/chunk-NUXSP4TM.js:11:76097)
    at Object.o [as next] (https://www.greencity.cx.ua/chunk-NUXSP4TM.js:11:76277)
    at bv.next (https://www.greencity.cx.ua/chunk-NUXSP4TM.js:7:3120)
    at Fr._next (https://www.greencity.cx.ua/chunk-NUXSP4TM.js:7:2803)
    at Fr.next (https://www.greencity.cx.ua/chunk-NUXSP4TM.js:7:2530)
    at https://www.greencity.cx.ua/chunk-NUXSP4TM.js:7:7848
    at Ac (https://www.greencity.cx.ua/chunk-NUXSP4TM.js:7:2222)
    at S0.next (https://www.greencity.cx.ua/chunk-NUXSP4TM.js:7:7687), [2026-03-15T12:00:22.405Z] [SEVERE] https://www.greencity.cx.ua/chunk-NUXSP4TM.js 10:45939 "ERROR" TypeError: Cannot read properties of null (reading 'setValue')
    at n.quillContentChanged (https://www.greencity.cx.ua/chunk-VNNOUBDJ.js:1:16043)
    at https://www.greencity.cx.ua/chunk-VNNOUBDJ.js:1:7223
    at eE (https://www.greencity.cx.ua/chunk-NUXSP4TM.js:11:76097)
    at Object.o [as next] (https://www.greencity.cx.ua/chunk-NUXSP4TM.js:11:76277)
    at bv.next (https://www.greencity.cx.ua/chunk-NUXSP4TM.js:7:3120)
    at Fr._next (https://www.greencity.cx.ua/chunk-NUXSP4TM.js:7:2803)
    at Fr.next (https://www.greencity.cx.ua/chunk-NUXSP4TM.js:7:2530)
    at https://www.greencity.cx.ua/chunk-NUXSP4TM.js:7:7848
    at Ac (https://www.greencity.cx.ua/chunk-NUXSP4TM.js:7:2222)
    at S0.next (https://www.greencity.cx.ua/chunk-NUXSP4TM.js:7:7687), [2026-03-15T12:00:22.408Z] [SEVERE] https://www.greencity.cx.ua/chunk-NUXSP4TM.js 10:45939 "ERROR" TypeError: Cannot read properties of null (reading 'setValue')
    at n.quillContentChanged (https://www.greencity.cx.ua/chunk-VNNOUBDJ.js:1:16043)
    at https://www.greencity.cx.ua/chunk-VNNOUBDJ.js:1:7223
    at eE (https://www.greencity.cx.ua/chunk-NUXSP4TM.js:11:76097)
    at Object.o [as next] (https://www.greencity.cx.ua/chunk-NUXSP4TM.js:11:76277)
    at bv.next (https://www.greencity.cx.ua/chunk-NUXSP4TM.js:7:3120)
    at Fr._next (https://www.greencity.cx.ua/chunk-NUXSP4TM.js:7:2803)
    at Fr.next (https://www.greencity.cx.ua/chunk-NUXSP4TM.js:7:2530)
    at https://www.greencity.cx.ua/chunk-NUXSP4TM.js:7:7848
    at Ac (https://www.greencity.cx.ua/chunk-NUXSP4TM.js:7:2222)
    at S0.next (https://www.greencity.cx.ua/chunk-NUXSP4TM.js:7:7687), [2026-03-15T12:00:22.410Z] [SEVERE] https://www.greencity.cx.ua/chunk-NUXSP4TM.js 10:45939 "ERROR" TypeError: Cannot read properties of null (reading 'setValue')
    at n.quillContentChanged (https://www.greencity.cx.ua/chunk-VNNOUBDJ.js:1:16043)
    at https://www.greencity.cx.ua/chunk-VNNOUBDJ.js:1:7223
    at eE (https://www.greencity.cx.ua/chunk-NUXSP4TM.js:11:76097)
    at Object.o [as next] (https://www.greencity.cx.ua/chunk-NUXSP4TM.js:11:76277)
    at bv.next (https://www.greencity.cx.ua/chunk-NUXSP4TM.js:7:3120)
    at Fr._next (https://www.greencity.cx.ua/chunk-NUXSP4TM.js:7:2803)
    at Fr.next (https://www.greencity.cx.ua/chunk-NUXSP4TM.js:7:2530)
    at https://www.greencity.cx.ua/chunk-NUXSP4TM.js:7:7848
    at Ac (https://www.greencity.cx.ua/chunk-NUXSP4TM.js:7:2222)
    at S0.next (https://www.greencity.cx.ua/chunk-NUXSP4TM.js:7:7687), [2026-03-15T12:00:22.413Z] [SEVERE] https://www.greencity.cx.ua/chunk-NUXSP4TM.js 10:45939 "ERROR" TypeError: Cannot read properties of null (reading 'setValue')
    at n.quillContentChanged (https://www.greencity.cx.ua/chunk-VNNOUBDJ.js:1:16043)
    at https://www.greencity.cx.ua/chunk-VNNOUBDJ.js:1:7223
    at eE (https://www.greencity.cx.ua/chunk-NUXSP4TM.js:11:76097)
    at Object.o [as next] (https://www.greencity.cx.ua/chunk-NUXSP4TM.js:11:76277)
    at bv.next (https://www.greencity.cx.ua/chunk-NUXSP4TM.js:7:3120)
    at Fr._next (https://www.greencity.cx.ua/chunk-NUXSP4TM.js:7:2803)
    at Fr.next (https://www.greencity.cx.ua/chunk-NUXSP4TM.js:7:2530)
    at https://www.greencity.cx.ua/chunk-NUXSP4TM.js:7:7848
    at Ac (https://www.greencity.cx.ua/chunk-NUXSP4TM.js:7:2222)
    at S0.next (https://www.greencity.cx.ua/chunk-NUXSP4TM.js:7:7687), [2026-03-15T12:00:22.416Z] [SEVERE] https://www.greencity.cx.ua/chunk-NUXSP4TM.js 10:45939 "ERROR" TypeError: Cannot read properties of null (reading 'setValue')
    at n.quillContentChanged (https://www.greencity.cx.ua/chunk-VNNOUBDJ.js:1:16043)
    at https://www.greencity.cx.ua/chunk-VNNOUBDJ.js:1:7223
    at eE (https://www.greencity.cx.ua/chunk-NUXSP4TM.js:11:76097)
    at Object.o [as next] (https://www.greencity.cx.ua/chunk-NUXSP4TM.js:11:76277)
    at bv.next (https://www.greencity.cx.ua/chunk-NUXSP4TM.js:7:3120)
    at Fr._next (https://www.greencity.cx.ua/chunk-NUXSP4TM.js:7:2803)
    at Fr.next (https://www.greencity.cx.ua/chunk-NUXSP4TM.js:7:2530)
    at https://www.greencity.cx.ua/chunk-NUXSP4TM.js:7:7848
    at Ac (https://www.greencity.cx.ua/chunk-NUXSP4TM.js:7:2222)
    at S0.next (https://www.greencity.cx.ua/chunk-NUXSP4TM.js:7:7687), [2026-03-15T12:00:22.418Z] [SEVERE] https://www.greencity.cx.ua/chunk-NUXSP4TM.js 10:45939 "ERROR" TypeError: Cannot read properties of null (reading 'setValue')
    at n.quillContentChanged (https://www.greencity.cx.ua/chunk-VNNOUBDJ.js:1:16043)
    at https://www.greencity.cx.ua/chunk-VNNOUBDJ.js:1:7223
    at eE (https://www.greencity.cx.ua/chunk-NUXSP4TM.js:11:76097)
    at Object.o [as next] (https://www.greencity.cx.ua/chunk-NUXSP4TM.js:11:76277)
    at bv.next (https://www.greencity.cx.ua/chunk-NUXSP4TM.js:7:3120)
    at Fr._next (https://www.greencity.cx.ua/chunk-NUXSP4TM.js:7:2803)
    at Fr.next (https://www.greencity.cx.ua/chunk-NUXSP4TM.js:7:2530)
    at https://www.greencity.cx.ua/chunk-NUXSP4TM.js:7:7848
    at Ac (https://www.greencity.cx.ua/chunk-NUXSP4TM.js:7:2222)
    at S0.next (https://www.greencity.cx.ua/chunk-NUXSP4TM.js:7:7687), [2026-03-15T12:00:22.421Z] [SEVERE] https://www.greencity.cx.ua/chunk-NUXSP4TM.js 10:45939 "ERROR" TypeError: Cannot read properties of null (reading 'setValue')
    at n.quillContentChanged (https://www.greencity.cx.ua/chunk-VNNOUBDJ.js:1:16043)
    at https://www.greencity.cx.ua/chunk-VNNOUBDJ.js:1:7223
    at eE (https://www.greencity.cx.ua/chunk-NUXSP4TM.js:11:76097)
    at Object.o [as next] (https://www.greencity.cx.ua/chunk-NUXSP4TM.js:11:76277)
    at bv.next (https://www.greencity.cx.ua/chunk-NUXSP4TM.js:7:3120)
    at Fr._next (https://www.greencity.cx.ua/chunk-NUXSP4TM.js:7:2803)
    at Fr.next (https://www.greencity.cx.ua/chunk-NUXSP4TM.js:7:2530)
    at https://www.greencity.cx.ua/chunk-NUXSP4TM.js:7:7848
    at Ac (https://www.greencity.cx.ua/chunk-NUXSP4TM.js:7:2222)
    at S0.next (https://www.greencity.cx.ua/chunk-NUXSP4TM.js:7:7687), [2026-03-15T12:00:22.424Z] [SEVERE] https://www.greencity.cx.ua/chunk-NUXSP4TM.js 10:45939 "ERROR" TypeError: Cannot read properties of null (reading 'setValue')
    at n.quillContentChanged (https://www.greencity.cx.ua/chunk-VNNOUBDJ.js:1:16043)
    at https://www.greencity.cx.ua/chunk-VNNOUBDJ.js:1:7223
    at eE (https://www.greencity.cx.ua/chunk-NUXSP4TM.js:11:76097)
    at Object.o [as next] (https://www.greencity.cx.ua/chunk-NUXSP4TM.js:11:76277)
    at bv.next (https://www.greencity.cx.ua/chunk-NUXSP4TM.js:7:3120)
    at Fr._next (https://www.greencity.cx.ua/chunk-NUXSP4TM.js:7:2803)
    at Fr.next (https://www.greencity.cx.ua/chunk-NUXSP4TM.js:7:2530)
    at https://www.greencity.cx.ua/chunk-NUXSP4TM.js:7:7848
    at Ac (https://www.greencity.cx.ua/chunk-NUXSP4TM.js:7:2222)
    at S0.next (https://www.greencity.cx.ua/chunk-NUXSP4TM.js:7:7687), [2026-03-15T12:00:22.427Z] [SEVERE] https://www.greencity.cx.ua/chunk-NUXSP4TM.js 10:45939 "ERROR" TypeError: Cannot read properties of null (reading 'setValue')
    at n.quillContentChanged (https://www.greencity.cx.ua/chunk-VNNOUBDJ.js:1:16043)
    at https://www.greencity.cx.ua/chunk-VNNOUBDJ.js:1:7223
    at eE (https://www.greencity.cx.ua/chunk-NUXSP4TM.js:11:76097)
    at Object.o [as next] (https://www.greencity.cx.ua/chunk-NUXSP4TM.js:11:76277)
    at bv.next (https://www.greencity.cx.ua/chunk-NUXSP4TM.js:7:3120)
    at Fr._next (https://www.greencity.cx.ua/chunk-NUXSP4TM.js:7:2803)
    at Fr.next (https://www.greencity.cx.ua/chunk-NUXSP4TM.js:7:2530)
    at https://www.greencity.cx.ua/chunk-NUXSP4TM.js:7:7848
    at Ac (https://www.greencity.cx.ua/chunk-NUXSP4TM.js:7:2222)
    at S0.next (https://www.greencity.cx.ua/chunk-NUXSP4TM.js:7:7687), [2026-03-15T12:00:22.430Z] [SEVERE] https://www.greencity.cx.ua/chunk-NUXSP4TM.js 10:45939 "ERROR" TypeError: Cannot read properties of null (reading 'setValue')
    at n.quillContentChanged (https://www.greencity.cx.ua/chunk-VNNOUBDJ.js:1:16043)
    at https://www.greencity.cx.ua/chunk-VNNOUBDJ.js:1:7223
    at eE (https://www.greencity.cx.ua/chunk-NUXSP4TM.js:11:76097)
    at Object.o [as next] (https://www.greencity.cx.ua/chunk-NUXSP4TM.js:11:76277)
    at bv.next (https://www.greencity.cx.ua/chunk-NUXSP4TM.js:7:3120)
    at Fr._next (https://www.greencity.cx.ua/chunk-NUXSP4TM.js:7:2803)
    at Fr.next (https://www.greencity.cx.ua/chunk-NUXSP4TM.js:7:2530)
    at https://www.greencity.cx.ua/chunk-NUXSP4TM.js:7:7848
    at Ac (https://www.greencity.cx.ua/chunk-NUXSP4TM.js:7:2222)
    at S0.next (https://www.greencity.cx.ua/chunk-NUXSP4TM.js:7:7687), [2026-03-15T12:00:22.432Z] [SEVERE] https://www.greencity.cx.ua/chunk-NUXSP4TM.js 10:45939 "ERROR" TypeError: Cannot read properties of null (reading 'setValue')
    at n.quillContentChanged (https://www.greencity.cx.ua/chunk-VNNOUBDJ.js:1:16043)
    at https://www.greencity.cx.ua/chunk-VNNOUBDJ.js:1:7223
    at eE (https://www.greencity.cx.ua/chunk-NUXSP4TM.js:11:76097)
    at Object.o [as next] (https://www.greencity.cx.ua/chunk-NUXSP4TM.js:11:76277)
    at bv.next (https://www.greencity.cx.ua/chunk-NUXSP4TM.js:7:3120)
    at Fr._next (https://www.greencity.cx.ua/chunk-NUXSP4TM.js:7:2803)
    at Fr.next (https://www.greencity.cx.ua/chunk-NUXSP4TM.js:7:2530)
    at https://www.greencity.cx.ua/chunk-NUXSP4TM.js:7:7848
    at Ac (https://www.greencity.cx.ua/chunk-NUXSP4TM.js:7:2222)
    at S0.next (https://www.greencity.cx.ua/chunk-NUXSP4TM.js:7:7687), [2026-03-15T12:00:22.435Z] [SEVERE] https://www.greencity.cx.ua/chunk-NUXSP4TM.js 10:45939 "ERROR" TypeError: Cannot read properties of null (reading 'setValue')
    at n.quillContentChanged (https://www.greencity.cx.ua/chunk-VNNOUBDJ.js:1:16043)
    at https://www.greencity.cx.ua/chunk-VNNOUBDJ.js:1:7223
    at eE (https://www.greencity.cx.ua/chunk-NUXSP4TM.js:11:76097)
    at Object.o [as next] (https://www.greencity.cx.ua/chunk-NUXSP4TM.js:11:76277)
    at bv.next (https://www.greencity.cx.ua/chunk-NUXSP4TM.js:7:3120)
    at Fr._next (https://www.greencity.cx.ua/chunk-NUXSP4TM.js:7:2803)
    at Fr.next (https://www.greencity.cx.ua/chunk-NUXSP4TM.js:7:2530)
    at https://www.greencity.cx.ua/chunk-NUXSP4TM.js:7:7848
    at Ac (https://www.greencity.cx.ua/chunk-NUXSP4TM.js:7:2222)
    at S0.next (https://www.greencity.cx.ua/chunk-NUXSP4TM.js:7:7687), [2026-03-15T12:00:22.438Z] [SEVERE] https://www.greencity.cx.ua/chunk-NUXSP4TM.js 10:45939 "ERROR" TypeError: Cannot read properties of null (reading 'setValue')
    at n.quillContentChanged (https://www.greencity.cx.ua/chunk-VNNOUBDJ.js:1:16043)
    at https://www.greencity.cx.ua/chunk-VNNOUBDJ.js:1:7223
    at eE (https://www.greencity.cx.ua/chunk-NUXSP4TM.js:11:76097)
    at Object.o [as next] (https://www.greencity.cx.ua/chunk-NUXSP4TM.js:11:76277)
    at bv.next (https://www.greencity.cx.ua/chunk-NUXSP4TM.js:7:3120)
    at Fr._next (https://www.greencity.cx.ua/chunk-NUXSP4TM.js:7:2803)
    at Fr.next (https://www.greencity.cx.ua/chunk-NUXSP4TM.js:7:2530)
    at https://www.greencity.cx.ua/chunk-NUXSP4TM.js:7:7848
    at Ac (https://www.greencity.cx.ua/chunk-NUXSP4TM.js:7:2222)
    at S0.next (https://www.greencity.cx.ua/chunk-NUXSP4TM.js:7:7687), [2026-03-15T12:00:22.441Z] [SEVERE] https://www.greencity.cx.ua/chunk-NUXSP4TM.js 10:45939 "ERROR" TypeError: Cannot read properties of null (reading 'setValue')
    at n.quillContentChanged (https://www.greencity.cx.ua/chunk-VNNOUBDJ.js:1:16043)
    at https://www.greencity.cx.ua/chunk-VNNOUBDJ.js:1:7223
    at eE (https://www.greencity.cx.ua/chunk-NUXSP4TM.js:11:76097)
    at Object.o [as next] (https://www.greencity.cx.ua/chunk-NUXSP4TM.js:11:76277)
    at bv.next (https://www.greencity.cx.ua/chunk-NUXSP4TM.js:7:3120)
    at Fr._next (https://www.greencity.cx.ua/chunk-NUXSP4TM.js:7:2803)
    at Fr.next (https://www.greencity.cx.ua/chunk-NUXSP4TM.js:7:2530)
    at https://www.greencity.cx.ua/chunk-NUXSP4TM.js:7:7848
    at Ac (https://www.greencity.cx.ua/chunk-NUXSP4TM.js:7:2222)
    at S0.next (https://www.greencity.cx.ua/chunk-NUXSP4TM.js:7:7687), [2026-03-15T12:00:22.444Z] [SEVERE] https://www.greencity.cx.ua/chunk-NUXSP4TM.js 10:45939 "ERROR" TypeError: Cannot read properties of null (reading 'setValue')
    at n.quillContentChanged (https://www.greencity.cx.ua/chunk-VNNOUBDJ.js:1:16043)
    at https://www.greencity.cx.ua/chunk-VNNOUBDJ.js:1:7223
    at eE (https://www.greencity.cx.ua/chunk-NUXSP4TM.js:11:76097)
    at Object.o [as next] (https://www.greencity.cx.ua/chunk-NUXSP4TM.js:11:76277)
    at bv.next (https://www.greencity.cx.ua/chunk-NUXSP4TM.js:7:3120)
    at Fr._next (https://www.greencity.cx.ua/chunk-NUXSP4TM.js:7:2803)
    at Fr.next (https://www.greencity.cx.ua/chunk-NUXSP4TM.js:7:2530)
    at https://www.greencity.cx.ua/chunk-NUXSP4TM.js:7:7848
    at Ac (https://www.greencity.cx.ua/chunk-NUXSP4TM.js:7:2222)
    at S0.next (https://www.greencity.cx.ua/chunk-NUXSP4TM.js:7:7687), [2026-03-15T12:00:22.447Z] [SEVERE] https://www.greencity.cx.ua/chunk-NUXSP4TM.js 10:45939 "ERROR" TypeError: Cannot read properties of null (reading 'setValue')
    at n.quillContentChanged (https://www.greencity.cx.ua/chunk-VNNOUBDJ.js:1:16043)
    at https://www.greencity.cx.ua/chunk-VNNOUBDJ.js:1:7223
    at eE (https://www.greencity.cx.ua/chunk-NUXSP4TM.js:11:76097)
    at Object.o [as next] (https://www.greencity.cx.ua/chunk-NUXSP4TM.js:11:76277)
    at bv.next (https://www.greencity.cx.ua/chunk-NUXSP4TM.js:7:3120)
    at Fr._next (https://www.greencity.cx.ua/chunk-NUXSP4TM.js:7:2803)
    at Fr.next (https://www.greencity.cx.ua/chunk-NUXSP4TM.js:7:2530)
    at https://www.greencity.cx.ua/chunk-NUXSP4TM.js:7:7848
    at Ac (https://www.greencity.cx.ua/chunk-NUXSP4TM.js:7:2222)
    at S0.next (https://www.greencity.cx.ua/chunk-NUXSP4TM.js:7:7687), [2026-03-15T12:00:22.450Z] [SEVERE] https://www.greencity.cx.ua/chunk-NUXSP4TM.js 10:45939 "ERROR" TypeError: Cannot read properties of null (reading 'setValue')
    at n.quillContentChanged (https://www.greencity.cx.ua/chunk-VNNOUBDJ.js:1:16043)
    at https://www.greencity.cx.ua/chunk-VNNOUBDJ.js:1:7223
    at eE (https://www.greencity.cx.ua/chunk-NUXSP4TM.js:11:76097)
    at Object.o [as next] (https://www.greencity.cx.ua/chunk-NUXSP4TM.js:11:76277)
    at bv.next (https://www.greencity.cx.ua/chunk-NUXSP4TM.js:7:3120)
    at Fr._next (https://www.greencity.cx.ua/chunk-NUXSP4TM.js:7:2803)
    at Fr.next (https://www.greencity.cx.ua/chunk-NUXSP4TM.js:7:2530)
    at https://www.greencity.cx.ua/chunk-NUXSP4TM.js:7:7848
    at Ac (https://www.greencity.cx.ua/chunk-NUXSP4TM.js:7:2222)
    at S0.next (https://www.greencity.cx.ua/chunk-NUXSP4TM.js:7:7687), [2026-03-15T12:00:22.452Z] [SEVERE] https://www.greencity.cx.ua/chunk-NUXSP4TM.js 10:45939 "ERROR" TypeError: Cannot read properties of null (reading 'setValue')
    at n.quillContentChanged (https://www.greencity.cx.ua/chunk-VNNOUBDJ.js:1:16043)
    at https://www.greencity.cx.ua/chunk-VNNOUBDJ.js:1:7223
    at eE (https://www.greencity.cx.ua/chunk-NUXSP4TM.js:11:76097)
    at Object.o [as next] (https://www.greencity.cx.ua/chunk-NUXSP4TM.js:11:76277)
    at bv.next (https://www.greencity.cx.ua/chunk-NUXSP4TM.js:7:3120)
    at Fr._next (https://www.greencity.cx.ua/chunk-NUXSP4TM.js:7:2803)
    at Fr.next (https://www.greencity.cx.ua/chunk-NUXSP4TM.js:7:2530)
    at https://www.greencity.cx.ua/chunk-NUXSP4TM.js:7:7848
    at Ac (https://www.greencity.cx.ua/chunk-NUXSP4TM.js:7:2222)
    at S0.next (https://www.greencity.cx.ua/chunk-NUXSP4TM.js:7:7687), [2026-03-15T12:00:22.455Z] [SEVERE] https://www.greencity.cx.ua/chunk-NUXSP4TM.js 10:45939 "ERROR" TypeError: Cannot read properties of null (reading 'setValue')
    at n.quillContentChanged (https://www.greencity.cx.ua/chunk-VNNOUBDJ.js:1:16043)
    at https://www.greencity.cx.ua/chunk-VNNOUBDJ.js:1:7223
    at eE (https://www.greencity.cx.ua/chunk-NUXSP4TM.js:11:76097)
    at Object.o [as next] (https://www.greencity.cx.ua/chunk-NUXSP4TM.js:11:76277)
    at bv.next (https://www.greencity.cx.ua/chunk-NUXSP4TM.js:7:3120)
    at Fr._next (https://www.greencity.cx.ua/chunk-NUXSP4TM.js:7:2803)
    at Fr.next (https://www.greencity.cx.ua/chunk-NUXSP4TM.js:7:2530)
    at https://www.greencity.cx.ua/chunk-NUXSP4TM.js:7:7848
    at Ac (https://www.greencity.cx.ua/chunk-NUXSP4TM.js:7:2222)
    at S0.next (https://www.greencity.cx.ua/chunk-NUXSP4TM.js:7:7687), [2026-03-15T12:00:22.458Z] [SEVERE] https://www.greencity.cx.ua/chunk-NUXSP4TM.js 10:45939 "ERROR" TypeError: Cannot read properties of null (reading 'setValue')
    at n.quillContentChanged (https://www.greencity.cx.ua/chunk-VNNOUBDJ.js:1:16043)
    at https://www.greencity.cx.ua/chunk-VNNOUBDJ.js:1:7223
    at eE (https://www.greencity.cx.ua/chunk-NUXSP4TM.js:11:76097)
    at Object.o [as next] (https://www.greencity.cx.ua/chunk-NUXSP4TM.js:11:76277)
    at bv.next (https://www.greencity.cx.ua/chunk-NUXSP4TM.js:7:3120)
    at Fr._next (https://www.greencity.cx.ua/chunk-NUXSP4TM.js:7:2803)
    at Fr.next (https://www.greencity.cx.ua/chunk-NUXSP4TM.js:7:2530)
    at https://www.greencity.cx.ua/chunk-NUXSP4TM.js:7:7848
    at Ac (https://www.greencity.cx.ua/chunk-NUXSP4TM.js:7:2222)
    at S0.next (https://www.greencity.cx.ua/chunk-NUXSP4TM.js:7:7687), [2026-03-15T12:00:22.461Z] [SEVERE] https://www.greencity.cx.ua/chunk-NUXSP4TM.js 10:45939 "ERROR" TypeError: Cannot read properties of null (reading 'setValue')
    at n.quillContentChanged (https://www.greencity.cx.ua/chunk-VNNOUBDJ.js:1:16043)
    at https://www.greencity.cx.ua/chunk-VNNOUBDJ.js:1:7223
    at eE (https://www.greencity.cx.ua/chunk-NUXSP4TM.js:11:76097)
    at Object.o [as next] (https://www.greencity.cx.ua/chunk-NUXSP4TM.js:11:76277)
    at bv.next (https://www.greencity.cx.ua/chunk-NUXSP4TM.js:7:3120)
    at Fr._next (https://www.greencity.cx.ua/chunk-NUXSP4TM.js:7:2803)
    at Fr.next (https://www.greencity.cx.ua/chunk-NUXSP4TM.js:7:2530)
    at https://www.greencity.cx.ua/chunk-NUXSP4TM.js:7:7848
    at Ac (https://www.greencity.cx.ua/chunk-NUXSP4TM.js:7:2222)
    at S0.next (https://www.greencity.cx.ua/chunk-NUXSP4TM.js:7:7687), [2026-03-15T12:00:22.464Z] [SEVERE] https://www.greencity.cx.ua/chunk-NUXSP4TM.js 10:45939 "ERROR" TypeError: Cannot read properties of null (reading 'setValue')
    at n.quillContentChanged (https://www.greencity.cx.ua/chunk-VNNOUBDJ.js:1:16043)
    at https://www.greencity.cx.ua/chunk-VNNOUBDJ.js:1:7223
    at eE (https://www.greencity.cx.ua/chunk-NUXSP4TM.js:11:76097)
    at Object.o [as next] (https://www.greencity.cx.ua/chunk-NUXSP4TM.js:11:76277)
    at bv.next (https://www.greencity.cx.ua/chunk-NUXSP4TM.js:7:3120)
    at Fr._next (https://www.greencity.cx.ua/chunk-NUXSP4TM.js:7:2803)
    at Fr.next (https://www.greencity.cx.ua/chunk-NUXSP4TM.js:7:2530)
    at https://www.greencity.cx.ua/chunk-NUXSP4TM.js:7:7848
    at Ac (https://www.greencity.cx.ua/chunk-NUXSP4TM.js:7:2222)
    at S0.next (https://www.greencity.cx.ua/chunk-NUXSP4TM.js:7:7687), [2026-03-15T12:00:22.467Z] [SEVERE] https://www.greencity.cx.ua/chunk-NUXSP4TM.js 10:45939 "ERROR" TypeError: Cannot read properties of null (reading 'setValue')
    at n.quillContentChanged (https://www.greencity.cx.ua/chunk-VNNOUBDJ.js:1:16043)
    at https://www.greencity.cx.ua/chunk-VNNOUBDJ.js:1:7223
    at eE (https://www.greencity.cx.ua/chunk-NUXSP4TM.js:11:76097)
    at Object.o [as next] (https://www.greencity.cx.ua/chunk-NUXSP4TM.js:11:76277)
    at bv.next (https://www.greencity.cx.ua/chunk-NUXSP4TM.js:7:3120)
    at Fr._next (https://www.greencity.cx.ua/chunk-NUXSP4TM.js:7:2803)
    at Fr.next (https://www.greencity.cx.ua/chunk-NUXSP4TM.js:7:2530)
    at https://www.greencity.cx.ua/chunk-NUXSP4TM.js:7:7848
    at Ac (https://www.greencity.cx.ua/chunk-NUXSP4TM.js:7:2222)
    at S0.next (https://www.greencity.cx.ua/chunk-NUXSP4TM.js:7:7687), [2026-03-15T12:00:22.469Z] [SEVERE] https://www.greencity.cx.ua/chunk-NUXSP4TM.js 10:45939 "ERROR" TypeError: Cannot read properties of null (reading 'setValue')
    at n.quillContentChanged (https://www.greencity.cx.ua/chunk-VNNOUBDJ.js:1:16043)
    at https://www.greencity.cx.ua/chunk-VNNOUBDJ.js:1:7223
    at eE (https://www.greencity.cx.ua/chunk-NUXSP4TM.js:11:76097)
    at Object.o [as next] (https://www.greencity.cx.ua/chunk-NUXSP4TM.js:11:76277)
    at bv.next (https://www.greencity.cx.ua/chunk-NUXSP4TM.js:7:3120)
    at Fr._next (https://www.greencity.cx.ua/chunk-NUXSP4TM.js:7:2803)
    at Fr.next (https://www.greencity.cx.ua/chunk-NUXSP4TM.js:7:2530)
    at https://www.greencity.cx.ua/chunk-NUXSP4TM.js:7:7848
    at Ac (https://www.greencity.cx.ua/chunk-NUXSP4TM.js:7:2222)
    at S0.next (https://www.greencity.cx.ua/chunk-NUXSP4TM.js:7:7687), [2026-03-15T12:00:22.472Z] [SEVERE] https://www.greencity.cx.ua/chunk-NUXSP4TM.js 10:45939 "ERROR" TypeError: Cannot read properties of null (reading 'setValue')
    at n.quillContentChanged (https://www.greencity.cx.ua/chunk-VNNOUBDJ.js:1:16043)
    at https://www.greencity.cx.ua/chunk-VNNOUBDJ.js:1:7223
    at eE (https://www.greencity.cx.ua/chunk-NUXSP4TM.js:11:76097)
    at Object.o [as next] (https://www.greencity.cx.ua/chunk-NUXSP4TM.js:11:76277)
    at bv.next (https://www.greencity.cx.ua/chunk-NUXSP4TM.js:7:3120)
    at Fr._next (https://www.greencity.cx.ua/chunk-NUXSP4TM.js:7:2803)
    at Fr.next (https://www.greencity.cx.ua/chunk-NUXSP4TM.js:7:2530)
    at https://www.greencity.cx.ua/chunk-NUXSP4TM.js:7:7848
    at Ac (https://www.greencity.cx.ua/chunk-NUXSP4TM.js:7:2222)
    at S0.next (https://www.greencity.cx.ua/chunk-NUXSP4TM.js:7:7687), [2026-03-15T12:00:22.475Z] [SEVERE] https://www.greencity.cx.ua/chunk-NUXSP4TM.js 10:45939 "ERROR" TypeError: Cannot read properties of null (reading 'setValue')
    at n.quillContentChanged (https://www.greencity.cx.ua/chunk-VNNOUBDJ.js:1:16043)
    at https://www.greencity.cx.ua/chunk-VNNOUBDJ.js:1:7223
    at eE (https://www.greencity.cx.ua/chunk-NUXSP4TM.js:11:76097)
    at Object.o [as next] (https://www.greencity.cx.ua/chunk-NUXSP4TM.js:11:76277)
    at bv.next (https://www.greencity.cx.ua/chunk-NUXSP4TM.js:7:3120)
    at Fr._next (https://www.greencity.cx.ua/chunk-NUXSP4TM.js:7:2803)
    at Fr.next (https://www.greencity.cx.ua/chunk-NUXSP4TM.js:7:2530)
    at https://www.greencity.cx.ua/chunk-NUXSP4TM.js:7:7848
    at Ac (https://www.greencity.cx.ua/chunk-NUXSP4TM.js:7:2222)
    at S0.next (https://www.greencity.cx.ua/chunk-NUXSP4TM.js:7:7687), [2026-03-15T12:00:22.478Z] [SEVERE] https://www.greencity.cx.ua/chunk-NUXSP4TM.js 10:45939 "ERROR" TypeError: Cannot read properties of null (reading 'setValue')
    at n.quillContentChanged (https://www.greencity.cx.ua/chunk-VNNOUBDJ.js:1:16043)
    at https://www.greencity.cx.ua/chunk-VNNOUBDJ.js:1:7223
    at eE (https://www.greencity.cx.ua/chunk-NUXSP4TM.js:11:76097)
    at Object.o [as next] (https://www.greencity.cx.ua/chunk-NUXSP4TM.js:11:76277)
    at bv.next (https://www.greencity.cx.ua/chunk-NUXSP4TM.js:7:3120)
    at Fr._next (https://www.greencity.cx.ua/chunk-NUXSP4TM.js:7:2803)
    at Fr.next (https://www.greencity.cx.ua/chunk-NUXSP4TM.js:7:2530)
    at https://www.greencity.cx.ua/chunk-NUXSP4TM.js:7:7848
    at Ac (https://www.greencity.cx.ua/chunk-NUXSP4TM.js:7:2222)
    at S0.next (https://www.greencity.cx.ua/chunk-NUXSP4TM.js:7:7687), [2026-03-15T12:00:22.481Z] [SEVERE] https://www.greencity.cx.ua/chunk-NUXSP4TM.js 10:45939 "ERROR" TypeError: Cannot read properties of null (reading 'setValue')
    at n.quillContentChanged (https://www.greencity.cx.ua/chunk-VNNOUBDJ.js:1:16043)
    at https://www.greencity.cx.ua/chunk-VNNOUBDJ.js:1:7223
    at eE (https://www.greencity.cx.ua/chunk-NUXSP4TM.js:11:76097)
    at Object.o [as next] (https://www.greencity.cx.ua/chunk-NUXSP4TM.js:11:76277)
    at bv.next (https://www.greencity.cx.ua/chunk-NUXSP4TM.js:7:3120)
    at Fr._next (https://www.greencity.cx.ua/chunk-NUXSP4TM.js:7:2803)
    at Fr.next (https://www.greencity.cx.ua/chunk-NUXSP4TM.js:7:2530)
    at https://www.greencity.cx.ua/chunk-NUXSP4TM.js:7:7848
    at Ac (https://www.greencity.cx.ua/chunk-NUXSP4TM.js:7:2222)
    at S0.next (https://www.greencity.cx.ua/chunk-NUXSP4TM.js:7:7687), [2026-03-15T12:00:22.483Z] [SEVERE] https://www.greencity.cx.ua/chunk-NUXSP4TM.js 10:45939 "ERROR" TypeError: Cannot read properties of null (reading 'setValue')
    at n.quillContentChanged (https://www.greencity.cx.ua/chunk-VNNOUBDJ.js:1:16043)
    at https://www.greencity.cx.ua/chunk-VNNOUBDJ.js:1:7223
    at eE (https://www.greencity.cx.ua/chunk-NUXSP4TM.js:11:76097)
    at Object.o [as next] (https://www.greencity.cx.ua/chunk-NUXSP4TM.js:11:76277)
    at bv.next (https://www.greencity.cx.ua/chunk-NUXSP4TM.js:7:3120)
    at Fr._next (https://www.greencity.cx.ua/chunk-NUXSP4TM.js:7:2803)
    at Fr.next (https://www.greencity.cx.ua/chunk-NUXSP4TM.js:7:2530)
    at https://www.greencity.cx.ua/chunk-NUXSP4TM.js:7:7848
    at Ac (https://www.greencity.cx.ua/chunk-NUXSP4TM.js:7:2222)
    at S0.next (https://www.greencity.cx.ua/chunk-NUXSP4TM.js:7:7687), [2026-03-15T12:00:22.486Z] [SEVERE] https://www.greencity.cx.ua/chunk-NUXSP4TM.js 10:45939 "ERROR" TypeError: Cannot read properties of null (reading 'setValue')
    at n.quillContentChanged (https://www.greencity.cx.ua/chunk-VNNOUBDJ.js:1:16043)
    at https://www.greencity.cx.ua/chunk-VNNOUBDJ.js:1:7223
    at eE (https://www.greencity.cx.ua/chunk-NUXSP4TM.js:11:76097)
    at Object.o [as next] (https://www.greencity.cx.ua/chunk-NUXSP4TM.js:11:76277)
    at bv.next (https://www.greencity.cx.ua/chunk-NUXSP4TM.js:7:3120)
    at Fr._next (https://www.greencity.cx.ua/chunk-NUXSP4TM.js:7:2803)
    at Fr.next (https://www.greencity.cx.ua/chunk-NUXSP4TM.js:7:2530)
    at https://www.greencity.cx.ua/chunk-NUXSP4TM.js:7:7848
    at Ac (https://www.greencity.cx.ua/chunk-NUXSP4TM.js:7:2222)
    at S0.next (https://www.greencity.cx.ua/chunk-NUXSP4TM.js:7:7687), [2026-03-15T12:00:22.489Z] [SEVERE] https://www.greencity.cx.ua/chunk-NUXSP4TM.js 10:45939 "ERROR" TypeError: Cannot read properties of null (reading 'setValue')
    at n.quillContentChanged (https://www.greencity.cx.ua/chunk-VNNOUBDJ.js:1:16043)
    at https://www.greencity.cx.ua/chunk-VNNOUBDJ.js:1:7223
    at eE (https://www.greencity.cx.ua/chunk-NUXSP4TM.js:11:76097)
    at Object.o [as next] (https://www.greencity.cx.ua/chunk-NUXSP4TM.js:11:76277)
    at bv.next (https://www.greencity.cx.ua/chunk-NUXSP4TM.js:7:3120)
    at Fr._next (https://www.greencity.cx.ua/chunk-NUXSP4TM.js:7:2803)
    at Fr.next (https://www.greencity.cx.ua/chunk-NUXSP4TM.js:7:2530)
    at https://www.greencity.cx.ua/chunk-NUXSP4TM.js:7:7848
    at Ac (https://www.greencity.cx.ua/chunk-NUXSP4TM.js:7:2222)
    at S0.next (https://www.greencity.cx.ua/chunk-NUXSP4TM.js:7:7687), [2026-03-15T12:00:22.492Z] [SEVERE] https://www.greencity.cx.ua/chunk-NUXSP4TM.js 10:45939 "ERROR" TypeError: Cannot read properties of null (reading 'setValue')
    at n.quillContentChanged (https://www.greencity.cx.ua/chunk-VNNOUBDJ.js:1:16043)
    at https://www.greencity.cx.ua/chunk-VNNOUBDJ.js:1:7223
    at eE (https://www.greencity.cx.ua/chunk-NUXSP4TM.js:11:76097)
    at Object.o [as next] (https://www.greencity.cx.ua/chunk-NUXSP4TM.js:11:76277)
    at bv.next (https://www.greencity.cx.ua/chunk-NUXSP4TM.js:7:3120)
    at Fr._next (https://www.greencity.cx.ua/chunk-NUXSP4TM.js:7:2803)
    at Fr.next (https://www.greencity.cx.ua/chunk-NUXSP4TM.js:7:2530)
    at https://www.greencity.cx.ua/chunk-NUXSP4TM.js:7:7848
    at Ac (https://www.greencity.cx.ua/chunk-NUXSP4TM.js:7:2222)
    at S0.next (https://www.greencity.cx.ua/chunk-NUXSP4TM.js:7:7687), [2026-03-15T12:00:22.495Z] [SEVERE] https://www.greencity.cx.ua/chunk-NUXSP4TM.js 10:45939 "ERROR" TypeError: Cannot read properties of null (reading 'setValue')
    at n.quillContentChanged (https://www.greencity.cx.ua/chunk-VNNOUBDJ.js:1:16043)
    at https://www.greencity.cx.ua/chunk-VNNOUBDJ.js:1:7223
    at eE (https://www.greencity.cx.ua/chunk-NUXSP4TM.js:11:76097)
    at Object.o [as next] (https://www.greencity.cx.ua/chunk-NUXSP4TM.js:11:76277)
    at bv.next (https://www.greencity.cx.ua/chunk-NUXSP4TM.js:7:3120)
    at Fr._next (https://www.greencity.cx.ua/chunk-NUXSP4TM.js:7:2803)
    at Fr.next (https://www.greencity.cx.ua/chunk-NUXSP4TM.js:7:2530)
    at https://www.greencity.cx.ua/chunk-NUXSP4TM.js:7:7848
    at Ac (https://www.greencity.cx.ua/chunk-NUXSP4TM.js:7:2222)
    at S0.next (https://www.greencity.cx.ua/chunk-NUXSP4TM.js:7:7687), [2026-03-15T12:00:22.498Z] [SEVERE] https://www.greencity.cx.ua/chunk-NUXSP4TM.js 10:45939 "ERROR" TypeError: Cannot read properties of null (reading 'setValue')
    at n.quillContentChanged (https://www.greencity.cx.ua/chunk-VNNOUBDJ.js:1:16043)
    at https://www.greencity.cx.ua/chunk-VNNOUBDJ.js:1:7223
    at eE (https://www.greencity.cx.ua/chunk-NUXSP4TM.js:11:76097)
    at Object.o [as next] (https://www.greencity.cx.ua/chunk-NUXSP4TM.js:11:76277)
    at bv.next (https://www.greencity.cx.ua/chunk-NUXSP4TM.js:7:3120)
    at Fr._next (https://www.greencity.cx.ua/chunk-NUXSP4TM.js:7:2803)
    at Fr.next (https://www.greencity.cx.ua/chunk-NUXSP4TM.js:7:2530)
    at https://www.greencity.cx.ua/chunk-NUXSP4TM.js:7:7848
    at Ac (https://www.greencity.cx.ua/chunk-NUXSP4TM.js:7:2222)
    at S0.next (https://www.greencity.cx.ua/chunk-NUXSP4TM.js:7:7687), [2026-03-15T12:00:22.502Z] [SEVERE] https://www.greencity.cx.ua/chunk-NUXSP4TM.js 10:45939 "ERROR" TypeError: Cannot read properties of null (reading 'setValue')
    at n.quillContentChanged (https://www.greencity.cx.ua/chunk-VNNOUBDJ.js:1:16043)
    at https://www.greencity.cx.ua/chunk-VNNOUBDJ.js:1:7223
    at eE (https://www.greencity.cx.ua/chunk-NUXSP4TM.js:11:76097)
    at Object.o [as next] (https://www.greencity.cx.ua/chunk-NUXSP4TM.js:11:76277)
    at bv.next (https://www.greencity.cx.ua/chunk-NUXSP4TM.js:7:3120)
    at Fr._next (https://www.greencity.cx.ua/chunk-NUXSP4TM.js:7:2803)
    at Fr.next (https://www.greencity.cx.ua/chunk-NUXSP4TM.js:7:2530)
    at https://www.greencity.cx.ua/chunk-NUXSP4TM.js:7:7848
    at Ac (https://www.greencity.cx.ua/chunk-NUXSP4TM.js:7:2222)
    at S0.next (https://www.greencity.cx.ua/chunk-NUXSP4TM.js:7:7687), [2026-03-15T12:00:22.505Z] [SEVERE] https://www.greencity.cx.ua/chunk-NUXSP4TM.js 10:45939 "ERROR" TypeError: Cannot read properties of null (reading 'setValue')
    at n.quillContentChanged (https://www.greencity.cx.ua/chunk-VNNOUBDJ.js:1:16043)
    at https://www.greencity.cx.ua/chunk-VNNOUBDJ.js:1:7223
    at eE (https://www.greencity.cx.ua/chunk-NUXSP4TM.js:11:76097)
    at Object.o [as next] (https://www.greencity.cx.ua/chunk-NUXSP4TM.js:11:76277)
    at bv.next (https://www.greencity.cx.ua/chunk-NUXSP4TM.js:7:3120)
    at Fr._next (https://www.greencity.cx.ua/chunk-NUXSP4TM.js:7:2803)
    at Fr.next (https://www.greencity.cx.ua/chunk-NUXSP4TM.js:7:2530)
    at https://www.greencity.cx.ua/chunk-NUXSP4TM.js:7:7848
    at Ac (https://www.greencity.cx.ua/chunk-NUXSP4TM.js:7:2222)
    at S0.next (https://www.greencity.cx.ua/chunk-NUXSP4TM.js:7:7687), [2026-03-15T12:00:22.509Z] [SEVERE] https://www.greencity.cx.ua/chunk-NUXSP4TM.js 10:45939 "ERROR" TypeError: Cannot read properties of null (reading 'setValue')
    at n.quillContentChanged (https://www.greencity.cx.ua/chunk-VNNOUBDJ.js:1:16043)
    at https://www.greencity.cx.ua/chunk-VNNOUBDJ.js:1:7223
    at eE (https://www.greencity.cx.ua/chunk-NUXSP4TM.js:11:76097)
    at Object.o [as next] (https://www.greencity.cx.ua/chunk-NUXSP4TM.js:11:76277)
    at bv.next (https://www.greencity.cx.ua/chunk-NUXSP4TM.js:7:3120)
    at Fr._next (https://www.greencity.cx.ua/chunk-NUXSP4TM.js:7:2803)
    at Fr.next (https://www.greencity.cx.ua/chunk-NUXSP4TM.js:7:2530)
    at https://www.greencity.cx.ua/chunk-NUXSP4TM.js:7:7848
    at Ac (https://www.greencity.cx.ua/chunk-NUXSP4TM.js:7:2222)
    at S0.next (https://www.greencity.cx.ua/chunk-NUXSP4TM.js:7:7687), [2026-03-15T12:00:22.512Z] [SEVERE] https://www.greencity.cx.ua/chunk-NUXSP4TM.js 10:45939 "ERROR" TypeError: Cannot read properties of null (reading 'setValue')
    at n.quillContentChanged (https://www.greencity.cx.ua/chunk-VNNOUBDJ.js:1:16043)
    at https://www.greencity.cx.ua/chunk-VNNOUBDJ.js:1:7223
    at eE (https://www.greencity.cx.ua/chunk-NUXSP4TM.js:11:76097)
    at Object.o [as next] (https://www.greencity.cx.ua/chunk-NUXSP4TM.js:11:76277)
    at bv.next (https://www.greencity.cx.ua/chunk-NUXSP4TM.js:7:3120)
    at Fr._next (https://www.greencity.cx.ua/chunk-NUXSP4TM.js:7:2803)
    at Fr.next (https://www.greencity.cx.ua/chunk-NUXSP4TM.js:7:2530)
    at https://www.greencity.cx.ua/chunk-NUXSP4TM.js:7:7848
    at Ac (https://www.greencity.cx.ua/chunk-NUXSP4TM.js:7:2222)
    at S0.next (https://www.greencity.cx.ua/chunk-NUXSP4TM.js:7:7687), [2026-03-15T12:00:22.516Z] [SEVERE] https://www.greencity.cx.ua/chunk-NUXSP4TM.js 10:45939 "ERROR" TypeError: Cannot read properties of null (reading 'setValue')
    at n.quillContentChanged (https://www.greencity.cx.ua/chunk-VNNOUBDJ.js:1:16043)
    at https://www.greencity.cx.ua/chunk-VNNOUBDJ.js:1:7223
    at eE (https://www.greencity.cx.ua/chunk-NUXSP4TM.js:11:76097)
    at Object.o [as next] (https://www.greencity.cx.ua/chunk-NUXSP4TM.js:11:76277)
    at bv.next (https://www.greencity.cx.ua/chunk-NUXSP4TM.js:7:3120)
    at Fr._next (https://www.greencity.cx.ua/chunk-NUXSP4TM.js:7:2803)
    at Fr.next (https://www.greencity.cx.ua/chunk-NUXSP4TM.js:7:2530)
    at https://www.greencity.cx.ua/chunk-NUXSP4TM.js:7:7848
    at Ac (https://www.greencity.cx.ua/chunk-NUXSP4TM.js:7:2222)
    at S0.next (https://www.greencity.cx.ua/chunk-NUXSP4TM.js:7:7687), [2026-03-15T12:00:22.521Z] [SEVERE] https://www.greencity.cx.ua/chunk-NUXSP4TM.js 10:45939 "ERROR" TypeError: Cannot read properties of null (reading 'setValue')
    at n.quillContentChanged (https://www.greencity.cx.ua/chunk-VNNOUBDJ.js:1:16043)
    at https://www.greencity.cx.ua/chunk-VNNOUBDJ.js:1:7223
    at eE (https://www.greencity.cx.ua/chunk-NUXSP4TM.js:11:76097)
    at Object.o [as next] (https://www.greencity.cx.ua/chunk-NUXSP4TM.js:11:76277)
    at bv.next (https://www.greencity.cx.ua/chunk-NUXSP4TM.js:7:3120)
    at Fr._next (https://www.greencity.cx.ua/chunk-NUXSP4TM.js:7:2803)
    at Fr.next (https://www.greencity.cx.ua/chunk-NUXSP4TM.js:7:2530)
    at https://www.greencity.cx.ua/chunk-NUXSP4TM.js:7:7848
    at Ac (https://www.greencity.cx.ua/chunk-NUXSP4TM.js:7:2222)
    at S0.next (https://www.greencity.cx.ua/chunk-NUXSP4TM.js:7:7687), [2026-03-15T12:00:22.524Z] [SEVERE] https://www.greencity.cx.ua/chunk-NUXSP4TM.js 10:45939 "ERROR" TypeError: Cannot read properties of null (reading 'setValue')
    at n.quillContentChanged (https://www.greencity.cx.ua/chunk-VNNOUBDJ.js:1:16043)
    at https://www.greencity.cx.ua/chunk-VNNOUBDJ.js:1:7223
    at eE (https://www.greencity.cx.ua/chunk-NUXSP4TM.js:11:76097)
    at Object.o [as next] (https://www.greencity.cx.ua/chunk-NUXSP4TM.js:11:76277)
    at bv.next (https://www.greencity.cx.ua/chunk-NUXSP4TM.js:7:3120)
    at Fr._next (https://www.greencity.cx.ua/chunk-NUXSP4TM.js:7:2803)
    at Fr.next (https://www.greencity.cx.ua/chunk-NUXSP4TM.js:7:2530)
    at https://www.greencity.cx.ua/chunk-NUXSP4TM.js:7:7848
    at Ac (https://www.greencity.cx.ua/chunk-NUXSP4TM.js:7:2222)
    at S0.next (https://www.greencity.cx.ua/chunk-NUXSP4TM.js:7:7687), [2026-03-15T12:00:22.528Z] [SEVERE] https://www.greencity.cx.ua/chunk-NUXSP4TM.js 10:45939 "ERROR" TypeError: Cannot read properties of null (reading 'setValue')
    at n.quillContentChanged (https://www.greencity.cx.ua/chunk-VNNOUBDJ.js:1:16043)
    at https://www.greencity.cx.ua/chunk-VNNOUBDJ.js:1:7223
    at eE (https://www.greencity.cx.ua/chunk-NUXSP4TM.js:11:76097)
    at Object.o [as next] (https://www.greencity.cx.ua/chunk-NUXSP4TM.js:11:76277)
    at bv.next (https://www.greencity.cx.ua/chunk-NUXSP4TM.js:7:3120)
    at Fr._next (https://www.greencity.cx.ua/chunk-NUXSP4TM.js:7:2803)
    at Fr.next (https://www.greencity.cx.ua/chunk-NUXSP4TM.js:7:2530)
    at https://www.greencity.cx.ua/chunk-NUXSP4TM.js:7:7848
    at Ac (https://www.greencity.cx.ua/chunk-NUXSP4TM.js:7:2222)
    at S0.next (https://www.greencity.cx.ua/chunk-NUXSP4TM.js:7:7687), [2026-03-15T12:00:22.531Z] [SEVERE] https://www.greencity.cx.ua/chunk-NUXSP4TM.js 10:45939 "ERROR" TypeError: Cannot read properties of null (reading 'setValue')
    at n.quillContentChanged (https://www.greencity.cx.ua/chunk-VNNOUBDJ.js:1:16043)
    at https://www.greencity.cx.ua/chunk-VNNOUBDJ.js:1:7223
    at eE (https://www.greencity.cx.ua/chunk-NUXSP4TM.js:11:76097)
    at Object.o [as next] (https://www.greencity.cx.ua/chunk-NUXSP4TM.js:11:76277)
    at bv.next (https://www.greencity.cx.ua/chunk-NUXSP4TM.js:7:3120)
    at Fr._next (https://www.greencity.cx.ua/chunk-NUXSP4TM.js:7:2803)
    at Fr.next (https://www.greencity.cx.ua/chunk-NUXSP4TM.js:7:2530)
    at https://www.greencity.cx.ua/chunk-NUXSP4TM.js:7:7848
    at Ac (https://www.greencity.cx.ua/chunk-NUXSP4TM.js:7:2222)
    at S0.next (https://www.greencity.cx.ua/chunk-NUXSP4TM.js:7:7687), [2026-03-15T12:00:22.535Z] [SEVERE] https://www.greencity.cx.ua/chunk-NUXSP4TM.js 10:45939 "ERROR" TypeError: Cannot read properties of null (reading 'setValue')
    at n.quillContentChanged (https://www.greencity.cx.ua/chunk-VNNOUBDJ.js:1:16043)
    at https://www.greencity.cx.ua/chunk-VNNOUBDJ.js:1:7223
    at eE (https://www.greencity.cx.ua/chunk-NUXSP4TM.js:11:76097)
    at Object.o [as next] (https://www.greencity.cx.ua/chunk-NUXSP4TM.js:11:76277)
    at bv.next (https://www.greencity.cx.ua/chunk-NUXSP4TM.js:7:3120)
    at Fr._next (https://www.greencity.cx.ua/chunk-NUXSP4TM.js:7:2803)
    at Fr.next (https://www.greencity.cx.ua/chunk-NUXSP4TM.js:7:2530)
    at https://www.greencity.cx.ua/chunk-NUXSP4TM.js:7:7848
    at Ac (https://www.greencity.cx.ua/chunk-NUXSP4TM.js:7:2222)
    at S0.next (https://www.greencity.cx.ua/chunk-NUXSP4TM.js:7:7687), [2026-03-15T12:00:22.538Z] [SEVERE] https://www.greencity.cx.ua/chunk-NUXSP4TM.js 10:45939 "ERROR" TypeError: Cannot read properties of null (reading 'setValue')
    at n.quillContentChanged (https://www.greencity.cx.ua/chunk-VNNOUBDJ.js:1:16043)
    at https://www.greencity.cx.ua/chunk-VNNOUBDJ.js:1:7223
    at eE (https://www.greencity.cx.ua/chunk-NUXSP4TM.js:11:76097)
    at Object.o [as next] (https://www.greencity.cx.ua/chunk-NUXSP4TM.js:11:76277)
    at bv.next (https://www.greencity.cx.ua/chunk-NUXSP4TM.js:7:3120)
    at Fr._next (https://www.greencity.cx.ua/chunk-NUXSP4TM.js:7:2803)
    at Fr.next (https://www.greencity.cx.ua/chunk-NUXSP4TM.js:7:2530)
    at https://www.greencity.cx.ua/chunk-NUXSP4TM.js:7:7848
    at Ac (https://www.greencity.cx.ua/chunk-NUXSP4TM.js:7:2222)
    at S0.next (https://www.greencity.cx.ua/chunk-NUXSP4TM.js:7:7687), [2026-03-15T12:00:22.541Z] [SEVERE] https://www.greencity.cx.ua/chunk-NUXSP4TM.js 10:45939 "ERROR" TypeError: Cannot read properties of null (reading 'setValue')
    at n.quillContentChanged (https://www.greencity.cx.ua/chunk-VNNOUBDJ.js:1:16043)
    at https://www.greencity.cx.ua/chunk-VNNOUBDJ.js:1:7223
    at eE (https://www.greencity.cx.ua/chunk-NUXSP4TM.js:11:76097)
    at Object.o [as next] (https://www.greencity.cx.ua/chunk-NUXSP4TM.js:11:76277)
    at bv.next (https://www.greencity.cx.ua/chunk-NUXSP4TM.js:7:3120)
    at Fr._next (https://www.greencity.cx.ua/chunk-NUXSP4TM.js:7:2803)
    at Fr.next (https://www.greencity.cx.ua/chunk-NUXSP4TM.js:7:2530)
    at https://www.greencity.cx.ua/chunk-NUXSP4TM.js:7:7848
    at Ac (https://www.greencity.cx.ua/chunk-NUXSP4TM.js:7:2222)
    at S0.next (https://www.greencity.cx.ua/chunk-NUXSP4TM.js:7:7687), [2026-03-15T12:00:22.544Z] [SEVERE] https://www.greencity.cx.ua/chunk-NUXSP4TM.js 10:45939 "ERROR" TypeError: Cannot read properties of null (reading 'setValue')
    at n.quillContentChanged (https://www.greencity.cx.ua/chunk-VNNOUBDJ.js:1:16043)
    at https://www.greencity.cx.ua/chunk-VNNOUBDJ.js:1:7223
    at eE (https://www.greencity.cx.ua/chunk-NUXSP4TM.js:11:76097)
    at Object.o [as next] (https://www.greencity.cx.ua/chunk-NUXSP4TM.js:11:76277)
    at bv.next (https://www.greencity.cx.ua/chunk-NUXSP4TM.js:7:3120)
    at Fr._next (https://www.greencity.cx.ua/chunk-NUXSP4TM.js:7:2803)
    at Fr.next (https://www.greencity.cx.ua/chunk-NUXSP4TM.js:7:2530)
    at https://www.greencity.cx.ua/chunk-NUXSP4TM.js:7:7848
    at Ac (https://www.greencity.cx.ua/chunk-NUXSP4TM.js:7:2222)
    at S0.next (https://www.greencity.cx.ua/chunk-NUXSP4TM.js:7:7687), [2026-03-15T12:00:22.548Z] [SEVERE] https://www.greencity.cx.ua/chunk-NUXSP4TM.js 10:45939 "ERROR" TypeError: Cannot read properties of null (reading 'setValue')
    at n.quillContentChanged (https://www.greencity.cx.ua/chunk-VNNOUBDJ.js:1:16043)
    at https://www.greencity.cx.ua/chunk-VNNOUBDJ.js:1:7223
    at eE (https://www.greencity.cx.ua/chunk-NUXSP4TM.js:11:76097)
    at Object.o [as next] (https://www.greencity.cx.ua/chunk-NUXSP4TM.js:11:76277)
    at bv.next (https://www.greencity.cx.ua/chunk-NUXSP4TM.js:7:3120)
    at Fr._next (https://www.greencity.cx.ua/chunk-NUXSP4TM.js:7:2803)
    at Fr.next (https://www.greencity.cx.ua/chunk-NUXSP4TM.js:7:2530)
    at https://www.greencity.cx.ua/chunk-NUXSP4TM.js:7:7848
    at Ac (https://www.greencity.cx.ua/chunk-NUXSP4TM.js:7:2222)
    at S0.next (https://www.greencity.cx.ua/chunk-NUXSP4TM.js:7:7687), [2026-03-15T12:00:22.551Z] [SEVERE] https://www.greencity.cx.ua/chunk-NUXSP4TM.js 10:45939 "ERROR" TypeError: Cannot read properties of null (reading 'setValue')
    at n.quillContentChanged (https://www.greencity.cx.ua/chunk-VNNOUBDJ.js:1:16043)
    at https://www.greencity.cx.ua/chunk-VNNOUBDJ.js:1:7223
    at eE (https://www.greencity.cx.ua/chunk-NUXSP4TM.js:11:76097)
    at Object.o [as next] (https://www.greencity.cx.ua/chunk-NUXSP4TM.js:11:76277)
    at bv.next (https://www.greencity.cx.ua/chunk-NUXSP4TM.js:7:3120)
    at Fr._next (https://www.greencity.cx.ua/chunk-NUXSP4TM.js:7:2803)
    at Fr.next (https://www.greencity.cx.ua/chunk-NUXSP4TM.js:7:2530)
    at https://www.greencity.cx.ua/chunk-NUXSP4TM.js:7:7848
    at Ac (https://www.greencity.cx.ua/chunk-NUXSP4TM.js:7:2222)
    at S0.next (https://www.greencity.cx.ua/chunk-NUXSP4TM.js:7:7687), [2026-03-15T12:00:22.554Z] [SEVERE] https://www.greencity.cx.ua/chunk-NUXSP4TM.js 10:45939 "ERROR" TypeError: Cannot read properties of null (reading 'setValue')
    at n.quillContentChanged (https://www.greencity.cx.ua/chunk-VNNOUBDJ.js:1:16043)
    at https://www.greencity.cx.ua/chunk-VNNOUBDJ.js:1:7223
    at eE (https://www.greencity.cx.ua/chunk-NUXSP4TM.js:11:76097)
    at Object.o [as next] (https://www.greencity.cx.ua/chunk-NUXSP4TM.js:11:76277)
    at bv.next (https://www.greencity.cx.ua/chunk-NUXSP4TM.js:7:3120)
    at Fr._next (https://www.greencity.cx.ua/chunk-NUXSP4TM.js:7:2803)
    at Fr.next (https://www.greencity.cx.ua/chunk-NUXSP4TM.js:7:2530)
    at https://www.greencity.cx.ua/chunk-NUXSP4TM.js:7:7848
    at Ac (https://www.greencity.cx.ua/chunk-NUXSP4TM.js:7:2222)
    at S0.next (https://www.greencity.cx.ua/chunk-NUXSP4TM.js:7:7687), [2026-03-15T12:00:22.561Z] [SEVERE] https://www.greencity.cx.ua/chunk-NUXSP4TM.js 10:45939 "ERROR" TypeError: Cannot read properties of null (reading 'setValue')
    at n.quillContentChanged (https://www.greencity.cx.ua/chunk-VNNOUBDJ.js:1:16043)
    at https://www.greencity.cx.ua/chunk-VNNOUBDJ.js:1:7223
    at eE (https://www.greencity.cx.ua/chunk-NUXSP4TM.js:11:76097)
    at Object.o [as next] (https://www.greencity.cx.ua/chunk-NUXSP4TM.js:11:76277)
    at bv.next (https://www.greencity.cx.ua/chunk-NUXSP4TM.js:7:3120)
    at Fr._next (https://www.greencity.cx.ua/chunk-NUXSP4TM.js:7:2803)
    at Fr.next (https://www.greencity.cx.ua/chunk-NUXSP4TM.js:7:2530)
    at https://www.greencity.cx.ua/chunk-NUXSP4TM.js:7:7848
    at Ac (https://www.greencity.cx.ua/chunk-NUXSP4TM.js:7:2222)
    at S0.next (https://www.greencity.cx.ua/chunk-NUXSP4TM.js:7:7687), [2026-03-15T12:00:22.562Z] [SEVERE] https://www.greencity.cx.ua/chunk-NUXSP4TM.js 10:45939 "ERROR" TypeError: Cannot read properties of null (reading 'setValue')
    at n.quillContentChanged (https://www.greencity.cx.ua/chunk-VNNOUBDJ.js:1:16043)
    at https://www.greencity.cx.ua/chunk-VNNOUBDJ.js:1:7223
    at eE (https://www.greencity.cx.ua/chunk-NUXSP4TM.js:11:76097)
    at Object.o [as next] (https://www.greencity.cx.ua/chunk-NUXSP4TM.js:11:76277)
    at bv.next (https://www.greencity.cx.ua/chunk-NUXSP4TM.js:7:3120)
    at Fr._next (https://www.greencity.cx.ua/chunk-NUXSP4TM.js:7:2803)
    at Fr.next (https://www.greencity.cx.ua/chunk-NUXSP4TM.js:7:2530)
    at https://www.greencity.cx.ua/chunk-NUXSP4TM.js:7:7848
    at Ac (https://www.greencity.cx.ua/chunk-NUXSP4TM.js:7:2222)
    at S0.next (https://www.greencity.cx.ua/chunk-NUXSP4TM.js:7:7687), [2026-03-15T12:00:22.567Z] [SEVERE] https://www.greencity.cx.ua/chunk-NUXSP4TM.js 10:45939 "ERROR" TypeError: Cannot read properties of null (reading 'setValue')
    at n.quillContentChanged (https://www.greencity.cx.ua/chunk-VNNOUBDJ.js:1:16043)
    at https://www.greencity.cx.ua/chunk-VNNOUBDJ.js:1:7223
    at eE (https://www.greencity.cx.ua/chunk-NUXSP4TM.js:11:76097)
    at Object.o [as next] (https://www.greencity.cx.ua/chunk-NUXSP4TM.js:11:76277)
    at bv.next (https://www.greencity.cx.ua/chunk-NUXSP4TM.js:7:3120)
    at Fr._next (https://www.greencity.cx.ua/chunk-NUXSP4TM.js:7:2803)
    at Fr.next (https://www.greencity.cx.ua/chunk-NUXSP4TM.js:7:2530)
    at https://www.greencity.cx.ua/chunk-NUXSP4TM.js:7:7848
    at Ac (https://www.greencity.cx.ua/chunk-NUXSP4TM.js:7:2222)
    at S0.next (https://www.greencity.cx.ua/chunk-NUXSP4TM.js:7:7687), [2026-03-15T12:00:22.569Z] [SEVERE] https://www.greencity.cx.ua/chunk-NUXSP4TM.js 10:45939 "ERROR" TypeError: Cannot read properties of null (reading 'setValue')
    at n.quillContentChanged (https://www.greencity.cx.ua/chunk-VNNOUBDJ.js:1:16043)
    at https://www.greencity.cx.ua/chunk-VNNOUBDJ.js:1:7223
    at eE (https://www.greencity.cx.ua/chunk-NUXSP4TM.js:11:76097)
    at Object.o [as next] (https://www.greencity.cx.ua/chunk-NUXSP4TM.js:11:76277)
    at bv.next (https://www.greencity.cx.ua/chunk-NUXSP4TM.js:7:3120)
    at Fr._next (https://www.greencity.cx.ua/chunk-NUXSP4TM.js:7:2803)
    at Fr.next (https://www.greencity.cx.ua/chunk-NUXSP4TM.js:7:2530)
    at https://www.greencity.cx.ua/chunk-NUXSP4TM.js:7:7848
    at Ac (https://www.greencity.cx.ua/chunk-NUXSP4TM.js:7:2222)
    at S0.next (https://www.greencity.cx.ua/chunk-NUXSP4TM.js:7:7687), [2026-03-15T12:00:22.572Z] [SEVERE] https://www.greencity.cx.ua/chunk-NUXSP4TM.js 10:45939 "ERROR" TypeError: Cannot read properties of null (reading 'setValue')
    at n.quillContentChanged (https://www.greencity.cx.ua/chunk-VNNOUBDJ.js:1:16043)
    at https://www.greencity.cx.ua/chunk-VNNOUBDJ.js:1:7223
    at eE (https://www.greencity.cx.ua/chunk-NUXSP4TM.js:11:76097)
    at Object.o [as next] (https://www.greencity.cx.ua/chunk-NUXSP4TM.js:11:76277)
    at bv.next (https://www.greencity.cx.ua/chunk-NUXSP4TM.js:7:3120)
    at Fr._next (https://www.greencity.cx.ua/chunk-NUXSP4TM.js:7:2803)
    at Fr.next (https://www.greencity.cx.ua/chunk-NUXSP4TM.js:7:2530)
    at https://www.greencity.cx.ua/chunk-NUXSP4TM.js:7:7848
    at Ac (https://www.greencity.cx.ua/chunk-NUXSP4TM.js:7:2222)
    at S0.next (https://www.greencity.cx.ua/chunk-NUXSP4TM.js:7:7687), [2026-03-15T12:00:22.575Z] [SEVERE] https://www.greencity.cx.ua/chunk-NUXSP4TM.js 10:45939 "ERROR" TypeError: Cannot read properties of null (reading 'setValue')
    at n.quillContentChanged (https://www.greencity.cx.ua/chunk-VNNOUBDJ.js:1:16043)
    at https://www.greencity.cx.ua/chunk-VNNOUBDJ.js:1:7223
    at eE (https://www.greencity.cx.ua/chunk-NUXSP4TM.js:11:76097)
    at Object.o [as next] (https://www.greencity.cx.ua/chunk-NUXSP4TM.js:11:76277)
    at bv.next (https://www.greencity.cx.ua/chunk-NUXSP4TM.js:7:3120)
    at Fr._next (https://www.greencity.cx.ua/chunk-NUXSP4TM.js:7:2803)
    at Fr.next (https://www.greencity.cx.ua/chunk-NUXSP4TM.js:7:2530)
    at https://www.greencity.cx.ua/chunk-NUXSP4TM.js:7:7848
    at Ac (https://www.greencity.cx.ua/chunk-NUXSP4TM.js:7:2222)
    at S0.next (https://www.greencity.cx.ua/chunk-NUXSP4TM.js:7:7687), [2026-03-15T12:00:22.581Z] [SEVERE] https://www.greencity.cx.ua/chunk-NUXSP4TM.js 10:45939 "ERROR" TypeError: Cannot read properties of null (reading 'setValue')
    at n.quillContentChanged (https://www.greencity.cx.ua/chunk-VNNOUBDJ.js:1:16043)
    at https://www.greencity.cx.ua/chunk-VNNOUBDJ.js:1:7223
    at eE (https://www.greencity.cx.ua/chunk-NUXSP4TM.js:11:76097)
    at Object.o [as next] (https://www.greencity.cx.ua/chunk-NUXSP4TM.js:11:76277)
    at bv.next (https://www.greencity.cx.ua/chunk-NUXSP4TM.js:7:3120)
    at Fr._next (https://www.greencity.cx.ua/chunk-NUXSP4TM.js:7:2803)
    at Fr.next (https://www.greencity.cx.ua/chunk-NUXSP4TM.js:7:2530)
    at https://www.greencity.cx.ua/chunk-NUXSP4TM.js:7:7848
    at Ac (https://www.greencity.cx.ua/chunk-NUXSP4TM.js:7:2222)
    at S0.next (https://www.greencity.cx.ua/chunk-NUXSP4TM.js:7:7687), [2026-03-15T12:00:22.585Z] [SEVERE] https://www.greencity.cx.ua/chunk-NUXSP4TM.js 10:45939 "ERROR" TypeError: Cannot read properties of null (reading 'setValue')
    at n.quillContentChanged (https://www.greencity.cx.ua/chunk-VNNOUBDJ.js:1:16043)
    at https://www.greencity.cx.ua/chunk-VNNOUBDJ.js:1:7223
    at eE (https://www.greencity.cx.ua/chunk-NUXSP4TM.js:11:76097)
    at Object.o [as next] (https://www.greencity.cx.ua/chunk-NUXSP4TM.js:11:76277)
    at bv.next (https://www.greencity.cx.ua/chunk-NUXSP4TM.js:7:3120)
    at Fr._next (https://www.greencity.cx.ua/chunk-NUXSP4TM.js:7:2803)
    at Fr.next (https://www.greencity.cx.ua/chunk-NUXSP4TM.js:7:2530)
    at https://www.greencity.cx.ua/chunk-NUXSP4TM.js:7:7848
    at Ac (https://www.greencity.cx.ua/chunk-NUXSP4TM.js:7:2222)
    at S0.next (https://www.greencity.cx.ua/chunk-NUXSP4TM.js:7:7687), [2026-03-15T12:00:22.587Z] [SEVERE] https://www.greencity.cx.ua/chunk-NUXSP4TM.js 10:45939 "ERROR" TypeError: Cannot read properties of null (reading 'setValue')
    at n.quillContentChanged (https://www.greencity.cx.ua/chunk-VNNOUBDJ.js:1:16043)
    at https://www.greencity.cx.ua/chunk-VNNOUBDJ.js:1:7223
    at eE (https://www.greencity.cx.ua/chunk-NUXSP4TM.js:11:76097)
    at Object.o [as next] (https://www.greencity.cx.ua/chunk-NUXSP4TM.js:11:76277)
    at bv.next (https://www.greencity.cx.ua/chunk-NUXSP4TM.js:7:3120)
    at Fr._next (https://www.greencity.cx.ua/chunk-NUXSP4TM.js:7:2803)
    at Fr.next (https://www.greencity.cx.ua/chunk-NUXSP4TM.js:7:2530)
    at https://www.greencity.cx.ua/chunk-NUXSP4TM.js:7:7848
    at Ac (https://www.greencity.cx.ua/chunk-NUXSP4TM.js:7:2222)
    at S0.next (https://www.greencity.cx.ua/chunk-NUXSP4TM.js:7:7687), [2026-03-15T12:00:22.592Z] [SEVERE] https://www.greencity.cx.ua/chunk-NUXSP4TM.js 10:45939 "ERROR" TypeError: Cannot read properties of null (reading 'setValue')
    at n.quillContentChanged (https://www.greencity.cx.ua/chunk-VNNOUBDJ.js:1:16043)
    at https://www.greencity.cx.ua/chunk-VNNOUBDJ.js:1:7223
    at eE (https://www.greencity.cx.ua/chunk-NUXSP4TM.js:11:76097)
    at Object.o [as next] (https://www.greencity.cx.ua/chunk-NUXSP4TM.js:11:76277)
    at bv.next (https://www.greencity.cx.ua/chunk-NUXSP4TM.js:7:3120)
    at Fr._next (https://www.greencity.cx.ua/chunk-NUXSP4TM.js:7:2803)
    at Fr.next (https://www.greencity.cx.ua/chunk-NUXSP4TM.js:7:2530)
    at https://www.greencity.cx.ua/chunk-NUXSP4TM.js:7:7848
    at Ac (https://www.greencity.cx.ua/chunk-NUXSP4TM.js:7:2222)
    at S0.next (https://www.greencity.cx.ua/chunk-NUXSP4TM.js:7:7687), [2026-03-15T12:00:22.594Z] [SEVERE] https://www.greencity.cx.ua/chunk-NUXSP4TM.js 10:45939 "ERROR" TypeError: Cannot read properties of null (reading 'setValue')
    at n.quillContentChanged (https://www.greencity.cx.ua/chunk-VNNOUBDJ.js:1:16043)
    at https://www.greencity.cx.ua/chunk-VNNOUBDJ.js:1:7223
    at eE (https://www.greencity.cx.ua/chunk-NUXSP4TM.js:11:76097)
    at Object.o [as next] (https://www.greencity.cx.ua/chunk-NUXSP4TM.js:11:76277)
    at bv.next (https://www.greencity.cx.ua/chunk-NUXSP4TM.js:7:3120)
    at Fr._next (https://www.greencity.cx.ua/chunk-NUXSP4TM.js:7:2803)
    at Fr.next (https://www.greencity.cx.ua/chunk-NUXSP4TM.js:7:2530)
    at https://www.greencity.cx.ua/chunk-NUXSP4TM.js:7:7848
    at Ac (https://www.greencity.cx.ua/chunk-NUXSP4TM.js:7:2222)
    at S0.next (https://www.greencity.cx.ua/chunk-NUXSP4TM.js:7:7687), [2026-03-15T12:00:22.597Z] [SEVERE] https://www.greencity.cx.ua/chunk-NUXSP4TM.js 10:45939 "ERROR" TypeError: Cannot read properties of null (reading 'setValue')
    at n.quillContentChanged (https://www.greencity.cx.ua/chunk-VNNOUBDJ.js:1:16043)
    at https://www.greencity.cx.ua/chunk-VNNOUBDJ.js:1:7223
    at eE (https://www.greencity.cx.ua/chunk-NUXSP4TM.js:11:76097)
    at Object.o [as next] (https://www.greencity.cx.ua/chunk-NUXSP4TM.js:11:76277)
    at bv.next (https://www.greencity.cx.ua/chunk-NUXSP4TM.js:7:3120)
    at Fr._next (https://www.greencity.cx.ua/chunk-NUXSP4TM.js:7:2803)
    at Fr.next (https://www.greencity.cx.ua/chunk-NUXSP4TM.js:7:2530)
    at https://www.greencity.cx.ua/chunk-NUXSP4TM.js:7:7848
    at Ac (https://www.greencity.cx.ua/chunk-NUXSP4TM.js:7:2222)
    at S0.next (https://www.greencity.cx.ua/chunk-NUXSP4TM.js:7:7687), [2026-03-15T12:00:22.599Z] [SEVERE] https://www.greencity.cx.ua/chunk-NUXSP4TM.js 10:45939 "ERROR" TypeError: Cannot read properties of null (reading 'setValue')
    at n.quillContentChanged (https://www.greencity.cx.ua/chunk-VNNOUBDJ.js:1:16043)
    at https://www.greencity.cx.ua/chunk-VNNOUBDJ.js:1:7223
    at eE (https://www.greencity.cx.ua/chunk-NUXSP4TM.js:11:76097)
    at Object.o [as next] (https://www.greencity.cx.ua/chunk-NUXSP4TM.js:11:76277)
    at bv.next (https://www.greencity.cx.ua/chunk-NUXSP4TM.js:7:3120)
    at Fr._next (https://www.greencity.cx.ua/chunk-NUXSP4TM.js:7:2803)
    at Fr.next (https://www.greencity.cx.ua/chunk-NUXSP4TM.js:7:2530)
    at https://www.greencity.cx.ua/chunk-NUXSP4TM.js:7:7848
    at Ac (https://www.greencity.cx.ua/chunk-NUXSP4TM.js:7:2222)
    at S0.next (https://www.greencity.cx.ua/chunk-NUXSP4TM.js:7:7687), [2026-03-15T12:00:22.602Z] [SEVERE] https://www.greencity.cx.ua/chunk-NUXSP4TM.js 10:45939 "ERROR" TypeError: Cannot read properties of null (reading 'setValue')
    at n.quillContentChanged (https://www.greencity.cx.ua/chunk-VNNOUBDJ.js:1:16043)
    at https://www.greencity.cx.ua/chunk-VNNOUBDJ.js:1:7223
    at eE (https://www.greencity.cx.ua/chunk-NUXSP4TM.js:11:76097)
    at Object.o [as next] (https://www.greencity.cx.ua/chunk-NUXSP4TM.js:11:76277)
    at bv.next (https://www.greencity.cx.ua/chunk-NUXSP4TM.js:7:3120)
    at Fr._next (https://www.greencity.cx.ua/chunk-NUXSP4TM.js:7:2803)
    at Fr.next (https://www.greencity.cx.ua/chunk-NUXSP4TM.js:7:2530)
    at https://www.greencity.cx.ua/chunk-NUXSP4TM.js:7:7848
    at Ac (https://www.greencity.cx.ua/chunk-NUXSP4TM.js:7:2222)
    at S0.next (https://www.greencity.cx.ua/chunk-NUXSP4TM.js:7:7687), [2026-03-15T12:00:22.606Z] [SEVERE] https://www.greencity.cx.ua/chunk-NUXSP4TM.js 10:45939 "ERROR" TypeError: Cannot read properties of null (reading 'setValue')
    at n.quillContentChanged (https://www.greencity.cx.ua/chunk-VNNOUBDJ.js:1:16043)
    at https://www.greencity.cx.ua/chunk-VNNOUBDJ.js:1:7223
    at eE (https://www.greencity.cx.ua/chunk-NUXSP4TM.js:11:76097)
    at Object.o [as next] (https://www.greencity.cx.ua/chunk-NUXSP4TM.js:11:76277)
    at bv.next (https://www.greencity.cx.ua/chunk-NUXSP4TM.js:7:3120)
    at Fr._next (https://www.greencity.cx.ua/chunk-NUXSP4TM.js:7:2803)
    at Fr.next (https://www.greencity.cx.ua/chunk-NUXSP4TM.js:7:2530)
    at https://www.greencity.cx.ua/chunk-NUXSP4TM.js:7:7848
    at Ac (https://www.greencity.cx.ua/chunk-NUXSP4TM.js:7:2222)
    at S0.next (https://www.greencity.cx.ua/chunk-NUXSP4TM.js:7:7687), [2026-03-15T12:00:22.609Z] [SEVERE] https://www.greencity.cx.ua/chunk-NUXSP4TM.js 10:45939 "ERROR" TypeError: Cannot read properties of null (reading 'setValue')
    at n.quillContentChanged (https://www.greencity.cx.ua/chunk-VNNOUBDJ.js:1:16043)
    at https://www.greencity.cx.ua/chunk-VNNOUBDJ.js:1:7223
    at eE (https://www.greencity.cx.ua/chunk-NUXSP4TM.js:11:76097)
    at Object.o [as next] (https://www.greencity.cx.ua/chunk-NUXSP4TM.js:11:76277)
    at bv.next (https://www.greencity.cx.ua/chunk-NUXSP4TM.js:7:3120)
    at Fr._next (https://www.greencity.cx.ua/chunk-NUXSP4TM.js:7:2803)
    at Fr.next (https://www.greencity.cx.ua/chunk-NUXSP4TM.js:7:2530)
    at https://www.greencity.cx.ua/chunk-NUXSP4TM.js:7:7848
    at Ac (https://www.greencity.cx.ua/chunk-NUXSP4TM.js:7:2222)
    at S0.next (https://www.greencity.cx.ua/chunk-NUXSP4TM.js:7:7687), [2026-03-15T12:00:22.612Z] [SEVERE] https://www.greencity.cx.ua/chunk-NUXSP4TM.js 10:45939 "ERROR" TypeError: Cannot read properties of null (reading 'setValue')
    at n.quillContentChanged (https://www.greencity.cx.ua/chunk-VNNOUBDJ.js:1:16043)
    at https://www.greencity.cx.ua/chunk-VNNOUBDJ.js:1:7223
    at eE (https://www.greencity.cx.ua/chunk-NUXSP4TM.js:11:76097)
    at Object.o [as next] (https://www.greencity.cx.ua/chunk-NUXSP4TM.js:11:76277)
    at bv.next (https://www.greencity.cx.ua/chunk-NUXSP4TM.js:7:3120)
    at Fr._next (https://www.greencity.cx.ua/chunk-NUXSP4TM.js:7:2803)
    at Fr.next (https://www.greencity.cx.ua/chunk-NUXSP4TM.js:7:2530)
    at https://www.greencity.cx.ua/chunk-NUXSP4TM.js:7:7848
    at Ac (https://www.greencity.cx.ua/chunk-NUXSP4TM.js:7:2222)
    at S0.next (https://www.greencity.cx.ua/chunk-NUXSP4TM.js:7:7687), [2026-03-15T12:00:22.615Z] [SEVERE] https://www.greencity.cx.ua/chunk-NUXSP4TM.js 10:45939 "ERROR" TypeError: Cannot read properties of null (reading 'setValue')
    at n.quillContentChanged (https://www.greencity.cx.ua/chunk-VNNOUBDJ.js:1:16043)
    at https://www.greencity.cx.ua/chunk-VNNOUBDJ.js:1:7223
    at eE (https://www.greencity.cx.ua/chunk-NUXSP4TM.js:11:76097)
    at Object.o [as next] (https://www.greencity.cx.ua/chunk-NUXSP4TM.js:11:76277)
    at bv.next (https://www.greencity.cx.ua/chunk-NUXSP4TM.js:7:3120)
    at Fr._next (https://www.greencity.cx.ua/chunk-NUXSP4TM.js:7:2803)
    at Fr.next (https://www.greencity.cx.ua/chunk-NUXSP4TM.js:7:2530)
    at https://www.greencity.cx.ua/chunk-NUXSP4TM.js:7:7848
    at Ac (https://www.greencity.cx.ua/chunk-NUXSP4TM.js:7:2222)
    at S0.next (https://www.greencity.cx.ua/chunk-NUXSP4TM.js:7:7687), [2026-03-15T12:00:22.618Z] [SEVERE] https://www.greencity.cx.ua/chunk-NUXSP4TM.js 10:45939 "ERROR" TypeError: Cannot read properties of null (reading 'setValue')
    at n.quillContentChanged (https://www.greencity.cx.ua/chunk-VNNOUBDJ.js:1:16043)
    at https://www.greencity.cx.ua/chunk-VNNOUBDJ.js:1:7223
    at eE (https://www.greencity.cx.ua/chunk-NUXSP4TM.js:11:76097)
    at Object.o [as next] (https://www.greencity.cx.ua/chunk-NUXSP4TM.js:11:76277)
    at bv.next (https://www.greencity.cx.ua/chunk-NUXSP4TM.js:7:3120)
    at Fr._next (https://www.greencity.cx.ua/chunk-NUXSP4TM.js:7:2803)
    at Fr.next (https://www.greencity.cx.ua/chunk-NUXSP4TM.js:7:2530)
    at https://www.greencity.cx.ua/chunk-NUXSP4TM.js:7:7848
    at Ac (https://www.greencity.cx.ua/chunk-NUXSP4TM.js:7:2222)
    at S0.next (https://www.greencity.cx.ua/chunk-NUXSP4TM.js:7:7687), [2026-03-15T12:00:22.621Z] [SEVERE] https://www.greencity.cx.ua/chunk-NUXSP4TM.js 10:45939 "ERROR" TypeError: Cannot read properties of null (reading 'setValue')
    at n.quillContentChanged (https://www.greencity.cx.ua/chunk-VNNOUBDJ.js:1:16043)
    at https://www.greencity.cx.ua/chunk-VNNOUBDJ.js:1:7223
    at eE (https://www.greencity.cx.ua/chunk-NUXSP4TM.js:11:76097)
    at Object.o [as next] (https://www.greencity.cx.ua/chunk-NUXSP4TM.js:11:76277)
    at bv.next (https://www.greencity.cx.ua/chunk-NUXSP4TM.js:7:3120)
    at Fr._next (https://www.greencity.cx.ua/chunk-NUXSP4TM.js:7:2803)
    at Fr.next (https://www.greencity.cx.ua/chunk-NUXSP4TM.js:7:2530)
    at https://www.greencity.cx.ua/chunk-NUXSP4TM.js:7:7848
    at Ac (https://www.greencity.cx.ua/chunk-NUXSP4TM.js:7:2222)
    at S0.next (https://www.greencity.cx.ua/chunk-NUXSP4TM.js:7:7687), [2026-03-15T12:00:22.624Z] [SEVERE] https://www.greencity.cx.ua/chunk-NUXSP4TM.js 10:45939 "ERROR" TypeError: Cannot read properties of null (reading 'setValue')
    at n.quillContentChanged (https://www.greencity.cx.ua/chunk-VNNOUBDJ.js:1:16043)
    at https://www.greencity.cx.ua/chunk-VNNOUBDJ.js:1:7223
    at eE (https://www.greencity.cx.ua/chunk-NUXSP4TM.js:11:76097)
    at Object.o [as next] (https://www.greencity.cx.ua/chunk-NUXSP4TM.js:11:76277)
    at bv.next (https://www.greencity.cx.ua/chunk-NUXSP4TM.js:7:3120)
    at Fr._next (https://www.greencity.cx.ua/chunk-NUXSP4TM.js:7:2803)
    at Fr.next (https://www.greencity.cx.ua/chunk-NUXSP4TM.js:7:2530)
    at https://www.greencity.cx.ua/chunk-NUXSP4TM.js:7:7848
    at Ac (https://www.greencity.cx.ua/chunk-NUXSP4TM.js:7:2222)
    at S0.next (https://www.greencity.cx.ua/chunk-NUXSP4TM.js:7:7687), [2026-03-15T12:00:22.627Z] [SEVERE] https://www.greencity.cx.ua/chunk-NUXSP4TM.js 10:45939 "ERROR" TypeError: Cannot read properties of null (reading 'setValue')
    at n.quillContentChanged (https://www.greencity.cx.ua/chunk-VNNOUBDJ.js:1:16043)
    at https://www.greencity.cx.ua/chunk-VNNOUBDJ.js:1:7223
    at eE (https://www.greencity.cx.ua/chunk-NUXSP4TM.js:11:76097)
    at Object.o [as next] (https://www.greencity.cx.ua/chunk-NUXSP4TM.js:11:76277)
    at bv.next (https://www.greencity.cx.ua/chunk-NUXSP4TM.js:7:3120)
    at Fr._next (https://www.greencity.cx.ua/chunk-NUXSP4TM.js:7:2803)
    at Fr.next (https://www.greencity.cx.ua/chunk-NUXSP4TM.js:7:2530)
    at https://www.greencity.cx.ua/chunk-NUXSP4TM.js:7:7848
    at Ac (https://www.greencity.cx.ua/chunk-NUXSP4TM.js:7:2222)
    at S0.next (https://www.greencity.cx.ua/chunk-NUXSP4TM.js:7:7687), [2026-03-15T12:00:22.630Z] [SEVERE] https://www.greencity.cx.ua/chunk-NUXSP4TM.js 10:45939 "ERROR" TypeError: Cannot read properties of null (reading 'setValue')
    at n.quillContentChanged (https://www.greencity.cx.ua/chunk-VNNOUBDJ.js:1:16043)
    at https://www.greencity.cx.ua/chunk-VNNOUBDJ.js:1:7223
    at eE (https://www.greencity.cx.ua/chunk-NUXSP4TM.js:11:76097)
    at Object.o [as next] (https://www.greencity.cx.ua/chunk-NUXSP4TM.js:11:76277)
    at bv.next (https://www.greencity.cx.ua/chunk-NUXSP4TM.js:7:3120)
    at Fr._next (https://www.greencity.cx.ua/chunk-NUXSP4TM.js:7:2803)
    at Fr.next (https://www.greencity.cx.ua/chunk-NUXSP4TM.js:7:2530)
    at https://www.greencity.cx.ua/chunk-NUXSP4TM.js:7:7848
    at Ac (https://www.greencity.cx.ua/chunk-NUXSP4TM.js:7:2222)
    at S0.next (https://www.greencity.cx.ua/chunk-NUXSP4TM.js:7:7687), [2026-03-15T12:00:22.633Z] [SEVERE] https://www.greencity.cx.ua/chunk-NUXSP4TM.js 10:45939 "ERROR" TypeError: Cannot read properties of null (reading 'setValue')
    at n.quillContentChanged (https://www.greencity.cx.ua/chunk-VNNOUBDJ.js:1:16043)
    at https://www.greencity.cx.ua/chunk-VNNOUBDJ.js:1:7223
    at eE (https://www.greencity.cx.ua/chunk-NUXSP4TM.js:11:76097)
    at Object.o [as next] (https://www.greencity.cx.ua/chunk-NUXSP4TM.js:11:76277)
    at bv.next (https://www.greencity.cx.ua/chunk-NUXSP4TM.js:7:3120)
    at Fr._next (https://www.greencity.cx.ua/chunk-NUXSP4TM.js:7:2803)
    at Fr.next (https://www.greencity.cx.ua/chunk-NUXSP4TM.js:7:2530)
    at https://www.greencity.cx.ua/chunk-NUXSP4TM.js:7:7848
    at Ac (https://www.greencity.cx.ua/chunk-NUXSP4TM.js:7:2222)
    at S0.next (https://www.greencity.cx.ua/chunk-NUXSP4TM.js:7:7687), [2026-03-15T12:00:22.636Z] [SEVERE] https://www.greencity.cx.ua/chunk-NUXSP4TM.js 10:45939 "ERROR" TypeError: Cannot read properties of null (reading 'setValue')
    at n.quillContentChanged (https://www.greencity.cx.ua/chunk-VNNOUBDJ.js:1:16043)
    at https://www.greencity.cx.ua/chunk-VNNOUBDJ.js:1:7223
    at eE (https://www.greencity.cx.ua/chunk-NUXSP4TM.js:11:76097)
    at Object.o [as next] (https://www.greencity.cx.ua/chunk-NUXSP4TM.js:11:76277)
    at bv.next (https://www.greencity.cx.ua/chunk-NUXSP4TM.js:7:3120)
    at Fr._next (https://www.greencity.cx.ua/chunk-NUXSP4TM.js:7:2803)
    at Fr.next (https://www.greencity.cx.ua/chunk-NUXSP4TM.js:7:2530)
    at https://www.greencity.cx.ua/chunk-NUXSP4TM.js:7:7848
    at Ac (https://www.greencity.cx.ua/chunk-NUXSP4TM.js:7:2222)
    at S0.next (https://www.greencity.cx.ua/chunk-NUXSP4TM.js:7:7687), [2026-03-15T12:00:22.640Z] [SEVERE] https://www.greencity.cx.ua/chunk-NUXSP4TM.js 10:45939 "ERROR" TypeError: Cannot read properties of null (reading 'setValue')
    at n.quillContentChanged (https://www.greencity.cx.ua/chunk-VNNOUBDJ.js:1:16043)
    at https://www.greencity.cx.ua/chunk-VNNOUBDJ.js:1:7223
    at eE (https://www.greencity.cx.ua/chunk-NUXSP4TM.js:11:76097)
    at Object.o [as next] (https://www.greencity.cx.ua/chunk-NUXSP4TM.js:11:76277)
    at bv.next (https://www.greencity.cx.ua/chunk-NUXSP4TM.js:7:3120)
    at Fr._next (https://www.greencity.cx.ua/chunk-NUXSP4TM.js:7:2803)
    at Fr.next (https://www.greencity.cx.ua/chunk-NUXSP4TM.js:7:2530)
    at https://www.greencity.cx.ua/chunk-NUXSP4TM.js:7:7848
    at Ac (https://www.greencity.cx.ua/chunk-NUXSP4TM.js:7:2222)
    at S0.next (https://www.greencity.cx.ua/chunk-NUXSP4TM.js:7:7687), [2026-03-15T12:00:22.643Z] [SEVERE] https://www.greencity.cx.ua/chunk-NUXSP4TM.js 10:45939 "ERROR" TypeError: Cannot read properties of null (reading 'setValue')
    at n.quillContentChanged (https://www.greencity.cx.ua/chunk-VNNOUBDJ.js:1:16043)
    at https://www.greencity.cx.ua/chunk-VNNOUBDJ.js:1:7223
    at eE (https://www.greencity.cx.ua/chunk-NUXSP4TM.js:11:76097)
    at Object.o [as next] (https://www.greencity.cx.ua/chunk-NUXSP4TM.js:11:76277)
    at bv.next (https://www.greencity.cx.ua/chunk-NUXSP4TM.js:7:3120)
    at Fr._next (https://www.greencity.cx.ua/chunk-NUXSP4TM.js:7:2803)
    at Fr.next (https://www.greencity.cx.ua/chunk-NUXSP4TM.js:7:2530)
    at https://www.greencity.cx.ua/chunk-NUXSP4TM.js:7:7848
    at Ac (https://www.greencity.cx.ua/chunk-NUXSP4TM.js:7:2222)
    at S0.next (https://www.greencity.cx.ua/chunk-NUXSP4TM.js:7:7687), [2026-03-15T12:00:22.647Z] [SEVERE] https://www.greencity.cx.ua/chunk-NUXSP4TM.js 10:45939 "ERROR" TypeError: Cannot read properties of null (reading 'setValue')
    at n.quillContentChanged (https://www.greencity.cx.ua/chunk-VNNOUBDJ.js:1:16043)
    at https://www.greencity.cx.ua/chunk-VNNOUBDJ.js:1:7223
    at eE (https://www.greencity.cx.ua/chunk-NUXSP4TM.js:11:76097)
    at Object.o [as next] (https://www.greencity.cx.ua/chunk-NUXSP4TM.js:11:76277)
    at bv.next (https://www.greencity.cx.ua/chunk-NUXSP4TM.js:7:3120)
    at Fr._next (https://www.greencity.cx.ua/chunk-NUXSP4TM.js:7:2803)
    at Fr.next (https://www.greencity.cx.ua/chunk-NUXSP4TM.js:7:2530)
    at https://www.greencity.cx.ua/chunk-NUXSP4TM.js:7:7848
    at Ac (https://www.greencity.cx.ua/chunk-NUXSP4TM.js:7:2222)
    at S0.next (https://www.greencity.cx.ua/chunk-NUXSP4TM.js:7:7687), [2026-03-15T12:00:22.649Z] [SEVERE] https://www.greencity.cx.ua/chunk-NUXSP4TM.js 10:45939 "ERROR" TypeError: Cannot read properties of null (reading 'setValue')
    at n.quillContentChanged (https://www.greencity.cx.ua/chunk-VNNOUBDJ.js:1:16043)
    at https://www.greencity.cx.ua/chunk-VNNOUBDJ.js:1:7223
    at eE (https://www.greencity.cx.ua/chunk-NUXSP4TM.js:11:76097)
    at Object.o [as next] (https://www.greencity.cx.ua/chunk-NUXSP4TM.js:11:76277)
    at bv.next (https://www.greencity.cx.ua/chunk-NUXSP4TM.js:7:3120)
    at Fr._next (https://www.greencity.cx.ua/chunk-NUXSP4TM.js:7:2803)
    at Fr.next (https://www.greencity.cx.ua/chunk-NUXSP4TM.js:7:2530)
    at https://www.greencity.cx.ua/chunk-NUXSP4TM.js:7:7848
    at Ac (https://www.greencity.cx.ua/chunk-NUXSP4TM.js:7:2222)
    at S0.next (https://www.greencity.cx.ua/chunk-NUXSP4TM.js:7:7687), [2026-03-15T12:00:22.652Z] [SEVERE] https://www.greencity.cx.ua/chunk-NUXSP4TM.js 10:45939 "ERROR" TypeError: Cannot read properties of null (reading 'setValue')
    at n.quillContentChanged (https://www.greencity.cx.ua/chunk-VNNOUBDJ.js:1:16043)
    at https://www.greencity.cx.ua/chunk-VNNOUBDJ.js:1:7223
    at eE (https://www.greencity.cx.ua/chunk-NUXSP4TM.js:11:76097)
    at Object.o [as next] (https://www.greencity.cx.ua/chunk-NUXSP4TM.js:11:76277)
    at bv.next (https://www.greencity.cx.ua/chunk-NUXSP4TM.js:7:3120)
    at Fr._next (https://www.greencity.cx.ua/chunk-NUXSP4TM.js:7:2803)
    at Fr.next (https://www.greencity.cx.ua/chunk-NUXSP4TM.js:7:2530)
    at https://www.greencity.cx.ua/chunk-NUXSP4TM.js:7:7848
    at Ac (https://www.greencity.cx.ua/chunk-NUXSP4TM.js:7:2222)
    at S0.next (https://www.greencity.cx.ua/chunk-NUXSP4TM.js:7:7687), [2026-03-15T12:00:22.655Z] [SEVERE] https://www.greencity.cx.ua/chunk-NUXSP4TM.js 10:45939 "ERROR" TypeError: Cannot read properties of null (reading 'setValue')
    at n.quillContentChanged (https://www.greencity.cx.ua/chunk-VNNOUBDJ.js:1:16043)
    at https://www.greencity.cx.ua/chunk-VNNOUBDJ.js:1:7223
    at eE (https://www.greencity.cx.ua/chunk-NUXSP4TM.js:11:76097)
    at Object.o [as next] (https://www.greencity.cx.ua/chunk-NUXSP4TM.js:11:76277)
    at bv.next (https://www.greencity.cx.ua/chunk-NUXSP4TM.js:7:3120)
    at Fr._next (https://www.greencity.cx.ua/chunk-NUXSP4TM.js:7:2803)
    at Fr.next (https://www.greencity.cx.ua/chunk-NUXSP4TM.js:7:2530)
    at https://www.greencity.cx.ua/chunk-NUXSP4TM.js:7:7848
    at Ac (https://www.greencity.cx.ua/chunk-NUXSP4TM.js:7:2222)
    at S0.next (https://www.greencity.cx.ua/chunk-NUXSP4TM.js:7:7687), [2026-03-15T12:00:22.658Z] [SEVERE] https://www.greencity.cx.ua/chunk-NUXSP4TM.js 10:45939 "ERROR" TypeError: Cannot read properties of null (reading 'setValue')
    at n.quillContentChanged (https://www.greencity.cx.ua/chunk-VNNOUBDJ.js:1:16043)
    at https://www.greencity.cx.ua/chunk-VNNOUBDJ.js:1:7223
    at eE (https://www.greencity.cx.ua/chunk-NUXSP4TM.js:11:76097)
    at Object.o [as next] (https://www.greencity.cx.ua/chunk-NUXSP4TM.js:11:76277)
    at bv.next (https://www.greencity.cx.ua/chunk-NUXSP4TM.js:7:3120)
    at Fr._next (https://www.greencity.cx.ua/chunk-NUXSP4TM.js:7:2803)
    at Fr.next (https://www.greencity.cx.ua/chunk-NUXSP4TM.js:7:2530)
    at https://www.greencity.cx.ua/chunk-NUXSP4TM.js:7:7848
    at Ac (https://www.greencity.cx.ua/chunk-NUXSP4TM.js:7:2222)
    at S0.next (https://www.greencity.cx.ua/chunk-NUXSP4TM.js:7:7687), [2026-03-15T12:00:22.661Z] [SEVERE] https://www.greencity.cx.ua/chunk-NUXSP4TM.js 10:45939 "ERROR" TypeError: Cannot read properties of null (reading 'setValue')
    at n.quillContentChanged (https://www.greencity.cx.ua/chunk-VNNOUBDJ.js:1:16043)
    at https://www.greencity.cx.ua/chunk-VNNOUBDJ.js:1:7223
    at eE (https://www.greencity.cx.ua/chunk-NUXSP4TM.js:11:76097)
    at Object.o [as next] (https://www.greencity.cx.ua/chunk-NUXSP4TM.js:11:76277)
    at bv.next (https://www.greencity.cx.ua/chunk-NUXSP4TM.js:7:3120)
    at Fr._next (https://www.greencity.cx.ua/chunk-NUXSP4TM.js:7:2803)
    at Fr.next (https://www.greencity.cx.ua/chunk-NUXSP4TM.js:7:2530)
    at https://www.greencity.cx.ua/chunk-NUXSP4TM.js:7:7848
    at Ac (https://www.greencity.cx.ua/chunk-NUXSP4TM.js:7:2222)
    at S0.next (https://www.greencity.cx.ua/chunk-NUXSP4TM.js:7:7687), [2026-03-15T12:00:22.665Z] [SEVERE] https://www.greencity.cx.ua/chunk-NUXSP4TM.js 10:45939 "ERROR" TypeError: Cannot read properties of null (reading 'setValue')
    at n.quillContentChanged (https://www.greencity.cx.ua/chunk-VNNOUBDJ.js:1:16043)
    at https://www.greencity.cx.ua/chunk-VNNOUBDJ.js:1:7223
    at eE (https://www.greencity.cx.ua/chunk-NUXSP4TM.js:11:76097)
    at Object.o [as next] (https://www.greencity.cx.ua/chunk-NUXSP4TM.js:11:76277)
    at bv.next (https://www.greencity.cx.ua/chunk-NUXSP4TM.js:7:3120)
    at Fr._next (https://www.greencity.cx.ua/chunk-NUXSP4TM.js:7:2803)
    at Fr.next (https://www.greencity.cx.ua/chunk-NUXSP4TM.js:7:2530)
    at https://www.greencity.cx.ua/chunk-NUXSP4TM.js:7:7848
    at Ac (https://www.greencity.cx.ua/chunk-NUXSP4TM.js:7:2222)
    at S0.next (https://www.greencity.cx.ua/chunk-NUXSP4TM.js:7:7687), [2026-03-15T12:00:22.669Z] [SEVERE] https://www.greencity.cx.ua/chunk-NUXSP4TM.js 10:45939 "ERROR" TypeError: Cannot read properties of null (reading 'setValue')
    at n.quillContentChanged (https://www.greencity.cx.ua/chunk-VNNOUBDJ.js:1:16043)
    at https://www.greencity.cx.ua/chunk-VNNOUBDJ.js:1:7223
    at eE (https://www.greencity.cx.ua/chunk-NUXSP4TM.js:11:76097)
    at Object.o [as next] (https://www.greencity.cx.ua/chunk-NUXSP4TM.js:11:76277)
    at bv.next (https://www.greencity.cx.ua/chunk-NUXSP4TM.js:7:3120)
    at Fr._next (https://www.greencity.cx.ua/chunk-NUXSP4TM.js:7:2803)
    at Fr.next (https://www.greencity.cx.ua/chunk-NUXSP4TM.js:7:2530)
    at https://www.greencity.cx.ua/chunk-NUXSP4TM.js:7:7848
    at Ac (https://www.greencity.cx.ua/chunk-NUXSP4TM.js:7:2222)
    at S0.next (https://www.greencity.cx.ua/chunk-NUXSP4TM.js:7:7687), [2026-03-15T12:00:22.672Z] [SEVERE] https://www.greencity.cx.ua/chunk-NUXSP4TM.js 10:45939 "ERROR" TypeError: Cannot read properties of null (reading 'setValue')
    at n.quillContentChanged (https://www.greencity.cx.ua/chunk-VNNOUBDJ.js:1:16043)
    at https://www.greencity.cx.ua/chunk-VNNOUBDJ.js:1:7223
    at eE (https://www.greencity.cx.ua/chunk-NUXSP4TM.js:11:76097)
    at Object.o [as next] (https://www.greencity.cx.ua/chunk-NUXSP4TM.js:11:76277)
    at bv.next (https://www.greencity.cx.ua/chunk-NUXSP4TM.js:7:3120)
    at Fr._next (https://www.greencity.cx.ua/chunk-NUXSP4TM.js:7:2803)
    at Fr.next (https://www.greencity.cx.ua/chunk-NUXSP4TM.js:7:2530)
    at https://www.greencity.cx.ua/chunk-NUXSP4TM.js:7:7848
    at Ac (https://www.greencity.cx.ua/chunk-NUXSP4TM.js:7:2222)
    at S0.next (https://www.greencity.cx.ua/chunk-NUXSP4TM.js:7:7687), [2026-03-15T12:00:22.677Z] [SEVERE] https://www.greencity.cx.ua/chunk-NUXSP4TM.js 10:45939 "ERROR" TypeError: Cannot read properties of null (reading 'setValue')
    at n.quillContentChanged (https://www.greencity.cx.ua/chunk-VNNOUBDJ.js:1:16043)
    at https://www.greencity.cx.ua/chunk-VNNOUBDJ.js:1:7223
    at eE (https://www.greencity.cx.ua/chunk-NUXSP4TM.js:11:76097)
    at Object.o [as next] (https://www.greencity.cx.ua/chunk-NUXSP4TM.js:11:76277)
    at bv.next (https://www.greencity.cx.ua/chunk-NUXSP4TM.js:7:3120)
    at Fr._next (https://www.greencity.cx.ua/chunk-NUXSP4TM.js:7:2803)
    at Fr.next (https://www.greencity.cx.ua/chunk-NUXSP4TM.js:7:2530)
    at https://www.greencity.cx.ua/chunk-NUXSP4TM.js:7:7848
    at Ac (https://www.greencity.cx.ua/chunk-NUXSP4TM.js:7:2222)
    at S0.next (https://www.greencity.cx.ua/chunk-NUXSP4TM.js:7:7687), [2026-03-15T12:00:22.681Z] [SEVERE] https://www.greencity.cx.ua/chunk-NUXSP4TM.js 10:45939 "ERROR" TypeError: Cannot read properties of null (reading 'setValue')
    at n.quillContentChanged (https://www.greencity.cx.ua/chunk-VNNOUBDJ.js:1:16043)
    at https://www.greencity.cx.ua/chunk-VNNOUBDJ.js:1:7223
    at eE (https://www.greencity.cx.ua/chunk-NUXSP4TM.js:11:76097)
    at Object.o [as next] (https://www.greencity.cx.ua/chunk-NUXSP4TM.js:11:76277)
    at bv.next (https://www.greencity.cx.ua/chunk-NUXSP4TM.js:7:3120)
    at Fr._next (https://www.greencity.cx.ua/chunk-NUXSP4TM.js:7:2803)
    at Fr.next (https://www.greencity.cx.ua/chunk-NUXSP4TM.js:7:2530)
    at https://www.greencity.cx.ua/chunk-NUXSP4TM.js:7:7848
    at Ac (https://www.greencity.cx.ua/chunk-NUXSP4TM.js:7:2222)
    at S0.next (https://www.greencity.cx.ua/chunk-NUXSP4TM.js:7:7687), [2026-03-15T12:00:22.685Z] [SEVERE] https://www.greencity.cx.ua/chunk-NUXSP4TM.js 10:45939 "ERROR" TypeError: Cannot read properties of null (reading 'setValue')
    at n.quillContentChanged (https://www.greencity.cx.ua/chunk-VNNOUBDJ.js:1:16043)
    at https://www.greencity.cx.ua/chunk-VNNOUBDJ.js:1:7223
    at eE (https://www.greencity.cx.ua/chunk-NUXSP4TM.js:11:76097)
    at Object.o [as next] (https://www.greencity.cx.ua/chunk-NUXSP4TM.js:11:76277)
    at bv.next (https://www.greencity.cx.ua/chunk-NUXSP4TM.js:7:3120)
    at Fr._next (https://www.greencity.cx.ua/chunk-NUXSP4TM.js:7:2803)
    at Fr.next (https://www.greencity.cx.ua/chunk-NUXSP4TM.js:7:2530)
    at https://www.greencity.cx.ua/chunk-NUXSP4TM.js:7:7848
    at Ac (https://www.greencity.cx.ua/chunk-NUXSP4TM.js:7:2222)
    at S0.next (https://www.greencity.cx.ua/chunk-NUXSP4TM.js:7:7687), [2026-03-15T12:00:22.688Z] [SEVERE] https://www.greencity.cx.ua/chunk-NUXSP4TM.js 10:45939 "ERROR" TypeError: Cannot read properties of null (reading 'setValue')
    at n.quillContentChanged (https://www.greencity.cx.ua/chunk-VNNOUBDJ.js:1:16043)
    at https://www.greencity.cx.ua/chunk-VNNOUBDJ.js:1:7223
    at eE (https://www.greencity.cx.ua/chunk-NUXSP4TM.js:11:76097)
    at Object.o [as next] (https://www.greencity.cx.ua/chunk-NUXSP4TM.js:11:76277)
    at bv.next (https://www.greencity.cx.ua/chunk-NUXSP4TM.js:7:3120)
    at Fr._next (https://www.greencity.cx.ua/chunk-NUXSP4TM.js:7:2803)
    at Fr.next (https://www.greencity.cx.ua/chunk-NUXSP4TM.js:7:2530)
    at https://www.greencity.cx.ua/chunk-NUXSP4TM.js:7:7848
    at Ac (https://www.greencity.cx.ua/chunk-NUXSP4TM.js:7:2222)
    at S0.next (https://www.greencity.cx.ua/chunk-NUXSP4TM.js:7:7687), [2026-03-15T12:00:22.692Z] [SEVERE] https://www.greencity.cx.ua/chunk-NUXSP4TM.js 10:45939 "ERROR" TypeError: Cannot read properties of null (reading 'setValue')
    at n.quillContentChanged (https://www.greencity.cx.ua/chunk-VNNOUBDJ.js:1:16043)
    at https://www.greencity.cx.ua/chunk-VNNOUBDJ.js:1:7223
    at eE (https://www.greencity.cx.ua/chunk-NUXSP4TM.js:11:76097)
    at Object.o [as next] (https://www.greencity.cx.ua/chunk-NUXSP4TM.js:11:76277)
    at bv.next (https://www.greencity.cx.ua/chunk-NUXSP4TM.js:7:3120)
    at Fr._next (https://www.greencity.cx.ua/chunk-NUXSP4TM.js:7:2803)
    at Fr.next (https://www.greencity.cx.ua/chunk-NUXSP4TM.js:7:2530)
    at https://www.greencity.cx.ua/chunk-NUXSP4TM.js:7:7848
    at Ac (https://www.greencity.cx.ua/chunk-NUXSP4TM.js:7:2222)
    at S0.next (https://www.greencity.cx.ua/chunk-NUXSP4TM.js:7:7687), [2026-03-15T12:00:22.696Z] [SEVERE] https://www.greencity.cx.ua/chunk-NUXSP4TM.js 10:45939 "ERROR" TypeError: Cannot read properties of null (reading 'setValue')
    at n.quillContentChanged (https://www.greencity.cx.ua/chunk-VNNOUBDJ.js:1:16043)
    at https://www.greencity.cx.ua/chunk-VNNOUBDJ.js:1:7223
    at eE (https://www.greencity.cx.ua/chunk-NUXSP4TM.js:11:76097)
    at Object.o [as next] (https://www.greencity.cx.ua/chunk-NUXSP4TM.js:11:76277)
    at bv.next (https://www.greencity.cx.ua/chunk-NUXSP4TM.js:7:3120)
    at Fr._next (https://www.greencity.cx.ua/chunk-NUXSP4TM.js:7:2803)
    at Fr.next (https://www.greencity.cx.ua/chunk-NUXSP4TM.js:7:2530)
    at https://www.greencity.cx.ua/chunk-NUXSP4TM.js:7:7848
    at Ac (https://www.greencity.cx.ua/chunk-NUXSP4TM.js:7:2222)
    at S0.next (https://www.greencity.cx.ua/chunk-NUXSP4TM.js:7:7687), [2026-03-15T12:00:22.699Z] [SEVERE] https://www.greencity.cx.ua/chunk-NUXSP4TM.js 10:45939 "ERROR" TypeError: Cannot read properties of null (reading 'setValue')
    at n.quillContentChanged (https://www.greencity.cx.ua/chunk-VNNOUBDJ.js:1:16043)
    at https://www.greencity.cx.ua/chunk-VNNOUBDJ.js:1:7223
    at eE (https://www.greencity.cx.ua/chunk-NUXSP4TM.js:11:76097)
    at Object.o [as next] (https://www.greencity.cx.ua/chunk-NUXSP4TM.js:11:76277)
    at bv.next (https://www.greencity.cx.ua/chunk-NUXSP4TM.js:7:3120)
    at Fr._next (https://www.greencity.cx.ua/chunk-NUXSP4TM.js:7:2803)
    at Fr.next (https://www.greencity.cx.ua/chunk-NUXSP4TM.js:7:2530)
    at https://www.greencity.cx.ua/chunk-NUXSP4TM.js:7:7848
    at Ac (https://www.greencity.cx.ua/chunk-NUXSP4TM.js:7:2222)
    at S0.next (https://www.greencity.cx.ua/chunk-NUXSP4TM.js:7:7687), [2026-03-15T12:00:22.703Z] [SEVERE] https://www.greencity.cx.ua/chunk-NUXSP4TM.js 10:45939 "ERROR" TypeError: Cannot read properties of null (reading 'setValue')
    at n.quillContentChanged (https://www.greencity.cx.ua/chunk-VNNOUBDJ.js:1:16043)
    at https://www.greencity.cx.ua/chunk-VNNOUBDJ.js:1:7223
    at eE (https://www.greencity.cx.ua/chunk-NUXSP4TM.js:11:76097)
    at Object.o [as next] (https://www.greencity.cx.ua/chunk-NUXSP4TM.js:11:76277)
    at bv.next (https://www.greencity.cx.ua/chunk-NUXSP4TM.js:7:3120)
    at Fr._next (https://www.greencity.cx.ua/chunk-NUXSP4TM.js:7:2803)
    at Fr.next (https://www.greencity.cx.ua/chunk-NUXSP4TM.js:7:2530)
    at https://www.greencity.cx.ua/chunk-NUXSP4TM.js:7:7848
    at Ac (https://www.greencity.cx.ua/chunk-NUXSP4TM.js:7:2222)
    at S0.next (https://www.greencity.cx.ua/chunk-NUXSP4TM.js:7:7687), [2026-03-15T12:00:22.709Z] [SEVERE] https://www.greencity.cx.ua/chunk-NUXSP4TM.js 10:45939 "ERROR" TypeError: Cannot read properties of null (reading 'setValue')
    at n.quillContentChanged (https://www.greencity.cx.ua/chunk-VNNOUBDJ.js:1:16043)
    at https://www.greencity.cx.ua/chunk-VNNOUBDJ.js:1:7223
    at eE (https://www.greencity.cx.ua/chunk-NUXSP4TM.js:11:76097)
    at Object.o [as next] (https://www.greencity.cx.ua/chunk-NUXSP4TM.js:11:76277)
    at bv.next (https://www.greencity.cx.ua/chunk-NUXSP4TM.js:7:3120)
    at Fr._next (https://www.greencity.cx.ua/chunk-NUXSP4TM.js:7:2803)
    at Fr.next (https://www.greencity.cx.ua/chunk-NUXSP4TM.js:7:2530)
    at https://www.greencity.cx.ua/chunk-NUXSP4TM.js:7:7848
    at Ac (https://www.greencity.cx.ua/chunk-NUXSP4TM.js:7:2222)
    at S0.next (https://www.greencity.cx.ua/chunk-NUXSP4TM.js:7:7687), [2026-03-15T12:00:22.712Z] [SEVERE] https://www.greencity.cx.ua/chunk-NUXSP4TM.js 10:45939 "ERROR" TypeError: Cannot read properties of null (reading 'setValue')
    at n.quillContentChanged (https://www.greencity.cx.ua/chunk-VNNOUBDJ.js:1:16043)
    at https://www.greencity.cx.ua/chunk-VNNOUBDJ.js:1:7223
    at eE (https://www.greencity.cx.ua/chunk-NUXSP4TM.js:11:76097)
    at Object.o [as next] (https://www.greencity.cx.ua/chunk-NUXSP4TM.js:11:76277)
    at bv.next (https://www.greencity.cx.ua/chunk-NUXSP4TM.js:7:3120)
    at Fr._next (https://www.greencity.cx.ua/chunk-NUXSP4TM.js:7:2803)
    at Fr.next (https://www.greencity.cx.ua/chunk-NUXSP4TM.js:7:2530)
    at https://www.greencity.cx.ua/chunk-NUXSP4TM.js:7:7848
    at Ac (https://www.greencity.cx.ua/chunk-NUXSP4TM.js:7:2222)
    at S0.next (https://www.greencity.cx.ua/chunk-NUXSP4TM.js:7:7687), [2026-03-15T12:00:22.713Z] [SEVERE] https://www.greencity.cx.ua/chunk-NUXSP4TM.js 10:45939 "ERROR" TypeError: Cannot read properties of null (reading 'setValue')
    at n.quillContentChanged (https://www.greencity.cx.ua/chunk-VNNOUBDJ.js:1:16043)
    at https://www.greencity.cx.ua/chunk-VNNOUBDJ.js:1:7223
    at eE (https://www.greencity.cx.ua/chunk-NUXSP4TM.js:11:76097)
    at Object.o [as next] (https://www.greencity.cx.ua/chunk-NUXSP4TM.js:11:76277)
    at bv.next (https://www.greencity.cx.ua/chunk-NUXSP4TM.js:7:3120)
    at Fr._next (https://www.greencity.cx.ua/chunk-NUXSP4TM.js:7:2803)
    at Fr.next (https://www.greencity.cx.ua/chunk-NUXSP4TM.js:7:2530)
    at https://www.greencity.cx.ua/chunk-NUXSP4TM.js:7:7848
    at Ac (https://www.greencity.cx.ua/chunk-NUXSP4TM.js:7:2222)
    at S0.next (https://www.greencity.cx.ua/chunk-NUXSP4TM.js:7:7687), [2026-03-15T12:00:22.717Z] [SEVERE] https://www.greencity.cx.ua/chunk-NUXSP4TM.js 10:45939 "ERROR" TypeError: Cannot read properties of null (reading 'setValue')
    at n.quillContentChanged (https://www.greencity.cx.ua/chunk-VNNOUBDJ.js:1:16043)
    at https://www.greencity.cx.ua/chunk-VNNOUBDJ.js:1:7223
    at eE (https://www.greencity.cx.ua/chunk-NUXSP4TM.js:11:76097)
    at Object.o [as next] (https://www.greencity.cx.ua/chunk-NUXSP4TM.js:11:76277)
    at bv.next (https://www.greencity.cx.ua/chunk-NUXSP4TM.js:7:3120)
    at Fr._next (https://www.greencity.cx.ua/chunk-NUXSP4TM.js:7:2803)
    at Fr.next (https://www.greencity.cx.ua/chunk-NUXSP4TM.js:7:2530)
    at https://www.greencity.cx.ua/chunk-NUXSP4TM.js:7:7848
    at Ac (https://www.greencity.cx.ua/chunk-NUXSP4TM.js:7:2222)
    at S0.next (https://www.greencity.cx.ua/chunk-NUXSP4TM.js:7:7687), [2026-03-15T12:00:22.720Z] [SEVERE] https://www.greencity.cx.ua/chunk-NUXSP4TM.js 10:45939 "ERROR" TypeError: Cannot read properties of null (reading 'setValue')
    at n.quillContentChanged (https://www.greencity.cx.ua/chunk-VNNOUBDJ.js:1:16043)
    at https://www.greencity.cx.ua/chunk-VNNOUBDJ.js:1:7223
    at eE (https://www.greencity.cx.ua/chunk-NUXSP4TM.js:11:76097)
    at Object.o [as next] (https://www.greencity.cx.ua/chunk-NUXSP4TM.js:11:76277)
    at bv.next (https://www.greencity.cx.ua/chunk-NUXSP4TM.js:7:3120)
    at Fr._next (https://www.greencity.cx.ua/chunk-NUXSP4TM.js:7:2803)
    at Fr.next (https://www.greencity.cx.ua/chunk-NUXSP4TM.js:7:2530)
    at https://www.greencity.cx.ua/chunk-NUXSP4TM.js:7:7848
    at Ac (https://www.greencity.cx.ua/chunk-NUXSP4TM.js:7:2222)
    at S0.next (https://www.greencity.cx.ua/chunk-NUXSP4TM.js:7:7687), [2026-03-15T12:00:22.724Z] [SEVERE] https://www.greencity.cx.ua/chunk-NUXSP4TM.js 10:45939 "ERROR" TypeError: Cannot read properties of null (reading 'setValue')
    at n.quillContentChanged (https://www.greencity.cx.ua/chunk-VNNOUBDJ.js:1:16043)
    at https://www.greencity.cx.ua/chunk-VNNOUBDJ.js:1:7223
    at eE (https://www.greencity.cx.ua/chunk-NUXSP4TM.js:11:76097)
    at Object.o [as next] (https://www.greencity.cx.ua/chunk-NUXSP4TM.js:11:76277)
    at bv.next (https://www.greencity.cx.ua/chunk-NUXSP4TM.js:7:3120)
    at Fr._next (https://www.greencity.cx.ua/chunk-NUXSP4TM.js:7:2803)
    at Fr.next (https://www.greencity.cx.ua/chunk-NUXSP4TM.js:7:2530)
    at https://www.greencity.cx.ua/chunk-NUXSP4TM.js:7:7848
    at Ac (https://www.greencity.cx.ua/chunk-NUXSP4TM.js:7:2222)
    at S0.next (https://www.greencity.cx.ua/chunk-NUXSP4TM.js:7:7687), [2026-03-15T12:00:22.727Z] [SEVERE] https://www.greencity.cx.ua/chunk-NUXSP4TM.js 10:45939 "ERROR" TypeError: Cannot read properties of null (reading 'setValue')
    at n.quillContentChanged (https://www.greencity.cx.ua/chunk-VNNOUBDJ.js:1:16043)
    at https://www.greencity.cx.ua/chunk-VNNOUBDJ.js:1:7223
    at eE (https://www.greencity.cx.ua/chunk-NUXSP4TM.js:11:76097)
    at Object.o [as next] (https://www.greencity.cx.ua/chunk-NUXSP4TM.js:11:76277)
    at bv.next (https://www.greencity.cx.ua/chunk-NUXSP4TM.js:7:3120)
    at Fr._next (https://www.greencity.cx.ua/chunk-NUXSP4TM.js:7:2803)
    at Fr.next (https://www.greencity.cx.ua/chunk-NUXSP4TM.js:7:2530)
    at https://www.greencity.cx.ua/chunk-NUXSP4TM.js:7:7848
    at Ac (https://www.greencity.cx.ua/chunk-NUXSP4TM.js:7:2222)
    at S0.next (https://www.greencity.cx.ua/chunk-NUXSP4TM.js:7:7687), [2026-03-15T12:00:22.731Z] [SEVERE] https://www.greencity.cx.ua/chunk-NUXSP4TM.js 10:45939 "ERROR" TypeError: Cannot read properties of null (reading 'setValue')
    at n.quillContentChanged (https://www.greencity.cx.ua/chunk-VNNOUBDJ.js:1:16043)
    at https://www.greencity.cx.ua/chunk-VNNOUBDJ.js:1:7223
    at eE (https://www.greencity.cx.ua/chunk-NUXSP4TM.js:11:76097)
    at Object.o [as next] (https://www.greencity.cx.ua/chunk-NUXSP4TM.js:11:76277)
    at bv.next (https://www.greencity.cx.ua/chunk-NUXSP4TM.js:7:3120)
    at Fr._next (https://www.greencity.cx.ua/chunk-NUXSP4TM.js:7:2803)
    at Fr.next (https://www.greencity.cx.ua/chunk-NUXSP4TM.js:7:2530)
    at https://www.greencity.cx.ua/chunk-NUXSP4TM.js:7:7848
    at Ac (https://www.greencity.cx.ua/chunk-NUXSP4TM.js:7:2222)
    at S0.next (https://www.greencity.cx.ua/chunk-NUXSP4TM.js:7:7687), [2026-03-15T12:00:22.734Z] [SEVERE] https://www.greencity.cx.ua/chunk-NUXSP4TM.js 10:45939 "ERROR" TypeError: Cannot read properties of null (reading 'setValue')
    at n.quillContentChanged (https://www.greencity.cx.ua/chunk-VNNOUBDJ.js:1:16043)
    at https://www.greencity.cx.ua/chunk-VNNOUBDJ.js:1:7223
    at eE (https://www.greencity.cx.ua/chunk-NUXSP4TM.js:11:76097)
    at Object.o [as next] (https://www.greencity.cx.ua/chunk-NUXSP4TM.js:11:76277)
    at bv.next (https://www.greencity.cx.ua/chunk-NUXSP4TM.js:7:3120)
    at Fr._next (https://www.greencity.cx.ua/chunk-NUXSP4TM.js:7:2803)
    at Fr.next (https://www.greencity.cx.ua/chunk-NUXSP4TM.js:7:2530)
    at https://www.greencity.cx.ua/chunk-NUXSP4TM.js:7:7848
    at Ac (https://www.greencity.cx.ua/chunk-NUXSP4TM.js:7:2222)
    at S0.next (https://www.greencity.cx.ua/chunk-NUXSP4TM.js:7:7687), [2026-03-15T12:00:22.738Z] [SEVERE] https://www.greencity.cx.ua/chunk-NUXSP4TM.js 10:45939 "ERROR" TypeError: Cannot read properties of null (reading 'setValue')
    at n.quillContentChanged (https://www.greencity.cx.ua/chunk-VNNOUBDJ.js:1:16043)
    at https://www.greencity.cx.ua/chunk-VNNOUBDJ.js:1:7223
    at eE (https://www.greencity.cx.ua/chunk-NUXSP4TM.js:11:76097)
    at Object.o [as next] (https://www.greencity.cx.ua/chunk-NUXSP4TM.js:11:76277)
    at bv.next (https://www.greencity.cx.ua/chunk-NUXSP4TM.js:7:3120)
    at Fr._next (https://www.greencity.cx.ua/chunk-NUXSP4TM.js:7:2803)
    at Fr.next (https://www.greencity.cx.ua/chunk-NUXSP4TM.js:7:2530)
    at https://www.greencity.cx.ua/chunk-NUXSP4TM.js:7:7848
    at Ac (https://www.greencity.cx.ua/chunk-NUXSP4TM.js:7:2222)
    at S0.next (https://www.greencity.cx.ua/chunk-NUXSP4TM.js:7:7687), [2026-03-15T12:00:22.743Z] [SEVERE] https://www.greencity.cx.ua/chunk-NUXSP4TM.js 10:45939 "ERROR" TypeError: Cannot read properties of null (reading 'setValue')
    at n.quillContentChanged (https://www.greencity.cx.ua/chunk-VNNOUBDJ.js:1:16043)
    at https://www.greencity.cx.ua/chunk-VNNOUBDJ.js:1:7223
    at eE (https://www.greencity.cx.ua/chunk-NUXSP4TM.js:11:76097)
    at Object.o [as next] (https://www.greencity.cx.ua/chunk-NUXSP4TM.js:11:76277)
    at bv.next (https://www.greencity.cx.ua/chunk-NUXSP4TM.js:7:3120)
    at Fr._next (https://www.greencity.cx.ua/chunk-NUXSP4TM.js:7:2803)
    at Fr.next (https://www.greencity.cx.ua/chunk-NUXSP4TM.js:7:2530)
    at https://www.greencity.cx.ua/chunk-NUXSP4TM.js:7:7848
    at Ac (https://www.greencity.cx.ua/chunk-NUXSP4TM.js:7:2222)
    at S0.next (https://www.greencity.cx.ua/chunk-NUXSP4TM.js:7:7687), [2026-03-15T12:00:22.746Z] [SEVERE] https://www.greencity.cx.ua/chunk-NUXSP4TM.js 10:45939 "ERROR" TypeError: Cannot read properties of null (reading 'setValue')
    at n.quillContentChanged (https://www.greencity.cx.ua/chunk-VNNOUBDJ.js:1:16043)
    at https://www.greencity.cx.ua/chunk-VNNOUBDJ.js:1:7223
    at eE (https://www.greencity.cx.ua/chunk-NUXSP4TM.js:11:76097)
    at Object.o [as next] (https://www.greencity.cx.ua/chunk-NUXSP4TM.js:11:76277)
    at bv.next (https://www.greencity.cx.ua/chunk-NUXSP4TM.js:7:3120)
    at Fr._next (https://www.greencity.cx.ua/chunk-NUXSP4TM.js:7:2803)
    at Fr.next (https://www.greencity.cx.ua/chunk-NUXSP4TM.js:7:2530)
    at https://www.greencity.cx.ua/chunk-NUXSP4TM.js:7:7848
    at Ac (https://www.greencity.cx.ua/chunk-NUXSP4TM.js:7:2222)
    at S0.next (https://www.greencity.cx.ua/chunk-NUXSP4TM.js:7:7687), [2026-03-15T12:00:22.749Z] [SEVERE] https://www.greencity.cx.ua/chunk-NUXSP4TM.js 10:45939 "ERROR" TypeError: Cannot read properties of null (reading 'setValue')
    at n.quillContentChanged (https://www.greencity.cx.ua/chunk-VNNOUBDJ.js:1:16043)
    at https://www.greencity.cx.ua/chunk-VNNOUBDJ.js:1:7223
    at eE (https://www.greencity.cx.ua/chunk-NUXSP4TM.js:11:76097)
    at Object.o [as next] (https://www.greencity.cx.ua/chunk-NUXSP4TM.js:11:76277)
    at bv.next (https://www.greencity.cx.ua/chunk-NUXSP4TM.js:7:3120)
    at Fr._next (https://www.greencity.cx.ua/chunk-NUXSP4TM.js:7:2803)
    at Fr.next (https://www.greencity.cx.ua/chunk-NUXSP4TM.js:7:2530)
    at https://www.greencity.cx.ua/chunk-NUXSP4TM.js:7:7848
    at Ac (https://www.greencity.cx.ua/chunk-NUXSP4TM.js:7:2222)
    at S0.next (https://www.greencity.cx.ua/chunk-NUXSP4TM.js:7:7687), [2026-03-15T12:00:22.753Z] [SEVERE] https://www.greencity.cx.ua/chunk-NUXSP4TM.js 10:45939 "ERROR" TypeError: Cannot read properties of null (reading 'setValue')
    at n.quillContentChanged (https://www.greencity.cx.ua/chunk-VNNOUBDJ.js:1:16043)
    at https://www.greencity.cx.ua/chunk-VNNOUBDJ.js:1:7223
    at eE (https://www.greencity.cx.ua/chunk-NUXSP4TM.js:11:76097)
    at Object.o [as next] (https://www.greencity.cx.ua/chunk-NUXSP4TM.js:11:76277)
    at bv.next (https://www.greencity.cx.ua/chunk-NUXSP4TM.js:7:3120)
    at Fr._next (https://www.greencity.cx.ua/chunk-NUXSP4TM.js:7:2803)
    at Fr.next (https://www.greencity.cx.ua/chunk-NUXSP4TM.js:7:2530)
    at https://www.greencity.cx.ua/chunk-NUXSP4TM.js:7:7848
    at Ac (https://www.greencity.cx.ua/chunk-NUXSP4TM.js:7:2222)
    at S0.next (https://www.greencity.cx.ua/chunk-NUXSP4TM.js:7:7687), [2026-03-15T12:00:22.756Z] [SEVERE] https://www.greencity.cx.ua/chunk-NUXSP4TM.js 10:45939 "ERROR" TypeError: Cannot read properties of null (reading 'setValue')
    at n.quillContentChanged (https://www.greencity.cx.ua/chunk-VNNOUBDJ.js:1:16043)
    at https://www.greencity.cx.ua/chunk-VNNOUBDJ.js:1:7223
    at eE (https://www.greencity.cx.ua/chunk-NUXSP4TM.js:11:76097)
    at Object.o [as next] (https://www.greencity.cx.ua/chunk-NUXSP4TM.js:11:76277)
    at bv.next (https://www.greencity.cx.ua/chunk-NUXSP4TM.js:7:3120)
    at Fr._next (https://www.greencity.cx.ua/chunk-NUXSP4TM.js:7:2803)
    at Fr.next (https://www.greencity.cx.ua/chunk-NUXSP4TM.js:7:2530)
    at https://www.greencity.cx.ua/chunk-NUXSP4TM.js:7:7848
    at Ac (https://www.greencity.cx.ua/chunk-NUXSP4TM.js:7:2222)
    at S0.next (https://www.greencity.cx.ua/chunk-NUXSP4TM.js:7:7687), [2026-03-15T12:00:22.763Z] [SEVERE] https://www.greencity.cx.ua/chunk-NUXSP4TM.js 10:45939 "ERROR" TypeError: Cannot read properties of null (reading 'setValue')
    at n.quillContentChanged (https://www.greencity.cx.ua/chunk-VNNOUBDJ.js:1:16043)
    at https://www.greencity.cx.ua/chunk-VNNOUBDJ.js:1:7223
    at eE (https://www.greencity.cx.ua/chunk-NUXSP4TM.js:11:76097)
    at Object.o [as next] (https://www.greencity.cx.ua/chunk-NUXSP4TM.js:11:76277)
    at bv.next (https://www.greencity.cx.ua/chunk-NUXSP4TM.js:7:3120)
    at Fr._next (https://www.greencity.cx.ua/chunk-NUXSP4TM.js:7:2803)
    at Fr.next (https://www.greencity.cx.ua/chunk-NUXSP4TM.js:7:2530)
    at https://www.greencity.cx.ua/chunk-NUXSP4TM.js:7:7848
    at Ac (https://www.greencity.cx.ua/chunk-NUXSP4TM.js:7:2222)
    at S0.next (https://www.greencity.cx.ua/chunk-NUXSP4TM.js:7:7687), [2026-03-15T12:00:22.767Z] [SEVERE] https://www.greencity.cx.ua/chunk-NUXSP4TM.js 10:45939 "ERROR" TypeError: Cannot read properties of null (reading 'setValue')
    at n.quillContentChanged (https://www.greencity.cx.ua/chunk-VNNOUBDJ.js:1:16043)
    at https://www.greencity.cx.ua/chunk-VNNOUBDJ.js:1:7223
    at eE (https://www.greencity.cx.ua/chunk-NUXSP4TM.js:11:76097)
    at Object.o [as next] (https://www.greencity.cx.ua/chunk-NUXSP4TM.js:11:76277)
    at bv.next (https://www.greencity.cx.ua/chunk-NUXSP4TM.js:7:3120)
    at Fr._next (https://www.greencity.cx.ua/chunk-NUXSP4TM.js:7:2803)
    at Fr.next (https://www.greencity.cx.ua/chunk-NUXSP4TM.js:7:2530)
    at https://www.greencity.cx.ua/chunk-NUXSP4TM.js:7:7848
    at Ac (https://www.greencity.cx.ua/chunk-NUXSP4TM.js:7:2222)
    at S0.next (https://www.greencity.cx.ua/chunk-NUXSP4TM.js:7:7687), [2026-03-15T12:00:22.770Z] [SEVERE] https://www.greencity.cx.ua/chunk-NUXSP4TM.js 10:45939 "ERROR" TypeError: Cannot read properties of null (reading 'setValue')
    at n.quillContentChanged (https://www.greencity.cx.ua/chunk-VNNOUBDJ.js:1:16043)
    at https://www.greencity.cx.ua/chunk-VNNOUBDJ.js:1:7223
    at eE (https://www.greencity.cx.ua/chunk-NUXSP4TM.js:11:76097)
    at Object.o [as next] (https://www.greencity.cx.ua/chunk-NUXSP4TM.js:11:76277)
    at bv.next (https://www.greencity.cx.ua/chunk-NUXSP4TM.js:7:3120)
    at Fr._next (https://www.greencity.cx.ua/chunk-NUXSP4TM.js:7:2803)
    at Fr.next (https://www.greencity.cx.ua/chunk-NUXSP4TM.js:7:2530)
    at https://www.greencity.cx.ua/chunk-NUXSP4TM.js:7:7848
    at Ac (https://www.greencity.cx.ua/chunk-NUXSP4TM.js:7:2222)
    at S0.next (https://www.greencity.cx.ua/chunk-NUXSP4TM.js:7:7687), [2026-03-15T12:00:22.774Z] [SEVERE] https://www.greencity.cx.ua/chunk-NUXSP4TM.js 10:45939 "ERROR" TypeError: Cannot read properties of null (reading 'setValue')
    at n.quillContentChanged (https://www.greencity.cx.ua/chunk-VNNOUBDJ.js:1:16043)
    at https://www.greencity.cx.ua/chunk-VNNOUBDJ.js:1:7223
    at eE (https://www.greencity.cx.ua/chunk-NUXSP4TM.js:11:76097)
    at Object.o [as next] (https://www.greencity.cx.ua/chunk-NUXSP4TM.js:11:76277)
    at bv.next (https://www.greencity.cx.ua/chunk-NUXSP4TM.js:7:3120)
    at Fr._next (https://www.greencity.cx.ua/chunk-NUXSP4TM.js:7:2803)
    at Fr.next (https://www.greencity.cx.ua/chunk-NUXSP4TM.js:7:2530)
    at https://www.greencity.cx.ua/chunk-NUXSP4TM.js:7:7848
    at Ac (https://www.greencity.cx.ua/chunk-NUXSP4TM.js:7:2222)
    at S0.next (https://www.greencity.cx.ua/chunk-NUXSP4TM.js:7:7687), [2026-03-15T12:00:22.779Z] [SEVERE] https://www.greencity.cx.ua/chunk-NUXSP4TM.js 10:45939 "ERROR" TypeError: Cannot read properties of null (reading 'setValue')
    at n.quillContentChanged (https://www.greencity.cx.ua/chunk-VNNOUBDJ.js:1:16043)
    at https://www.greencity.cx.ua/chunk-VNNOUBDJ.js:1:7223
    at eE (https://www.greencity.cx.ua/chunk-NUXSP4TM.js:11:76097)
    at Object.o [as next] (https://www.greencity.cx.ua/chunk-NUXSP4TM.js:11:76277)
    at bv.next (https://www.greencity.cx.ua/chunk-NUXSP4TM.js:7:3120)
    at Fr._next (https://www.greencity.cx.ua/chunk-NUXSP4TM.js:7:2803)
    at Fr.next (https://www.greencity.cx.ua/chunk-NUXSP4TM.js:7:2530)
    at https://www.greencity.cx.ua/chunk-NUXSP4TM.js:7:7848
    at Ac (https://www.greencity.cx.ua/chunk-NUXSP4TM.js:7:2222)
    at S0.next (https://www.greencity.cx.ua/chunk-NUXSP4TM.js:7:7687), [2026-03-15T12:00:22.784Z] [SEVERE] https://www.greencity.cx.ua/chunk-NUXSP4TM.js 10:45939 "ERROR" TypeError: Cannot read properties of null (reading 'setValue')
    at n.quillContentChanged (https://www.greencity.cx.ua/chunk-VNNOUBDJ.js:1:16043)
    at https://www.greencity.cx.ua/chunk-VNNOUBDJ.js:1:7223
    at eE (https://www.greencity.cx.ua/chunk-NUXSP4TM.js:11:76097)
    at Object.o [as next] (https://www.greencity.cx.ua/chunk-NUXSP4TM.js:11:76277)
    at bv.next (https://www.greencity.cx.ua/chunk-NUXSP4TM.js:7:3120)
    at Fr._next (https://www.greencity.cx.ua/chunk-NUXSP4TM.js:7:2803)
    at Fr.next (https://www.greencity.cx.ua/chunk-NUXSP4TM.js:7:2530)
    at https://www.greencity.cx.ua/chunk-NUXSP4TM.js:7:7848
    at Ac (https://www.greencity.cx.ua/chunk-NUXSP4TM.js:7:2222)
    at S0.next (https://www.greencity.cx.ua/chunk-NUXSP4TM.js:7:7687), [2026-03-15T12:00:22.795Z] [SEVERE] https://www.greencity.cx.ua/chunk-NUXSP4TM.js 10:45939 "ERROR" TypeError: Cannot read properties of null (reading 'setValue')
    at n.quillContentChanged (https://www.greencity.cx.ua/chunk-VNNOUBDJ.js:1:16043)
    at https://www.greencity.cx.ua/chunk-VNNOUBDJ.js:1:7223
    at eE (https://www.greencity.cx.ua/chunk-NUXSP4TM.js:11:76097)
    at Object.o [as next] (https://www.greencity.cx.ua/chunk-NUXSP4TM.js:11:76277)
    at bv.next (https://www.greencity.cx.ua/chunk-NUXSP4TM.js:7:3120)
    at Fr._next (https://www.greencity.cx.ua/chunk-NUXSP4TM.js:7:2803)
    at Fr.next (https://www.greencity.cx.ua/chunk-NUXSP4TM.js:7:2530)
    at https://www.greencity.cx.ua/chunk-NUXSP4TM.js:7:7848
    at Ac (https://www.greencity.cx.ua/chunk-NUXSP4TM.js:7:2222)
    at S0.next (https://www.greencity.cx.ua/chunk-NUXSP4TM.js:7:7687), [2026-03-15T12:00:22.797Z] [SEVERE] https://www.greencity.cx.ua/chunk-NUXSP4TM.js 10:45939 "ERROR" TypeError: Cannot read properties of null (reading 'setValue')
    at n.quillContentChanged (https://www.greencity.cx.ua/chunk-VNNOUBDJ.js:1:16043)
    at https://www.greencity.cx.ua/chunk-VNNOUBDJ.js:1:7223
    at eE (https://www.greencity.cx.ua/chunk-NUXSP4TM.js:11:76097)
    at Object.o [as next] (https://www.greencity.cx.ua/chunk-NUXSP4TM.js:11:76277)
    at bv.next (https://www.greencity.cx.ua/chunk-NUXSP4TM.js:7:3120)
    at Fr._next (https://www.greencity.cx.ua/chunk-NUXSP4TM.js:7:2803)
    at Fr.next (https://www.greencity.cx.ua/chunk-NUXSP4TM.js:7:2530)
    at https://www.greencity.cx.ua/chunk-NUXSP4TM.js:7:7848
    at Ac (https://www.greencity.cx.ua/chunk-NUXSP4TM.js:7:2222)
    at S0.next (https://www.greencity.cx.ua/chunk-NUXSP4TM.js:7:7687), [2026-03-15T12:00:22.803Z] [SEVERE] https://www.greencity.cx.ua/chunk-NUXSP4TM.js 10:45939 "ERROR" TypeError: Cannot read properties of null (reading 'setValue')
    at n.quillContentChanged (https://www.greencity.cx.ua/chunk-VNNOUBDJ.js:1:16043)
    at https://www.greencity.cx.ua/chunk-VNNOUBDJ.js:1:7223
    at eE (https://www.greencity.cx.ua/chunk-NUXSP4TM.js:11:76097)
    at Object.o [as next] (https://www.greencity.cx.ua/chunk-NUXSP4TM.js:11:76277)
    at bv.next (https://www.greencity.cx.ua/chunk-NUXSP4TM.js:7:3120)
    at Fr._next (https://www.greencity.cx.ua/chunk-NUXSP4TM.js:7:2803)
    at Fr.next (https://www.greencity.cx.ua/chunk-NUXSP4TM.js:7:2530)
    at https://www.greencity.cx.ua/chunk-NUXSP4TM.js:7:7848
    at Ac (https://www.greencity.cx.ua/chunk-NUXSP4TM.js:7:2222)
    at S0.next (https://www.greencity.cx.ua/chunk-NUXSP4TM.js:7:7687), [2026-03-15T12:00:22.807Z] [SEVERE] https://www.greencity.cx.ua/chunk-NUXSP4TM.js 10:45939 "ERROR" TypeError: Cannot read properties of null (reading 'setValue')
    at n.quillContentChanged (https://www.greencity.cx.ua/chunk-VNNOUBDJ.js:1:16043)
    at https://www.greencity.cx.ua/chunk-VNNOUBDJ.js:1:7223
    at eE (https://www.greencity.cx.ua/chunk-NUXSP4TM.js:11:76097)
    at Object.o [as next] (https://www.greencity.cx.ua/chunk-NUXSP4TM.js:11:76277)
    at bv.next (https://www.greencity.cx.ua/chunk-NUXSP4TM.js:7:3120)
    at Fr._next (https://www.greencity.cx.ua/chunk-NUXSP4TM.js:7:2803)
    at Fr.next (https://www.greencity.cx.ua/chunk-NUXSP4TM.js:7:2530)
    at https://www.greencity.cx.ua/chunk-NUXSP4TM.js:7:7848
    at Ac (https://www.greencity.cx.ua/chunk-NUXSP4TM.js:7:2222)
    at S0.next (https://www.greencity.cx.ua/chunk-NUXSP4TM.js:7:7687), [2026-03-15T12:00:22.813Z] [SEVERE] https://www.greencity.cx.ua/chunk-NUXSP4TM.js 10:45939 "ERROR" TypeError: Cannot read properties of null (reading 'setValue')
    at n.quillContentChanged (https://www.greencity.cx.ua/chunk-VNNOUBDJ.js:1:16043)
    at https://www.greencity.cx.ua/chunk-VNNOUBDJ.js:1:7223
    at eE (https://www.greencity.cx.ua/chunk-NUXSP4TM.js:11:76097)
    at Object.o [as next] (https://www.greencity.cx.ua/chunk-NUXSP4TM.js:11:76277)
    at bv.next (https://www.greencity.cx.ua/chunk-NUXSP4TM.js:7:3120)
    at Fr._next (https://www.greencity.cx.ua/chunk-NUXSP4TM.js:7:2803)
    at Fr.next (https://www.greencity.cx.ua/chunk-NUXSP4TM.js:7:2530)
    at https://www.greencity.cx.ua/chunk-NUXSP4TM.js:7:7848
    at Ac (https://www.greencity.cx.ua/chunk-NUXSP4TM.js:7:2222)
    at S0.next (https://www.greencity.cx.ua/chunk-NUXSP4TM.js:7:7687), [2026-03-15T12:00:22.817Z] [SEVERE] https://www.greencity.cx.ua/chunk-NUXSP4TM.js 10:45939 "ERROR" TypeError: Cannot read properties of null (reading 'setValue')
    at n.quillContentChanged (https://www.greencity.cx.ua/chunk-VNNOUBDJ.js:1:16043)
    at https://www.greencity.cx.ua/chunk-VNNOUBDJ.js:1:7223
    at eE (https://www.greencity.cx.ua/chunk-NUXSP4TM.js:11:76097)
    at Object.o [as next] (https://www.greencity.cx.ua/chunk-NUXSP4TM.js:11:76277)
    at bv.next (https://www.greencity.cx.ua/chunk-NUXSP4TM.js:7:3120)
    at Fr._next (https://www.greencity.cx.ua/chunk-NUXSP4TM.js:7:2803)
    at Fr.next (https://www.greencity.cx.ua/chunk-NUXSP4TM.js:7:2530)
    at https://www.greencity.cx.ua/chunk-NUXSP4TM.js:7:7848
    at Ac (https://www.greencity.cx.ua/chunk-NUXSP4TM.js:7:2222)
    at S0.next (https://www.greencity.cx.ua/chunk-NUXSP4TM.js:7:7687), [2026-03-15T12:00:22.822Z] [SEVERE] https://www.greencity.cx.ua/chunk-NUXSP4TM.js 10:45939 "ERROR" TypeError: Cannot read properties of null (reading 'setValue')
    at n.quillContentChanged (https://www.greencity.cx.ua/chunk-VNNOUBDJ.js:1:16043)
    at https://www.greencity.cx.ua/chunk-VNNOUBDJ.js:1:7223
    at eE (https://www.greencity.cx.ua/chunk-NUXSP4TM.js:11:76097)
    at Object.o [as next] (https://www.greencity.cx.ua/chunk-NUXSP4TM.js:11:76277)
    at bv.next (https://www.greencity.cx.ua/chunk-NUXSP4TM.js:7:3120)
    at Fr._next (https://www.greencity.cx.ua/chunk-NUXSP4TM.js:7:2803)
    at Fr.next (https://www.greencity.cx.ua/chunk-NUXSP4TM.js:7:2530)
    at https://www.greencity.cx.ua/chunk-NUXSP4TM.js:7:7848
    at Ac (https://www.greencity.cx.ua/chunk-NUXSP4TM.js:7:2222)
    at S0.next (https://www.greencity.cx.ua/chunk-NUXSP4TM.js:7:7687), [2026-03-15T12:00:22.830Z] [SEVERE] https://www.greencity.cx.ua/chunk-NUXSP4TM.js 10:45939 "ERROR" TypeError: Cannot read properties of null (reading 'setValue')
    at n.quillContentChanged (https://www.greencity.cx.ua/chunk-VNNOUBDJ.js:1:16043)
    at https://www.greencity.cx.ua/chunk-VNNOUBDJ.js:1:7223
    at eE (https://www.greencity.cx.ua/chunk-NUXSP4TM.js:11:76097)
    at Object.o [as next] (https://www.greencity.cx.ua/chunk-NUXSP4TM.js:11:76277)
    at bv.next (https://www.greencity.cx.ua/chunk-NUXSP4TM.js:7:3120)
    at Fr._next (https://www.greencity.cx.ua/chunk-NUXSP4TM.js:7:2803)
    at Fr.next (https://www.greencity.cx.ua/chunk-NUXSP4TM.js:7:2530)
    at https://www.greencity.cx.ua/chunk-NUXSP4TM.js:7:7848
    at Ac (https://www.greencity.cx.ua/chunk-NUXSP4TM.js:7:2222)
    at S0.next (https://www.greencity.cx.ua/chunk-NUXSP4TM.js:7:7687), [2026-03-15T12:00:22.832Z] [SEVERE] https://www.greencity.cx.ua/chunk-NUXSP4TM.js 10:45939 "ERROR" TypeError: Cannot read properties of null (reading 'setValue')
    at n.quillContentChanged (https://www.greencity.cx.ua/chunk-VNNOUBDJ.js:1:16043)
    at https://www.greencity.cx.ua/chunk-VNNOUBDJ.js:1:7223
    at eE (https://www.greencity.cx.ua/chunk-NUXSP4TM.js:11:76097)
    at Object.o [as next] (https://www.greencity.cx.ua/chunk-NUXSP4TM.js:11:76277)
    at bv.next (https://www.greencity.cx.ua/chunk-NUXSP4TM.js:7:3120)
    at Fr._next (https://www.greencity.cx.ua/chunk-NUXSP4TM.js:7:2803)
    at Fr.next (https://www.greencity.cx.ua/chunk-NUXSP4TM.js:7:2530)
    at https://www.greencity.cx.ua/chunk-NUXSP4TM.js:7:7848
    at Ac (https://www.greencity.cx.ua/chunk-NUXSP4TM.js:7:2222)
    at S0.next (https://www.greencity.cx.ua/chunk-NUXSP4TM.js:7:7687), [2026-03-15T12:00:22.848Z] [SEVERE] https://www.greencity.cx.ua/chunk-NUXSP4TM.js 10:45939 "ERROR" TypeError: Cannot read properties of null (reading 'setValue')
    at n.quillContentChanged (https://www.greencity.cx.ua/chunk-VNNOUBDJ.js:1:16043)
    at https://www.greencity.cx.ua/chunk-VNNOUBDJ.js:1:7223
    at eE (https://www.greencity.cx.ua/chunk-NUXSP4TM.js:11:76097)
    at Object.o [as next] (https://www.greencity.cx.ua/chunk-NUXSP4TM.js:11:76277)
    at bv.next (https://www.greencity.cx.ua/chunk-NUXSP4TM.js:7:3120)
    at Fr._next (https://www.greencity.cx.ua/chunk-NUXSP4TM.js:7:2803)
    at Fr.next (https://www.greencity.cx.ua/chunk-NUXSP4TM.js:7:2530)
    at https://www.greencity.cx.ua/chunk-NUXSP4TM.js:7:7848
    at Ac (https://www.greencity.cx.ua/chunk-NUXSP4TM.js:7:2222)
    at S0.next (https://www.greencity.cx.ua/chunk-NUXSP4TM.js:7:7687), [2026-03-15T12:00:22.855Z] [SEVERE] https://www.greencity.cx.ua/chunk-NUXSP4TM.js 10:45939 "ERROR" TypeError: Cannot read properties of null (reading 'setValue')
    at n.quillContentChanged (https://www.greencity.cx.ua/chunk-VNNOUBDJ.js:1:16043)
    at https://www.greencity.cx.ua/chunk-VNNOUBDJ.js:1:7223
    at eE (https://www.greencity.cx.ua/chunk-NUXSP4TM.js:11:76097)
    at Object.o [as next] (https://www.greencity.cx.ua/chunk-NUXSP4TM.js:11:76277)
    at bv.next (https://www.greencity.cx.ua/chunk-NUXSP4TM.js:7:3120)
    at Fr._next (https://www.greencity.cx.ua/chunk-NUXSP4TM.js:7:2803)
    at Fr.next (https://www.greencity.cx.ua/chunk-NUXSP4TM.js:7:2530)
    at https://www.greencity.cx.ua/chunk-NUXSP4TM.js:7:7848
    at Ac (https://www.greencity.cx.ua/chunk-NUXSP4TM.js:7:2222)
    at S0.next (https://www.greencity.cx.ua/chunk-NUXSP4TM.js:7:7687), [2026-03-15T12:00:22.855Z] [SEVERE] https://www.greencity.cx.ua/chunk-NUXSP4TM.js 10:45939 "ERROR" TypeError: Cannot read properties of null (reading 'setValue')
    at n.quillContentChanged (https://www.greencity.cx.ua/chunk-VNNOUBDJ.js:1:16043)
    at https://www.greencity.cx.ua/chunk-VNNOUBDJ.js:1:7223
    at eE (https://www.greencity.cx.ua/chunk-NUXSP4TM.js:11:76097)
    at Object.o [as next] (https://www.greencity.cx.ua/chunk-NUXSP4TM.js:11:76277)
    at bv.next (https://www.greencity.cx.ua/chunk-NUXSP4TM.js:7:3120)
    at Fr._next (https://www.greencity.cx.ua/chunk-NUXSP4TM.js:7:2803)
    at Fr.next (https://www.greencity.cx.ua/chunk-NUXSP4TM.js:7:2530)
    at https://www.greencity.cx.ua/chunk-NUXSP4TM.js:7:7848
    at Ac (https://www.greencity.cx.ua/chunk-NUXSP4TM.js:7:2222)
    at S0.next (https://www.greencity.cx.ua/chunk-NUXSP4TM.js:7:7687), [2026-03-15T12:00:22.859Z] [SEVERE] https://www.greencity.cx.ua/chunk-NUXSP4TM.js 10:45939 "ERROR" TypeError: Cannot read properties of null (reading 'setValue')
    at n.quillContentChanged (https://www.greencity.cx.ua/chunk-VNNOUBDJ.js:1:16043)
    at https://www.greencity.cx.ua/chunk-VNNOUBDJ.js:1:7223
    at eE (https://www.greencity.cx.ua/chunk-NUXSP4TM.js:11:76097)
    at Object.o [as next] (https://www.greencity.cx.ua/chunk-NUXSP4TM.js:11:76277)
    at bv.next (https://www.greencity.cx.ua/chunk-NUXSP4TM.js:7:3120)
    at Fr._next (https://www.greencity.cx.ua/chunk-NUXSP4TM.js:7:2803)
    at Fr.next (https://www.greencity.cx.ua/chunk-NUXSP4TM.js:7:2530)
    at https://www.greencity.cx.ua/chunk-NUXSP4TM.js:7:7848
    at Ac (https://www.greencity.cx.ua/chunk-NUXSP4TM.js:7:2222)
    at S0.next (https://www.greencity.cx.ua/chunk-NUXSP4TM.js:7:7687), [2026-03-15T12:00:22.862Z] [SEVERE] https://www.greencity.cx.ua/chunk-NUXSP4TM.js 10:45939 "ERROR" TypeError: Cannot read properties of null (reading 'setValue')
    at n.quillContentChanged (https://www.greencity.cx.ua/chunk-VNNOUBDJ.js:1:16043)
    at https://www.greencity.cx.ua/chunk-VNNOUBDJ.js:1:7223
    at eE (https://www.greencity.cx.ua/chunk-NUXSP4TM.js:11:76097)
    at Object.o [as next] (https://www.greencity.cx.ua/chunk-NUXSP4TM.js:11:76277)
    at bv.next (https://www.greencity.cx.ua/chunk-NUXSP4TM.js:7:3120)
    at Fr._next (https://www.greencity.cx.ua/chunk-NUXSP4TM.js:7:2803)
    at Fr.next (https://www.greencity.cx.ua/chunk-NUXSP4TM.js:7:2530)
    at https://www.greencity.cx.ua/chunk-NUXSP4TM.js:7:7848
    at Ac (https://www.greencity.cx.ua/chunk-NUXSP4TM.js:7:2222)
    at S0.next (https://www.greencity.cx.ua/chunk-NUXSP4TM.js:7:7687), [2026-03-15T12:00:22.870Z] [SEVERE] https://www.greencity.cx.ua/chunk-NUXSP4TM.js 10:45939 "ERROR" TypeError: Cannot read properties of null (reading 'setValue')
    at n.quillContentChanged (https://www.greencity.cx.ua/chunk-VNNOUBDJ.js:1:16043)
    at https://www.greencity.cx.ua/chunk-VNNOUBDJ.js:1:7223
    at eE (https://www.greencity.cx.ua/chunk-NUXSP4TM.js:11:76097)
    at Object.o [as next] (https://www.greencity.cx.ua/chunk-NUXSP4TM.js:11:76277)
    at bv.next (https://www.greencity.cx.ua/chunk-NUXSP4TM.js:7:3120)
    at Fr._next (https://www.greencity.cx.ua/chunk-NUXSP4TM.js:7:2803)
    at Fr.next (https://www.greencity.cx.ua/chunk-NUXSP4TM.js:7:2530)
    at https://www.greencity.cx.ua/chunk-NUXSP4TM.js:7:7848
    at Ac (https://www.greencity.cx.ua/chunk-NUXSP4TM.js:7:2222)
    at S0.next (https://www.greencity.cx.ua/chunk-NUXSP4TM.js:7:7687), [2026-03-15T12:00:22.871Z] [SEVERE] https://www.greencity.cx.ua/chunk-NUXSP4TM.js 10:45939 "ERROR" TypeError: Cannot read properties of null (reading 'setValue')
    at n.quillContentChanged (https://www.greencity.cx.ua/chunk-VNNOUBDJ.js:1:16043)
    at https://www.greencity.cx.ua/chunk-VNNOUBDJ.js:1:7223
    at eE (https://www.greencity.cx.ua/chunk-NUXSP4TM.js:11:76097)
    at Object.o [as next] (https://www.greencity.cx.ua/chunk-NUXSP4TM.js:11:76277)
    at bv.next (https://www.greencity.cx.ua/chunk-NUXSP4TM.js:7:3120)
    at Fr._next (https://www.greencity.cx.ua/chunk-NUXSP4TM.js:7:2803)
    at Fr.next (https://www.greencity.cx.ua/chunk-NUXSP4TM.js:7:2530)
    at https://www.greencity.cx.ua/chunk-NUXSP4TM.js:7:7848
    at Ac (https://www.greencity.cx.ua/chunk-NUXSP4TM.js:7:2222)
    at S0.next (https://www.greencity.cx.ua/chunk-NUXSP4TM.js:7:7687), [2026-03-15T12:00:22.875Z] [SEVERE] https://www.greencity.cx.ua/chunk-NUXSP4TM.js 10:45939 "ERROR" TypeError: Cannot read properties of null (reading 'setValue')
    at n.quillContentChanged (https://www.greencity.cx.ua/chunk-VNNOUBDJ.js:1:16043)
    at https://www.greencity.cx.ua/chunk-VNNOUBDJ.js:1:7223
    at eE (https://www.greencity.cx.ua/chunk-NUXSP4TM.js:11:76097)
    at Object.o [as next] (https://www.greencity.cx.ua/chunk-NUXSP4TM.js:11:76277)
    at bv.next (https://www.greencity.cx.ua/chunk-NUXSP4TM.js:7:3120)
    at Fr._next (https://www.greencity.cx.ua/chunk-NUXSP4TM.js:7:2803)
    at Fr.next (https://www.greencity.cx.ua/chunk-NUXSP4TM.js:7:2530)
    at https://www.greencity.cx.ua/chunk-NUXSP4TM.js:7:7848
    at Ac (https://www.greencity.cx.ua/chunk-NUXSP4TM.js:7:2222)
    at S0.next (https://www.greencity.cx.ua/chunk-NUXSP4TM.js:7:7687), [2026-03-15T12:00:22.881Z] [SEVERE] https://www.greencity.cx.ua/chunk-NUXSP4TM.js 10:45939 "ERROR" TypeError: Cannot read properties of null (reading 'setValue')
    at n.quillContentChanged (https://www.greencity.cx.ua/chunk-VNNOUBDJ.js:1:16043)
    at https://www.greencity.cx.ua/chunk-VNNOUBDJ.js:1:7223
    at eE (https://www.greencity.cx.ua/chunk-NUXSP4TM.js:11:76097)
    at Object.o [as next] (https://www.greencity.cx.ua/chunk-NUXSP4TM.js:11:76277)
    at bv.next (https://www.greencity.cx.ua/chunk-NUXSP4TM.js:7:3120)
    at Fr._next (https://www.greencity.cx.ua/chunk-NUXSP4TM.js:7:2803)
    at Fr.next (https://www.greencity.cx.ua/chunk-NUXSP4TM.js:7:2530)
    at https://www.greencity.cx.ua/chunk-NUXSP4TM.js:7:7848
    at Ac (https://www.greencity.cx.ua/chunk-NUXSP4TM.js:7:2222)
    at S0.next (https://www.greencity.cx.ua/chunk-NUXSP4TM.js:7:7687), [2026-03-15T12:00:22.883Z] [SEVERE] https://www.greencity.cx.ua/chunk-NUXSP4TM.js 10:45939 "ERROR" TypeError: Cannot read properties of null (reading 'setValue')
    at n.quillContentChanged (https://www.greencity.cx.ua/chunk-VNNOUBDJ.js:1:16043)
    at https://www.greencity.cx.ua/chunk-VNNOUBDJ.js:1:7223
    at eE (https://www.greencity.cx.ua/chunk-NUXSP4TM.js:11:76097)
    at Object.o [as next] (https://www.greencity.cx.ua/chunk-NUXSP4TM.js:11:76277)
    at bv.next (https://www.greencity.cx.ua/chunk-NUXSP4TM.js:7:3120)
    at Fr._next (https://www.greencity.cx.ua/chunk-NUXSP4TM.js:7:2803)
    at Fr.next (https://www.greencity.cx.ua/chunk-NUXSP4TM.js:7:2530)
    at https://www.greencity.cx.ua/chunk-NUXSP4TM.js:7:7848
    at Ac (https://www.greencity.cx.ua/chunk-NUXSP4TM.js:7:2222)
    at S0.next (https://www.greencity.cx.ua/chunk-NUXSP4TM.js:7:7687), [2026-03-15T12:00:22.886Z] [SEVERE] https://www.greencity.cx.ua/chunk-NUXSP4TM.js 10:45939 "ERROR" TypeError: Cannot read properties of null (reading 'setValue')
    at n.quillContentChanged (https://www.greencity.cx.ua/chunk-VNNOUBDJ.js:1:16043)
    at https://www.greencity.cx.ua/chunk-VNNOUBDJ.js:1:7223
    at eE (https://www.greencity.cx.ua/chunk-NUXSP4TM.js:11:76097)
    at Object.o [as next] (https://www.greencity.cx.ua/chunk-NUXSP4TM.js:11:76277)
    at bv.next (https://www.greencity.cx.ua/chunk-NUXSP4TM.js:7:3120)
    at Fr._next (https://www.greencity.cx.ua/chunk-NUXSP4TM.js:7:2803)
    at Fr.next (https://www.greencity.cx.ua/chunk-NUXSP4TM.js:7:2530)
    at https://www.greencity.cx.ua/chunk-NUXSP4TM.js:7:7848
    at Ac (https://www.greencity.cx.ua/chunk-NUXSP4TM.js:7:2222)
    at S0.next (https://www.greencity.cx.ua/chunk-NUXSP4TM.js:7:7687), [2026-03-15T12:00:22.890Z] [SEVERE] https://www.greencity.cx.ua/chunk-NUXSP4TM.js 10:45939 "ERROR" TypeError: Cannot read properties of null (reading 'setValue')
    at n.quillContentChanged (https://www.greencity.cx.ua/chunk-VNNOUBDJ.js:1:16043)
    at https://www.greencity.cx.ua/chunk-VNNOUBDJ.js:1:7223
    at eE (https://www.greencity.cx.ua/chunk-NUXSP4TM.js:11:76097)
    at Object.o [as next] (https://www.greencity.cx.ua/chunk-NUXSP4TM.js:11:76277)
    at bv.next (https://www.greencity.cx.ua/chunk-NUXSP4TM.js:7:3120)
    at Fr._next (https://www.greencity.cx.ua/chunk-NUXSP4TM.js:7:2803)
    at Fr.next (https://www.greencity.cx.ua/chunk-NUXSP4TM.js:7:2530)
    at https://www.greencity.cx.ua/chunk-NUXSP4TM.js:7:7848
    at Ac (https://www.greencity.cx.ua/chunk-NUXSP4TM.js:7:2222)
    at S0.next (https://www.greencity.cx.ua/chunk-NUXSP4TM.js:7:7687), [2026-03-15T12:00:22.893Z] [SEVERE] https://www.greencity.cx.ua/chunk-NUXSP4TM.js 10:45939 "ERROR" TypeError: Cannot read properties of null (reading 'setValue')
    at n.quillContentChanged (https://www.greencity.cx.ua/chunk-VNNOUBDJ.js:1:16043)
    at https://www.greencity.cx.ua/chunk-VNNOUBDJ.js:1:7223
    at eE (https://www.greencity.cx.ua/chunk-NUXSP4TM.js:11:76097)
    at Object.o [as next] (https://www.greencity.cx.ua/chunk-NUXSP4TM.js:11:76277)
    at bv.next (https://www.greencity.cx.ua/chunk-NUXSP4TM.js:7:3120)
    at Fr._next (https://www.greencity.cx.ua/chunk-NUXSP4TM.js:7:2803)
    at Fr.next (https://www.greencity.cx.ua/chunk-NUXSP4TM.js:7:2530)
    at https://www.greencity.cx.ua/chunk-NUXSP4TM.js:7:7848
    at Ac (https://www.greencity.cx.ua/chunk-NUXSP4TM.js:7:2222)
    at S0.next (https://www.greencity.cx.ua/chunk-NUXSP4TM.js:7:7687), [2026-03-15T12:00:22.897Z] [SEVERE] https://www.greencity.cx.ua/chunk-NUXSP4TM.js 10:45939 "ERROR" TypeError: Cannot read properties of null (reading 'setValue')
    at n.quillContentChanged (https://www.greencity.cx.ua/chunk-VNNOUBDJ.js:1:16043)
    at https://www.greencity.cx.ua/chunk-VNNOUBDJ.js:1:7223
    at eE (https://www.greencity.cx.ua/chunk-NUXSP4TM.js:11:76097)
    at Object.o [as next] (https://www.greencity.cx.ua/chunk-NUXSP4TM.js:11:76277)
    at bv.next (https://www.greencity.cx.ua/chunk-NUXSP4TM.js:7:3120)
    at Fr._next (https://www.greencity.cx.ua/chunk-NUXSP4TM.js:7:2803)
    at Fr.next (https://www.greencity.cx.ua/chunk-NUXSP4TM.js:7:2530)
    at https://www.greencity.cx.ua/chunk-NUXSP4TM.js:7:7848
    at Ac (https://www.greencity.cx.ua/chunk-NUXSP4TM.js:7:2222)
    at S0.next (https://www.greencity.cx.ua/chunk-NUXSP4TM.js:7:7687), [2026-03-15T12:00:22.901Z] [SEVERE] https://www.greencity.cx.ua/chunk-NUXSP4TM.js 10:45939 "ERROR" TypeError: Cannot read properties of null (reading 'setValue')
    at n.quillContentChanged (https://www.greencity.cx.ua/chunk-VNNOUBDJ.js:1:16043)
    at https://www.greencity.cx.ua/chunk-VNNOUBDJ.js:1:7223
    at eE (https://www.greencity.cx.ua/chunk-NUXSP4TM.js:11:76097)
    at Object.o [as next] (https://www.greencity.cx.ua/chunk-NUXSP4TM.js:11:76277)
    at bv.next (https://www.greencity.cx.ua/chunk-NUXSP4TM.js:7:3120)
    at Fr._next (https://www.greencity.cx.ua/chunk-NUXSP4TM.js:7:2803)
    at Fr.next (https://www.greencity.cx.ua/chunk-NUXSP4TM.js:7:2530)
    at https://www.greencity.cx.ua/chunk-NUXSP4TM.js:7:7848
    at Ac (https://www.greencity.cx.ua/chunk-NUXSP4TM.js:7:2222)
    at S0.next (https://www.greencity.cx.ua/chunk-NUXSP4TM.js:7:7687), [2026-03-15T12:00:22.903Z] [SEVERE] https://www.greencity.cx.ua/chunk-NUXSP4TM.js 10:45939 "ERROR" TypeError: Cannot read properties of null (reading 'setValue')
    at n.quillContentChanged (https://www.greencity.cx.ua/chunk-VNNOUBDJ.js:1:16043)
    at https://www.greencity.cx.ua/chunk-VNNOUBDJ.js:1:7223
    at eE (https://www.greencity.cx.ua/chunk-NUXSP4TM.js:11:76097)
    at Object.o [as next] (https://www.greencity.cx.ua/chunk-NUXSP4TM.js:11:76277)
    at bv.next (https://www.greencity.cx.ua/chunk-NUXSP4TM.js:7:3120)
    at Fr._next (https://www.greencity.cx.ua/chunk-NUXSP4TM.js:7:2803)
    at Fr.next (https://www.greencity.cx.ua/chunk-NUXSP4TM.js:7:2530)
    at https://www.greencity.cx.ua/chunk-NUXSP4TM.js:7:7848
    at Ac (https://www.greencity.cx.ua/chunk-NUXSP4TM.js:7:2222)
    at S0.next (https://www.greencity.cx.ua/chunk-NUXSP4TM.js:7:7687), [2026-03-15T12:00:22.905Z] [SEVERE] https://www.greencity.cx.ua/chunk-NUXSP4TM.js 10:45939 "ERROR" TypeError: Cannot read properties of null (reading 'setValue')
    at n.quillContentChanged (https://www.greencity.cx.ua/chunk-VNNOUBDJ.js:1:16043)
    at https://www.greencity.cx.ua/chunk-VNNOUBDJ.js:1:7223
    at eE (https://www.greencity.cx.ua/chunk-NUXSP4TM.js:11:76097)
    at Object.o [as next] (https://www.greencity.cx.ua/chunk-NUXSP4TM.js:11:76277)
    at bv.next (https://www.greencity.cx.ua/chunk-NUXSP4TM.js:7:3120)
    at Fr._next (https://www.greencity.cx.ua/chunk-NUXSP4TM.js:7:2803)
    at Fr.next (https://www.greencity.cx.ua/chunk-NUXSP4TM.js:7:2530)
    at https://www.greencity.cx.ua/chunk-NUXSP4TM.js:7:7848
    at Ac (https://www.greencity.cx.ua/chunk-NUXSP4TM.js:7:2222)
    at S0.next (https://www.greencity.cx.ua/chunk-NUXSP4TM.js:7:7687), [2026-03-15T12:00:22.908Z] [SEVERE] https://www.greencity.cx.ua/chunk-NUXSP4TM.js 10:45939 "ERROR" TypeError: Cannot read properties of null (reading 'setValue')
    at n.quillContentChanged (https://www.greencity.cx.ua/chunk-VNNOUBDJ.js:1:16043)
    at https://www.greencity.cx.ua/chunk-VNNOUBDJ.js:1:7223
    at eE (https://www.greencity.cx.ua/chunk-NUXSP4TM.js:11:76097)
    at Object.o [as next] (https://www.greencity.cx.ua/chunk-NUXSP4TM.js:11:76277)
    at bv.next (https://www.greencity.cx.ua/chunk-NUXSP4TM.js:7:3120)
    at Fr._next (https://www.greencity.cx.ua/chunk-NUXSP4TM.js:7:2803)
    at Fr.next (https://www.greencity.cx.ua/chunk-NUXSP4TM.js:7:2530)
    at https://www.greencity.cx.ua/chunk-NUXSP4TM.js:7:7848
    at Ac (https://www.greencity.cx.ua/chunk-NUXSP4TM.js:7:2222)
    at S0.next (https://www.greencity.cx.ua/chunk-NUXSP4TM.js:7:7687), [2026-03-15T12:00:22.910Z] [SEVERE] https://www.greencity.cx.ua/chunk-NUXSP4TM.js 10:45939 "ERROR" TypeError: Cannot read properties of null (reading 'setValue')
    at n.quillContentChanged (https://www.greencity.cx.ua/chunk-VNNOUBDJ.js:1:16043)
    at https://www.greencity.cx.ua/chunk-VNNOUBDJ.js:1:7223
    at eE (https://www.greencity.cx.ua/chunk-NUXSP4TM.js:11:76097)
    at Object.o [as next] (https://www.greencity.cx.ua/chunk-NUXSP4TM.js:11:76277)
    at bv.next (https://www.greencity.cx.ua/chunk-NUXSP4TM.js:7:3120)
    at Fr._next (https://www.greencity.cx.ua/chunk-NUXSP4TM.js:7:2803)
    at Fr.next (https://www.greencity.cx.ua/chunk-NUXSP4TM.js:7:2530)
    at https://www.greencity.cx.ua/chunk-NUXSP4TM.js:7:7848
    at Ac (https://www.greencity.cx.ua/chunk-NUXSP4TM.js:7:2222)
    at S0.next (https://www.greencity.cx.ua/chunk-NUXSP4TM.js:7:7687), [2026-03-15T12:00:22.912Z] [SEVERE] https://www.greencity.cx.ua/chunk-NUXSP4TM.js 10:45939 "ERROR" TypeError: Cannot read properties of null (reading 'setValue')
    at n.quillContentChanged (https://www.greencity.cx.ua/chunk-VNNOUBDJ.js:1:16043)
    at https://www.greencity.cx.ua/chunk-VNNOUBDJ.js:1:7223
    at eE (https://www.greencity.cx.ua/chunk-NUXSP4TM.js:11:76097)
    at Object.o [as next] (https://www.greencity.cx.ua/chunk-NUXSP4TM.js:11:76277)
    at bv.next (https://www.greencity.cx.ua/chunk-NUXSP4TM.js:7:3120)
    at Fr._next (https://www.greencity.cx.ua/chunk-NUXSP4TM.js:7:2803)
    at Fr.next (https://www.greencity.cx.ua/chunk-NUXSP4TM.js:7:2530)
    at https://www.greencity.cx.ua/chunk-NUXSP4TM.js:7:7848
    at Ac (https://www.greencity.cx.ua/chunk-NUXSP4TM.js:7:2222)
    at S0.next (https://www.greencity.cx.ua/chunk-NUXSP4TM.js:7:7687), [2026-03-15T12:00:22.915Z] [SEVERE] https://www.greencity.cx.ua/chunk-NUXSP4TM.js 10:45939 "ERROR" TypeError: Cannot read properties of null (reading 'setValue')
    at n.quillContentChanged (https://www.greencity.cx.ua/chunk-VNNOUBDJ.js:1:16043)
    at https://www.greencity.cx.ua/chunk-VNNOUBDJ.js:1:7223
    at eE (https://www.greencity.cx.ua/chunk-NUXSP4TM.js:11:76097)
    at Object.o [as next] (https://www.greencity.cx.ua/chunk-NUXSP4TM.js:11:76277)
    at bv.next (https://www.greencity.cx.ua/chunk-NUXSP4TM.js:7:3120)
    at Fr._next (https://www.greencity.cx.ua/chunk-NUXSP4TM.js:7:2803)
    at Fr.next (https://www.greencity.cx.ua/chunk-NUXSP4TM.js:7:2530)
    at https://www.greencity.cx.ua/chunk-NUXSP4TM.js:7:7848
    at Ac (https://www.greencity.cx.ua/chunk-NUXSP4TM.js:7:2222)
    at S0.next (https://www.greencity.cx.ua/chunk-NUXSP4TM.js:7:7687), [2026-03-15T12:00:22.917Z] [SEVERE] https://www.greencity.cx.ua/chunk-NUXSP4TM.js 10:45939 "ERROR" TypeError: Cannot read properties of null (reading 'setValue')
    at n.quillContentChanged (https://www.greencity.cx.ua/chunk-VNNOUBDJ.js:1:16043)
    at https://www.greencity.cx.ua/chunk-VNNOUBDJ.js:1:7223
    at eE (https://www.greencity.cx.ua/chunk-NUXSP4TM.js:11:76097)
    at Object.o [as next] (https://www.greencity.cx.ua/chunk-NUXSP4TM.js:11:76277)
    at bv.next (https://www.greencity.cx.ua/chunk-NUXSP4TM.js:7:3120)
    at Fr._next (https://www.greencity.cx.ua/chunk-NUXSP4TM.js:7:2803)
    at Fr.next (https://www.greencity.cx.ua/chunk-NUXSP4TM.js:7:2530)
    at https://www.greencity.cx.ua/chunk-NUXSP4TM.js:7:7848
    at Ac (https://www.greencity.cx.ua/chunk-NUXSP4TM.js:7:2222)
    at S0.next (https://www.greencity.cx.ua/chunk-NUXSP4TM.js:7:7687), [2026-03-15T12:00:22.919Z] [SEVERE] https://www.greencity.cx.ua/chunk-NUXSP4TM.js 10:45939 "ERROR" TypeError: Cannot read properties of null (reading 'setValue')
    at n.quillContentChanged (https://www.greencity.cx.ua/chunk-VNNOUBDJ.js:1:16043)
    at https://www.greencity.cx.ua/chunk-VNNOUBDJ.js:1:7223
    at eE (https://www.greencity.cx.ua/chunk-NUXSP4TM.js:11:76097)
    at Object.o [as next] (https://www.greencity.cx.ua/chunk-NUXSP4TM.js:11:76277)
    at bv.next (https://www.greencity.cx.ua/chunk-NUXSP4TM.js:7:3120)
    at Fr._next (https://www.greencity.cx.ua/chunk-NUXSP4TM.js:7:2803)
    at Fr.next (https://www.greencity.cx.ua/chunk-NUXSP4TM.js:7:2530)
    at https://www.greencity.cx.ua/chunk-NUXSP4TM.js:7:7848
    at Ac (https://www.greencity.cx.ua/chunk-NUXSP4TM.js:7:2222)
    at S0.next (https://www.greencity.cx.ua/chunk-NUXSP4TM.js:7:7687), [2026-03-15T12:00:22.922Z] [SEVERE] https://www.greencity.cx.ua/chunk-NUXSP4TM.js 10:45939 "ERROR" TypeError: Cannot read properties of null (reading 'setValue')
    at n.quillContentChanged (https://www.greencity.cx.ua/chunk-VNNOUBDJ.js:1:16043)
    at https://www.greencity.cx.ua/chunk-VNNOUBDJ.js:1:7223
    at eE (https://www.greencity.cx.ua/chunk-NUXSP4TM.js:11:76097)
    at Object.o [as next] (https://www.greencity.cx.ua/chunk-NUXSP4TM.js:11:76277)
    at bv.next (https://www.greencity.cx.ua/chunk-NUXSP4TM.js:7:3120)
    at Fr._next (https://www.greencity.cx.ua/chunk-NUXSP4TM.js:7:2803)
    at Fr.next (https://www.greencity.cx.ua/chunk-NUXSP4TM.js:7:2530)
    at https://www.greencity.cx.ua/chunk-NUXSP4TM.js:7:7848
    at Ac (https://www.greencity.cx.ua/chunk-NUXSP4TM.js:7:2222)
    at S0.next (https://www.greencity.cx.ua/chunk-NUXSP4TM.js:7:7687), [2026-03-15T12:00:22.924Z] [SEVERE] https://www.greencity.cx.ua/chunk-NUXSP4TM.js 10:45939 "ERROR" TypeError: Cannot read properties of null (reading 'setValue')
    at n.quillContentChanged (https://www.greencity.cx.ua/chunk-VNNOUBDJ.js:1:16043)
    at https://www.greencity.cx.ua/chunk-VNNOUBDJ.js:1:7223
    at eE (https://www.greencity.cx.ua/chunk-NUXSP4TM.js:11:76097)
    at Object.o [as next] (https://www.greencity.cx.ua/chunk-NUXSP4TM.js:11:76277)
    at bv.next (https://www.greencity.cx.ua/chunk-NUXSP4TM.js:7:3120)
    at Fr._next (https://www.greencity.cx.ua/chunk-NUXSP4TM.js:7:2803)
    at Fr.next (https://www.greencity.cx.ua/chunk-NUXSP4TM.js:7:2530)
    at https://www.greencity.cx.ua/chunk-NUXSP4TM.js:7:7848
    at Ac (https://www.greencity.cx.ua/chunk-NUXSP4TM.js:7:2222)
    at S0.next (https://www.greencity.cx.ua/chunk-NUXSP4TM.js:7:7687), [2026-03-15T12:00:22.926Z] [SEVERE] https://www.greencity.cx.ua/chunk-NUXSP4TM.js 10:45939 "ERROR" TypeError: Cannot read properties of null (reading 'setValue')
    at n.quillContentChanged (https://www.greencity.cx.ua/chunk-VNNOUBDJ.js:1:16043)
    at https://www.greencity.cx.ua/chunk-VNNOUBDJ.js:1:7223
    at eE (https://www.greencity.cx.ua/chunk-NUXSP4TM.js:11:76097)
    at Object.o [as next] (https://www.greencity.cx.ua/chunk-NUXSP4TM.js:11:76277)
    at bv.next (https://www.greencity.cx.ua/chunk-NUXSP4TM.js:7:3120)
    at Fr._next (https://www.greencity.cx.ua/chunk-NUXSP4TM.js:7:2803)
    at Fr.next (https://www.greencity.cx.ua/chunk-NUXSP4TM.js:7:2530)
    at https://www.greencity.cx.ua/chunk-NUXSP4TM.js:7:7848
    at Ac (https://www.greencity.cx.ua/chunk-NUXSP4TM.js:7:2222)
    at S0.next (https://www.greencity.cx.ua/chunk-NUXSP4TM.js:7:7687), [2026-03-15T12:00:22.929Z] [SEVERE] https://www.greencity.cx.ua/chunk-NUXSP4TM.js 10:45939 "ERROR" TypeError: Cannot read properties of null (reading 'setValue')
    at n.quillContentChanged (https://www.greencity.cx.ua/chunk-VNNOUBDJ.js:1:16043)
    at https://www.greencity.cx.ua/chunk-VNNOUBDJ.js:1:7223
    at eE (https://www.greencity.cx.ua/chunk-NUXSP4TM.js:11:76097)
    at Object.o [as next] (https://www.greencity.cx.ua/chunk-NUXSP4TM.js:11:76277)
    at bv.next (https://www.greencity.cx.ua/chunk-NUXSP4TM.js:7:3120)
    at Fr._next (https://www.greencity.cx.ua/chunk-NUXSP4TM.js:7:2803)
    at Fr.next (https://www.greencity.cx.ua/chunk-NUXSP4TM.js:7:2530)
    at https://www.greencity.cx.ua/chunk-NUXSP4TM.js:7:7848
    at Ac (https://www.greencity.cx.ua/chunk-NUXSP4TM.js:7:2222)
    at S0.next (https://www.greencity.cx.ua/chunk-NUXSP4TM.js:7:7687), [2026-03-15T12:00:22.931Z] [SEVERE] https://www.greencity.cx.ua/chunk-NUXSP4TM.js 10:45939 "ERROR" TypeError: Cannot read properties of null (reading 'setValue')
    at n.quillContentChanged (https://www.greencity.cx.ua/chunk-VNNOUBDJ.js:1:16043)
    at https://www.greencity.cx.ua/chunk-VNNOUBDJ.js:1:7223
    at eE (https://www.greencity.cx.ua/chunk-NUXSP4TM.js:11:76097)
    at Object.o [as next] (https://www.greencity.cx.ua/chunk-NUXSP4TM.js:11:76277)
    at bv.next (https://www.greencity.cx.ua/chunk-NUXSP4TM.js:7:3120)
    at Fr._next (https://www.greencity.cx.ua/chunk-NUXSP4TM.js:7:2803)
    at Fr.next (https://www.greencity.cx.ua/chunk-NUXSP4TM.js:7:2530)
    at https://www.greencity.cx.ua/chunk-NUXSP4TM.js:7:7848
    at Ac (https://www.greencity.cx.ua/chunk-NUXSP4TM.js:7:2222)
    at S0.next (https://www.greencity.cx.ua/chunk-NUXSP4TM.js:7:7687), [2026-03-15T12:00:22.933Z] [SEVERE] https://www.greencity.cx.ua/chunk-NUXSP4TM.js 10:45939 "ERROR" TypeError: Cannot read properties of null (reading 'setValue')
    at n.quillContentChanged (https://www.greencity.cx.ua/chunk-VNNOUBDJ.js:1:16043)
    at https://www.greencity.cx.ua/chunk-VNNOUBDJ.js:1:7223
    at eE (https://www.greencity.cx.ua/chunk-NUXSP4TM.js:11:76097)
    at Object.o [as next] (https://www.greencity.cx.ua/chunk-NUXSP4TM.js:11:76277)
    at bv.next (https://www.greencity.cx.ua/chunk-NUXSP4TM.js:7:3120)
    at Fr._next (https://www.greencity.cx.ua/chunk-NUXSP4TM.js:7:2803)
    at Fr.next (https://www.greencity.cx.ua/chunk-NUXSP4TM.js:7:2530)
    at https://www.greencity.cx.ua/chunk-NUXSP4TM.js:7:7848
    at Ac (https://www.greencity.cx.ua/chunk-NUXSP4TM.js:7:2222)
    at S0.next (https://www.greencity.cx.ua/chunk-NUXSP4TM.js:7:7687), [2026-03-15T12:00:22.936Z] [SEVERE] https://www.greencity.cx.ua/chunk-NUXSP4TM.js 10:45939 "ERROR" TypeError: Cannot read properties of null (reading 'setValue')
    at n.quillContentChanged (https://www.greencity.cx.ua/chunk-VNNOUBDJ.js:1:16043)
    at https://www.greencity.cx.ua/chunk-VNNOUBDJ.js:1:7223
    at eE (https://www.greencity.cx.ua/chunk-NUXSP4TM.js:11:76097)
    at Object.o [as next] (https://www.greencity.cx.ua/chunk-NUXSP4TM.js:11:76277)
    at bv.next (https://www.greencity.cx.ua/chunk-NUXSP4TM.js:7:3120)
    at Fr._next (https://www.greencity.cx.ua/chunk-NUXSP4TM.js:7:2803)
    at Fr.next (https://www.greencity.cx.ua/chunk-NUXSP4TM.js:7:2530)
    at https://www.greencity.cx.ua/chunk-NUXSP4TM.js:7:7848
    at Ac (https://www.greencity.cx.ua/chunk-NUXSP4TM.js:7:2222)
    at S0.next (https://www.greencity.cx.ua/chunk-NUXSP4TM.js:7:7687), [2026-03-15T12:00:22.938Z] [SEVERE] https://www.greencity.cx.ua/chunk-NUXSP4TM.js 10:45939 "ERROR" TypeError: Cannot read properties of null (reading 'setValue')
    at n.quillContentChanged (https://www.greencity.cx.ua/chunk-VNNOUBDJ.js:1:16043)
    at https://www.greencity.cx.ua/chunk-VNNOUBDJ.js:1:7223
    at eE (https://www.greencity.cx.ua/chunk-NUXSP4TM.js:11:76097)
    at Object.o [as next] (https://www.greencity.cx.ua/chunk-NUXSP4TM.js:11:76277)
    at bv.next (https://www.greencity.cx.ua/chunk-NUXSP4TM.js:7:3120)
    at Fr._next (https://www.greencity.cx.ua/chunk-NUXSP4TM.js:7:2803)
    at Fr.next (https://www.greencity.cx.ua/chunk-NUXSP4TM.js:7:2530)
    at https://www.greencity.cx.ua/chunk-NUXSP4TM.js:7:7848
    at Ac (https://www.greencity.cx.ua/chunk-NUXSP4TM.js:7:2222)
    at S0.next (https://www.greencity.cx.ua/chunk-NUXSP4TM.js:7:7687), [2026-03-15T12:00:22.940Z] [SEVERE] https://www.greencity.cx.ua/chunk-NUXSP4TM.js 10:45939 "ERROR" TypeError: Cannot read properties of null (reading 'setValue')
    at n.quillContentChanged (https://www.greencity.cx.ua/chunk-VNNOUBDJ.js:1:16043)
    at https://www.greencity.cx.ua/chunk-VNNOUBDJ.js:1:7223
    at eE (https://www.greencity.cx.ua/chunk-NUXSP4TM.js:11:76097)
    at Object.o [as next] (https://www.greencity.cx.ua/chunk-NUXSP4TM.js:11:76277)
    at bv.next (https://www.greencity.cx.ua/chunk-NUXSP4TM.js:7:3120)
    at Fr._next (https://www.greencity.cx.ua/chunk-NUXSP4TM.js:7:2803)
    at Fr.next (https://www.greencity.cx.ua/chunk-NUXSP4TM.js:7:2530)
    at https://www.greencity.cx.ua/chunk-NUXSP4TM.js:7:7848
    at Ac (https://www.greencity.cx.ua/chunk-NUXSP4TM.js:7:2222)
    at S0.next (https://www.greencity.cx.ua/chunk-NUXSP4TM.js:7:7687), [2026-03-15T12:00:22.943Z] [SEVERE] https://www.greencity.cx.ua/chunk-NUXSP4TM.js 10:45939 "ERROR" TypeError: Cannot read properties of null (reading 'setValue')
    at n.quillContentChanged (https://www.greencity.cx.ua/chunk-VNNOUBDJ.js:1:16043)
    at https://www.greencity.cx.ua/chunk-VNNOUBDJ.js:1:7223
    at eE (https://www.greencity.cx.ua/chunk-NUXSP4TM.js:11:76097)
    at Object.o [as next] (https://www.greencity.cx.ua/chunk-NUXSP4TM.js:11:76277)
    at bv.next (https://www.greencity.cx.ua/chunk-NUXSP4TM.js:7:3120)
    at Fr._next (https://www.greencity.cx.ua/chunk-NUXSP4TM.js:7:2803)
    at Fr.next (https://www.greencity.cx.ua/chunk-NUXSP4TM.js:7:2530)
    at https://www.greencity.cx.ua/chunk-NUXSP4TM.js:7:7848
    at Ac (https://www.greencity.cx.ua/chunk-NUXSP4TM.js:7:2222)
    at S0.next (https://www.greencity.cx.ua/chunk-NUXSP4TM.js:7:7687), [2026-03-15T12:00:22.945Z] [SEVERE] https://www.greencity.cx.ua/chunk-NUXSP4TM.js 10:45939 "ERROR" TypeError: Cannot read properties of null (reading 'setValue')
    at n.quillContentChanged (https://www.greencity.cx.ua/chunk-VNNOUBDJ.js:1:16043)
    at https://www.greencity.cx.ua/chunk-VNNOUBDJ.js:1:7223
    at eE (https://www.greencity.cx.ua/chunk-NUXSP4TM.js:11:76097)
    at Object.o [as next] (https://www.greencity.cx.ua/chunk-NUXSP4TM.js:11:76277)
    at bv.next (https://www.greencity.cx.ua/chunk-NUXSP4TM.js:7:3120)
    at Fr._next (https://www.greencity.cx.ua/chunk-NUXSP4TM.js:7:2803)
    at Fr.next (https://www.greencity.cx.ua/chunk-NUXSP4TM.js:7:2530)
    at https://www.greencity.cx.ua/chunk-NUXSP4TM.js:7:7848
    at Ac (https://www.greencity.cx.ua/chunk-NUXSP4TM.js:7:2222)
    at S0.next (https://www.greencity.cx.ua/chunk-NUXSP4TM.js:7:7687), [2026-03-15T12:00:22.948Z] [SEVERE] https://www.greencity.cx.ua/chunk-NUXSP4TM.js 10:45939 "ERROR" TypeError: Cannot read properties of null (reading 'setValue')
    at n.quillContentChanged (https://www.greencity.cx.ua/chunk-VNNOUBDJ.js:1:16043)
    at https://www.greencity.cx.ua/chunk-VNNOUBDJ.js:1:7223
    at eE (https://www.greencity.cx.ua/chunk-NUXSP4TM.js:11:76097)
    at Object.o [as next] (https://www.greencity.cx.ua/chunk-NUXSP4TM.js:11:76277)
    at bv.next (https://www.greencity.cx.ua/chunk-NUXSP4TM.js:7:3120)
    at Fr._next (https://www.greencity.cx.ua/chunk-NUXSP4TM.js:7:2803)
    at Fr.next (https://www.greencity.cx.ua/chunk-NUXSP4TM.js:7:2530)
    at https://www.greencity.cx.ua/chunk-NUXSP4TM.js:7:7848
    at Ac (https://www.greencity.cx.ua/chunk-NUXSP4TM.js:7:2222)
    at S0.next (https://www.greencity.cx.ua/chunk-NUXSP4TM.js:7:7687), [2026-03-15T12:00:22.952Z] [SEVERE] https://www.greencity.cx.ua/chunk-NUXSP4TM.js 10:45939 "ERROR" TypeError: Cannot read properties of null (reading 'setValue')
    at n.quillContentChanged (https://www.greencity.cx.ua/chunk-VNNOUBDJ.js:1:16043)
    at https://www.greencity.cx.ua/chunk-VNNOUBDJ.js:1:7223
    at eE (https://www.greencity.cx.ua/chunk-NUXSP4TM.js:11:76097)
    at Object.o [as next] (https://www.greencity.cx.ua/chunk-NUXSP4TM.js:11:76277)
    at bv.next (https://www.greencity.cx.ua/chunk-NUXSP4TM.js:7:3120)
    at Fr._next (https://www.greencity.cx.ua/chunk-NUXSP4TM.js:7:2803)
    at Fr.next (https://www.greencity.cx.ua/chunk-NUXSP4TM.js:7:2530)
    at https://www.greencity.cx.ua/chunk-NUXSP4TM.js:7:7848
    at Ac (https://www.greencity.cx.ua/chunk-NUXSP4TM.js:7:2222)
    at S0.next (https://www.greencity.cx.ua/chunk-NUXSP4TM.js:7:7687), [2026-03-15T12:00:22.955Z] [SEVERE] https://www.greencity.cx.ua/chunk-NUXSP4TM.js 10:45939 "ERROR" TypeError: Cannot read properties of null (reading 'setValue')
    at n.quillContentChanged (https://www.greencity.cx.ua/chunk-VNNOUBDJ.js:1:16043)
    at https://www.greencity.cx.ua/chunk-VNNOUBDJ.js:1:7223
    at eE (https://www.greencity.cx.ua/chunk-NUXSP4TM.js:11:76097)
    at Object.o [as next] (https://www.greencity.cx.ua/chunk-NUXSP4TM.js:11:76277)
    at bv.next (https://www.greencity.cx.ua/chunk-NUXSP4TM.js:7:3120)
    at Fr._next (https://www.greencity.cx.ua/chunk-NUXSP4TM.js:7:2803)
    at Fr.next (https://www.greencity.cx.ua/chunk-NUXSP4TM.js:7:2530)
    at https://www.greencity.cx.ua/chunk-NUXSP4TM.js:7:7848
    at Ac (https://www.greencity.cx.ua/chunk-NUXSP4TM.js:7:2222)
    at S0.next (https://www.greencity.cx.ua/chunk-NUXSP4TM.js:7:7687), [2026-03-15T12:00:22.957Z] [SEVERE] https://www.greencity.cx.ua/chunk-NUXSP4TM.js 10:45939 "ERROR" TypeError: Cannot read properties of null (reading 'setValue')
    at n.quillContentChanged (https://www.greencity.cx.ua/chunk-VNNOUBDJ.js:1:16043)
    at https://www.greencity.cx.ua/chunk-VNNOUBDJ.js:1:7223
    at eE (https://www.greencity.cx.ua/chunk-NUXSP4TM.js:11:76097)
    at Object.o [as next] (https://www.greencity.cx.ua/chunk-NUXSP4TM.js:11:76277)
    at bv.next (https://www.greencity.cx.ua/chunk-NUXSP4TM.js:7:3120)
    at Fr._next (https://www.greencity.cx.ua/chunk-NUXSP4TM.js:7:2803)
    at Fr.next (https://www.greencity.cx.ua/chunk-NUXSP4TM.js:7:2530)
    at https://www.greencity.cx.ua/chunk-NUXSP4TM.js:7:7848
    at Ac (https://www.greencity.cx.ua/chunk-NUXSP4TM.js:7:2222)
    at S0.next (https://www.greencity.cx.ua/chunk-NUXSP4TM.js:7:7687), [2026-03-15T12:00:22.961Z] [SEVERE] https://www.greencity.cx.ua/chunk-NUXSP4TM.js 10:45939 "ERROR" TypeError: Cannot read properties of null (reading 'setValue')
    at n.quillContentChanged (https://www.greencity.cx.ua/chunk-VNNOUBDJ.js:1:16043)
    at https://www.greencity.cx.ua/chunk-VNNOUBDJ.js:1:7223
    at eE (https://www.greencity.cx.ua/chunk-NUXSP4TM.js:11:76097)
    at Object.o [as next] (https://www.greencity.cx.ua/chunk-NUXSP4TM.js:11:76277)
    at bv.next (https://www.greencity.cx.ua/chunk-NUXSP4TM.js:7:3120)
    at Fr._next (https://www.greencity.cx.ua/chunk-NUXSP4TM.js:7:2803)
    at Fr.next (https://www.greencity.cx.ua/chunk-NUXSP4TM.js:7:2530)
    at https://www.greencity.cx.ua/chunk-NUXSP4TM.js:7:7848
    at Ac (https://www.greencity.cx.ua/chunk-NUXSP4TM.js:7:2222)
    at S0.next (https://www.greencity.cx.ua/chunk-NUXSP4TM.js:7:7687), [2026-03-15T12:00:22.964Z] [SEVERE] https://www.greencity.cx.ua/chunk-NUXSP4TM.js 10:45939 "ERROR" TypeError: Cannot read properties of null (reading 'setValue')
    at n.quillContentChanged (https://www.greencity.cx.ua/chunk-VNNOUBDJ.js:1:16043)
    at https://www.greencity.cx.ua/chunk-VNNOUBDJ.js:1:7223
    at eE (https://www.greencity.cx.ua/chunk-NUXSP4TM.js:11:76097)
    at Object.o [as next] (https://www.greencity.cx.ua/chunk-NUXSP4TM.js:11:76277)
    at bv.next (https://www.greencity.cx.ua/chunk-NUXSP4TM.js:7:3120)
    at Fr._next (https://www.greencity.cx.ua/chunk-NUXSP4TM.js:7:2803)
    at Fr.next (https://www.greencity.cx.ua/chunk-NUXSP4TM.js:7:2530)
    at https://www.greencity.cx.ua/chunk-NUXSP4TM.js:7:7848
    at Ac (https://www.greencity.cx.ua/chunk-NUXSP4TM.js:7:2222)
    at S0.next (https://www.greencity.cx.ua/chunk-NUXSP4TM.js:7:7687), [2026-03-15T12:00:22.967Z] [SEVERE] https://www.greencity.cx.ua/chunk-NUXSP4TM.js 10:45939 "ERROR" TypeError: Cannot read properties of null (reading 'setValue')
    at n.quillContentChanged (https://www.greencity.cx.ua/chunk-VNNOUBDJ.js:1:16043)
    at https://www.greencity.cx.ua/chunk-VNNOUBDJ.js:1:7223
    at eE (https://www.greencity.cx.ua/chunk-NUXSP4TM.js:11:76097)
    at Object.o [as next] (https://www.greencity.cx.ua/chunk-NUXSP4TM.js:11:76277)
    at bv.next (https://www.greencity.cx.ua/chunk-NUXSP4TM.js:7:3120)
    at Fr._next (https://www.greencity.cx.ua/chunk-NUXSP4TM.js:7:2803)
    at Fr.next (https://www.greencity.cx.ua/chunk-NUXSP4TM.js:7:2530)
    at https://www.greencity.cx.ua/chunk-NUXSP4TM.js:7:7848
    at Ac (https://www.greencity.cx.ua/chunk-NUXSP4TM.js:7:2222)
    at S0.next (https://www.greencity.cx.ua/chunk-NUXSP4TM.js:7:7687), [2026-03-15T12:00:22.970Z] [SEVERE] https://www.greencity.cx.ua/chunk-NUXSP4TM.js 10:45939 "ERROR" TypeError: Cannot read properties of null (reading 'setValue')
    at n.quillContentChanged (https://www.greencity.cx.ua/chunk-VNNOUBDJ.js:1:16043)
    at https://www.greencity.cx.ua/chunk-VNNOUBDJ.js:1:7223
    at eE (https://www.greencity.cx.ua/chunk-NUXSP4TM.js:11:76097)
    at Object.o [as next] (https://www.greencity.cx.ua/chunk-NUXSP4TM.js:11:76277)
    at bv.next (https://www.greencity.cx.ua/chunk-NUXSP4TM.js:7:3120)
    at Fr._next (https://www.greencity.cx.ua/chunk-NUXSP4TM.js:7:2803)
    at Fr.next (https://www.greencity.cx.ua/chunk-NUXSP4TM.js:7:2530)
    at https://www.greencity.cx.ua/chunk-NUXSP4TM.js:7:7848
    at Ac (https://www.greencity.cx.ua/chunk-NUXSP4TM.js:7:2222)
    at S0.next (https://www.greencity.cx.ua/chunk-NUXSP4TM.js:7:7687), [2026-03-15T12:00:22.973Z] [SEVERE] https://www.greencity.cx.ua/chunk-NUXSP4TM.js 10:45939 "ERROR" TypeError: Cannot read properties of null (reading 'setValue')
    at n.quillContentChanged (https://www.greencity.cx.ua/chunk-VNNOUBDJ.js:1:16043)
    at https://www.greencity.cx.ua/chunk-VNNOUBDJ.js:1:7223
    at eE (https://www.greencity.cx.ua/chunk-NUXSP4TM.js:11:76097)
    at Object.o [as next] (https://www.greencity.cx.ua/chunk-NUXSP4TM.js:11:76277)
    at bv.next (https://www.greencity.cx.ua/chunk-NUXSP4TM.js:7:3120)
    at Fr._next (https://www.greencity.cx.ua/chunk-NUXSP4TM.js:7:2803)
    at Fr.next (https://www.greencity.cx.ua/chunk-NUXSP4TM.js:7:2530)
    at https://www.greencity.cx.ua/chunk-NUXSP4TM.js:7:7848
    at Ac (https://www.greencity.cx.ua/chunk-NUXSP4TM.js:7:2222)
    at S0.next (https://www.greencity.cx.ua/chunk-NUXSP4TM.js:7:7687), [2026-03-15T12:00:22.976Z] [SEVERE] https://www.greencity.cx.ua/chunk-NUXSP4TM.js 10:45939 "ERROR" TypeError: Cannot read properties of null (reading 'setValue')
    at n.quillContentChanged (https://www.greencity.cx.ua/chunk-VNNOUBDJ.js:1:16043)
    at https://www.greencity.cx.ua/chunk-VNNOUBDJ.js:1:7223
    at eE (https://www.greencity.cx.ua/chunk-NUXSP4TM.js:11:76097)
    at Object.o [as next] (https://www.greencity.cx.ua/chunk-NUXSP4TM.js:11:76277)
    at bv.next (https://www.greencity.cx.ua/chunk-NUXSP4TM.js:7:3120)
    at Fr._next (https://www.greencity.cx.ua/chunk-NUXSP4TM.js:7:2803)
    at Fr.next (https://www.greencity.cx.ua/chunk-NUXSP4TM.js:7:2530)
    at https://www.greencity.cx.ua/chunk-NUXSP4TM.js:7:7848
    at Ac (https://www.greencity.cx.ua/chunk-NUXSP4TM.js:7:2222)
    at S0.next (https://www.greencity.cx.ua/chunk-NUXSP4TM.js:7:7687), [2026-03-15T12:00:22.979Z] [SEVERE] https://www.greencity.cx.ua/chunk-NUXSP4TM.js 10:45939 "ERROR" TypeError: Cannot read properties of null (reading 'setValue')
    at n.quillContentChanged (https://www.greencity.cx.ua/chunk-VNNOUBDJ.js:1:16043)
    at https://www.greencity.cx.ua/chunk-VNNOUBDJ.js:1:7223
    at eE (https://www.greencity.cx.ua/chunk-NUXSP4TM.js:11:76097)
    at Object.o [as next] (https://www.greencity.cx.ua/chunk-NUXSP4TM.js:11:76277)
    at bv.next (https://www.greencity.cx.ua/chunk-NUXSP4TM.js:7:3120)
    at Fr._next (https://www.greencity.cx.ua/chunk-NUXSP4TM.js:7:2803)
    at Fr.next (https://www.greencity.cx.ua/chunk-NUXSP4TM.js:7:2530)
    at https://www.greencity.cx.ua/chunk-NUXSP4TM.js:7:7848
    at Ac (https://www.greencity.cx.ua/chunk-NUXSP4TM.js:7:2222)
    at S0.next (https://www.greencity.cx.ua/chunk-NUXSP4TM.js:7:7687), [2026-03-15T12:00:22.983Z] [SEVERE] https://www.greencity.cx.ua/chunk-NUXSP4TM.js 10:45939 "ERROR" TypeError: Cannot read properties of null (reading 'setValue')
    at n.quillContentChanged (https://www.greencity.cx.ua/chunk-VNNOUBDJ.js:1:16043)
    at https://www.greencity.cx.ua/chunk-VNNOUBDJ.js:1:7223
    at eE (https://www.greencity.cx.ua/chunk-NUXSP4TM.js:11:76097)
    at Object.o [as next] (https://www.greencity.cx.ua/chunk-NUXSP4TM.js:11:76277)
    at bv.next (https://www.greencity.cx.ua/chunk-NUXSP4TM.js:7:3120)
    at Fr._next (https://www.greencity.cx.ua/chunk-NUXSP4TM.js:7:2803)
    at Fr.next (https://www.greencity.cx.ua/chunk-NUXSP4TM.js:7:2530)
    at https://www.greencity.cx.ua/chunk-NUXSP4TM.js:7:7848
    at Ac (https://www.greencity.cx.ua/chunk-NUXSP4TM.js:7:2222)
    at S0.next (https://www.greencity.cx.ua/chunk-NUXSP4TM.js:7:7687), [2026-03-15T12:00:22.985Z] [SEVERE] https://www.greencity.cx.ua/chunk-NUXSP4TM.js 10:45939 "ERROR" TypeError: Cannot read properties of null (reading 'setValue')
    at n.quillContentChanged (https://www.greencity.cx.ua/chunk-VNNOUBDJ.js:1:16043)
    at https://www.greencity.cx.ua/chunk-VNNOUBDJ.js:1:7223
    at eE (https://www.greencity.cx.ua/chunk-NUXSP4TM.js:11:76097)
    at Object.o [as next] (https://www.greencity.cx.ua/chunk-NUXSP4TM.js:11:76277)
    at bv.next (https://www.greencity.cx.ua/chunk-NUXSP4TM.js:7:3120)
    at Fr._next (https://www.greencity.cx.ua/chunk-NUXSP4TM.js:7:2803)
    at Fr.next (https://www.greencity.cx.ua/chunk-NUXSP4TM.js:7:2530)
    at https://www.greencity.cx.ua/chunk-NUXSP4TM.js:7:7848
    at Ac (https://www.greencity.cx.ua/chunk-NUXSP4TM.js:7:2222)
    at S0.next (https://www.greencity.cx.ua/chunk-NUXSP4TM.js:7:7687), [2026-03-15T12:00:22.987Z] [SEVERE] https://www.greencity.cx.ua/chunk-NUXSP4TM.js 10:45939 "ERROR" TypeError: Cannot read properties of null (reading 'setValue')
    at n.quillContentChanged (https://www.greencity.cx.ua/chunk-VNNOUBDJ.js:1:16043)
    at https://www.greencity.cx.ua/chunk-VNNOUBDJ.js:1:7223
    at eE (https://www.greencity.cx.ua/chunk-NUXSP4TM.js:11:76097)
    at Object.o [as next] (https://www.greencity.cx.ua/chunk-NUXSP4TM.js:11:76277)
    at bv.next (https://www.greencity.cx.ua/chunk-NUXSP4TM.js:7:3120)
    at Fr._next (https://www.greencity.cx.ua/chunk-NUXSP4TM.js:7:2803)
    at Fr.next (https://www.greencity.cx.ua/chunk-NUXSP4TM.js:7:2530)
    at https://www.greencity.cx.ua/chunk-NUXSP4TM.js:7:7848
    at Ac (https://www.greencity.cx.ua/chunk-NUXSP4TM.js:7:2222)
    at S0.next (https://www.greencity.cx.ua/chunk-NUXSP4TM.js:7:7687), [2026-03-15T12:00:22.990Z] [SEVERE] https://www.greencity.cx.ua/chunk-NUXSP4TM.js 10:45939 "ERROR" TypeError: Cannot read properties of null (reading 'setValue')
    at n.quillContentChanged (https://www.greencity.cx.ua/chunk-VNNOUBDJ.js:1:16043)
    at https://www.greencity.cx.ua/chunk-VNNOUBDJ.js:1:7223
    at eE (https://www.greencity.cx.ua/chunk-NUXSP4TM.js:11:76097)
    at Object.o [as next] (https://www.greencity.cx.ua/chunk-NUXSP4TM.js:11:76277)
    at bv.next (https://www.greencity.cx.ua/chunk-NUXSP4TM.js:7:3120)
    at Fr._next (https://www.greencity.cx.ua/chunk-NUXSP4TM.js:7:2803)
    at Fr.next (https://www.greencity.cx.ua/chunk-NUXSP4TM.js:7:2530)
    at https://www.greencity.cx.ua/chunk-NUXSP4TM.js:7:7848
    at Ac (https://www.greencity.cx.ua/chunk-NUXSP4TM.js:7:2222)
    at S0.next (https://www.greencity.cx.ua/chunk-NUXSP4TM.js:7:7687), [2026-03-15T12:00:22.992Z] [SEVERE] https://www.greencity.cx.ua/chunk-NUXSP4TM.js 10:45939 "ERROR" TypeError: Cannot read properties of null (reading 'setValue')
    at n.quillContentChanged (https://www.greencity.cx.ua/chunk-VNNOUBDJ.js:1:16043)
    at https://www.greencity.cx.ua/chunk-VNNOUBDJ.js:1:7223
    at eE (https://www.greencity.cx.ua/chunk-NUXSP4TM.js:11:76097)
    at Object.o [as next] (https://www.greencity.cx.ua/chunk-NUXSP4TM.js:11:76277)
    at bv.next (https://www.greencity.cx.ua/chunk-NUXSP4TM.js:7:3120)
    at Fr._next (https://www.greencity.cx.ua/chunk-NUXSP4TM.js:7:2803)
    at Fr.next (https://www.greencity.cx.ua/chunk-NUXSP4TM.js:7:2530)
    at https://www.greencity.cx.ua/chunk-NUXSP4TM.js:7:7848
    at Ac (https://www.greencity.cx.ua/chunk-NUXSP4TM.js:7:2222)
    at S0.next (https://www.greencity.cx.ua/chunk-NUXSP4TM.js:7:7687), [2026-03-15T12:00:22.995Z] [SEVERE] https://www.greencity.cx.ua/chunk-NUXSP4TM.js 10:45939 "ERROR" TypeError: Cannot read properties of null (reading 'setValue')
    at n.quillContentChanged (https://www.greencity.cx.ua/chunk-VNNOUBDJ.js:1:16043)
    at https://www.greencity.cx.ua/chunk-VNNOUBDJ.js:1:7223
    at eE (https://www.greencity.cx.ua/chunk-NUXSP4TM.js:11:76097)
    at Object.o [as next] (https://www.greencity.cx.ua/chunk-NUXSP4TM.js:11:76277)
    at bv.next (https://www.greencity.cx.ua/chunk-NUXSP4TM.js:7:3120)
    at Fr._next (https://www.greencity.cx.ua/chunk-NUXSP4TM.js:7:2803)
    at Fr.next (https://www.greencity.cx.ua/chunk-NUXSP4TM.js:7:2530)
    at https://www.greencity.cx.ua/chunk-NUXSP4TM.js:7:7848
    at Ac (https://www.greencity.cx.ua/chunk-NUXSP4TM.js:7:2222)
    at S0.next (https://www.greencity.cx.ua/chunk-NUXSP4TM.js:7:7687), [2026-03-15T12:00:22.997Z] [SEVERE] https://www.greencity.cx.ua/chunk-NUXSP4TM.js 10:45939 "ERROR" TypeError: Cannot read properties of null (reading 'setValue')
    at n.quillContentChanged (https://www.greencity.cx.ua/chunk-VNNOUBDJ.js:1:16043)
    at https://www.greencity.cx.ua/chunk-VNNOUBDJ.js:1:7223
    at eE (https://www.greencity.cx.ua/chunk-NUXSP4TM.js:11:76097)
    at Object.o [as next] (https://www.greencity.cx.ua/chunk-NUXSP4TM.js:11:76277)
    at bv.next (https://www.greencity.cx.ua/chunk-NUXSP4TM.js:7:3120)
    at Fr._next (https://www.greencity.cx.ua/chunk-NUXSP4TM.js:7:2803)
    at Fr.next (https://www.greencity.cx.ua/chunk-NUXSP4TM.js:7:2530)
    at https://www.greencity.cx.ua/chunk-NUXSP4TM.js:7:7848
    at Ac (https://www.greencity.cx.ua/chunk-NUXSP4TM.js:7:2222)
    at S0.next (https://www.greencity.cx.ua/chunk-NUXSP4TM.js:7:7687), [2026-03-15T12:00:23Z] [SEVERE] https://www.greencity.cx.ua/chunk-NUXSP4TM.js 10:45939 "ERROR" TypeError: Cannot read properties of null (reading 'setValue')
    at n.quillContentChanged (https://www.greencity.cx.ua/chunk-VNNOUBDJ.js:1:16043)
    at https://www.greencity.cx.ua/chunk-VNNOUBDJ.js:1:7223
    at eE (https://www.greencity.cx.ua/chunk-NUXSP4TM.js:11:76097)
    at Object.o [as next] (https://www.greencity.cx.ua/chunk-NUXSP4TM.js:11:76277)
    at bv.next (https://www.greencity.cx.ua/chunk-NUXSP4TM.js:7:3120)
    at Fr._next (https://www.greencity.cx.ua/chunk-NUXSP4TM.js:7:2803)
    at Fr.next (https://www.greencity.cx.ua/chunk-NUXSP4TM.js:7:2530)
    at https://www.greencity.cx.ua/chunk-NUXSP4TM.js:7:7848
    at Ac (https://www.greencity.cx.ua/chunk-NUXSP4TM.js:7:2222)
    at S0.next (https://www.greencity.cx.ua/chunk-NUXSP4TM.js:7:7687), [2026-03-15T12:00:23.002Z] [SEVERE] https://www.greencity.cx.ua/chunk-NUXSP4TM.js 10:45939 "ERROR" TypeError: Cannot read properties of null (reading 'setValue')
    at n.quillContentChanged (https://www.greencity.cx.ua/chunk-VNNOUBDJ.js:1:16043)
    at https://www.greencity.cx.ua/chunk-VNNOUBDJ.js:1:7223
    at eE (https://www.greencity.cx.ua/chunk-NUXSP4TM.js:11:76097)
    at Object.o [as next] (https://www.greencity.cx.ua/chunk-NUXSP4TM.js:11:76277)
    at bv.next (https://www.greencity.cx.ua/chunk-NUXSP4TM.js:7:3120)
    at Fr._next (https://www.greencity.cx.ua/chunk-NUXSP4TM.js:7:2803)
    at Fr.next (https://www.greencity.cx.ua/chunk-NUXSP4TM.js:7:2530)
    at https://www.greencity.cx.ua/chunk-NUXSP4TM.js:7:7848
    at Ac (https://www.greencity.cx.ua/chunk-NUXSP4TM.js:7:2222)
    at S0.next (https://www.greencity.cx.ua/chunk-NUXSP4TM.js:7:7687), [2026-03-15T12:00:23.005Z] [SEVERE] https://www.greencity.cx.ua/chunk-NUXSP4TM.js 10:45939 "ERROR" TypeError: Cannot read properties of null (reading 'setValue')
    at n.quillContentChanged (https://www.greencity.cx.ua/chunk-VNNOUBDJ.js:1:16043)
    at https://www.greencity.cx.ua/chunk-VNNOUBDJ.js:1:7223
    at eE (https://www.greencity.cx.ua/chunk-NUXSP4TM.js:11:76097)
    at Object.o [as next] (https://www.greencity.cx.ua/chunk-NUXSP4TM.js:11:76277)
    at bv.next (https://www.greencity.cx.ua/chunk-NUXSP4TM.js:7:3120)
    at Fr._next (https://www.greencity.cx.ua/chunk-NUXSP4TM.js:7:2803)
    at Fr.next (https://www.greencity.cx.ua/chunk-NUXSP4TM.js:7:2530)
    at https://www.greencity.cx.ua/chunk-NUXSP4TM.js:7:7848
    at Ac (https://www.greencity.cx.ua/chunk-NUXSP4TM.js:7:2222)
    at S0.next (https://www.greencity.cx.ua/chunk-NUXSP4TM.js:7:7687), [2026-03-15T12:00:23.008Z] [SEVERE] https://www.greencity.cx.ua/chunk-NUXSP4TM.js 10:45939 "ERROR" TypeError: Cannot read properties of null (reading 'setValue')
    at n.quillContentChanged (https://www.greencity.cx.ua/chunk-VNNOUBDJ.js:1:16043)
    at https://www.greencity.cx.ua/chunk-VNNOUBDJ.js:1:7223
    at eE (https://www.greencity.cx.ua/chunk-NUXSP4TM.js:11:76097)
    at Object.o [as next] (https://www.greencity.cx.ua/chunk-NUXSP4TM.js:11:76277)
    at bv.next (https://www.greencity.cx.ua/chunk-NUXSP4TM.js:7:3120)
    at Fr._next (https://www.greencity.cx.ua/chunk-NUXSP4TM.js:7:2803)
    at Fr.next (https://www.greencity.cx.ua/chunk-NUXSP4TM.js:7:2530)
    at https://www.greencity.cx.ua/chunk-NUXSP4TM.js:7:7848
    at Ac (https://www.greencity.cx.ua/chunk-NUXSP4TM.js:7:2222)
    at S0.next (https://www.greencity.cx.ua/chunk-NUXSP4TM.js:7:7687), [2026-03-15T12:00:23.011Z] [SEVERE] https://www.greencity.cx.ua/chunk-NUXSP4TM.js 10:45939 "ERROR" TypeError: Cannot read properties of null (reading 'setValue')
    at n.quillContentChanged (https://www.greencity.cx.ua/chunk-VNNOUBDJ.js:1:16043)
    at https://www.greencity.cx.ua/chunk-VNNOUBDJ.js:1:7223
    at eE (https://www.greencity.cx.ua/chunk-NUXSP4TM.js:11:76097)
    at Object.o [as next] (https://www.greencity.cx.ua/chunk-NUXSP4TM.js:11:76277)
    at bv.next (https://www.greencity.cx.ua/chunk-NUXSP4TM.js:7:3120)
    at Fr._next (https://www.greencity.cx.ua/chunk-NUXSP4TM.js:7:2803)
    at Fr.next (https://www.greencity.cx.ua/chunk-NUXSP4TM.js:7:2530)
    at https://www.greencity.cx.ua/chunk-NUXSP4TM.js:7:7848
    at Ac (https://www.greencity.cx.ua/chunk-NUXSP4TM.js:7:2222)
    at S0.next (https://www.greencity.cx.ua/chunk-NUXSP4TM.js:7:7687), [2026-03-15T12:00:23.014Z] [SEVERE] https://www.greencity.cx.ua/chunk-NUXSP4TM.js 10:45939 "ERROR" TypeError: Cannot read properties of null (reading 'setValue')
    at n.quillContentChanged (https://www.greencity.cx.ua/chunk-VNNOUBDJ.js:1:16043)
    at https://www.greencity.cx.ua/chunk-VNNOUBDJ.js:1:7223
    at eE (https://www.greencity.cx.ua/chunk-NUXSP4TM.js:11:76097)
    at Object.o [as next] (https://www.greencity.cx.ua/chunk-NUXSP4TM.js:11:76277)
    at bv.next (https://www.greencity.cx.ua/chunk-NUXSP4TM.js:7:3120)
    at Fr._next (https://www.greencity.cx.ua/chunk-NUXSP4TM.js:7:2803)
    at Fr.next (https://www.greencity.cx.ua/chunk-NUXSP4TM.js:7:2530)
    at https://www.greencity.cx.ua/chunk-NUXSP4TM.js:7:7848
    at Ac (https://www.greencity.cx.ua/chunk-NUXSP4TM.js:7:2222)
    at S0.next (https://www.greencity.cx.ua/chunk-NUXSP4TM.js:7:7687), [2026-03-15T12:00:23.017Z] [SEVERE] https://www.greencity.cx.ua/chunk-NUXSP4TM.js 10:45939 "ERROR" TypeError: Cannot read properties of null (reading 'setValue')
    at n.quillContentChanged (https://www.greencity.cx.ua/chunk-VNNOUBDJ.js:1:16043)
    at https://www.greencity.cx.ua/chunk-VNNOUBDJ.js:1:7223
    at eE (https://www.greencity.cx.ua/chunk-NUXSP4TM.js:11:76097)
    at Object.o [as next] (https://www.greencity.cx.ua/chunk-NUXSP4TM.js:11:76277)
    at bv.next (https://www.greencity.cx.ua/chunk-NUXSP4TM.js:7:3120)
    at Fr._next (https://www.greencity.cx.ua/chunk-NUXSP4TM.js:7:2803)
    at Fr.next (https://www.greencity.cx.ua/chunk-NUXSP4TM.js:7:2530)
    at https://www.greencity.cx.ua/chunk-NUXSP4TM.js:7:7848
    at Ac (https://www.greencity.cx.ua/chunk-NUXSP4TM.js:7:2222)
    at S0.next (https://www.greencity.cx.ua/chunk-NUXSP4TM.js:7:7687), [2026-03-15T12:00:23.019Z] [SEVERE] https://www.greencity.cx.ua/chunk-NUXSP4TM.js 10:45939 "ERROR" TypeError: Cannot read properties of null (reading 'setValue')
    at n.quillContentChanged (https://www.greencity.cx.ua/chunk-VNNOUBDJ.js:1:16043)
    at https://www.greencity.cx.ua/chunk-VNNOUBDJ.js:1:7223
    at eE (https://www.greencity.cx.ua/chunk-NUXSP4TM.js:11:76097)
    at Object.o [as next] (https://www.greencity.cx.ua/chunk-NUXSP4TM.js:11:76277)
    at bv.next (https://www.greencity.cx.ua/chunk-NUXSP4TM.js:7:3120)
    at Fr._next (https://www.greencity.cx.ua/chunk-NUXSP4TM.js:7:2803)
    at Fr.next (https://www.greencity.cx.ua/chunk-NUXSP4TM.js:7:2530)
    at https://www.greencity.cx.ua/chunk-NUXSP4TM.js:7:7848
    at Ac (https://www.greencity.cx.ua/chunk-NUXSP4TM.js:7:2222)
    at S0.next (https://www.greencity.cx.ua/chunk-NUXSP4TM.js:7:7687), [2026-03-15T12:00:23.022Z] [SEVERE] https://www.greencity.cx.ua/chunk-NUXSP4TM.js 10:45939 "ERROR" TypeError: Cannot read properties of null (reading 'setValue')
    at n.quillContentChanged (https://www.greencity.cx.ua/chunk-VNNOUBDJ.js:1:16043)
    at https://www.greencity.cx.ua/chunk-VNNOUBDJ.js:1:7223
    at eE (https://www.greencity.cx.ua/chunk-NUXSP4TM.js:11:76097)
    at Object.o [as next] (https://www.greencity.cx.ua/chunk-NUXSP4TM.js:11:76277)
    at bv.next (https://www.greencity.cx.ua/chunk-NUXSP4TM.js:7:3120)
    at Fr._next (https://www.greencity.cx.ua/chunk-NUXSP4TM.js:7:2803)
    at Fr.next (https://www.greencity.cx.ua/chunk-NUXSP4TM.js:7:2530)
    at https://www.greencity.cx.ua/chunk-NUXSP4TM.js:7:7848
    at Ac (https://www.greencity.cx.ua/chunk-NUXSP4TM.js:7:2222)
    at S0.next (https://www.greencity.cx.ua/chunk-NUXSP4TM.js:7:7687), [2026-03-15T12:00:23.025Z] [SEVERE] https://www.greencity.cx.ua/chunk-NUXSP4TM.js 10:45939 "ERROR" TypeError: Cannot read properties of null (reading 'setValue')
    at n.quillContentChanged (https://www.greencity.cx.ua/chunk-VNNOUBDJ.js:1:16043)
    at https://www.greencity.cx.ua/chunk-VNNOUBDJ.js:1:7223
    at eE (https://www.greencity.cx.ua/chunk-NUXSP4TM.js:11:76097)
    at Object.o [as next] (https://www.greencity.cx.ua/chunk-NUXSP4TM.js:11:76277)
    at bv.next (https://www.greencity.cx.ua/chunk-NUXSP4TM.js:7:3120)
    at Fr._next (https://www.greencity.cx.ua/chunk-NUXSP4TM.js:7:2803)
    at Fr.next (https://www.greencity.cx.ua/chunk-NUXSP4TM.js:7:2530)
    at https://www.greencity.cx.ua/chunk-NUXSP4TM.js:7:7848
    at Ac (https://www.greencity.cx.ua/chunk-NUXSP4TM.js:7:2222)
    at S0.next (https://www.greencity.cx.ua/chunk-NUXSP4TM.js:7:7687), [2026-03-15T12:00:23.028Z] [SEVERE] https://www.greencity.cx.ua/chunk-NUXSP4TM.js 10:45939 "ERROR" TypeError: Cannot read properties of null (reading 'setValue')
    at n.quillContentChanged (https://www.greencity.cx.ua/chunk-VNNOUBDJ.js:1:16043)
    at https://www.greencity.cx.ua/chunk-VNNOUBDJ.js:1:7223
    at eE (https://www.greencity.cx.ua/chunk-NUXSP4TM.js:11:76097)
    at Object.o [as next] (https://www.greencity.cx.ua/chunk-NUXSP4TM.js:11:76277)
    at bv.next (https://www.greencity.cx.ua/chunk-NUXSP4TM.js:7:3120)
    at Fr._next (https://www.greencity.cx.ua/chunk-NUXSP4TM.js:7:2803)
    at Fr.next (https://www.greencity.cx.ua/chunk-NUXSP4TM.js:7:2530)
    at https://www.greencity.cx.ua/chunk-NUXSP4TM.js:7:7848
    at Ac (https://www.greencity.cx.ua/chunk-NUXSP4TM.js:7:2222)
    at S0.next (https://www.greencity.cx.ua/chunk-NUXSP4TM.js:7:7687), [2026-03-15T12:00:23.032Z] [SEVERE] https://www.greencity.cx.ua/chunk-NUXSP4TM.js 10:45939 "ERROR" TypeError: Cannot read properties of null (reading 'setValue')
    at n.quillContentChanged (https://www.greencity.cx.ua/chunk-VNNOUBDJ.js:1:16043)
    at https://www.greencity.cx.ua/chunk-VNNOUBDJ.js:1:7223
    at eE (https://www.greencity.cx.ua/chunk-NUXSP4TM.js:11:76097)
    at Object.o [as next] (https://www.greencity.cx.ua/chunk-NUXSP4TM.js:11:76277)
    at bv.next (https://www.greencity.cx.ua/chunk-NUXSP4TM.js:7:3120)
    at Fr._next (https://www.greencity.cx.ua/chunk-NUXSP4TM.js:7:2803)
    at Fr.next (https://www.greencity.cx.ua/chunk-NUXSP4TM.js:7:2530)
    at https://www.greencity.cx.ua/chunk-NUXSP4TM.js:7:7848
    at Ac (https://www.greencity.cx.ua/chunk-NUXSP4TM.js:7:2222)
    at S0.next (https://www.greencity.cx.ua/chunk-NUXSP4TM.js:7:7687), [2026-03-15T12:00:23.035Z] [SEVERE] https://www.greencity.cx.ua/chunk-NUXSP4TM.js 10:45939 "ERROR" TypeError: Cannot read properties of null (reading 'setValue')
    at n.quillContentChanged (https://www.greencity.cx.ua/chunk-VNNOUBDJ.js:1:16043)
    at https://www.greencity.cx.ua/chunk-VNNOUBDJ.js:1:7223
    at eE (https://www.greencity.cx.ua/chunk-NUXSP4TM.js:11:76097)
    at Object.o [as next] (https://www.greencity.cx.ua/chunk-NUXSP4TM.js:11:76277)
    at bv.next (https://www.greencity.cx.ua/chunk-NUXSP4TM.js:7:3120)
    at Fr._next (https://www.greencity.cx.ua/chunk-NUXSP4TM.js:7:2803)
    at Fr.next (https://www.greencity.cx.ua/chunk-NUXSP4TM.js:7:2530)
    at https://www.greencity.cx.ua/chunk-NUXSP4TM.js:7:7848
    at Ac (https://www.greencity.cx.ua/chunk-NUXSP4TM.js:7:2222)
    at S0.next (https://www.greencity.cx.ua/chunk-NUXSP4TM.js:7:7687), [2026-03-15T12:00:23.037Z] [SEVERE] https://www.greencity.cx.ua/chunk-NUXSP4TM.js 10:45939 "ERROR" TypeError: Cannot read properties of null (reading 'setValue')
    at n.quillContentChanged (https://www.greencity.cx.ua/chunk-VNNOUBDJ.js:1:16043)
    at https://www.greencity.cx.ua/chunk-VNNOUBDJ.js:1:7223
    at eE (https://www.greencity.cx.ua/chunk-NUXSP4TM.js:11:76097)
    at Object.o [as next] (https://www.greencity.cx.ua/chunk-NUXSP4TM.js:11:76277)
    at bv.next (https://www.greencity.cx.ua/chunk-NUXSP4TM.js:7:3120)
    at Fr._next (https://www.greencity.cx.ua/chunk-NUXSP4TM.js:7:2803)
    at Fr.next (https://www.greencity.cx.ua/chunk-NUXSP4TM.js:7:2530)
    at https://www.greencity.cx.ua/chunk-NUXSP4TM.js:7:7848
    at Ac (https://www.greencity.cx.ua/chunk-NUXSP4TM.js:7:2222)
    at S0.next (https://www.greencity.cx.ua/chunk-NUXSP4TM.js:7:7687), [2026-03-15T12:00:23.040Z] [SEVERE] https://www.greencity.cx.ua/chunk-NUXSP4TM.js 10:45939 "ERROR" TypeError: Cannot read properties of null (reading 'setValue')
    at n.quillContentChanged (https://www.greencity.cx.ua/chunk-VNNOUBDJ.js:1:16043)
    at https://www.greencity.cx.ua/chunk-VNNOUBDJ.js:1:7223
    at eE (https://www.greencity.cx.ua/chunk-NUXSP4TM.js:11:76097)
    at Object.o [as next] (https://www.greencity.cx.ua/chunk-NUXSP4TM.js:11:76277)
    at bv.next (https://www.greencity.cx.ua/chunk-NUXSP4TM.js:7:3120)
    at Fr._next (https://www.greencity.cx.ua/chunk-NUXSP4TM.js:7:2803)
    at Fr.next (https://www.greencity.cx.ua/chunk-NUXSP4TM.js:7:2530)
    at https://www.greencity.cx.ua/chunk-NUXSP4TM.js:7:7848
    at Ac (https://www.greencity.cx.ua/chunk-NUXSP4TM.js:7:2222)
    at S0.next (https://www.greencity.cx.ua/chunk-NUXSP4TM.js:7:7687), [2026-03-15T12:00:23.043Z] [SEVERE] https://www.greencity.cx.ua/chunk-NUXSP4TM.js 10:45939 "ERROR" TypeError: Cannot read properties of null (reading 'setValue')
    at n.quillContentChanged (https://www.greencity.cx.ua/chunk-VNNOUBDJ.js:1:16043)
    at https://www.greencity.cx.ua/chunk-VNNOUBDJ.js:1:7223
    at eE (https://www.greencity.cx.ua/chunk-NUXSP4TM.js:11:76097)
    at Object.o [as next] (https://www.greencity.cx.ua/chunk-NUXSP4TM.js:11:76277)
    at bv.next (https://www.greencity.cx.ua/chunk-NUXSP4TM.js:7:3120)
    at Fr._next (https://www.greencity.cx.ua/chunk-NUXSP4TM.js:7:2803)
    at Fr.next (https://www.greencity.cx.ua/chunk-NUXSP4TM.js:7:2530)
    at https://www.greencity.cx.ua/chunk-NUXSP4TM.js:7:7848
    at Ac (https://www.greencity.cx.ua/chunk-NUXSP4TM.js:7:2222)
    at S0.next (https://www.greencity.cx.ua/chunk-NUXSP4TM.js:7:7687), [2026-03-15T12:00:23.045Z] [SEVERE] https://www.greencity.cx.ua/chunk-NUXSP4TM.js 10:45939 "ERROR" TypeError: Cannot read properties of null (reading 'setValue')
    at n.quillContentChanged (https://www.greencity.cx.ua/chunk-VNNOUBDJ.js:1:16043)
    at https://www.greencity.cx.ua/chunk-VNNOUBDJ.js:1:7223
    at eE (https://www.greencity.cx.ua/chunk-NUXSP4TM.js:11:76097)
    at Object.o [as next] (https://www.greencity.cx.ua/chunk-NUXSP4TM.js:11:76277)
    at bv.next (https://www.greencity.cx.ua/chunk-NUXSP4TM.js:7:3120)
    at Fr._next (https://www.greencity.cx.ua/chunk-NUXSP4TM.js:7:2803)
    at Fr.next (https://www.greencity.cx.ua/chunk-NUXSP4TM.js:7:2530)
    at https://www.greencity.cx.ua/chunk-NUXSP4TM.js:7:7848
    at Ac (https://www.greencity.cx.ua/chunk-NUXSP4TM.js:7:2222)
    at S0.next (https://www.greencity.cx.ua/chunk-NUXSP4TM.js:7:7687), [2026-03-15T12:00:23.048Z] [SEVERE] https://www.greencity.cx.ua/chunk-NUXSP4TM.js 10:45939 "ERROR" TypeError: Cannot read properties of null (reading 'setValue')
    at n.quillContentChanged (https://www.greencity.cx.ua/chunk-VNNOUBDJ.js:1:16043)
    at https://www.greencity.cx.ua/chunk-VNNOUBDJ.js:1:7223
    at eE (https://www.greencity.cx.ua/chunk-NUXSP4TM.js:11:76097)
    at Object.o [as next] (https://www.greencity.cx.ua/chunk-NUXSP4TM.js:11:76277)
    at bv.next (https://www.greencity.cx.ua/chunk-NUXSP4TM.js:7:3120)
    at Fr._next (https://www.greencity.cx.ua/chunk-NUXSP4TM.js:7:2803)
    at Fr.next (https://www.greencity.cx.ua/chunk-NUXSP4TM.js:7:2530)
    at https://www.greencity.cx.ua/chunk-NUXSP4TM.js:7:7848
    at Ac (https://www.greencity.cx.ua/chunk-NUXSP4TM.js:7:2222)
    at S0.next (https://www.greencity.cx.ua/chunk-NUXSP4TM.js:7:7687), [2026-03-15T12:00:23.050Z] [SEVERE] https://www.greencity.cx.ua/chunk-NUXSP4TM.js 10:45939 "ERROR" TypeError: Cannot read properties of null (reading 'setValue')
    at n.quillContentChanged (https://www.greencity.cx.ua/chunk-VNNOUBDJ.js:1:16043)
    at https://www.greencity.cx.ua/chunk-VNNOUBDJ.js:1:7223
    at eE (https://www.greencity.cx.ua/chunk-NUXSP4TM.js:11:76097)
    at Object.o [as next] (https://www.greencity.cx.ua/chunk-NUXSP4TM.js:11:76277)
    at bv.next (https://www.greencity.cx.ua/chunk-NUXSP4TM.js:7:3120)
    at Fr._next (https://www.greencity.cx.ua/chunk-NUXSP4TM.js:7:2803)
    at Fr.next (https://www.greencity.cx.ua/chunk-NUXSP4TM.js:7:2530)
    at https://www.greencity.cx.ua/chunk-NUXSP4TM.js:7:7848
    at Ac (https://www.greencity.cx.ua/chunk-NUXSP4TM.js:7:2222)
    at S0.next (https://www.greencity.cx.ua/chunk-NUXSP4TM.js:7:7687), [2026-03-15T12:00:23.053Z] [SEVERE] https://www.greencity.cx.ua/chunk-NUXSP4TM.js 10:45939 "ERROR" TypeError: Cannot read properties of null (reading 'setValue')
    at n.quillContentChanged (https://www.greencity.cx.ua/chunk-VNNOUBDJ.js:1:16043)
    at https://www.greencity.cx.ua/chunk-VNNOUBDJ.js:1:7223
    at eE (https://www.greencity.cx.ua/chunk-NUXSP4TM.js:11:76097)
    at Object.o [as next] (https://www.greencity.cx.ua/chunk-NUXSP4TM.js:11:76277)
    at bv.next (https://www.greencity.cx.ua/chunk-NUXSP4TM.js:7:3120)
    at Fr._next (https://www.greencity.cx.ua/chunk-NUXSP4TM.js:7:2803)
    at Fr.next (https://www.greencity.cx.ua/chunk-NUXSP4TM.js:7:2530)
    at https://www.greencity.cx.ua/chunk-NUXSP4TM.js:7:7848
    at Ac (https://www.greencity.cx.ua/chunk-NUXSP4TM.js:7:2222)
    at S0.next (https://www.greencity.cx.ua/chunk-NUXSP4TM.js:7:7687), [2026-03-15T12:00:23.055Z] [SEVERE] https://www.greencity.cx.ua/chunk-NUXSP4TM.js 10:45939 "ERROR" TypeError: Cannot read properties of null (reading 'setValue')
    at n.quillContentChanged (https://www.greencity.cx.ua/chunk-VNNOUBDJ.js:1:16043)
    at https://www.greencity.cx.ua/chunk-VNNOUBDJ.js:1:7223
    at eE (https://www.greencity.cx.ua/chunk-NUXSP4TM.js:11:76097)
    at Object.o [as next] (https://www.greencity.cx.ua/chunk-NUXSP4TM.js:11:76277)
    at bv.next (https://www.greencity.cx.ua/chunk-NUXSP4TM.js:7:3120)
    at Fr._next (https://www.greencity.cx.ua/chunk-NUXSP4TM.js:7:2803)
    at Fr.next (https://www.greencity.cx.ua/chunk-NUXSP4TM.js:7:2530)
    at https://www.greencity.cx.ua/chunk-NUXSP4TM.js:7:7848
    at Ac (https://www.greencity.cx.ua/chunk-NUXSP4TM.js:7:2222)
    at S0.next (https://www.greencity.cx.ua/chunk-NUXSP4TM.js:7:7687), [2026-03-15T12:00:23.058Z] [SEVERE] https://www.greencity.cx.ua/chunk-NUXSP4TM.js 10:45939 "ERROR" TypeError: Cannot read properties of null (reading 'setValue')
    at n.quillContentChanged (https://www.greencity.cx.ua/chunk-VNNOUBDJ.js:1:16043)
    at https://www.greencity.cx.ua/chunk-VNNOUBDJ.js:1:7223
    at eE (https://www.greencity.cx.ua/chunk-NUXSP4TM.js:11:76097)
    at Object.o [as next] (https://www.greencity.cx.ua/chunk-NUXSP4TM.js:11:76277)
    at bv.next (https://www.greencity.cx.ua/chunk-NUXSP4TM.js:7:3120)
    at Fr._next (https://www.greencity.cx.ua/chunk-NUXSP4TM.js:7:2803)
    at Fr.next (https://www.greencity.cx.ua/chunk-NUXSP4TM.js:7:2530)
    at https://www.greencity.cx.ua/chunk-NUXSP4TM.js:7:7848
    at Ac (https://www.greencity.cx.ua/chunk-NUXSP4TM.js:7:2222)
    at S0.next (https://www.greencity.cx.ua/chunk-NUXSP4TM.js:7:7687), [2026-03-15T12:00:23.061Z] [SEVERE] https://www.greencity.cx.ua/chunk-NUXSP4TM.js 10:45939 "ERROR" TypeError: Cannot read properties of null (reading 'setValue')
    at n.quillContentChanged (https://www.greencity.cx.ua/chunk-VNNOUBDJ.js:1:16043)
    at https://www.greencity.cx.ua/chunk-VNNOUBDJ.js:1:7223
    at eE (https://www.greencity.cx.ua/chunk-NUXSP4TM.js:11:76097)
    at Object.o [as next] (https://www.greencity.cx.ua/chunk-NUXSP4TM.js:11:76277)
    at bv.next (https://www.greencity.cx.ua/chunk-NUXSP4TM.js:7:3120)
    at Fr._next (https://www.greencity.cx.ua/chunk-NUXSP4TM.js:7:2803)
    at Fr.next (https://www.greencity.cx.ua/chunk-NUXSP4TM.js:7:2530)
    at https://www.greencity.cx.ua/chunk-NUXSP4TM.js:7:7848
    at Ac (https://www.greencity.cx.ua/chunk-NUXSP4TM.js:7:2222)
    at S0.next (https://www.greencity.cx.ua/chunk-NUXSP4TM.js:7:7687), [2026-03-15T12:00:23.063Z] [SEVERE] https://www.greencity.cx.ua/chunk-NUXSP4TM.js 10:45939 "ERROR" TypeError: Cannot read properties of null (reading 'setValue')
    at n.quillContentChanged (https://www.greencity.cx.ua/chunk-VNNOUBDJ.js:1:16043)
    at https://www.greencity.cx.ua/chunk-VNNOUBDJ.js:1:7223
    at eE (https://www.greencity.cx.ua/chunk-NUXSP4TM.js:11:76097)
    at Object.o [as next] (https://www.greencity.cx.ua/chunk-NUXSP4TM.js:11:76277)
    at bv.next (https://www.greencity.cx.ua/chunk-NUXSP4TM.js:7:3120)
    at Fr._next (https://www.greencity.cx.ua/chunk-NUXSP4TM.js:7:2803)
    at Fr.next (https://www.greencity.cx.ua/chunk-NUXSP4TM.js:7:2530)
    at https://www.greencity.cx.ua/chunk-NUXSP4TM.js:7:7848
    at Ac (https://www.greencity.cx.ua/chunk-NUXSP4TM.js:7:2222)
    at S0.next (https://www.greencity.cx.ua/chunk-NUXSP4TM.js:7:7687), [2026-03-15T12:00:23.066Z] [SEVERE] https://www.greencity.cx.ua/chunk-NUXSP4TM.js 10:45939 "ERROR" TypeError: Cannot read properties of null (reading 'setValue')
    at n.quillContentChanged (https://www.greencity.cx.ua/chunk-VNNOUBDJ.js:1:16043)
    at https://www.greencity.cx.ua/chunk-VNNOUBDJ.js:1:7223
    at eE (https://www.greencity.cx.ua/chunk-NUXSP4TM.js:11:76097)
    at Object.o [as next] (https://www.greencity.cx.ua/chunk-NUXSP4TM.js:11:76277)
    at bv.next (https://www.greencity.cx.ua/chunk-NUXSP4TM.js:7:3120)
    at Fr._next (https://www.greencity.cx.ua/chunk-NUXSP4TM.js:7:2803)
    at Fr.next (https://www.greencity.cx.ua/chunk-NUXSP4TM.js:7:2530)
    at https://www.greencity.cx.ua/chunk-NUXSP4TM.js:7:7848
    at Ac (https://www.greencity.cx.ua/chunk-NUXSP4TM.js:7:2222)
    at S0.next (https://www.greencity.cx.ua/chunk-NUXSP4TM.js:7:7687), [2026-03-15T12:00:23.068Z] [SEVERE] https://www.greencity.cx.ua/chunk-NUXSP4TM.js 10:45939 "ERROR" TypeError: Cannot read properties of null (reading 'setValue')
    at n.quillContentChanged (https://www.greencity.cx.ua/chunk-VNNOUBDJ.js:1:16043)
    at https://www.greencity.cx.ua/chunk-VNNOUBDJ.js:1:7223
    at eE (https://www.greencity.cx.ua/chunk-NUXSP4TM.js:11:76097)
    at Object.o [as next] (https://www.greencity.cx.ua/chunk-NUXSP4TM.js:11:76277)
    at bv.next (https://www.greencity.cx.ua/chunk-NUXSP4TM.js:7:3120)
    at Fr._next (https://www.greencity.cx.ua/chunk-NUXSP4TM.js:7:2803)
    at Fr.next (https://www.greencity.cx.ua/chunk-NUXSP4TM.js:7:2530)
    at https://www.greencity.cx.ua/chunk-NUXSP4TM.js:7:7848
    at Ac (https://www.greencity.cx.ua/chunk-NUXSP4TM.js:7:2222)
    at S0.next (https://www.greencity.cx.ua/chunk-NUXSP4TM.js:7:7687), [2026-03-15T12:00:23.071Z] [SEVERE] https://www.greencity.cx.ua/chunk-NUXSP4TM.js 10:45939 "ERROR" TypeError: Cannot read properties of null (reading 'setValue')
    at n.quillContentChanged (https://www.greencity.cx.ua/chunk-VNNOUBDJ.js:1:16043)
    at https://www.greencity.cx.ua/chunk-VNNOUBDJ.js:1:7223
    at eE (https://www.greencity.cx.ua/chunk-NUXSP4TM.js:11:76097)
    at Object.o [as next] (https://www.greencity.cx.ua/chunk-NUXSP4TM.js:11:76277)
    at bv.next (https://www.greencity.cx.ua/chunk-NUXSP4TM.js:7:3120)
    at Fr._next (https://www.greencity.cx.ua/chunk-NUXSP4TM.js:7:2803)
    at Fr.next (https://www.greencity.cx.ua/chunk-NUXSP4TM.js:7:2530)
    at https://www.greencity.cx.ua/chunk-NUXSP4TM.js:7:7848
    at Ac (https://www.greencity.cx.ua/chunk-NUXSP4TM.js:7:2222)
    at S0.next (https://www.greencity.cx.ua/chunk-NUXSP4TM.js:7:7687), [2026-03-15T12:00:23.074Z] [SEVERE] https://www.greencity.cx.ua/chunk-NUXSP4TM.js 10:45939 "ERROR" TypeError: Cannot read properties of null (reading 'setValue')
    at n.quillContentChanged (https://www.greencity.cx.ua/chunk-VNNOUBDJ.js:1:16043)
    at https://www.greencity.cx.ua/chunk-VNNOUBDJ.js:1:7223
    at eE (https://www.greencity.cx.ua/chunk-NUXSP4TM.js:11:76097)
    at Object.o [as next] (https://www.greencity.cx.ua/chunk-NUXSP4TM.js:11:76277)
    at bv.next (https://www.greencity.cx.ua/chunk-NUXSP4TM.js:7:3120)
    at Fr._next (https://www.greencity.cx.ua/chunk-NUXSP4TM.js:7:2803)
    at Fr.next (https://www.greencity.cx.ua/chunk-NUXSP4TM.js:7:2530)
    at https://www.greencity.cx.ua/chunk-NUXSP4TM.js:7:7848
    at Ac (https://www.greencity.cx.ua/chunk-NUXSP4TM.js:7:2222)
    at S0.next (https://www.greencity.cx.ua/chunk-NUXSP4TM.js:7:7687), [2026-03-15T12:00:23.076Z] [SEVERE] https://www.greencity.cx.ua/chunk-NUXSP4TM.js 10:45939 "ERROR" TypeError: Cannot read properties of null (reading 'setValue')
    at n.quillContentChanged (https://www.greencity.cx.ua/chunk-VNNOUBDJ.js:1:16043)
    at https://www.greencity.cx.ua/chunk-VNNOUBDJ.js:1:7223
    at eE (https://www.greencity.cx.ua/chunk-NUXSP4TM.js:11:76097)
    at Object.o [as next] (https://www.greencity.cx.ua/chunk-NUXSP4TM.js:11:76277)
    at bv.next (https://www.greencity.cx.ua/chunk-NUXSP4TM.js:7:3120)
    at Fr._next (https://www.greencity.cx.ua/chunk-NUXSP4TM.js:7:2803)
    at Fr.next (https://www.greencity.cx.ua/chunk-NUXSP4TM.js:7:2530)
    at https://www.greencity.cx.ua/chunk-NUXSP4TM.js:7:7848
    at Ac (https://www.greencity.cx.ua/chunk-NUXSP4TM.js:7:2222)
    at S0.next (https://www.greencity.cx.ua/chunk-NUXSP4TM.js:7:7687), [2026-03-15T12:00:23.080Z] [SEVERE] https://www.greencity.cx.ua/chunk-NUXSP4TM.js 10:45939 "ERROR" TypeError: Cannot read properties of null (reading 'setValue')
    at n.quillContentChanged (https://www.greencity.cx.ua/chunk-VNNOUBDJ.js:1:16043)
    at https://www.greencity.cx.ua/chunk-VNNOUBDJ.js:1:7223
    at eE (https://www.greencity.cx.ua/chunk-NUXSP4TM.js:11:76097)
    at Object.o [as next] (https://www.greencity.cx.ua/chunk-NUXSP4TM.js:11:76277)
    at bv.next (https://www.greencity.cx.ua/chunk-NUXSP4TM.js:7:3120)
    at Fr._next (https://www.greencity.cx.ua/chunk-NUXSP4TM.js:7:2803)
    at Fr.next (https://www.greencity.cx.ua/chunk-NUXSP4TM.js:7:2530)
    at https://www.greencity.cx.ua/chunk-NUXSP4TM.js:7:7848
    at Ac (https://www.greencity.cx.ua/chunk-NUXSP4TM.js:7:2222)
    at S0.next (https://www.greencity.cx.ua/chunk-NUXSP4TM.js:7:7687), [2026-03-15T12:00:23.083Z] [SEVERE] https://www.greencity.cx.ua/chunk-NUXSP4TM.js 10:45939 "ERROR" TypeError: Cannot read properties of null (reading 'setValue')
    at n.quillContentChanged (https://www.greencity.cx.ua/chunk-VNNOUBDJ.js:1:16043)
    at https://www.greencity.cx.ua/chunk-VNNOUBDJ.js:1:7223
    at eE (https://www.greencity.cx.ua/chunk-NUXSP4TM.js:11:76097)
    at Object.o [as next] (https://www.greencity.cx.ua/chunk-NUXSP4TM.js:11:76277)
    at bv.next (https://www.greencity.cx.ua/chunk-NUXSP4TM.js:7:3120)
    at Fr._next (https://www.greencity.cx.ua/chunk-NUXSP4TM.js:7:2803)
    at Fr.next (https://www.greencity.cx.ua/chunk-NUXSP4TM.js:7:2530)
    at https://www.greencity.cx.ua/chunk-NUXSP4TM.js:7:7848
    at Ac (https://www.greencity.cx.ua/chunk-NUXSP4TM.js:7:2222)
    at S0.next (https://www.greencity.cx.ua/chunk-NUXSP4TM.js:7:7687), [2026-03-15T12:00:23.086Z] [SEVERE] https://www.greencity.cx.ua/chunk-NUXSP4TM.js 10:45939 "ERROR" TypeError: Cannot read properties of null (reading 'setValue')
    at n.quillContentChanged (https://www.greencity.cx.ua/chunk-VNNOUBDJ.js:1:16043)
    at https://www.greencity.cx.ua/chunk-VNNOUBDJ.js:1:7223
    at eE (https://www.greencity.cx.ua/chunk-NUXSP4TM.js:11:76097)
    at Object.o [as next] (https://www.greencity.cx.ua/chunk-NUXSP4TM.js:11:76277)
    at bv.next (https://www.greencity.cx.ua/chunk-NUXSP4TM.js:7:3120)
    at Fr._next (https://www.greencity.cx.ua/chunk-NUXSP4TM.js:7:2803)
    at Fr.next (https://www.greencity.cx.ua/chunk-NUXSP4TM.js:7:2530)
    at https://www.greencity.cx.ua/chunk-NUXSP4TM.js:7:7848
    at Ac (https://www.greencity.cx.ua/chunk-NUXSP4TM.js:7:2222)
    at S0.next (https://www.greencity.cx.ua/chunk-NUXSP4TM.js:7:7687), [2026-03-15T12:00:23.089Z] [SEVERE] https://www.greencity.cx.ua/chunk-NUXSP4TM.js 10:45939 "ERROR" TypeError: Cannot read properties of null (reading 'setValue')
    at n.quillContentChanged (https://www.greencity.cx.ua/chunk-VNNOUBDJ.js:1:16043)
    at https://www.greencity.cx.ua/chunk-VNNOUBDJ.js:1:7223
    at eE (https://www.greencity.cx.ua/chunk-NUXSP4TM.js:11:76097)
    at Object.o [as next] (https://www.greencity.cx.ua/chunk-NUXSP4TM.js:11:76277)
    at bv.next (https://www.greencity.cx.ua/chunk-NUXSP4TM.js:7:3120)
    at Fr._next (https://www.greencity.cx.ua/chunk-NUXSP4TM.js:7:2803)
    at Fr.next (https://www.greencity.cx.ua/chunk-NUXSP4TM.js:7:2530)
    at https://www.greencity.cx.ua/chunk-NUXSP4TM.js:7:7848
    at Ac (https://www.greencity.cx.ua/chunk-NUXSP4TM.js:7:2222)
    at S0.next (https://www.greencity.cx.ua/chunk-NUXSP4TM.js:7:7687), [2026-03-15T12:00:23.092Z] [SEVERE] https://www.greencity.cx.ua/chunk-NUXSP4TM.js 10:45939 "ERROR" TypeError: Cannot read properties of null (reading 'setValue')
    at n.quillContentChanged (https://www.greencity.cx.ua/chunk-VNNOUBDJ.js:1:16043)
    at https://www.greencity.cx.ua/chunk-VNNOUBDJ.js:1:7223
    at eE (https://www.greencity.cx.ua/chunk-NUXSP4TM.js:11:76097)
    at Object.o [as next] (https://www.greencity.cx.ua/chunk-NUXSP4TM.js:11:76277)
    at bv.next (https://www.greencity.cx.ua/chunk-NUXSP4TM.js:7:3120)
    at Fr._next (https://www.greencity.cx.ua/chunk-NUXSP4TM.js:7:2803)
    at Fr.next (https://www.greencity.cx.ua/chunk-NUXSP4TM.js:7:2530)
    at https://www.greencity.cx.ua/chunk-NUXSP4TM.js:7:7848
    at Ac (https://www.greencity.cx.ua/chunk-NUXSP4TM.js:7:2222)
    at S0.next (https://www.greencity.cx.ua/chunk-NUXSP4TM.js:7:7687), [2026-03-15T12:00:23.094Z] [SEVERE] https://www.greencity.cx.ua/chunk-NUXSP4TM.js 10:45939 "ERROR" TypeError: Cannot read properties of null (reading 'setValue')
    at n.quillContentChanged (https://www.greencity.cx.ua/chunk-VNNOUBDJ.js:1:16043)
    at https://www.greencity.cx.ua/chunk-VNNOUBDJ.js:1:7223
    at eE (https://www.greencity.cx.ua/chunk-NUXSP4TM.js:11:76097)
    at Object.o [as next] (https://www.greencity.cx.ua/chunk-NUXSP4TM.js:11:76277)
    at bv.next (https://www.greencity.cx.ua/chunk-NUXSP4TM.js:7:3120)
    at Fr._next (https://www.greencity.cx.ua/chunk-NUXSP4TM.js:7:2803)
    at Fr.next (https://www.greencity.cx.ua/chunk-NUXSP4TM.js:7:2530)
    at https://www.greencity.cx.ua/chunk-NUXSP4TM.js:7:7848
    at Ac (https://www.greencity.cx.ua/chunk-NUXSP4TM.js:7:2222)
    at S0.next (https://www.greencity.cx.ua/chunk-NUXSP4TM.js:7:7687), [2026-03-15T12:00:23.097Z] [SEVERE] https://www.greencity.cx.ua/chunk-NUXSP4TM.js 10:45939 "ERROR" TypeError: Cannot read properties of null (reading 'setValue')
    at n.quillContentChanged (https://www.greencity.cx.ua/chunk-VNNOUBDJ.js:1:16043)
    at https://www.greencity.cx.ua/chunk-VNNOUBDJ.js:1:7223
    at eE (https://www.greencity.cx.ua/chunk-NUXSP4TM.js:11:76097)
    at Object.o [as next] (https://www.greencity.cx.ua/chunk-NUXSP4TM.js:11:76277)
    at bv.next (https://www.greencity.cx.ua/chunk-NUXSP4TM.js:7:3120)
    at Fr._next (https://www.greencity.cx.ua/chunk-NUXSP4TM.js:7:2803)
    at Fr.next (https://www.greencity.cx.ua/chunk-NUXSP4TM.js:7:2530)
    at https://www.greencity.cx.ua/chunk-NUXSP4TM.js:7:7848
    at Ac (https://www.greencity.cx.ua/chunk-NUXSP4TM.js:7:2222)
    at S0.next (https://www.greencity.cx.ua/chunk-NUXSP4TM.js:7:7687), [2026-03-15T12:00:23.099Z] [SEVERE] https://www.greencity.cx.ua/chunk-NUXSP4TM.js 10:45939 "ERROR" TypeError: Cannot read properties of null (reading 'setValue')
    at n.quillContentChanged (https://www.greencity.cx.ua/chunk-VNNOUBDJ.js:1:16043)
    at https://www.greencity.cx.ua/chunk-VNNOUBDJ.js:1:7223
    at eE (https://www.greencity.cx.ua/chunk-NUXSP4TM.js:11:76097)
    at Object.o [as next] (https://www.greencity.cx.ua/chunk-NUXSP4TM.js:11:76277)
    at bv.next (https://www.greencity.cx.ua/chunk-NUXSP4TM.js:7:3120)
    at Fr._next (https://www.greencity.cx.ua/chunk-NUXSP4TM.js:7:2803)
    at Fr.next (https://www.greencity.cx.ua/chunk-NUXSP4TM.js:7:2530)
    at https://www.greencity.cx.ua/chunk-NUXSP4TM.js:7:7848
    at Ac (https://www.greencity.cx.ua/chunk-NUXSP4TM.js:7:2222)
    at S0.next (https://www.greencity.cx.ua/chunk-NUXSP4TM.js:7:7687), [2026-03-15T12:00:23.102Z] [SEVERE] https://www.greencity.cx.ua/chunk-NUXSP4TM.js 10:45939 "ERROR" TypeError: Cannot read properties of null (reading 'setValue')
    at n.quillContentChanged (https://www.greencity.cx.ua/chunk-VNNOUBDJ.js:1:16043)
    at https://www.greencity.cx.ua/chunk-VNNOUBDJ.js:1:7223
    at eE (https://www.greencity.cx.ua/chunk-NUXSP4TM.js:11:76097)
    at Object.o [as next] (https://www.greencity.cx.ua/chunk-NUXSP4TM.js:11:76277)
    at bv.next (https://www.greencity.cx.ua/chunk-NUXSP4TM.js:7:3120)
    at Fr._next (https://www.greencity.cx.ua/chunk-NUXSP4TM.js:7:2803)
    at Fr.next (https://www.greencity.cx.ua/chunk-NUXSP4TM.js:7:2530)
    at https://www.greencity.cx.ua/chunk-NUXSP4TM.js:7:7848
    at Ac (https://www.greencity.cx.ua/chunk-NUXSP4TM.js:7:2222)
    at S0.next (https://www.greencity.cx.ua/chunk-NUXSP4TM.js:7:7687), [2026-03-15T12:00:23.104Z] [SEVERE] https://www.greencity.cx.ua/chunk-NUXSP4TM.js 10:45939 "ERROR" TypeError: Cannot read properties of null (reading 'setValue')
    at n.quillContentChanged (https://www.greencity.cx.ua/chunk-VNNOUBDJ.js:1:16043)
    at https://www.greencity.cx.ua/chunk-VNNOUBDJ.js:1:7223
    at eE (https://www.greencity.cx.ua/chunk-NUXSP4TM.js:11:76097)
    at Object.o [as next] (https://www.greencity.cx.ua/chunk-NUXSP4TM.js:11:76277)
    at bv.next (https://www.greencity.cx.ua/chunk-NUXSP4TM.js:7:3120)
    at Fr._next (https://www.greencity.cx.ua/chunk-NUXSP4TM.js:7:2803)
    at Fr.next (https://www.greencity.cx.ua/chunk-NUXSP4TM.js:7:2530)
    at https://www.greencity.cx.ua/chunk-NUXSP4TM.js:7:7848
    at Ac (https://www.greencity.cx.ua/chunk-NUXSP4TM.js:7:2222)
    at S0.next (https://www.greencity.cx.ua/chunk-NUXSP4TM.js:7:7687), [2026-03-15T12:00:23.107Z] [SEVERE] https://www.greencity.cx.ua/chunk-NUXSP4TM.js 10:45939 "ERROR" TypeError: Cannot read properties of null (reading 'setValue')
    at n.quillContentChanged (https://www.greencity.cx.ua/chunk-VNNOUBDJ.js:1:16043)
    at https://www.greencity.cx.ua/chunk-VNNOUBDJ.js:1:7223
    at eE (https://www.greencity.cx.ua/chunk-NUXSP4TM.js:11:76097)
    at Object.o [as next] (https://www.greencity.cx.ua/chunk-NUXSP4TM.js:11:76277)
    at bv.next (https://www.greencity.cx.ua/chunk-NUXSP4TM.js:7:3120)
    at Fr._next (https://www.greencity.cx.ua/chunk-NUXSP4TM.js:7:2803)
    at Fr.next (https://www.greencity.cx.ua/chunk-NUXSP4TM.js:7:2530)
    at https://www.greencity.cx.ua/chunk-NUXSP4TM.js:7:7848
    at Ac (https://www.greencity.cx.ua/chunk-NUXSP4TM.js:7:2222)
    at S0.next (https://www.greencity.cx.ua/chunk-NUXSP4TM.js:7:7687), [2026-03-15T12:00:23.109Z] [SEVERE] https://www.greencity.cx.ua/chunk-NUXSP4TM.js 10:45939 "ERROR" TypeError: Cannot read properties of null (reading 'setValue')
    at n.quillContentChanged (https://www.greencity.cx.ua/chunk-VNNOUBDJ.js:1:16043)
    at https://www.greencity.cx.ua/chunk-VNNOUBDJ.js:1:7223
    at eE (https://www.greencity.cx.ua/chunk-NUXSP4TM.js:11:76097)
    at Object.o [as next] (https://www.greencity.cx.ua/chunk-NUXSP4TM.js:11:76277)
    at bv.next (https://www.greencity.cx.ua/chunk-NUXSP4TM.js:7:3120)
    at Fr._next (https://www.greencity.cx.ua/chunk-NUXSP4TM.js:7:2803)
    at Fr.next (https://www.greencity.cx.ua/chunk-NUXSP4TM.js:7:2530)
    at https://www.greencity.cx.ua/chunk-NUXSP4TM.js:7:7848
    at Ac (https://www.greencity.cx.ua/chunk-NUXSP4TM.js:7:2222)
    at S0.next (https://www.greencity.cx.ua/chunk-NUXSP4TM.js:7:7687), [2026-03-15T12:00:23.112Z] [SEVERE] https://www.greencity.cx.ua/chunk-NUXSP4TM.js 10:45939 "ERROR" TypeError: Cannot read properties of null (reading 'setValue')
    at n.quillContentChanged (https://www.greencity.cx.ua/chunk-VNNOUBDJ.js:1:16043)
    at https://www.greencity.cx.ua/chunk-VNNOUBDJ.js:1:7223
    at eE (https://www.greencity.cx.ua/chunk-NUXSP4TM.js:11:76097)
    at Object.o [as next] (https://www.greencity.cx.ua/chunk-NUXSP4TM.js:11:76277)
    at bv.next (https://www.greencity.cx.ua/chunk-NUXSP4TM.js:7:3120)
    at Fr._next (https://www.greencity.cx.ua/chunk-NUXSP4TM.js:7:2803)
    at Fr.next (https://www.greencity.cx.ua/chunk-NUXSP4TM.js:7:2530)
    at https://www.greencity.cx.ua/chunk-NUXSP4TM.js:7:7848
    at Ac (https://www.greencity.cx.ua/chunk-NUXSP4TM.js:7:2222)
    at S0.next (https://www.greencity.cx.ua/chunk-NUXSP4TM.js:7:7687), [2026-03-15T12:00:23.115Z] [SEVERE] https://www.greencity.cx.ua/chunk-NUXSP4TM.js 10:45939 "ERROR" TypeError: Cannot read properties of null (reading 'setValue')
    at n.quillContentChanged (https://www.greencity.cx.ua/chunk-VNNOUBDJ.js:1:16043)
    at https://www.greencity.cx.ua/chunk-VNNOUBDJ.js:1:7223
    at eE (https://www.greencity.cx.ua/chunk-NUXSP4TM.js:11:76097)
    at Object.o [as next] (https://www.greencity.cx.ua/chunk-NUXSP4TM.js:11:76277)
    at bv.next (https://www.greencity.cx.ua/chunk-NUXSP4TM.js:7:3120)
    at Fr._next (https://www.greencity.cx.ua/chunk-NUXSP4TM.js:7:2803)
    at Fr.next (https://www.greencity.cx.ua/chunk-NUXSP4TM.js:7:2530)
    at https://www.greencity.cx.ua/chunk-NUXSP4TM.js:7:7848
    at Ac (https://www.greencity.cx.ua/chunk-NUXSP4TM.js:7:2222)
    at S0.next (https://www.greencity.cx.ua/chunk-NUXSP4TM.js:7:7687), [2026-03-15T12:00:23.117Z] [SEVERE] https://www.greencity.cx.ua/chunk-NUXSP4TM.js 10:45939 "ERROR" TypeError: Cannot read properties of null (reading 'setValue')
    at n.quillContentChanged (https://www.greencity.cx.ua/chunk-VNNOUBDJ.js:1:16043)
    at https://www.greencity.cx.ua/chunk-VNNOUBDJ.js:1:7223
    at eE (https://www.greencity.cx.ua/chunk-NUXSP4TM.js:11:76097)
    at Object.o [as next] (https://www.greencity.cx.ua/chunk-NUXSP4TM.js:11:76277)
    at bv.next (https://www.greencity.cx.ua/chunk-NUXSP4TM.js:7:3120)
    at Fr._next (https://www.greencity.cx.ua/chunk-NUXSP4TM.js:7:2803)
    at Fr.next (https://www.greencity.cx.ua/chunk-NUXSP4TM.js:7:2530)
    at https://www.greencity.cx.ua/chunk-NUXSP4TM.js:7:7848
    at Ac (https://www.greencity.cx.ua/chunk-NUXSP4TM.js:7:2222)
    at S0.next (https://www.greencity.cx.ua/chunk-NUXSP4TM.js:7:7687), [2026-03-15T12:00:23.120Z] [SEVERE] https://www.greencity.cx.ua/chunk-NUXSP4TM.js 10:45939 "ERROR" TypeError: Cannot read properties of null (reading 'setValue')
    at n.quillContentChanged (https://www.greencity.cx.ua/chunk-VNNOUBDJ.js:1:16043)
    at https://www.greencity.cx.ua/chunk-VNNOUBDJ.js:1:7223
    at eE (https://www.greencity.cx.ua/chunk-NUXSP4TM.js:11:76097)
    at Object.o [as next] (https://www.greencity.cx.ua/chunk-NUXSP4TM.js:11:76277)
    at bv.next (https://www.greencity.cx.ua/chunk-NUXSP4TM.js:7:3120)
    at Fr._next (https://www.greencity.cx.ua/chunk-NUXSP4TM.js:7:2803)
    at Fr.next (https://www.greencity.cx.ua/chunk-NUXSP4TM.js:7:2530)
    at https://www.greencity.cx.ua/chunk-NUXSP4TM.js:7:7848
    at Ac (https://www.greencity.cx.ua/chunk-NUXSP4TM.js:7:2222)
    at S0.next (https://www.greencity.cx.ua/chunk-NUXSP4TM.js:7:7687), [2026-03-15T12:00:23.122Z] [SEVERE] https://www.greencity.cx.ua/chunk-NUXSP4TM.js 10:45939 "ERROR" TypeError: Cannot read properties of null (reading 'setValue')
    at n.quillContentChanged (https://www.greencity.cx.ua/chunk-VNNOUBDJ.js:1:16043)
    at https://www.greencity.cx.ua/chunk-VNNOUBDJ.js:1:7223
    at eE (https://www.greencity.cx.ua/chunk-NUXSP4TM.js:11:76097)
    at Object.o [as next] (https://www.greencity.cx.ua/chunk-NUXSP4TM.js:11:76277)
    at bv.next (https://www.greencity.cx.ua/chunk-NUXSP4TM.js:7:3120)
    at Fr._next (https://www.greencity.cx.ua/chunk-NUXSP4TM.js:7:2803)
    at Fr.next (https://www.greencity.cx.ua/chunk-NUXSP4TM.js:7:2530)
    at https://www.greencity.cx.ua/chunk-NUXSP4TM.js:7:7848
    at Ac (https://www.greencity.cx.ua/chunk-NUXSP4TM.js:7:2222)
    at S0.next (https://www.greencity.cx.ua/chunk-NUXSP4TM.js:7:7687), [2026-03-15T12:00:23.125Z] [SEVERE] https://www.greencity.cx.ua/chunk-NUXSP4TM.js 10:45939 "ERROR" TypeError: Cannot read properties of null (reading 'setValue')
    at n.quillContentChanged (https://www.greencity.cx.ua/chunk-VNNOUBDJ.js:1:16043)
    at https://www.greencity.cx.ua/chunk-VNNOUBDJ.js:1:7223
    at eE (https://www.greencity.cx.ua/chunk-NUXSP4TM.js:11:76097)
    at Object.o [as next] (https://www.greencity.cx.ua/chunk-NUXSP4TM.js:11:76277)
    at bv.next (https://www.greencity.cx.ua/chunk-NUXSP4TM.js:7:3120)
    at Fr._next (https://www.greencity.cx.ua/chunk-NUXSP4TM.js:7:2803)
    at Fr.next (https://www.greencity.cx.ua/chunk-NUXSP4TM.js:7:2530)
    at https://www.greencity.cx.ua/chunk-NUXSP4TM.js:7:7848
    at Ac (https://www.greencity.cx.ua/chunk-NUXSP4TM.js:7:2222)
    at S0.next (https://www.greencity.cx.ua/chunk-NUXSP4TM.js:7:7687), [2026-03-15T12:00:23.127Z] [SEVERE] https://www.greencity.cx.ua/chunk-NUXSP4TM.js 10:45939 "ERROR" TypeError: Cannot read properties of null (reading 'setValue')
    at n.quillContentChanged (https://www.greencity.cx.ua/chunk-VNNOUBDJ.js:1:16043)
    at https://www.greencity.cx.ua/chunk-VNNOUBDJ.js:1:7223
    at eE (https://www.greencity.cx.ua/chunk-NUXSP4TM.js:11:76097)
    at Object.o [as next] (https://www.greencity.cx.ua/chunk-NUXSP4TM.js:11:76277)
    at bv.next (https://www.greencity.cx.ua/chunk-NUXSP4TM.js:7:3120)
    at Fr._next (https://www.greencity.cx.ua/chunk-NUXSP4TM.js:7:2803)
    at Fr.next (https://www.greencity.cx.ua/chunk-NUXSP4TM.js:7:2530)
    at https://www.greencity.cx.ua/chunk-NUXSP4TM.js:7:7848
    at Ac (https://www.greencity.cx.ua/chunk-NUXSP4TM.js:7:2222)
    at S0.next (https://www.greencity.cx.ua/chunk-NUXSP4TM.js:7:7687), [2026-03-15T12:00:23.130Z] [SEVERE] https://www.greencity.cx.ua/chunk-NUXSP4TM.js 10:45939 "ERROR" TypeError: Cannot read properties of null (reading 'setValue')
    at n.quillContentChanged (https://www.greencity.cx.ua/chunk-VNNOUBDJ.js:1:16043)
    at https://www.greencity.cx.ua/chunk-VNNOUBDJ.js:1:7223
    at eE (https://www.greencity.cx.ua/chunk-NUXSP4TM.js:11:76097)
    at Object.o [as next] (https://www.greencity.cx.ua/chunk-NUXSP4TM.js:11:76277)
    at bv.next (https://www.greencity.cx.ua/chunk-NUXSP4TM.js:7:3120)
    at Fr._next (https://www.greencity.cx.ua/chunk-NUXSP4TM.js:7:2803)
    at Fr.next (https://www.greencity.cx.ua/chunk-NUXSP4TM.js:7:2530)
    at https://www.greencity.cx.ua/chunk-NUXSP4TM.js:7:7848
    at Ac (https://www.greencity.cx.ua/chunk-NUXSP4TM.js:7:2222)
    at S0.next (https://www.greencity.cx.ua/chunk-NUXSP4TM.js:7:7687), [2026-03-15T12:00:23.133Z] [SEVERE] https://www.greencity.cx.ua/chunk-NUXSP4TM.js 10:45939 "ERROR" TypeError: Cannot read properties of null (reading 'setValue')
    at n.quillContentChanged (https://www.greencity.cx.ua/chunk-VNNOUBDJ.js:1:16043)
    at https://www.greencity.cx.ua/chunk-VNNOUBDJ.js:1:7223
    at eE (https://www.greencity.cx.ua/chunk-NUXSP4TM.js:11:76097)
    at Object.o [as next] (https://www.greencity.cx.ua/chunk-NUXSP4TM.js:11:76277)
    at bv.next (https://www.greencity.cx.ua/chunk-NUXSP4TM.js:7:3120)
    at Fr._next (https://www.greencity.cx.ua/chunk-NUXSP4TM.js:7:2803)
    at Fr.next (https://www.greencity.cx.ua/chunk-NUXSP4TM.js:7:2530)
    at https://www.greencity.cx.ua/chunk-NUXSP4TM.js:7:7848
    at Ac (https://www.greencity.cx.ua/chunk-NUXSP4TM.js:7:2222)
    at S0.next (https://www.greencity.cx.ua/chunk-NUXSP4TM.js:7:7687), [2026-03-15T12:00:23.136Z] [SEVERE] https://www.greencity.cx.ua/chunk-NUXSP4TM.js 10:45939 "ERROR" TypeError: Cannot read properties of null (reading 'setValue')
    at n.quillContentChanged (https://www.greencity.cx.ua/chunk-VNNOUBDJ.js:1:16043)
    at https://www.greencity.cx.ua/chunk-VNNOUBDJ.js:1:7223
    at eE (https://www.greencity.cx.ua/chunk-NUXSP4TM.js:11:76097)
    at Object.o [as next] (https://www.greencity.cx.ua/chunk-NUXSP4TM.js:11:76277)
    at bv.next (https://www.greencity.cx.ua/chunk-NUXSP4TM.js:7:3120)
    at Fr._next (https://www.greencity.cx.ua/chunk-NUXSP4TM.js:7:2803)
    at Fr.next (https://www.greencity.cx.ua/chunk-NUXSP4TM.js:7:2530)
    at https://www.greencity.cx.ua/chunk-NUXSP4TM.js:7:7848
    at Ac (https://www.greencity.cx.ua/chunk-NUXSP4TM.js:7:2222)
    at S0.next (https://www.greencity.cx.ua/chunk-NUXSP4TM.js:7:7687), [2026-03-15T12:00:23.138Z] [SEVERE] https://www.greencity.cx.ua/chunk-NUXSP4TM.js 10:45939 "ERROR" TypeError: Cannot read properties of null (reading 'setValue')
    at n.quillContentChanged (https://www.greencity.cx.ua/chunk-VNNOUBDJ.js:1:16043)
    at https://www.greencity.cx.ua/chunk-VNNOUBDJ.js:1:7223
    at eE (https://www.greencity.cx.ua/chunk-NUXSP4TM.js:11:76097)
    at Object.o [as next] (https://www.greencity.cx.ua/chunk-NUXSP4TM.js:11:76277)
    at bv.next (https://www.greencity.cx.ua/chunk-NUXSP4TM.js:7:3120)
    at Fr._next (https://www.greencity.cx.ua/chunk-NUXSP4TM.js:7:2803)
    at Fr.next (https://www.greencity.cx.ua/chunk-NUXSP4TM.js:7:2530)
    at https://www.greencity.cx.ua/chunk-NUXSP4TM.js:7:7848
    at Ac (https://www.greencity.cx.ua/chunk-NUXSP4TM.js:7:2222)
    at S0.next (https://www.greencity.cx.ua/chunk-NUXSP4TM.js:7:7687), [2026-03-15T12:00:23.141Z] [SEVERE] https://www.greencity.cx.ua/chunk-NUXSP4TM.js 10:45939 "ERROR" TypeError: Cannot read properties of null (reading 'setValue')
    at n.quillContentChanged (https://www.greencity.cx.ua/chunk-VNNOUBDJ.js:1:16043)
    at https://www.greencity.cx.ua/chunk-VNNOUBDJ.js:1:7223
    at eE (https://www.greencity.cx.ua/chunk-NUXSP4TM.js:11:76097)
    at Object.o [as next] (https://www.greencity.cx.ua/chunk-NUXSP4TM.js:11:76277)
    at bv.next (https://www.greencity.cx.ua/chunk-NUXSP4TM.js:7:3120)
    at Fr._next (https://www.greencity.cx.ua/chunk-NUXSP4TM.js:7:2803)
    at Fr.next (https://www.greencity.cx.ua/chunk-NUXSP4TM.js:7:2530)
    at https://www.greencity.cx.ua/chunk-NUXSP4TM.js:7:7848
    at Ac (https://www.greencity.cx.ua/chunk-NUXSP4TM.js:7:2222)
    at S0.next (https://www.greencity.cx.ua/chunk-NUXSP4TM.js:7:7687), [2026-03-15T12:00:23.144Z] [SEVERE] https://www.greencity.cx.ua/chunk-NUXSP4TM.js 10:45939 "ERROR" TypeError: Cannot read properties of null (reading 'setValue')
    at n.quillContentChanged (https://www.greencity.cx.ua/chunk-VNNOUBDJ.js:1:16043)
    at https://www.greencity.cx.ua/chunk-VNNOUBDJ.js:1:7223
    at eE (https://www.greencity.cx.ua/chunk-NUXSP4TM.js:11:76097)
    at Object.o [as next] (https://www.greencity.cx.ua/chunk-NUXSP4TM.js:11:76277)
    at bv.next (https://www.greencity.cx.ua/chunk-NUXSP4TM.js:7:3120)
    at Fr._next (https://www.greencity.cx.ua/chunk-NUXSP4TM.js:7:2803)
    at Fr.next (https://www.greencity.cx.ua/chunk-NUXSP4TM.js:7:2530)
    at https://www.greencity.cx.ua/chunk-NUXSP4TM.js:7:7848
    at Ac (https://www.greencity.cx.ua/chunk-NUXSP4TM.js:7:2222)
    at S0.next (https://www.greencity.cx.ua/chunk-NUXSP4TM.js:7:7687), [2026-03-15T12:00:23.146Z] [SEVERE] https://www.greencity.cx.ua/chunk-NUXSP4TM.js 10:45939 "ERROR" TypeError: Cannot read properties of null (reading 'setValue')
    at n.quillContentChanged (https://www.greencity.cx.ua/chunk-VNNOUBDJ.js:1:16043)
    at https://www.greencity.cx.ua/chunk-VNNOUBDJ.js:1:7223
    at eE (https://www.greencity.cx.ua/chunk-NUXSP4TM.js:11:76097)
    at Object.o [as next] (https://www.greencity.cx.ua/chunk-NUXSP4TM.js:11:76277)
    at bv.next (https://www.greencity.cx.ua/chunk-NUXSP4TM.js:7:3120)
    at Fr._next (https://www.greencity.cx.ua/chunk-NUXSP4TM.js:7:2803)
    at Fr.next (https://www.greencity.cx.ua/chunk-NUXSP4TM.js:7:2530)
    at https://www.greencity.cx.ua/chunk-NUXSP4TM.js:7:7848
    at Ac (https://www.greencity.cx.ua/chunk-NUXSP4TM.js:7:2222)
    at S0.next (https://www.greencity.cx.ua/chunk-NUXSP4TM.js:7:7687), [2026-03-15T12:00:23.149Z] [SEVERE] https://www.greencity.cx.ua/chunk-NUXSP4TM.js 10:45939 "ERROR" TypeError: Cannot read properties of null (reading 'setValue')
    at n.quillContentChanged (https://www.greencity.cx.ua/chunk-VNNOUBDJ.js:1:16043)
    at https://www.greencity.cx.ua/chunk-VNNOUBDJ.js:1:7223
    at eE (https://www.greencity.cx.ua/chunk-NUXSP4TM.js:11:76097)
    at Object.o [as next] (https://www.greencity.cx.ua/chunk-NUXSP4TM.js:11:76277)
    at bv.next (https://www.greencity.cx.ua/chunk-NUXSP4TM.js:7:3120)
    at Fr._next (https://www.greencity.cx.ua/chunk-NUXSP4TM.js:7:2803)
    at Fr.next (https://www.greencity.cx.ua/chunk-NUXSP4TM.js:7:2530)
    at https://www.greencity.cx.ua/chunk-NUXSP4TM.js:7:7848
    at Ac (https://www.greencity.cx.ua/chunk-NUXSP4TM.js:7:2222)
    at S0.next (https://www.greencity.cx.ua/chunk-NUXSP4TM.js:7:7687), [2026-03-15T12:00:23.152Z] [SEVERE] https://www.greencity.cx.ua/chunk-NUXSP4TM.js 10:45939 "ERROR" TypeError: Cannot read properties of null (reading 'setValue')
    at n.quillContentChanged (https://www.greencity.cx.ua/chunk-VNNOUBDJ.js:1:16043)
    at https://www.greencity.cx.ua/chunk-VNNOUBDJ.js:1:7223
    at eE (https://www.greencity.cx.ua/chunk-NUXSP4TM.js:11:76097)
    at Object.o [as next] (https://www.greencity.cx.ua/chunk-NUXSP4TM.js:11:76277)
    at bv.next (https://www.greencity.cx.ua/chunk-NUXSP4TM.js:7:3120)
    at Fr._next (https://www.greencity.cx.ua/chunk-NUXSP4TM.js:7:2803)
    at Fr.next (https://www.greencity.cx.ua/chunk-NUXSP4TM.js:7:2530)
    at https://www.greencity.cx.ua/chunk-NUXSP4TM.js:7:7848
    at Ac (https://www.greencity.cx.ua/chunk-NUXSP4TM.js:7:2222)
    at S0.next (https://www.greencity.cx.ua/chunk-NUXSP4TM.js:7:7687), [2026-03-15T12:00:23.155Z] [SEVERE] https://www.greencity.cx.ua/chunk-NUXSP4TM.js 10:45939 "ERROR" TypeError: Cannot read properties of null (reading 'setValue')
    at n.quillContentChanged (https://www.greencity.cx.ua/chunk-VNNOUBDJ.js:1:16043)
    at https://www.greencity.cx.ua/chunk-VNNOUBDJ.js:1:7223
    at eE (https://www.greencity.cx.ua/chunk-NUXSP4TM.js:11:76097)
    at Object.o [as next] (https://www.greencity.cx.ua/chunk-NUXSP4TM.js:11:76277)
    at bv.next (https://www.greencity.cx.ua/chunk-NUXSP4TM.js:7:3120)
    at Fr._next (https://www.greencity.cx.ua/chunk-NUXSP4TM.js:7:2803)
    at Fr.next (https://www.greencity.cx.ua/chunk-NUXSP4TM.js:7:2530)
    at https://www.greencity.cx.ua/chunk-NUXSP4TM.js:7:7848
    at Ac (https://www.greencity.cx.ua/chunk-NUXSP4TM.js:7:2222)
    at S0.next (https://www.greencity.cx.ua/chunk-NUXSP4TM.js:7:7687), [2026-03-15T12:00:23.158Z] [SEVERE] https://www.greencity.cx.ua/chunk-NUXSP4TM.js 10:45939 "ERROR" TypeError: Cannot read properties of null (reading 'setValue')
    at n.quillContentChanged (https://www.greencity.cx.ua/chunk-VNNOUBDJ.js:1:16043)
    at https://www.greencity.cx.ua/chunk-VNNOUBDJ.js:1:7223
    at eE (https://www.greencity.cx.ua/chunk-NUXSP4TM.js:11:76097)
    at Object.o [as next] (https://www.greencity.cx.ua/chunk-NUXSP4TM.js:11:76277)
    at bv.next (https://www.greencity.cx.ua/chunk-NUXSP4TM.js:7:3120)
    at Fr._next (https://www.greencity.cx.ua/chunk-NUXSP4TM.js:7:2803)
    at Fr.next (https://www.greencity.cx.ua/chunk-NUXSP4TM.js:7:2530)
    at https://www.greencity.cx.ua/chunk-NUXSP4TM.js:7:7848
    at Ac (https://www.greencity.cx.ua/chunk-NUXSP4TM.js:7:2222)
    at S0.next (https://www.greencity.cx.ua/chunk-NUXSP4TM.js:7:7687), [2026-03-15T12:00:23.161Z] [SEVERE] https://www.greencity.cx.ua/chunk-NUXSP4TM.js 10:45939 "ERROR" TypeError: Cannot read properties of null (reading 'setValue')
    at n.quillContentChanged (https://www.greencity.cx.ua/chunk-VNNOUBDJ.js:1:16043)
    at https://www.greencity.cx.ua/chunk-VNNOUBDJ.js:1:7223
    at eE (https://www.greencity.cx.ua/chunk-NUXSP4TM.js:11:76097)
    at Object.o [as next] (https://www.greencity.cx.ua/chunk-NUXSP4TM.js:11:76277)
    at bv.next (https://www.greencity.cx.ua/chunk-NUXSP4TM.js:7:3120)
    at Fr._next (https://www.greencity.cx.ua/chunk-NUXSP4TM.js:7:2803)
    at Fr.next (https://www.greencity.cx.ua/chunk-NUXSP4TM.js:7:2530)
    at https://www.greencity.cx.ua/chunk-NUXSP4TM.js:7:7848
    at Ac (https://www.greencity.cx.ua/chunk-NUXSP4TM.js:7:2222)
    at S0.next (https://www.greencity.cx.ua/chunk-NUXSP4TM.js:7:7687), [2026-03-15T12:00:23.164Z] [SEVERE] https://www.greencity.cx.ua/chunk-NUXSP4TM.js 10:45939 "ERROR" TypeError: Cannot read properties of null (reading 'setValue')
    at n.quillContentChanged (https://www.greencity.cx.ua/chunk-VNNOUBDJ.js:1:16043)
    at https://www.greencity.cx.ua/chunk-VNNOUBDJ.js:1:7223
    at eE (https://www.greencity.cx.ua/chunk-NUXSP4TM.js:11:76097)
    at Object.o [as next] (https://www.greencity.cx.ua/chunk-NUXSP4TM.js:11:76277)
    at bv.next (https://www.greencity.cx.ua/chunk-NUXSP4TM.js:7:3120)
    at Fr._next (https://www.greencity.cx.ua/chunk-NUXSP4TM.js:7:2803)
    at Fr.next (https://www.greencity.cx.ua/chunk-NUXSP4TM.js:7:2530)
    at https://www.greencity.cx.ua/chunk-NUXSP4TM.js:7:7848
    at Ac (https://www.greencity.cx.ua/chunk-NUXSP4TM.js:7:2222)
    at S0.next (https://www.greencity.cx.ua/chunk-NUXSP4TM.js:7:7687), [2026-03-15T12:00:23.167Z] [SEVERE] https://www.greencity.cx.ua/chunk-NUXSP4TM.js 10:45939 "ERROR" TypeError: Cannot read properties of null (reading 'setValue')
    at n.quillContentChanged (https://www.greencity.cx.ua/chunk-VNNOUBDJ.js:1:16043)
    at https://www.greencity.cx.ua/chunk-VNNOUBDJ.js:1:7223
    at eE (https://www.greencity.cx.ua/chunk-NUXSP4TM.js:11:76097)
    at Object.o [as next] (https://www.greencity.cx.ua/chunk-NUXSP4TM.js:11:76277)
    at bv.next (https://www.greencity.cx.ua/chunk-NUXSP4TM.js:7:3120)
    at Fr._next (https://www.greencity.cx.ua/chunk-NUXSP4TM.js:7:2803)
    at Fr.next (https://www.greencity.cx.ua/chunk-NUXSP4TM.js:7:2530)
    at https://www.greencity.cx.ua/chunk-NUXSP4TM.js:7:7848
    at Ac (https://www.greencity.cx.ua/chunk-NUXSP4TM.js:7:2222)
    at S0.next (https://www.greencity.cx.ua/chunk-NUXSP4TM.js:7:7687), [2026-03-15T12:00:23.170Z] [SEVERE] https://www.greencity.cx.ua/chunk-NUXSP4TM.js 10:45939 "ERROR" TypeError: Cannot read properties of null (reading 'setValue')
    at n.quillContentChanged (https://www.greencity.cx.ua/chunk-VNNOUBDJ.js:1:16043)
    at https://www.greencity.cx.ua/chunk-VNNOUBDJ.js:1:7223
    at eE (https://www.greencity.cx.ua/chunk-NUXSP4TM.js:11:76097)
    at Object.o [as next] (https://www.greencity.cx.ua/chunk-NUXSP4TM.js:11:76277)
    at bv.next (https://www.greencity.cx.ua/chunk-NUXSP4TM.js:7:3120)
    at Fr._next (https://www.greencity.cx.ua/chunk-NUXSP4TM.js:7:2803)
    at Fr.next (https://www.greencity.cx.ua/chunk-NUXSP4TM.js:7:2530)
    at https://www.greencity.cx.ua/chunk-NUXSP4TM.js:7:7848
    at Ac (https://www.greencity.cx.ua/chunk-NUXSP4TM.js:7:2222)
    at S0.next (https://www.greencity.cx.ua/chunk-NUXSP4TM.js:7:7687), [2026-03-15T12:00:23.173Z] [SEVERE] https://www.greencity.cx.ua/chunk-NUXSP4TM.js 10:45939 "ERROR" TypeError: Cannot read properties of null (reading 'setValue')
    at n.quillContentChanged (https://www.greencity.cx.ua/chunk-VNNOUBDJ.js:1:16043)
    at https://www.greencity.cx.ua/chunk-VNNOUBDJ.js:1:7223
    at eE (https://www.greencity.cx.ua/chunk-NUXSP4TM.js:11:76097)
    at Object.o [as next] (https://www.greencity.cx.ua/chunk-NUXSP4TM.js:11:76277)
    at bv.next (https://www.greencity.cx.ua/chunk-NUXSP4TM.js:7:3120)
    at Fr._next (https://www.greencity.cx.ua/chunk-NUXSP4TM.js:7:2803)
    at Fr.next (https://www.greencity.cx.ua/chunk-NUXSP4TM.js:7:2530)
    at https://www.greencity.cx.ua/chunk-NUXSP4TM.js:7:7848
    at Ac (https://www.greencity.cx.ua/chunk-NUXSP4TM.js:7:2222)
    at S0.next (https://www.greencity.cx.ua/chunk-NUXSP4TM.js:7:7687), [2026-03-15T12:00:23.176Z] [SEVERE] https://www.greencity.cx.ua/chunk-NUXSP4TM.js 10:45939 "ERROR" TypeError: Cannot read properties of null (reading 'setValue')
    at n.quillContentChanged (https://www.greencity.cx.ua/chunk-VNNOUBDJ.js:1:16043)
    at https://www.greencity.cx.ua/chunk-VNNOUBDJ.js:1:7223
    at eE (https://www.greencity.cx.ua/chunk-NUXSP4TM.js:11:76097)
    at Object.o [as next] (https://www.greencity.cx.ua/chunk-NUXSP4TM.js:11:76277)
    at bv.next (https://www.greencity.cx.ua/chunk-NUXSP4TM.js:7:3120)
    at Fr._next (https://www.greencity.cx.ua/chunk-NUXSP4TM.js:7:2803)
    at Fr.next (https://www.greencity.cx.ua/chunk-NUXSP4TM.js:7:2530)
    at https://www.greencity.cx.ua/chunk-NUXSP4TM.js:7:7848
    at Ac (https://www.greencity.cx.ua/chunk-NUXSP4TM.js:7:2222)
    at S0.next (https://www.greencity.cx.ua/chunk-NUXSP4TM.js:7:7687), [2026-03-15T12:00:23.179Z] [SEVERE] https://www.greencity.cx.ua/chunk-NUXSP4TM.js 10:45939 "ERROR" TypeError: Cannot read properties of null (reading 'setValue')
    at n.quillContentChanged (https://www.greencity.cx.ua/chunk-VNNOUBDJ.js:1:16043)
    at https://www.greencity.cx.ua/chunk-VNNOUBDJ.js:1:7223
    at eE (https://www.greencity.cx.ua/chunk-NUXSP4TM.js:11:76097)
    at Object.o [as next] (https://www.greencity.cx.ua/chunk-NUXSP4TM.js:11:76277)
    at bv.next (https://www.greencity.cx.ua/chunk-NUXSP4TM.js:7:3120)
    at Fr._next (https://www.greencity.cx.ua/chunk-NUXSP4TM.js:7:2803)
    at Fr.next (https://www.greencity.cx.ua/chunk-NUXSP4TM.js:7:2530)
    at https://www.greencity.cx.ua/chunk-NUXSP4TM.js:7:7848
    at Ac (https://www.greencity.cx.ua/chunk-NUXSP4TM.js:7:2222)
    at S0.next (https://www.greencity.cx.ua/chunk-NUXSP4TM.js:7:7687), [2026-03-15T12:00:23.182Z] [SEVERE] https://www.greencity.cx.ua/chunk-NUXSP4TM.js 10:45939 "ERROR" TypeError: Cannot read properties of null (reading 'setValue')
    at n.quillContentChanged (https://www.greencity.cx.ua/chunk-VNNOUBDJ.js:1:16043)
    at https://www.greencity.cx.ua/chunk-VNNOUBDJ.js:1:7223
    at eE (https://www.greencity.cx.ua/chunk-NUXSP4TM.js:11:76097)
    at Object.o [as next] (https://www.greencity.cx.ua/chunk-NUXSP4TM.js:11:76277)
    at bv.next (https://www.greencity.cx.ua/chunk-NUXSP4TM.js:7:3120)
    at Fr._next (https://www.greencity.cx.ua/chunk-NUXSP4TM.js:7:2803)
    at Fr.next (https://www.greencity.cx.ua/chunk-NUXSP4TM.js:7:2530)
    at https://www.greencity.cx.ua/chunk-NUXSP4TM.js:7:7848
    at Ac (https://www.greencity.cx.ua/chunk-NUXSP4TM.js:7:2222)
    at S0.next (https://www.greencity.cx.ua/chunk-NUXSP4TM.js:7:7687), [2026-03-15T12:00:23.184Z] [SEVERE] https://www.greencity.cx.ua/chunk-NUXSP4TM.js 10:45939 "ERROR" TypeError: Cannot read properties of null (reading 'setValue')
    at n.quillContentChanged (https://www.greencity.cx.ua/chunk-VNNOUBDJ.js:1:16043)
    at https://www.greencity.cx.ua/chunk-VNNOUBDJ.js:1:7223
    at eE (https://www.greencity.cx.ua/chunk-NUXSP4TM.js:11:76097)
    at Object.o [as next] (https://www.greencity.cx.ua/chunk-NUXSP4TM.js:11:76277)
    at bv.next (https://www.greencity.cx.ua/chunk-NUXSP4TM.js:7:3120)
    at Fr._next (https://www.greencity.cx.ua/chunk-NUXSP4TM.js:7:2803)
    at Fr.next (https://www.greencity.cx.ua/chunk-NUXSP4TM.js:7:2530)
    at https://www.greencity.cx.ua/chunk-NUXSP4TM.js:7:7848
    at Ac (https://www.greencity.cx.ua/chunk-NUXSP4TM.js:7:2222)
    at S0.next (https://www.greencity.cx.ua/chunk-NUXSP4TM.js:7:7687), [2026-03-15T12:00:23.187Z] [SEVERE] https://www.greencity.cx.ua/chunk-NUXSP4TM.js 10:45939 "ERROR" TypeError: Cannot read properties of null (reading 'setValue')
    at n.quillContentChanged (https://www.greencity.cx.ua/chunk-VNNOUBDJ.js:1:16043)
    at https://www.greencity.cx.ua/chunk-VNNOUBDJ.js:1:7223
    at eE (https://www.greencity.cx.ua/chunk-NUXSP4TM.js:11:76097)
    at Object.o [as next] (https://www.greencity.cx.ua/chunk-NUXSP4TM.js:11:76277)
    at bv.next (https://www.greencity.cx.ua/chunk-NUXSP4TM.js:7:3120)
    at Fr._next (https://www.greencity.cx.ua/chunk-NUXSP4TM.js:7:2803)
    at Fr.next (https://www.greencity.cx.ua/chunk-NUXSP4TM.js:7:2530)
    at https://www.greencity.cx.ua/chunk-NUXSP4TM.js:7:7848
    at Ac (https://www.greencity.cx.ua/chunk-NUXSP4TM.js:7:2222)
    at S0.next (https://www.greencity.cx.ua/chunk-NUXSP4TM.js:7:7687), [2026-03-15T12:00:23.190Z] [SEVERE] https://www.greencity.cx.ua/chunk-NUXSP4TM.js 10:45939 "ERROR" TypeError: Cannot read properties of null (reading 'setValue')
    at n.quillContentChanged (https://www.greencity.cx.ua/chunk-VNNOUBDJ.js:1:16043)
    at https://www.greencity.cx.ua/chunk-VNNOUBDJ.js:1:7223
    at eE (https://www.greencity.cx.ua/chunk-NUXSP4TM.js:11:76097)
    at Object.o [as next] (https://www.greencity.cx.ua/chunk-NUXSP4TM.js:11:76277)
    at bv.next (https://www.greencity.cx.ua/chunk-NUXSP4TM.js:7:3120)
    at Fr._next (https://www.greencity.cx.ua/chunk-NUXSP4TM.js:7:2803)
    at Fr.next (https://www.greencity.cx.ua/chunk-NUXSP4TM.js:7:2530)
    at https://www.greencity.cx.ua/chunk-NUXSP4TM.js:7:7848
    at Ac (https://www.greencity.cx.ua/chunk-NUXSP4TM.js:7:2222)
    at S0.next (https://www.greencity.cx.ua/chunk-NUXSP4TM.js:7:7687), [2026-03-15T12:00:23.193Z] [SEVERE] https://www.greencity.cx.ua/chunk-NUXSP4TM.js 10:45939 "ERROR" TypeError: Cannot read properties of null (reading 'setValue')
    at n.quillContentChanged (https://www.greencity.cx.ua/chunk-VNNOUBDJ.js:1:16043)
    at https://www.greencity.cx.ua/chunk-VNNOUBDJ.js:1:7223
    at eE (https://www.greencity.cx.ua/chunk-NUXSP4TM.js:11:76097)
    at Object.o [as next] (https://www.greencity.cx.ua/chunk-NUXSP4TM.js:11:76277)
    at bv.next (https://www.greencity.cx.ua/chunk-NUXSP4TM.js:7:3120)
    at Fr._next (https://www.greencity.cx.ua/chunk-NUXSP4TM.js:7:2803)
    at Fr.next (https://www.greencity.cx.ua/chunk-NUXSP4TM.js:7:2530)
    at https://www.greencity.cx.ua/chunk-NUXSP4TM.js:7:7848
    at Ac (https://www.greencity.cx.ua/chunk-NUXSP4TM.js:7:2222)
    at S0.next (https://www.greencity.cx.ua/chunk-NUXSP4TM.js:7:7687), [2026-03-15T12:00:23.196Z] [SEVERE] https://www.greencity.cx.ua/chunk-NUXSP4TM.js 10:45939 "ERROR" TypeError: Cannot read properties of null (reading 'setValue')
    at n.quillContentChanged (https://www.greencity.cx.ua/chunk-VNNOUBDJ.js:1:16043)
    at https://www.greencity.cx.ua/chunk-VNNOUBDJ.js:1:7223
    at eE (https://www.greencity.cx.ua/chunk-NUXSP4TM.js:11:76097)
    at Object.o [as next] (https://www.greencity.cx.ua/chunk-NUXSP4TM.js:11:76277)
    at bv.next (https://www.greencity.cx.ua/chunk-NUXSP4TM.js:7:3120)
    at Fr._next (https://www.greencity.cx.ua/chunk-NUXSP4TM.js:7:2803)
    at Fr.next (https://www.greencity.cx.ua/chunk-NUXSP4TM.js:7:2530)
    at https://www.greencity.cx.ua/chunk-NUXSP4TM.js:7:7848
    at Ac (https://www.greencity.cx.ua/chunk-NUXSP4TM.js:7:2222)
    at S0.next (https://www.greencity.cx.ua/chunk-NUXSP4TM.js:7:7687), [2026-03-15T12:00:23.199Z] [SEVERE] https://www.greencity.cx.ua/chunk-NUXSP4TM.js 10:45939 "ERROR" TypeError: Cannot read properties of null (reading 'setValue')
    at n.quillContentChanged (https://www.greencity.cx.ua/chunk-VNNOUBDJ.js:1:16043)
    at https://www.greencity.cx.ua/chunk-VNNOUBDJ.js:1:7223
    at eE (https://www.greencity.cx.ua/chunk-NUXSP4TM.js:11:76097)
    at Object.o [as next] (https://www.greencity.cx.ua/chunk-NUXSP4TM.js:11:76277)
    at bv.next (https://www.greencity.cx.ua/chunk-NUXSP4TM.js:7:3120)
    at Fr._next (https://www.greencity.cx.ua/chunk-NUXSP4TM.js:7:2803)
    at Fr.next (https://www.greencity.cx.ua/chunk-NUXSP4TM.js:7:2530)
    at https://www.greencity.cx.ua/chunk-NUXSP4TM.js:7:7848
    at Ac (https://www.greencity.cx.ua/chunk-NUXSP4TM.js:7:2222)
    at S0.next (https://www.greencity.cx.ua/chunk-NUXSP4TM.js:7:7687), [2026-03-15T12:00:23.202Z] [SEVERE] https://www.greencity.cx.ua/chunk-NUXSP4TM.js 10:45939 "ERROR" TypeError: Cannot read properties of null (reading 'setValue')
    at n.quillContentChanged (https://www.greencity.cx.ua/chunk-VNNOUBDJ.js:1:16043)
    at https://www.greencity.cx.ua/chunk-VNNOUBDJ.js:1:7223
    at eE (https://www.greencity.cx.ua/chunk-NUXSP4TM.js:11:76097)
    at Object.o [as next] (https://www.greencity.cx.ua/chunk-NUXSP4TM.js:11:76277)
    at bv.next (https://www.greencity.cx.ua/chunk-NUXSP4TM.js:7:3120)
    at Fr._next (https://www.greencity.cx.ua/chunk-NUXSP4TM.js:7:2803)
    at Fr.next (https://www.greencity.cx.ua/chunk-NUXSP4TM.js:7:2530)
    at https://www.greencity.cx.ua/chunk-NUXSP4TM.js:7:7848
    at Ac (https://www.greencity.cx.ua/chunk-NUXSP4TM.js:7:2222)
    at S0.next (https://www.greencity.cx.ua/chunk-NUXSP4TM.js:7:7687), [2026-03-15T12:00:23.205Z] [SEVERE] https://www.greencity.cx.ua/chunk-NUXSP4TM.js 10:45939 "ERROR" TypeError: Cannot read properties of null (reading 'setValue')
    at n.quillContentChanged (https://www.greencity.cx.ua/chunk-VNNOUBDJ.js:1:16043)
    at https://www.greencity.cx.ua/chunk-VNNOUBDJ.js:1:7223
    at eE (https://www.greencity.cx.ua/chunk-NUXSP4TM.js:11:76097)
    at Object.o [as next] (https://www.greencity.cx.ua/chunk-NUXSP4TM.js:11:76277)
    at bv.next (https://www.greencity.cx.ua/chunk-NUXSP4TM.js:7:3120)
    at Fr._next (https://www.greencity.cx.ua/chunk-NUXSP4TM.js:7:2803)
    at Fr.next (https://www.greencity.cx.ua/chunk-NUXSP4TM.js:7:2530)
    at https://www.greencity.cx.ua/chunk-NUXSP4TM.js:7:7848
    at Ac (https://www.greencity.cx.ua/chunk-NUXSP4TM.js:7:2222)
    at S0.next (https://www.greencity.cx.ua/chunk-NUXSP4TM.js:7:7687), [2026-03-15T12:00:23.209Z] [SEVERE] https://www.greencity.cx.ua/chunk-NUXSP4TM.js 10:45939 "ERROR" TypeError: Cannot read properties of null (reading 'setValue')
    at n.quillContentChanged (https://www.greencity.cx.ua/chunk-VNNOUBDJ.js:1:16043)
    at https://www.greencity.cx.ua/chunk-VNNOUBDJ.js:1:7223
    at eE (https://www.greencity.cx.ua/chunk-NUXSP4TM.js:11:76097)
    at Object.o [as next] (https://www.greencity.cx.ua/chunk-NUXSP4TM.js:11:76277)
    at bv.next (https://www.greencity.cx.ua/chunk-NUXSP4TM.js:7:3120)
    at Fr._next (https://www.greencity.cx.ua/chunk-NUXSP4TM.js:7:2803)
    at Fr.next (https://www.greencity.cx.ua/chunk-NUXSP4TM.js:7:2530)
    at https://www.greencity.cx.ua/chunk-NUXSP4TM.js:7:7848
    at Ac (https://www.greencity.cx.ua/chunk-NUXSP4TM.js:7:2222)
    at S0.next (https://www.greencity.cx.ua/chunk-NUXSP4TM.js:7:7687), [2026-03-15T12:00:23.212Z] [SEVERE] https://www.greencity.cx.ua/chunk-NUXSP4TM.js 10:45939 "ERROR" TypeError: Cannot read properties of null (reading 'setValue')
    at n.quillContentChanged (https://www.greencity.cx.ua/chunk-VNNOUBDJ.js:1:16043)
    at https://www.greencity.cx.ua/chunk-VNNOUBDJ.js:1:7223
    at eE (https://www.greencity.cx.ua/chunk-NUXSP4TM.js:11:76097)
    at Object.o [as next] (https://www.greencity.cx.ua/chunk-NUXSP4TM.js:11:76277)
    at bv.next (https://www.greencity.cx.ua/chunk-NUXSP4TM.js:7:3120)
    at Fr._next (https://www.greencity.cx.ua/chunk-NUXSP4TM.js:7:2803)
    at Fr.next (https://www.greencity.cx.ua/chunk-NUXSP4TM.js:7:2530)
    at https://www.greencity.cx.ua/chunk-NUXSP4TM.js:7:7848
    at Ac (https://www.greencity.cx.ua/chunk-NUXSP4TM.js:7:2222)
    at S0.next (https://www.greencity.cx.ua/chunk-NUXSP4TM.js:7:7687), [2026-03-15T12:00:23.215Z] [SEVERE] https://www.greencity.cx.ua/chunk-NUXSP4TM.js 10:45939 "ERROR" TypeError: Cannot read properties of null (reading 'setValue')
    at n.quillContentChanged (https://www.greencity.cx.ua/chunk-VNNOUBDJ.js:1:16043)
    at https://www.greencity.cx.ua/chunk-VNNOUBDJ.js:1:7223
    at eE (https://www.greencity.cx.ua/chunk-NUXSP4TM.js:11:76097)
    at Object.o [as next] (https://www.greencity.cx.ua/chunk-NUXSP4TM.js:11:76277)
    at bv.next (https://www.greencity.cx.ua/chunk-NUXSP4TM.js:7:3120)
    at Fr._next (https://www.greencity.cx.ua/chunk-NUXSP4TM.js:7:2803)
    at Fr.next (https://www.greencity.cx.ua/chunk-NUXSP4TM.js:7:2530)
    at https://www.greencity.cx.ua/chunk-NUXSP4TM.js:7:7848
    at Ac (https://www.greencity.cx.ua/chunk-NUXSP4TM.js:7:2222)
    at S0.next (https://www.greencity.cx.ua/chunk-NUXSP4TM.js:7:7687), [2026-03-15T12:00:23.219Z] [SEVERE] https://www.greencity.cx.ua/chunk-NUXSP4TM.js 10:45939 "ERROR" TypeError: Cannot read properties of null (reading 'setValue')
    at n.quillContentChanged (https://www.greencity.cx.ua/chunk-VNNOUBDJ.js:1:16043)
    at https://www.greencity.cx.ua/chunk-VNNOUBDJ.js:1:7223
    at eE (https://www.greencity.cx.ua/chunk-NUXSP4TM.js:11:76097)
    at Object.o [as next] (https://www.greencity.cx.ua/chunk-NUXSP4TM.js:11:76277)
    at bv.next (https://www.greencity.cx.ua/chunk-NUXSP4TM.js:7:3120)
    at Fr._next (https://www.greencity.cx.ua/chunk-NUXSP4TM.js:7:2803)
    at Fr.next (https://www.greencity.cx.ua/chunk-NUXSP4TM.js:7:2530)
    at https://www.greencity.cx.ua/chunk-NUXSP4TM.js:7:7848
    at Ac (https://www.greencity.cx.ua/chunk-NUXSP4TM.js:7:2222)
    at S0.next (https://www.greencity.cx.ua/chunk-NUXSP4TM.js:7:7687), [2026-03-15T12:00:23.222Z] [SEVERE] https://www.greencity.cx.ua/chunk-NUXSP4TM.js 10:45939 "ERROR" TypeError: Cannot read properties of null (reading 'setValue')
    at n.quillContentChanged (https://www.greencity.cx.ua/chunk-VNNOUBDJ.js:1:16043)
    at https://www.greencity.cx.ua/chunk-VNNOUBDJ.js:1:7223
    at eE (https://www.greencity.cx.ua/chunk-NUXSP4TM.js:11:76097)
    at Object.o [as next] (https://www.greencity.cx.ua/chunk-NUXSP4TM.js:11:76277)
    at bv.next (https://www.greencity.cx.ua/chunk-NUXSP4TM.js:7:3120)
    at Fr._next (https://www.greencity.cx.ua/chunk-NUXSP4TM.js:7:2803)
    at Fr.next (https://www.greencity.cx.ua/chunk-NUXSP4TM.js:7:2530)
    at https://www.greencity.cx.ua/chunk-NUXSP4TM.js:7:7848
    at Ac (https://www.greencity.cx.ua/chunk-NUXSP4TM.js:7:2222)
    at S0.next (https://www.greencity.cx.ua/chunk-NUXSP4TM.js:7:7687), [2026-03-15T12:00:23.225Z] [SEVERE] https://www.greencity.cx.ua/chunk-NUXSP4TM.js 10:45939 "ERROR" TypeError: Cannot read properties of null (reading 'setValue')
    at n.quillContentChanged (https://www.greencity.cx.ua/chunk-VNNOUBDJ.js:1:16043)
    at https://www.greencity.cx.ua/chunk-VNNOUBDJ.js:1:7223
    at eE (https://www.greencity.cx.ua/chunk-NUXSP4TM.js:11:76097)
    at Object.o [as next] (https://www.greencity.cx.ua/chunk-NUXSP4TM.js:11:76277)
    at bv.next (https://www.greencity.cx.ua/chunk-NUXSP4TM.js:7:3120)
    at Fr._next (https://www.greencity.cx.ua/chunk-NUXSP4TM.js:7:2803)
    at Fr.next (https://www.greencity.cx.ua/chunk-NUXSP4TM.js:7:2530)
    at https://www.greencity.cx.ua/chunk-NUXSP4TM.js:7:7848
    at Ac (https://www.greencity.cx.ua/chunk-NUXSP4TM.js:7:2222)
    at S0.next (https://www.greencity.cx.ua/chunk-NUXSP4TM.js:7:7687), [2026-03-15T12:00:23.229Z] [SEVERE] https://www.greencity.cx.ua/chunk-NUXSP4TM.js 10:45939 "ERROR" TypeError: Cannot read properties of null (reading 'setValue')
    at n.quillContentChanged (https://www.greencity.cx.ua/chunk-VNNOUBDJ.js:1:16043)
    at https://www.greencity.cx.ua/chunk-VNNOUBDJ.js:1:7223
    at eE (https://www.greencity.cx.ua/chunk-NUXSP4TM.js:11:76097)
    at Object.o [as next] (https://www.greencity.cx.ua/chunk-NUXSP4TM.js:11:76277)
    at bv.next (https://www.greencity.cx.ua/chunk-NUXSP4TM.js:7:3120)
    at Fr._next (https://www.greencity.cx.ua/chunk-NUXSP4TM.js:7:2803)
    at Fr.next (https://www.greencity.cx.ua/chunk-NUXSP4TM.js:7:2530)
    at https://www.greencity.cx.ua/chunk-NUXSP4TM.js:7:7848
    at Ac (https://www.greencity.cx.ua/chunk-NUXSP4TM.js:7:2222)
    at S0.next (https://www.greencity.cx.ua/chunk-NUXSP4TM.js:7:7687), [2026-03-15T12:00:23.232Z] [SEVERE] https://www.greencity.cx.ua/chunk-NUXSP4TM.js 10:45939 "ERROR" TypeError: Cannot read properties of null (reading 'setValue')
    at n.quillContentChanged (https://www.greencity.cx.ua/chunk-VNNOUBDJ.js:1:16043)
    at https://www.greencity.cx.ua/chunk-VNNOUBDJ.js:1:7223
    at eE (https://www.greencity.cx.ua/chunk-NUXSP4TM.js:11:76097)
    at Object.o [as next] (https://www.greencity.cx.ua/chunk-NUXSP4TM.js:11:76277)
    at bv.next (https://www.greencity.cx.ua/chunk-NUXSP4TM.js:7:3120)
    at Fr._next (https://www.greencity.cx.ua/chunk-NUXSP4TM.js:7:2803)
    at Fr.next (https://www.greencity.cx.ua/chunk-NUXSP4TM.js:7:2530)
    at https://www.greencity.cx.ua/chunk-NUXSP4TM.js:7:7848
    at Ac (https://www.greencity.cx.ua/chunk-NUXSP4TM.js:7:2222)
    at S0.next (https://www.greencity.cx.ua/chunk-NUXSP4TM.js:7:7687), [2026-03-15T12:00:23.235Z] [SEVERE] https://www.greencity.cx.ua/chunk-NUXSP4TM.js 10:45939 "ERROR" TypeError: Cannot read properties of null (reading 'setValue')
    at n.quillContentChanged (https://www.greencity.cx.ua/chunk-VNNOUBDJ.js:1:16043)
    at https://www.greencity.cx.ua/chunk-VNNOUBDJ.js:1:7223
    at eE (https://www.greencity.cx.ua/chunk-NUXSP4TM.js:11:76097)
    at Object.o [as next] (https://www.greencity.cx.ua/chunk-NUXSP4TM.js:11:76277)
    at bv.next (https://www.greencity.cx.ua/chunk-NUXSP4TM.js:7:3120)
    at Fr._next (https://www.greencity.cx.ua/chunk-NUXSP4TM.js:7:2803)
    at Fr.next (https://www.greencity.cx.ua/chunk-NUXSP4TM.js:7:2530)
    at https://www.greencity.cx.ua/chunk-NUXSP4TM.js:7:7848
    at Ac (https://www.greencity.cx.ua/chunk-NUXSP4TM.js:7:2222)
    at S0.next (https://www.greencity.cx.ua/chunk-NUXSP4TM.js:7:7687), [2026-03-15T12:00:23.238Z] [SEVERE] https://www.greencity.cx.ua/chunk-NUXSP4TM.js 10:45939 "ERROR" TypeError: Cannot read properties of null (reading 'setValue')
    at n.quillContentChanged (https://www.greencity.cx.ua/chunk-VNNOUBDJ.js:1:16043)
    at https://www.greencity.cx.ua/chunk-VNNOUBDJ.js:1:7223
    at eE (https://www.greencity.cx.ua/chunk-NUXSP4TM.js:11:76097)
    at Object.o [as next] (https://www.greencity.cx.ua/chunk-NUXSP4TM.js:11:76277)
    at bv.next (https://www.greencity.cx.ua/chunk-NUXSP4TM.js:7:3120)
    at Fr._next (https://www.greencity.cx.ua/chunk-NUXSP4TM.js:7:2803)
    at Fr.next (https://www.greencity.cx.ua/chunk-NUXSP4TM.js:7:2530)
    at https://www.greencity.cx.ua/chunk-NUXSP4TM.js:7:7848
    at Ac (https://www.greencity.cx.ua/chunk-NUXSP4TM.js:7:2222)
    at S0.next (https://www.greencity.cx.ua/chunk-NUXSP4TM.js:7:7687), [2026-03-15T12:00:23.243Z] [SEVERE] https://www.greencity.cx.ua/chunk-NUXSP4TM.js 10:45939 "ERROR" TypeError: Cannot read properties of null (reading 'setValue')
    at n.quillContentChanged (https://www.greencity.cx.ua/chunk-VNNOUBDJ.js:1:16043)
    at https://www.greencity.cx.ua/chunk-VNNOUBDJ.js:1:7223
    at eE (https://www.greencity.cx.ua/chunk-NUXSP4TM.js:11:76097)
    at Object.o [as next] (https://www.greencity.cx.ua/chunk-NUXSP4TM.js:11:76277)
    at bv.next (https://www.greencity.cx.ua/chunk-NUXSP4TM.js:7:3120)
    at Fr._next (https://www.greencity.cx.ua/chunk-NUXSP4TM.js:7:2803)
    at Fr.next (https://www.greencity.cx.ua/chunk-NUXSP4TM.js:7:2530)
    at https://www.greencity.cx.ua/chunk-NUXSP4TM.js:7:7848
    at Ac (https://www.greencity.cx.ua/chunk-NUXSP4TM.js:7:2222)
    at S0.next (https://www.greencity.cx.ua/chunk-NUXSP4TM.js:7:7687), [2026-03-15T12:00:23.245Z] [SEVERE] https://www.greencity.cx.ua/chunk-NUXSP4TM.js 10:45939 "ERROR" TypeError: Cannot read properties of null (reading 'setValue')
    at n.quillContentChanged (https://www.greencity.cx.ua/chunk-VNNOUBDJ.js:1:16043)
    at https://www.greencity.cx.ua/chunk-VNNOUBDJ.js:1:7223
    at eE (https://www.greencity.cx.ua/chunk-NUXSP4TM.js:11:76097)
    at Object.o [as next] (https://www.greencity.cx.ua/chunk-NUXSP4TM.js:11:76277)
    at bv.next (https://www.greencity.cx.ua/chunk-NUXSP4TM.js:7:3120)
    at Fr._next (https://www.greencity.cx.ua/chunk-NUXSP4TM.js:7:2803)
    at Fr.next (https://www.greencity.cx.ua/chunk-NUXSP4TM.js:7:2530)
    at https://www.greencity.cx.ua/chunk-NUXSP4TM.js:7:7848
    at Ac (https://www.greencity.cx.ua/chunk-NUXSP4TM.js:7:2222)
    at S0.next (https://www.greencity.cx.ua/chunk-NUXSP4TM.js:7:7687), [2026-03-15T12:00:23.248Z] [SEVERE] https://www.greencity.cx.ua/chunk-NUXSP4TM.js 10:45939 "ERROR" TypeError: Cannot read properties of null (reading 'setValue')
    at n.quillContentChanged (https://www.greencity.cx.ua/chunk-VNNOUBDJ.js:1:16043)
    at https://www.greencity.cx.ua/chunk-VNNOUBDJ.js:1:7223
    at eE (https://www.greencity.cx.ua/chunk-NUXSP4TM.js:11:76097)
    at Object.o [as next] (https://www.greencity.cx.ua/chunk-NUXSP4TM.js:11:76277)
    at bv.next (https://www.greencity.cx.ua/chunk-NUXSP4TM.js:7:3120)
    at Fr._next (https://www.greencity.cx.ua/chunk-NUXSP4TM.js:7:2803)
    at Fr.next (https://www.greencity.cx.ua/chunk-NUXSP4TM.js:7:2530)
    at https://www.greencity.cx.ua/chunk-NUXSP4TM.js:7:7848
    at Ac (https://www.greencity.cx.ua/chunk-NUXSP4TM.js:7:2222)
    at S0.next (https://www.greencity.cx.ua/chunk-NUXSP4TM.js:7:7687), [2026-03-15T12:00:23.251Z] [SEVERE] https://www.greencity.cx.ua/chunk-NUXSP4TM.js 10:45939 "ERROR" TypeError: Cannot read properties of null (reading 'setValue')
    at n.quillContentChanged (https://www.greencity.cx.ua/chunk-VNNOUBDJ.js:1:16043)
    at https://www.greencity.cx.ua/chunk-VNNOUBDJ.js:1:7223
    at eE (https://www.greencity.cx.ua/chunk-NUXSP4TM.js:11:76097)
    at Object.o [as next] (https://www.greencity.cx.ua/chunk-NUXSP4TM.js:11:76277)
    at bv.next (https://www.greencity.cx.ua/chunk-NUXSP4TM.js:7:3120)
    at Fr._next (https://www.greencity.cx.ua/chunk-NUXSP4TM.js:7:2803)
    at Fr.next (https://www.greencity.cx.ua/chunk-NUXSP4TM.js:7:2530)
    at https://www.greencity.cx.ua/chunk-NUXSP4TM.js:7:7848
    at Ac (https://www.greencity.cx.ua/chunk-NUXSP4TM.js:7:2222)
    at S0.next (https://www.greencity.cx.ua/chunk-NUXSP4TM.js:7:7687), [2026-03-15T12:00:23.253Z] [SEVERE] https://www.greencity.cx.ua/chunk-NUXSP4TM.js 10:45939 "ERROR" TypeError: Cannot read properties of null (reading 'setValue')
    at n.quillContentChanged (https://www.greencity.cx.ua/chunk-VNNOUBDJ.js:1:16043)
    at https://www.greencity.cx.ua/chunk-VNNOUBDJ.js:1:7223
    at eE (https://www.greencity.cx.ua/chunk-NUXSP4TM.js:11:76097)
    at Object.o [as next] (https://www.greencity.cx.ua/chunk-NUXSP4TM.js:11:76277)
    at bv.next (https://www.greencity.cx.ua/chunk-NUXSP4TM.js:7:3120)
    at Fr._next (https://www.greencity.cx.ua/chunk-NUXSP4TM.js:7:2803)
    at Fr.next (https://www.greencity.cx.ua/chunk-NUXSP4TM.js:7:2530)
    at https://www.greencity.cx.ua/chunk-NUXSP4TM.js:7:7848
    at Ac (https://www.greencity.cx.ua/chunk-NUXSP4TM.js:7:2222)
    at S0.next (https://www.greencity.cx.ua/chunk-NUXSP4TM.js:7:7687), [2026-03-15T12:00:23.257Z] [SEVERE] https://www.greencity.cx.ua/chunk-NUXSP4TM.js 10:45939 "ERROR" TypeError: Cannot read properties of null (reading 'setValue')
    at n.quillContentChanged (https://www.greencity.cx.ua/chunk-VNNOUBDJ.js:1:16043)
    at https://www.greencity.cx.ua/chunk-VNNOUBDJ.js:1:7223
    at eE (https://www.greencity.cx.ua/chunk-NUXSP4TM.js:11:76097)
    at Object.o [as next] (https://www.greencity.cx.ua/chunk-NUXSP4TM.js:11:76277)
    at bv.next (https://www.greencity.cx.ua/chunk-NUXSP4TM.js:7:3120)
    at Fr._next (https://www.greencity.cx.ua/chunk-NUXSP4TM.js:7:2803)
    at Fr.next (https://www.greencity.cx.ua/chunk-NUXSP4TM.js:7:2530)
    at https://www.greencity.cx.ua/chunk-NUXSP4TM.js:7:7848
    at Ac (https://www.greencity.cx.ua/chunk-NUXSP4TM.js:7:2222)
    at S0.next (https://www.greencity.cx.ua/chunk-NUXSP4TM.js:7:7687), [2026-03-15T12:00:23.259Z] [SEVERE] https://www.greencity.cx.ua/chunk-NUXSP4TM.js 10:45939 "ERROR" TypeError: Cannot read properties of null (reading 'setValue')
    at n.quillContentChanged (https://www.greencity.cx.ua/chunk-VNNOUBDJ.js:1:16043)
    at https://www.greencity.cx.ua/chunk-VNNOUBDJ.js:1:7223
    at eE (https://www.greencity.cx.ua/chunk-NUXSP4TM.js:11:76097)
    at Object.o [as next] (https://www.greencity.cx.ua/chunk-NUXSP4TM.js:11:76277)
    at bv.next (https://www.greencity.cx.ua/chunk-NUXSP4TM.js:7:3120)
    at Fr._next (https://www.greencity.cx.ua/chunk-NUXSP4TM.js:7:2803)
    at Fr.next (https://www.greencity.cx.ua/chunk-NUXSP4TM.js:7:2530)
    at https://www.greencity.cx.ua/chunk-NUXSP4TM.js:7:7848
    at Ac (https://www.greencity.cx.ua/chunk-NUXSP4TM.js:7:2222)
    at S0.next (https://www.greencity.cx.ua/chunk-NUXSP4TM.js:7:7687), [2026-03-15T12:00:23.262Z] [SEVERE] https://www.greencity.cx.ua/chunk-NUXSP4TM.js 10:45939 "ERROR" TypeError: Cannot read properties of null (reading 'setValue')
    at n.quillContentChanged (https://www.greencity.cx.ua/chunk-VNNOUBDJ.js:1:16043)
    at https://www.greencity.cx.ua/chunk-VNNOUBDJ.js:1:7223
    at eE (https://www.greencity.cx.ua/chunk-NUXSP4TM.js:11:76097)
    at Object.o [as next] (https://www.greencity.cx.ua/chunk-NUXSP4TM.js:11:76277)
    at bv.next (https://www.greencity.cx.ua/chunk-NUXSP4TM.js:7:3120)
    at Fr._next (https://www.greencity.cx.ua/chunk-NUXSP4TM.js:7:2803)
    at Fr.next (https://www.greencity.cx.ua/chunk-NUXSP4TM.js:7:2530)
    at https://www.greencity.cx.ua/chunk-NUXSP4TM.js:7:7848
    at Ac (https://www.greencity.cx.ua/chunk-NUXSP4TM.js:7:2222)
    at S0.next (https://www.greencity.cx.ua/chunk-NUXSP4TM.js:7:7687), [2026-03-15T12:00:23.265Z] [SEVERE] https://www.greencity.cx.ua/chunk-NUXSP4TM.js 10:45939 "ERROR" TypeError: Cannot read properties of null (reading 'setValue')
    at n.quillContentChanged (https://www.greencity.cx.ua/chunk-VNNOUBDJ.js:1:16043)
    at https://www.greencity.cx.ua/chunk-VNNOUBDJ.js:1:7223
    at eE (https://www.greencity.cx.ua/chunk-NUXSP4TM.js:11:76097)
    at Object.o [as next] (https://www.greencity.cx.ua/chunk-NUXSP4TM.js:11:76277)
    at bv.next (https://www.greencity.cx.ua/chunk-NUXSP4TM.js:7:3120)
    at Fr._next (https://www.greencity.cx.ua/chunk-NUXSP4TM.js:7:2803)
    at Fr.next (https://www.greencity.cx.ua/chunk-NUXSP4TM.js:7:2530)
    at https://www.greencity.cx.ua/chunk-NUXSP4TM.js:7:7848
    at Ac (https://www.greencity.cx.ua/chunk-NUXSP4TM.js:7:2222)
    at S0.next (https://www.greencity.cx.ua/chunk-NUXSP4TM.js:7:7687), [2026-03-15T12:00:23.268Z] [SEVERE] https://www.greencity.cx.ua/chunk-NUXSP4TM.js 10:45939 "ERROR" TypeError: Cannot read properties of null (reading 'setValue')
    at n.quillContentChanged (https://www.greencity.cx.ua/chunk-VNNOUBDJ.js:1:16043)
    at https://www.greencity.cx.ua/chunk-VNNOUBDJ.js:1:7223
    at eE (https://www.greencity.cx.ua/chunk-NUXSP4TM.js:11:76097)
    at Object.o [as next] (https://www.greencity.cx.ua/chunk-NUXSP4TM.js:11:76277)
    at bv.next (https://www.greencity.cx.ua/chunk-NUXSP4TM.js:7:3120)
    at Fr._next (https://www.greencity.cx.ua/chunk-NUXSP4TM.js:7:2803)
    at Fr.next (https://www.greencity.cx.ua/chunk-NUXSP4TM.js:7:2530)
    at https://www.greencity.cx.ua/chunk-NUXSP4TM.js:7:7848
    at Ac (https://www.greencity.cx.ua/chunk-NUXSP4TM.js:7:2222)
    at S0.next (https://www.greencity.cx.ua/chunk-NUXSP4TM.js:7:7687), [2026-03-15T12:00:23.271Z] [SEVERE] https://www.greencity.cx.ua/chunk-NUXSP4TM.js 10:45939 "ERROR" TypeError: Cannot read properties of null (reading 'setValue')
    at n.quillContentChanged (https://www.greencity.cx.ua/chunk-VNNOUBDJ.js:1:16043)
    at https://www.greencity.cx.ua/chunk-VNNOUBDJ.js:1:7223
    at eE (https://www.greencity.cx.ua/chunk-NUXSP4TM.js:11:76097)
    at Object.o [as next] (https://www.greencity.cx.ua/chunk-NUXSP4TM.js:11:76277)
    at bv.next (https://www.greencity.cx.ua/chunk-NUXSP4TM.js:7:3120)
    at Fr._next (https://www.greencity.cx.ua/chunk-NUXSP4TM.js:7:2803)
    at Fr.next (https://www.greencity.cx.ua/chunk-NUXSP4TM.js:7:2530)
    at https://www.greencity.cx.ua/chunk-NUXSP4TM.js:7:7848
    at Ac (https://www.greencity.cx.ua/chunk-NUXSP4TM.js:7:2222)
    at S0.next (https://www.greencity.cx.ua/chunk-NUXSP4TM.js:7:7687), [2026-03-15T12:00:23.273Z] [SEVERE] https://www.greencity.cx.ua/chunk-NUXSP4TM.js 10:45939 "ERROR" TypeError: Cannot read properties of null (reading 'setValue')
    at n.quillContentChanged (https://www.greencity.cx.ua/chunk-VNNOUBDJ.js:1:16043)
    at https://www.greencity.cx.ua/chunk-VNNOUBDJ.js:1:7223
    at eE (https://www.greencity.cx.ua/chunk-NUXSP4TM.js:11:76097)
    at Object.o [as next] (https://www.greencity.cx.ua/chunk-NUXSP4TM.js:11:76277)
    at bv.next (https://www.greencity.cx.ua/chunk-NUXSP4TM.js:7:3120)
    at Fr._next (https://www.greencity.cx.ua/chunk-NUXSP4TM.js:7:2803)
    at Fr.next (https://www.greencity.cx.ua/chunk-NUXSP4TM.js:7:2530)
    at https://www.greencity.cx.ua/chunk-NUXSP4TM.js:7:7848
    at Ac (https://www.greencity.cx.ua/chunk-NUXSP4TM.js:7:2222)
    at S0.next (https://www.greencity.cx.ua/chunk-NUXSP4TM.js:7:7687), [2026-03-15T12:00:23.277Z] [SEVERE] https://www.greencity.cx.ua/chunk-NUXSP4TM.js 10:45939 "ERROR" TypeError: Cannot read properties of null (reading 'setValue')
    at n.quillContentChanged (https://www.greencity.cx.ua/chunk-VNNOUBDJ.js:1:16043)
    at https://www.greencity.cx.ua/chunk-VNNOUBDJ.js:1:7223
    at eE (https://www.greencity.cx.ua/chunk-NUXSP4TM.js:11:76097)
    at Object.o [as next] (https://www.greencity.cx.ua/chunk-NUXSP4TM.js:11:76277)
    at bv.next (https://www.greencity.cx.ua/chunk-NUXSP4TM.js:7:3120)
    at Fr._next (https://www.greencity.cx.ua/chunk-NUXSP4TM.js:7:2803)
    at Fr.next (https://www.greencity.cx.ua/chunk-NUXSP4TM.js:7:2530)
    at https://www.greencity.cx.ua/chunk-NUXSP4TM.js:7:7848
    at Ac (https://www.greencity.cx.ua/chunk-NUXSP4TM.js:7:2222)
    at S0.next (https://www.greencity.cx.ua/chunk-NUXSP4TM.js:7:7687), [2026-03-15T12:00:23.279Z] [SEVERE] https://www.greencity.cx.ua/chunk-NUXSP4TM.js 10:45939 "ERROR" TypeError: Cannot read properties of null (reading 'setValue')
    at n.quillContentChanged (https://www.greencity.cx.ua/chunk-VNNOUBDJ.js:1:16043)
    at https://www.greencity.cx.ua/chunk-VNNOUBDJ.js:1:7223
    at eE (https://www.greencity.cx.ua/chunk-NUXSP4TM.js:11:76097)
    at Object.o [as next] (https://www.greencity.cx.ua/chunk-NUXSP4TM.js:11:76277)
    at bv.next (https://www.greencity.cx.ua/chunk-NUXSP4TM.js:7:3120)
    at Fr._next (https://www.greencity.cx.ua/chunk-NUXSP4TM.js:7:2803)
    at Fr.next (https://www.greencity.cx.ua/chunk-NUXSP4TM.js:7:2530)
    at https://www.greencity.cx.ua/chunk-NUXSP4TM.js:7:7848
    at Ac (https://www.greencity.cx.ua/chunk-NUXSP4TM.js:7:2222)
    at S0.next (https://www.greencity.cx.ua/chunk-NUXSP4TM.js:7:7687), [2026-03-15T12:00:23.283Z] [SEVERE] https://www.greencity.cx.ua/chunk-NUXSP4TM.js 10:45939 "ERROR" TypeError: Cannot read properties of null (reading 'setValue')
    at n.quillContentChanged (https://www.greencity.cx.ua/chunk-VNNOUBDJ.js:1:16043)
    at https://www.greencity.cx.ua/chunk-VNNOUBDJ.js:1:7223
    at eE (https://www.greencity.cx.ua/chunk-NUXSP4TM.js:11:76097)
    at Object.o [as next] (https://www.greencity.cx.ua/chunk-NUXSP4TM.js:11:76277)
    at bv.next (https://www.greencity.cx.ua/chunk-NUXSP4TM.js:7:3120)
    at Fr._next (https://www.greencity.cx.ua/chunk-NUXSP4TM.js:7:2803)
    at Fr.next (https://www.greencity.cx.ua/chunk-NUXSP4TM.js:7:2530)
    at https://www.greencity.cx.ua/chunk-NUXSP4TM.js:7:7848
    at Ac (https://www.greencity.cx.ua/chunk-NUXSP4TM.js:7:2222)
    at S0.next (https://www.greencity.cx.ua/chunk-NUXSP4TM.js:7:7687), [2026-03-15T12:00:23.286Z] [SEVERE] https://www.greencity.cx.ua/chunk-NUXSP4TM.js 10:45939 "ERROR" TypeError: Cannot read properties of null (reading 'setValue')
    at n.quillContentChanged (https://www.greencity.cx.ua/chunk-VNNOUBDJ.js:1:16043)
    at https://www.greencity.cx.ua/chunk-VNNOUBDJ.js:1:7223
    at eE (https://www.greencity.cx.ua/chunk-NUXSP4TM.js:11:76097)
    at Object.o [as next] (https://www.greencity.cx.ua/chunk-NUXSP4TM.js:11:76277)
    at bv.next (https://www.greencity.cx.ua/chunk-NUXSP4TM.js:7:3120)
    at Fr._next (https://www.greencity.cx.ua/chunk-NUXSP4TM.js:7:2803)
    at Fr.next (https://www.greencity.cx.ua/chunk-NUXSP4TM.js:7:2530)
    at https://www.greencity.cx.ua/chunk-NUXSP4TM.js:7:7848
    at Ac (https://www.greencity.cx.ua/chunk-NUXSP4TM.js:7:2222)
    at S0.next (https://www.greencity.cx.ua/chunk-NUXSP4TM.js:7:7687), [2026-03-15T12:00:23.290Z] [SEVERE] https://www.greencity.cx.ua/chunk-NUXSP4TM.js 10:45939 "ERROR" TypeError: Cannot read properties of null (reading 'setValue')
    at n.quillContentChanged (https://www.greencity.cx.ua/chunk-VNNOUBDJ.js:1:16043)
    at https://www.greencity.cx.ua/chunk-VNNOUBDJ.js:1:7223
    at eE (https://www.greencity.cx.ua/chunk-NUXSP4TM.js:11:76097)
    at Object.o [as next] (https://www.greencity.cx.ua/chunk-NUXSP4TM.js:11:76277)
    at bv.next (https://www.greencity.cx.ua/chunk-NUXSP4TM.js:7:3120)
    at Fr._next (https://www.greencity.cx.ua/chunk-NUXSP4TM.js:7:2803)
    at Fr.next (https://www.greencity.cx.ua/chunk-NUXSP4TM.js:7:2530)
    at https://www.greencity.cx.ua/chunk-NUXSP4TM.js:7:7848
    at Ac (https://www.greencity.cx.ua/chunk-NUXSP4TM.js:7:2222)
    at S0.next (https://www.greencity.cx.ua/chunk-NUXSP4TM.js:7:7687), [2026-03-15T12:00:23.292Z] [SEVERE] https://www.greencity.cx.ua/chunk-NUXSP4TM.js 10:45939 "ERROR" TypeError: Cannot read properties of null (reading 'setValue')
    at n.quillContentChanged (https://www.greencity.cx.ua/chunk-VNNOUBDJ.js:1:16043)
    at https://www.greencity.cx.ua/chunk-VNNOUBDJ.js:1:7223
    at eE (https://www.greencity.cx.ua/chunk-NUXSP4TM.js:11:76097)
    at Object.o [as next] (https://www.greencity.cx.ua/chunk-NUXSP4TM.js:11:76277)
    at bv.next (https://www.greencity.cx.ua/chunk-NUXSP4TM.js:7:3120)
    at Fr._next (https://www.greencity.cx.ua/chunk-NUXSP4TM.js:7:2803)
    at Fr.next (https://www.greencity.cx.ua/chunk-NUXSP4TM.js:7:2530)
    at https://www.greencity.cx.ua/chunk-NUXSP4TM.js:7:7848
    at Ac (https://www.greencity.cx.ua/chunk-NUXSP4TM.js:7:2222)
    at S0.next (https://www.greencity.cx.ua/chunk-NUXSP4TM.js:7:7687)]