[[2026-03-15T12:00:47.419Z] [SEVERE] https://www.greencity.cx.ua/#/greenCity - Not signed in with the identity provider., [2026-03-15T12:00:48.849Z] [SEVERE] https://accounts.google.com/gsi/client 81:88 "[GSI_LOGGER]: FedCM get() rejects with AbortError: signal is aborted without reason", [2026-03-15T12:00:50.686Z] [SEVERE] https://www.greencity.cx.ua/chunk-NUXSP4TM.js 10:45939 "ERROR" NullInjectorError: R3InjectorError(s)[e -> e -> e -> e]: 
  NullInjectorError: No provider for e!
    at Ip.get (https://www.greencity.cx.ua/chunk-NUXSP4TM.js:11:38580)
    at Op.get (https://www.greencity.cx.ua/chunk-NUXSP4TM.js:11:41619)
    at Op.get (https://www.greencity.cx.ua/chunk-NUXSP4TM.js:11:41619)
    at Op.get (https://www.greencity.cx.ua/chunk-NUXSP4TM.js:11:41619)
    at Op.get (https://www.greencity.cx.ua/chunk-NUXSP4TM.js:11:41619)
    at T0.get (https://www.greencity.cx.ua/chunk-NUXSP4TM.js:11:66384)
    at vI (https://www.greencity.cx.ua/chunk-NUXSP4TM.js:11:20405)
    at yI (https://www.greencity.cx.ua/chunk-NUXSP4TM.js:11:20645)
    at p (https://www.greencity.cx.ua/chunk-NUXSP4TM.js:11:52307)
    at fc.ɵfac [as factory] (https://www.greencity.cx.ua/chunk-R2CKRCT3.js:1:97963), [2026-03-15T12:00:50.686Z] [SEVERE] https://www.greencity.cx.ua/chunk-NUXSP4TM.js 10:45939 "ERROR" NullInjectorError: R3InjectorError(s)[e -> e -> e -> e]: 
  NullInjectorError: No provider for e!
    at Ip.get (https://www.greencity.cx.ua/chunk-NUXSP4TM.js:11:38580)
    at Op.get (https://www.greencity.cx.ua/chunk-NUXSP4TM.js:11:41619)
    at Op.get (https://www.greencity.cx.ua/chunk-NUXSP4TM.js:11:41619)
    at Op.get (https://www.greencity.cx.ua/chunk-NUXSP4TM.js:11:41619)
    at Op.get (https://www.greencity.cx.ua/chunk-NUXSP4TM.js:11:41619)
    at T0.get (https://www.greencity.cx.ua/chunk-NUXSP4TM.js:11:66384)
    at vI (https://www.greencity.cx.ua/chunk-NUXSP4TM.js:11:20405)
    at yI (https://www.greencity.cx.ua/chunk-NUXSP4TM.js:11:20645)
    at p (https://www.greencity.cx.ua/chunk-NUXSP4TM.js:11:52307)
    at fc.ɵfac [as factory] (https://www.greencity.cx.ua/chunk-R2CKRCT3.js:1:97963), [2026-03-15T12:00:52.226Z] [SEVERE] https://www.greencity.cx.ua/chunk-NUXSP4TM.js 10:45939 "ERROR" TypeError: Cannot read properties of null (reading 'setValue')
    at n.quillContentChanged (https://www.greencity.cx.ua/chunk-VNNOUBDJ.js:1:16043)
    at https://www.greencity.cx.ua/chunk-VNNOUBDJ.js:1:7223
    at eE (https://www.greencity.cx.ua/chunk-NUXSP4TM.js:11:76097)
    at Object.o [as next] (https://www.greencity.cx.ua/chunk-NUXSP4TM.js:11:76277)
    at bv.next (https://www.greencity.cx.ua/chunk-NUXSP4TM.js:7:3120)
    at Fr._next (https://www.greencity.cx.ua/chunk-NUXSP4TM.js:7:2803)
    at Fr.next (https://www.greencity.cx.ua/chunk-NUXSP4TM.js:7:2530)
    at https://www.greencity.cx.ua/chunk-NUXSP4TM.js:7:7848
    at Ac (https://www.greencity.cx.ua/chunk-NUXSP4TM.js:7:2222)
    at S0.next (https://www.greencity.cx.ua/chunk-NUXSP4TM.js:7:7687), [2026-03-15T12:00:52.234Z] [SEVERE] https://www.greencity.cx.ua/chunk-NUXSP4TM.js 10:45939 "ERROR" TypeError: Cannot read properties of null (reading 'setValue')
    at n.quillContentChanged (https://www.greencity.cx.ua/chunk-VNNOUBDJ.js:1:16043)
    at https://www.greencity.cx.ua/chunk-VNNOUBDJ.js:1:7223
    at eE (https://www.greencity.cx.ua/chunk-NUXSP4TM.js:11:76097)
    at Object.o [as next] (https://www.greencity.cx.ua/chunk-NUXSP4TM.js:11:76277)
    at bv.next (https://www.greencity.cx.ua/chunk-NUXSP4TM.js:7:3120)
    at Fr._next (https://www.greencity.cx.ua/chunk-NUXSP4TM.js:7:2803)
    at Fr.next (https://www.greencity.cx.ua/chunk-NUXSP4TM.js:7:2530)
    at https://www.greencity.cx.ua/chunk-NUXSP4TM.js:7:7848
    at Ac (https://www.greencity.cx.ua/chunk-NUXSP4TM.js:7:2222)
    at S0.next (https://www.greencity.cx.ua/chunk-NUXSP4TM.js:7:7687), [2026-03-15T12:00:52.239Z] [SEVERE] https://www.greencity.cx.ua/chunk-NUXSP4TM.js 10:45939 "ERROR" TypeError: Cannot read properties of null (reading 'setValue')
    at n.quillContentChanged (https://www.greencity.cx.ua/chunk-VNNOUBDJ.js:1:16043)
    at https://www.greencity.cx.ua/chunk-VNNOUBDJ.js:1:7223
    at eE (https://www.greencity.cx.ua/chunk-NUXSP4TM.js:11:76097)
    at Object.o [as next] (https://www.greencity.cx.ua/chunk-NUXSP4TM.js:11:76277)
    at bv.next (https://www.greencity.cx.ua/chunk-NUXSP4TM.js:7:3120)
    at Fr._next (https://www.greencity.cx.ua/chunk-NUXSP4TM.js:7:2803)
    at Fr.next (https://www.greencity.cx.ua/chunk-NUXSP4TM.js:7:2530)
    at https://www.greencity.cx.ua/chunk-NUXSP4TM.js:7:7848
    at Ac (https://www.greencity.cx.ua/chunk-NUXSP4TM.js:7:2222)
    at S0.next (https://www.greencity.cx.ua/chunk-NUXSP4TM.js:7:7687), [2026-03-15T12:00:52.244Z] [SEVERE] https://www.greencity.cx.ua/chunk-NUXSP4TM.js 10:45939 "ERROR" TypeError: Cannot read properties of null (reading 'setValue')
    at n.quillContentChanged (https://www.greencity.cx.ua/chunk-VNNOUBDJ.js:1:16043)
    at https://www.greencity.cx.ua/chunk-VNNOUBDJ.js:1:7223
    at eE (https://www.greencity.cx.ua/chunk-NUXSP4TM.js:11:76097)
    at Object.o [as next] (https://www.greencity.cx.ua/chunk-NUXSP4TM.js:11:76277)
    at bv.next (https://www.greencity.cx.ua/chunk-NUXSP4TM.js:7:3120)
    at Fr._next (https://www.greencity.cx.ua/chunk-NUXSP4TM.js:7:2803)
    at Fr.next (https://www.greencity.cx.ua/chunk-NUXSP4TM.js:7:2530)
    at https://www.greencity.cx.ua/chunk-NUXSP4TM.js:7:7848
    at Ac (https://www.greencity.cx.ua/chunk-NUXSP4TM.js:7:2222)
    at S0.next (https://www.greencity.cx.ua/chunk-NUXSP4TM.js:7:7687), [2026-03-15T12:00:52.249Z] [SEVERE] https://www.greencity.cx.ua/chunk-NUXSP4TM.js 10:45939 "ERROR" TypeError: Cannot read properties of null (reading 'setValue')
    at n.quillContentChanged (https://www.greencity.cx.ua/chunk-VNNOUBDJ.js:1:16043)
    at https://www.greencity.cx.ua/chunk-VNNOUBDJ.js:1:7223
    at eE (https://www.greencity.cx.ua/chunk-NUXSP4TM.js:11:76097)
    at Object.o [as next] (https://www.greencity.cx.ua/chunk-NUXSP4TM.js:11:76277)
    at bv.next (https://www.greencity.cx.ua/chunk-NUXSP4TM.js:7:3120)
    at Fr._next (https://www.greencity.cx.ua/chunk-NUXSP4TM.js:7:2803)
    at Fr.next (https://www.greencity.cx.ua/chunk-NUXSP4TM.js:7:2530)
    at https://www.greencity.cx.ua/chunk-NUXSP4TM.js:7:7848
    at Ac (https://www.greencity.cx.ua/chunk-NUXSP4TM.js:7:2222)
    at S0.next (https://www.greencity.cx.ua/chunk-NUXSP4TM.js:7:7687), [2026-03-15T12:00:52.254Z] [SEVERE] https://www.greencity.cx.ua/chunk-NUXSP4TM.js 10:45939 "ERROR" TypeError: Cannot read properties of null (reading 'setValue')
    at n.quillContentChanged (https://www.greencity.cx.ua/chunk-VNNOUBDJ.js:1:16043)
    at https://www.greencity.cx.ua/chunk-VNNOUBDJ.js:1:7223
    at eE (https://www.greencity.cx.ua/chunk-NUXSP4TM.js:11:76097)
    at Object.o [as next] (https://www.greencity.cx.ua/chunk-NUXSP4TM.js:11:76277)
    at bv.next (https://www.greencity.cx.ua/chunk-NUXSP4TM.js:7:3120)
    at Fr._next (https://www.greencity.cx.ua/chunk-NUXSP4TM.js:7:2803)
    at Fr.next (https://www.greencity.cx.ua/chunk-NUXSP4TM.js:7:2530)
    at https://www.greencity.cx.ua/chunk-NUXSP4TM.js:7:7848
    at Ac (https://www.greencity.cx.ua/chunk-NUXSP4TM.js:7:2222)
    at S0.next (https://www.greencity.cx.ua/chunk-NUXSP4TM.js:7:7687), [2026-03-15T12:00:52.259Z] [SEVERE] https://www.greencity.cx.ua/chunk-NUXSP4TM.js 10:45939 "ERROR" TypeError: Cannot read properties of null (reading 'setValue')
    at n.quillContentChanged (https://www.greencity.cx.ua/chunk-VNNOUBDJ.js:1:16043)
    at https://www.greencity.cx.ua/chunk-VNNOUBDJ.js:1:7223
    at eE (https://www.greencity.cx.ua/chunk-NUXSP4TM.js:11:76097)
    at Object.o [as next] (https://www.greencity.cx.ua/chunk-NUXSP4TM.js:11:76277)
    at bv.next (https://www.greencity.cx.ua/chunk-NUXSP4TM.js:7:3120)
    at Fr._next (https://www.greencity.cx.ua/chunk-NUXSP4TM.js:7:2803)
    at Fr.next (https://www.greencity.cx.ua/chunk-NUXSP4TM.js:7:2530)
    at https://www.greencity.cx.ua/chunk-NUXSP4TM.js:7:7848
    at Ac (https://www.greencity.cx.ua/chunk-NUXSP4TM.js:7:2222)
    at S0.next (https://www.greencity.cx.ua/chunk-NUXSP4TM.js:7:7687), [2026-03-15T12:00:52.263Z] [SEVERE] https://www.greencity.cx.ua/chunk-NUXSP4TM.js 10:45939 "ERROR" TypeError: Cannot read properties of null (reading 'setValue')
    at n.quillContentChanged (https://www.greencity.cx.ua/chunk-VNNOUBDJ.js:1:16043)
    at https://www.greencity.cx.ua/chunk-VNNOUBDJ.js:1:7223
    at eE (https://www.greencity.cx.ua/chunk-NUXSP4TM.js:11:76097)
    at Object.o [as next] (https://www.greencity.cx.ua/chunk-NUXSP4TM.js:11:76277)
    at bv.next (https://www.greencity.cx.ua/chunk-NUXSP4TM.js:7:3120)
    at Fr._next (https://www.greencity.cx.ua/chunk-NUXSP4TM.js:7:2803)
    at Fr.next (https://www.greencity.cx.ua/chunk-NUXSP4TM.js:7:2530)
    at https://www.greencity.cx.ua/chunk-NUXSP4TM.js:7:7848
    at Ac (https://www.greencity.cx.ua/chunk-NUXSP4TM.js:7:2222)
    at S0.next (https://www.greencity.cx.ua/chunk-NUXSP4TM.js:7:7687), [2026-03-15T12:00:52.268Z] [SEVERE] https://www.greencity.cx.ua/chunk-NUXSP4TM.js 10:45939 "ERROR" TypeError: Cannot read properties of null (reading 'setValue')
    at n.quillContentChanged (https://www.greencity.cx.ua/chunk-VNNOUBDJ.js:1:16043)
    at https://www.greencity.cx.ua/chunk-VNNOUBDJ.js:1:7223
    at eE (https://www.greencity.cx.ua/chunk-NUXSP4TM.js:11:76097)
    at Object.o [as next] (https://www.greencity.cx.ua/chunk-NUXSP4TM.js:11:76277)
    at bv.next (https://www.greencity.cx.ua/chunk-NUXSP4TM.js:7:3120)
    at Fr._next (https://www.greencity.cx.ua/chunk-NUXSP4TM.js:7:2803)
    at Fr.next (https://www.greencity.cx.ua/chunk-NUXSP4TM.js:7:2530)
    at https://www.greencity.cx.ua/chunk-NUXSP4TM.js:7:7848
    at Ac (https://www.greencity.cx.ua/chunk-NUXSP4TM.js:7:2222)
    at S0.next (https://www.greencity.cx.ua/chunk-NUXSP4TM.js:7:7687), [2026-03-15T12:00:52.273Z] [SEVERE] https://www.greencity.cx.ua/chunk-NUXSP4TM.js 10:45939 "ERROR" TypeError: Cannot read properties of null (reading 'setValue')
    at n.quillContentChanged (https://www.greencity.cx.ua/chunk-VNNOUBDJ.js:1:16043)
    at https://www.greencity.cx.ua/chunk-VNNOUBDJ.js:1:7223
    at eE (https://www.greencity.cx.ua/chunk-NUXSP4TM.js:11:76097)
    at Object.o [as next] (https://www.greencity.cx.ua/chunk-NUXSP4TM.js:11:76277)
    at bv.next (https://www.greencity.cx.ua/chunk-NUXSP4TM.js:7:3120)
    at Fr._next (https://www.greencity.cx.ua/chunk-NUXSP4TM.js:7:2803)
    at Fr.next (https://www.greencity.cx.ua/chunk-NUXSP4TM.js:7:2530)
    at https://www.greencity.cx.ua/chunk-NUXSP4TM.js:7:7848
    at Ac (https://www.greencity.cx.ua/chunk-NUXSP4TM.js:7:2222)
    at S0.next (https://www.greencity.cx.ua/chunk-NUXSP4TM.js:7:7687), [2026-03-15T12:00:52.276Z] [SEVERE] https://www.greencity.cx.ua/chunk-NUXSP4TM.js 10:45939 "ERROR" TypeError: Cannot read properties of null (reading 'setValue')
    at n.quillContentChanged (https://www.greencity.cx.ua/chunk-VNNOUBDJ.js:1:16043)
    at https://www.greencity.cx.ua/chunk-VNNOUBDJ.js:1:7223
    at eE (https://www.greencity.cx.ua/chunk-NUXSP4TM.js:11:76097)
    at Object.o [as next] (https://www.greencity.cx.ua/chunk-NUXSP4TM.js:11:76277)
    at bv.next (https://www.greencity.cx.ua/chunk-NUXSP4TM.js:7:3120)
    at Fr._next (https://www.greencity.cx.ua/chunk-NUXSP4TM.js:7:2803)
    at Fr.next (https://www.greencity.cx.ua/chunk-NUXSP4TM.js:7:2530)
    at https://www.greencity.cx.ua/chunk-NUXSP4TM.js:7:7848
    at Ac (https://www.greencity.cx.ua/chunk-NUXSP4TM.js:7:2222)
    at S0.next (https://www.greencity.cx.ua/chunk-NUXSP4TM.js:7:7687), [2026-03-15T12:00:52.279Z] [SEVERE] https://www.greencity.cx.ua/chunk-NUXSP4TM.js 10:45939 "ERROR" TypeError: Cannot read properties of null (reading 'setValue')
    at n.quillContentChanged (https://www.greencity.cx.ua/chunk-VNNOUBDJ.js:1:16043)
    at https://www.greencity.cx.ua/chunk-VNNOUBDJ.js:1:7223
    at eE (https://www.greencity.cx.ua/chunk-NUXSP4TM.js:11:76097)
    at Object.o [as next] (https://www.greencity.cx.ua/chunk-NUXSP4TM.js:11:76277)
    at bv.next (https://www.greencity.cx.ua/chunk-NUXSP4TM.js:7:3120)
    at Fr._next (https://www.greencity.cx.ua/chunk-NUXSP4TM.js:7:2803)
    at Fr.next (https://www.greencity.cx.ua/chunk-NUXSP4TM.js:7:2530)
    at https://www.greencity.cx.ua/chunk-NUXSP4TM.js:7:7848
    at Ac (https://www.greencity.cx.ua/chunk-NUXSP4TM.js:7:2222)
    at S0.next (https://www.greencity.cx.ua/chunk-NUXSP4TM.js:7:7687), [2026-03-15T12:00:52.283Z] [SEVERE] https://www.greencity.cx.ua/chunk-NUXSP4TM.js 10:45939 "ERROR" TypeError: Cannot read properties of null (reading 'setValue')
    at n.quillContentChanged (https://www.greencity.cx.ua/chunk-VNNOUBDJ.js:1:16043)
    at https://www.greencity.cx.ua/chunk-VNNOUBDJ.js:1:7223
    at eE (https://www.greencity.cx.ua/chunk-NUXSP4TM.js:11:76097)
    at Object.o [as next] (https://www.greencity.cx.ua/chunk-NUXSP4TM.js:11:76277)
    at bv.next (https://www.greencity.cx.ua/chunk-NUXSP4TM.js:7:3120)
    at Fr._next (https://www.greencity.cx.ua/chunk-NUXSP4TM.js:7:2803)
    at Fr.next (https://www.greencity.cx.ua/chunk-NUXSP4TM.js:7:2530)
    at https://www.greencity.cx.ua/chunk-NUXSP4TM.js:7:7848
    at Ac (https://www.greencity.cx.ua/chunk-NUXSP4TM.js:7:2222)
    at S0.next (https://www.greencity.cx.ua/chunk-NUXSP4TM.js:7:7687), [2026-03-15T12:00:52.286Z] [SEVERE] https://www.greencity.cx.ua/chunk-NUXSP4TM.js 10:45939 "ERROR" TypeError: Cannot read properties of null (reading 'setValue')
    at n.quillContentChanged (https://www.greencity.cx.ua/chunk-VNNOUBDJ.js:1:16043)
    at https://www.greencity.cx.ua/chunk-VNNOUBDJ.js:1:7223
    at eE (https://www.greencity.cx.ua/chunk-NUXSP4TM.js:11:76097)
    at Object.o [as next] (https://www.greencity.cx.ua/chunk-NUXSP4TM.js:11:76277)
    at bv.next (https://www.greencity.cx.ua/chunk-NUXSP4TM.js:7:3120)
    at Fr._next (https://www.greencity.cx.ua/chunk-NUXSP4TM.js:7:2803)
    at Fr.next (https://www.greencity.cx.ua/chunk-NUXSP4TM.js:7:2530)
    at https://www.greencity.cx.ua/chunk-NUXSP4TM.js:7:7848
    at Ac (https://www.greencity.cx.ua/chunk-NUXSP4TM.js:7:2222)
    at S0.next (https://www.greencity.cx.ua/chunk-NUXSP4TM.js:7:7687), [2026-03-15T12:00:52.289Z] [SEVERE] https://www.greencity.cx.ua/chunk-NUXSP4TM.js 10:45939 "ERROR" TypeError: Cannot read properties of null (reading 'setValue')
    at n.quillContentChanged (https://www.greencity.cx.ua/chunk-VNNOUBDJ.js:1:16043)
    at https://www.greencity.cx.ua/chunk-VNNOUBDJ.js:1:7223
    at eE (https://www.greencity.cx.ua/chunk-NUXSP4TM.js:11:76097)
    at Object.o [as next] (https://www.greencity.cx.ua/chunk-NUXSP4TM.js:11:76277)
    at bv.next (https://www.greencity.cx.ua/chunk-NUXSP4TM.js:7:3120)
    at Fr._next (https://www.greencity.cx.ua/chunk-NUXSP4TM.js:7:2803)
    at Fr.next (https://www.greencity.cx.ua/chunk-NUXSP4TM.js:7:2530)
    at https://www.greencity.cx.ua/chunk-NUXSP4TM.js:7:7848
    at Ac (https://www.greencity.cx.ua/chunk-NUXSP4TM.js:7:2222)
    at S0.next (https://www.greencity.cx.ua/chunk-NUXSP4TM.js:7:7687), [2026-03-15T12:00:52.292Z] [SEVERE] https://www.greencity.cx.ua/chunk-NUXSP4TM.js 10:45939 "ERROR" TypeError: Cannot read properties of null (reading 'setValue')
    at n.quillContentChanged (https://www.greencity.cx.ua/chunk-VNNOUBDJ.js:1:16043)
    at https://www.greencity.cx.ua/chunk-VNNOUBDJ.js:1:7223
    at eE (https://www.greencity.cx.ua/chunk-NUXSP4TM.js:11:76097)
    at Object.o [as next] (https://www.greencity.cx.ua/chunk-NUXSP4TM.js:11:76277)
    at bv.next (https://www.greencity.cx.ua/chunk-NUXSP4TM.js:7:3120)
    at Fr._next (https://www.greencity.cx.ua/chunk-NUXSP4TM.js:7:2803)
    at Fr.next (https://www.greencity.cx.ua/chunk-NUXSP4TM.js:7:2530)
    at https://www.greencity.cx.ua/chunk-NUXSP4TM.js:7:7848
    at Ac (https://www.greencity.cx.ua/chunk-NUXSP4TM.js:7:2222)
    at S0.next (https://www.greencity.cx.ua/chunk-NUXSP4TM.js:7:7687), [2026-03-15T12:00:52.298Z] [SEVERE] https://www.greencity.cx.ua/chunk-NUXSP4TM.js 10:45939 "ERROR" TypeError: Cannot read properties of null (reading 'setValue')
    at n.quillContentChanged (https://www.greencity.cx.ua/chunk-VNNOUBDJ.js:1:16043)
    at https://www.greencity.cx.ua/chunk-VNNOUBDJ.js:1:7223
    at eE (https://www.greencity.cx.ua/chunk-NUXSP4TM.js:11:76097)
    at Object.o [as next] (https://www.greencity.cx.ua/chunk-NUXSP4TM.js:11:76277)
    at bv.next (https://www.greencity.cx.ua/chunk-NUXSP4TM.js:7:3120)
    at Fr._next (https://www.greencity.cx.ua/chunk-NUXSP4TM.js:7:2803)
    at Fr.next (https://www.greencity.cx.ua/chunk-NUXSP4TM.js:7:2530)
    at https://www.greencity.cx.ua/chunk-NUXSP4TM.js:7:7848
    at Ac (https://www.greencity.cx.ua/chunk-NUXSP4TM.js:7:2222)
    at S0.next (https://www.greencity.cx.ua/chunk-NUXSP4TM.js:7:7687), [2026-03-15T12:00:52.300Z] [SEVERE] https://www.greencity.cx.ua/chunk-NUXSP4TM.js 10:45939 "ERROR" TypeError: Cannot read properties of null (reading 'setValue')
    at n.quillContentChanged (https://www.greencity.cx.ua/chunk-VNNOUBDJ.js:1:16043)
    at https://www.greencity.cx.ua/chunk-VNNOUBDJ.js:1:7223
    at eE (https://www.greencity.cx.ua/chunk-NUXSP4TM.js:11:76097)
    at Object.o [as next] (https://www.greencity.cx.ua/chunk-NUXSP4TM.js:11:76277)
    at bv.next (https://www.greencity.cx.ua/chunk-NUXSP4TM.js:7:3120)
    at Fr._next (https://www.greencity.cx.ua/chunk-NUXSP4TM.js:7:2803)
    at Fr.next (https://www.greencity.cx.ua/chunk-NUXSP4TM.js:7:2530)
    at https://www.greencity.cx.ua/chunk-NUXSP4TM.js:7:7848
    at Ac (https://www.greencity.cx.ua/chunk-NUXSP4TM.js:7:2222)
    at S0.next (https://www.greencity.cx.ua/chunk-NUXSP4TM.js:7:7687), [2026-03-15T12:00:52.304Z] [SEVERE] https://www.greencity.cx.ua/chunk-NUXSP4TM.js 10:45939 "ERROR" TypeError: Cannot read properties of null (reading 'setValue')
    at n.quillContentChanged (https://www.greencity.cx.ua/chunk-VNNOUBDJ.js:1:16043)
    at https://www.greencity.cx.ua/chunk-VNNOUBDJ.js:1:7223
    at eE (https://www.greencity.cx.ua/chunk-NUXSP4TM.js:11:76097)
    at Object.o [as next] (https://www.greencity.cx.ua/chunk-NUXSP4TM.js:11:76277)
    at bv.next (https://www.greencity.cx.ua/chunk-NUXSP4TM.js:7:3120)
    at Fr._next (https://www.greencity.cx.ua/chunk-NUXSP4TM.js:7:2803)
    at Fr.next (https://www.greencity.cx.ua/chunk-NUXSP4TM.js:7:2530)
    at https://www.greencity.cx.ua/chunk-NUXSP4TM.js:7:7848
    at Ac (https://www.greencity.cx.ua/chunk-NUXSP4TM.js:7:2222)
    at S0.next (https://www.greencity.cx.ua/chunk-NUXSP4TM.js:7:7687), [2026-03-15T12:00:52.308Z] [SEVERE] https://www.greencity.cx.ua/chunk-NUXSP4TM.js 10:45939 "ERROR" TypeError: Cannot read properties of null (reading 'setValue')
    at n.quillContentChanged (https://www.greencity.cx.ua/chunk-VNNOUBDJ.js:1:16043)
    at https://www.greencity.cx.ua/chunk-VNNOUBDJ.js:1:7223
    at eE (https://www.greencity.cx.ua/chunk-NUXSP4TM.js:11:76097)
    at Object.o [as next] (https://www.greencity.cx.ua/chunk-NUXSP4TM.js:11:76277)
    at bv.next (https://www.greencity.cx.ua/chunk-NUXSP4TM.js:7:3120)
    at Fr._next (https://www.greencity.cx.ua/chunk-NUXSP4TM.js:7:2803)
    at Fr.next (https://www.greencity.cx.ua/chunk-NUXSP4TM.js:7:2530)
    at https://www.greencity.cx.ua/chunk-NUXSP4TM.js:7:7848
    at Ac (https://www.greencity.cx.ua/chunk-NUXSP4TM.js:7:2222)
    at S0.next (https://www.greencity.cx.ua/chunk-NUXSP4TM.js:7:7687), [2026-03-15T12:00:52.313Z] [SEVERE] https://www.greencity.cx.ua/chunk-NUXSP4TM.js 10:45939 "ERROR" TypeError: Cannot read properties of null (reading 'setValue')
    at n.quillContentChanged (https://www.greencity.cx.ua/chunk-VNNOUBDJ.js:1:16043)
    at https://www.greencity.cx.ua/chunk-VNNOUBDJ.js:1:7223
    at eE (https://www.greencity.cx.ua/chunk-NUXSP4TM.js:11:76097)
    at Object.o [as next] (https://www.greencity.cx.ua/chunk-NUXSP4TM.js:11:76277)
    at bv.next (https://www.greencity.cx.ua/chunk-NUXSP4TM.js:7:3120)
    at Fr._next (https://www.greencity.cx.ua/chunk-NUXSP4TM.js:7:2803)
    at Fr.next (https://www.greencity.cx.ua/chunk-NUXSP4TM.js:7:2530)
    at https://www.greencity.cx.ua/chunk-NUXSP4TM.js:7:7848
    at Ac (https://www.greencity.cx.ua/chunk-NUXSP4TM.js:7:2222)
    at S0.next (https://www.greencity.cx.ua/chunk-NUXSP4TM.js:7:7687), [2026-03-15T12:00:52.317Z] [SEVERE] https://www.greencity.cx.ua/chunk-NUXSP4TM.js 10:45939 "ERROR" TypeError: Cannot read properties of null (reading 'setValue')
    at n.quillContentChanged (https://www.greencity.cx.ua/chunk-VNNOUBDJ.js:1:16043)
    at https://www.greencity.cx.ua/chunk-VNNOUBDJ.js:1:7223
    at eE (https://www.greencity.cx.ua/chunk-NUXSP4TM.js:11:76097)
    at Object.o [as next] (https://www.greencity.cx.ua/chunk-NUXSP4TM.js:11:76277)
    at bv.next (https://www.greencity.cx.ua/chunk-NUXSP4TM.js:7:3120)
    at Fr._next (https://www.greencity.cx.ua/chunk-NUXSP4TM.js:7:2803)
    at Fr.next (https://www.greencity.cx.ua/chunk-NUXSP4TM.js:7:2530)
    at https://www.greencity.cx.ua/chunk-NUXSP4TM.js:7:7848
    at Ac (https://www.greencity.cx.ua/chunk-NUXSP4TM.js:7:2222)
    at S0.next (https://www.greencity.cx.ua/chunk-NUXSP4TM.js:7:7687), [2026-03-15T12:00:52.318Z] [SEVERE] https://www.greencity.cx.ua/chunk-NUXSP4TM.js 10:45939 "ERROR" TypeError: Cannot read properties of null (reading 'setValue')
    at n.quillContentChanged (https://www.greencity.cx.ua/chunk-VNNOUBDJ.js:1:16043)
    at https://www.greencity.cx.ua/chunk-VNNOUBDJ.js:1:7223
    at eE (https://www.greencity.cx.ua/chunk-NUXSP4TM.js:11:76097)
    at Object.o [as next] (https://www.greencity.cx.ua/chunk-NUXSP4TM.js:11:76277)
    at bv.next (https://www.greencity.cx.ua/chunk-NUXSP4TM.js:7:3120)
    at Fr._next (https://www.greencity.cx.ua/chunk-NUXSP4TM.js:7:2803)
    at Fr.next (https://www.greencity.cx.ua/chunk-NUXSP4TM.js:7:2530)
    at https://www.greencity.cx.ua/chunk-NUXSP4TM.js:7:7848
    at Ac (https://www.greencity.cx.ua/chunk-NUXSP4TM.js:7:2222)
    at S0.next (https://www.greencity.cx.ua/chunk-NUXSP4TM.js:7:7687), [2026-03-15T12:00:52.322Z] [SEVERE] https://www.greencity.cx.ua/chunk-NUXSP4TM.js 10:45939 "ERROR" TypeError: Cannot read properties of null (reading 'setValue')
    at n.quillContentChanged (https://www.greencity.cx.ua/chunk-VNNOUBDJ.js:1:16043)
    at https://www.greencity.cx.ua/chunk-VNNOUBDJ.js:1:7223
    at eE (https://www.greencity.cx.ua/chunk-NUXSP4TM.js:11:76097)
    at Object.o [as next] (https://www.greencity.cx.ua/chunk-NUXSP4TM.js:11:76277)
    at bv.next (https://www.greencity.cx.ua/chunk-NUXSP4TM.js:7:3120)
    at Fr._next (https://www.greencity.cx.ua/chunk-NUXSP4TM.js:7:2803)
    at Fr.next (https://www.greencity.cx.ua/chunk-NUXSP4TM.js:7:2530)
    at https://www.greencity.cx.ua/chunk-NUXSP4TM.js:7:7848
    at Ac (https://www.greencity.cx.ua/chunk-NUXSP4TM.js:7:2222)
    at S0.next (https://www.greencity.cx.ua/chunk-NUXSP4TM.js:7:7687), [2026-03-15T12:00:52.326Z] [SEVERE] https://www.greencity.cx.ua/chunk-NUXSP4TM.js 10:45939 "ERROR" TypeError: Cannot read properties of null (reading 'setValue')
    at n.quillContentChanged (https://www.greencity.cx.ua/chunk-VNNOUBDJ.js:1:16043)
    at https://www.greencity.cx.ua/chunk-VNNOUBDJ.js:1:7223
    at eE (https://www.greencity.cx.ua/chunk-NUXSP4TM.js:11:76097)
    at Object.o [as next] (https://www.greencity.cx.ua/chunk-NUXSP4TM.js:11:76277)
    at bv.next (https://www.greencity.cx.ua/chunk-NUXSP4TM.js:7:3120)
    at Fr._next (https://www.greencity.cx.ua/chunk-NUXSP4TM.js:7:2803)
    at Fr.next (https://www.greencity.cx.ua/chunk-NUXSP4TM.js:7:2530)
    at https://www.greencity.cx.ua/chunk-NUXSP4TM.js:7:7848
    at Ac (https://www.greencity.cx.ua/chunk-NUXSP4TM.js:7:2222)
    at S0.next (https://www.greencity.cx.ua/chunk-NUXSP4TM.js:7:7687), [2026-03-15T12:00:52.329Z] [SEVERE] https://www.greencity.cx.ua/chunk-NUXSP4TM.js 10:45939 "ERROR" TypeError: Cannot read properties of null (reading 'setValue')
    at n.quillContentChanged (https://www.greencity.cx.ua/chunk-VNNOUBDJ.js:1:16043)
    at https://www.greencity.cx.ua/chunk-VNNOUBDJ.js:1:7223
    at eE (https://www.greencity.cx.ua/chunk-NUXSP4TM.js:11:76097)
    at Object.o [as next] (https://www.greencity.cx.ua/chunk-NUXSP4TM.js:11:76277)
    at bv.next (https://www.greencity.cx.ua/chunk-NUXSP4TM.js:7:3120)
    at Fr._next (https://www.greencity.cx.ua/chunk-NUXSP4TM.js:7:2803)
    at Fr.next (https://www.greencity.cx.ua/chunk-NUXSP4TM.js:7:2530)
    at https://www.greencity.cx.ua/chunk-NUXSP4TM.js:7:7848
    at Ac (https://www.greencity.cx.ua/chunk-NUXSP4TM.js:7:2222)
    at S0.next (https://www.greencity.cx.ua/chunk-NUXSP4TM.js:7:7687), [2026-03-15T12:01:23.835Z] [WARNING] https://www.greencity.cx.ua/chunk-47CS2OCG.js 5:9966 "quill" "Overwriting modules/imageResize with" function s(P){var _=this,E=arguments.length>1&&arguments[1]!==void 0?arguments[1]:{};o(this,s),this.initializeModules=function(){_.removeModules(),_.modules=_.moduleClasses.map(function(y){return new(l[y]||y)(_)}),_.modules.forEach(function(y){y.onCreate()}),_.onUpdate()},this.onUpdate=function(){_.repositionElements(),_.modules.forEach(function(y){y.onUpdate()})},this.removeModules=function(){_.modules.forEach(function(y){y.onDestroy()}),_.modules=[]},this.handleClick=function(y){if(y.target&&y.target.tagName&&y.target.tagName.toUpperCase()==="IMG"){if(_.img===y.target)return;_.img&&_.hide(),_.show(y.target)}else _.img&&_.hide()},this.show=function(y){_.img=y,_.showOverlay(),_.initializeModules()},this.showOverlay=function(){_.overlay&&_.hideOverlay(),_.quill.setSelection(null),_.setUserSelect("none"),document.addEventListener("keyup",_.checkImage,!0),_.quill.root.addEventListener("input",_.checkImage,!0),_.overlay=document.createElement("div"),Object.assign(_.overlay.style,_.options.overlayStyles),_.quill.root.parentNode.appendChild(_.overlay),_.repositionElements()},this.hideOverlay=function(){_.overlay&&(_.quill.root.parentNode.removeChild(_.overlay),_.overlay=void 0,document.removeEventListener("keyup",_.checkImage),_.quill.root.removeEventListener("input",_.checkImage),_.setUserSelect(""))},this.repositionElements=function(){if(_.overlay&&_.img){var y=_.quill.root.parentNode,p=_.img.getBoundingClientRect(),x=y.getBoundingClientRect();Object.assign(_.overlay.style,{left:p.left-x.left-1+y.scrollLeft+"px",top:p.top-x.top+y.scrollTop+"px",width:p.width+"px",height:p.height+"px"})}},this.hide=function(){_.hideOverlay(),_.removeModules(),_.img=void 0},this.setUserSelect=function(y){["userSelect","mozUserSelect","webkitUserSelect","msUserSelect"].forEach(function(p){_.quill.root.style[p]=y,document.documentElement.style[p]=y})},this.checkImage=function(y){_.img&&(y.keyCode!=46&&y.keyCode!=8||window.Quill.find(_.img).deleteAt(0),_.hide())},this.quill=P;var T=!1;E.modules&&(T=E.modules.slice()),this.options=i()({},E,a.a),T!==!1&&(this.options.modules=T),document.execCommand("enableObjectResizing",!1,"false"),this.quill.root.addEventListener("click",this.handleClick,!1),this.quill.root.parentNode.style.position=this.quill.root.parentNode.style.position||"relative",this.moduleClasses=this.options.modules,console.log("this.options.modules",this.options.modules),this.modules=[]}, [2026-03-15T12:01:26.938Z] [SEVERE] https://www.greencity.cx.ua/chunk-NUXSP4TM.js 10:45939 "ERROR" TypeError: Cannot read properties of null (reading 'setValue')
    at n.quillContentChanged (https://www.greencity.cx.ua/chunk-VNNOUBDJ.js:1:16043)
    at https://www.greencity.cx.ua/chunk-VNNOUBDJ.js:1:7223
    at eE (https://www.greencity.cx.ua/chunk-NUXSP4TM.js:11:76097)
    at Object.o [as next] (https://www.greencity.cx.ua/chunk-NUXSP4TM.js:11:76277)
    at bv.next (https://www.greencity.cx.ua/chunk-NUXSP4TM.js:7:3120)
    at Fr._next (https://www.greencity.cx.ua/chunk-NUXSP4TM.js:7:2803)
    at Fr.next (https://www.greencity.cx.ua/chunk-NUXSP4TM.js:7:2530)
    at https://www.greencity.cx.ua/chunk-NUXSP4TM.js:7:7848
    at Ac (https://www.greencity.cx.ua/chunk-NUXSP4TM.js:7:2222)
    at S0.next (https://www.greencity.cx.ua/chunk-NUXSP4TM.js:7:7687), [2026-03-15T12:01:26.941Z] [SEVERE] https://www.greencity.cx.ua/chunk-NUXSP4TM.js 10:45939 "ERROR" TypeError: Cannot read properties of null (reading 'setValue')
    at n.quillContentChanged (https://www.greencity.cx.ua/chunk-VNNOUBDJ.js:1:16043)
    at https://www.greencity.cx.ua/chunk-VNNOUBDJ.js:1:7223
    at eE (https://www.greencity.cx.ua/chunk-NUXSP4TM.js:11:76097)
    at Object.o [as next] (https://www.greencity.cx.ua/chunk-NUXSP4TM.js:11:76277)
    at bv.next (https://www.greencity.cx.ua/chunk-NUXSP4TM.js:7:3120)
    at Fr._next (https://www.greencity.cx.ua/chunk-NUXSP4TM.js:7:2803)
    at Fr.next (https://www.greencity.cx.ua/chunk-NUXSP4TM.js:7:2530)
    at https://www.greencity.cx.ua/chunk-NUXSP4TM.js:7:7848
    at Ac (https://www.greencity.cx.ua/chunk-NUXSP4TM.js:7:2222)
    at S0.next (https://www.greencity.cx.ua/chunk-NUXSP4TM.js:7:7687), [2026-03-15T12:01:26.945Z] [SEVERE] https://www.greencity.cx.ua/chunk-NUXSP4TM.js 10:45939 "ERROR" TypeError: Cannot read properties of null (reading 'setValue')
    at n.quillContentChanged (https://www.greencity.cx.ua/chunk-VNNOUBDJ.js:1:16043)
    at https://www.greencity.cx.ua/chunk-VNNOUBDJ.js:1:7223
    at eE (https://www.greencity.cx.ua/chunk-NUXSP4TM.js:11:76097)
    at Object.o [as next] (https://www.greencity.cx.ua/chunk-NUXSP4TM.js:11:76277)
    at bv.next (https://www.greencity.cx.ua/chunk-NUXSP4TM.js:7:3120)
    at Fr._next (https://www.greencity.cx.ua/chunk-NUXSP4TM.js:7:2803)
    at Fr.next (https://www.greencity.cx.ua/chunk-NUXSP4TM.js:7:2530)
    at https://www.greencity.cx.ua/chunk-NUXSP4TM.js:7:7848
    at Ac (https://www.greencity.cx.ua/chunk-NUXSP4TM.js:7:2222)
    at S0.next (https://www.greencity.cx.ua/chunk-NUXSP4TM.js:7:7687), [2026-03-15T12:01:26.947Z] [SEVERE] https://www.greencity.cx.ua/chunk-NUXSP4TM.js 10:45939 "ERROR" TypeError: Cannot read properties of null (reading 'setValue')
    at n.quillContentChanged (https://www.greencity.cx.ua/chunk-VNNOUBDJ.js:1:16043)
    at https://www.greencity.cx.ua/chunk-VNNOUBDJ.js:1:7223
    at eE (https://www.greencity.cx.ua/chunk-NUXSP4TM.js:11:76097)
    at Object.o [as next] (https://www.greencity.cx.ua/chunk-NUXSP4TM.js:11:76277)
    at bv.next (https://www.greencity.cx.ua/chunk-NUXSP4TM.js:7:3120)
    at Fr._next (https://www.greencity.cx.ua/chunk-NUXSP4TM.js:7:2803)
    at Fr.next (https://www.greencity.cx.ua/chunk-NUXSP4TM.js:7:2530)
    at https://www.greencity.cx.ua/chunk-NUXSP4TM.js:7:7848
    at Ac (https://www.greencity.cx.ua/chunk-NUXSP4TM.js:7:2222)
    at S0.next (https://www.greencity.cx.ua/chunk-NUXSP4TM.js:7:7687), [2026-03-15T12:01:27.251Z] [SEVERE] https://www.greencity.cx.ua/chunk-NUXSP4TM.js 10:45939 "ERROR" TypeError: Cannot read properties of null (reading 'setValue')
    at n.quillContentChanged (https://www.greencity.cx.ua/chunk-VNNOUBDJ.js:1:16043)
    at https://www.greencity.cx.ua/chunk-VNNOUBDJ.js:1:7223
    at eE (https://www.greencity.cx.ua/chunk-NUXSP4TM.js:11:76097)
    at Object.o [as next] (https://www.greencity.cx.ua/chunk-NUXSP4TM.js:11:76277)
    at bv.next (https://www.greencity.cx.ua/chunk-NUXSP4TM.js:7:3120)
    at Fr._next (https://www.greencity.cx.ua/chunk-NUXSP4TM.js:7:2803)
    at Fr.next (https://www.greencity.cx.ua/chunk-NUXSP4TM.js:7:2530)
    at https://www.greencity.cx.ua/chunk-NUXSP4TM.js:7:7848
    at Ac (https://www.greencity.cx.ua/chunk-NUXSP4TM.js:7:2222)
    at S0.next (https://www.greencity.cx.ua/chunk-NUXSP4TM.js:7:7687), [2026-03-15T12:01:27.318Z] [SEVERE] https://www.greencity.cx.ua/chunk-NUXSP4TM.js 10:45939 "ERROR" TypeError: Cannot read properties of null (reading 'setValue')
    at n.quillContentChanged (https://www.greencity.cx.ua/chunk-VNNOUBDJ.js:1:16043)
    at https://www.greencity.cx.ua/chunk-VNNOUBDJ.js:1:7223
    at eE (https://www.greencity.cx.ua/chunk-NUXSP4TM.js:11:76097)
    at Object.o [as next] (https://www.greencity.cx.ua/chunk-NUXSP4TM.js:11:76277)
    at bv.next (https://www.greencity.cx.ua/chunk-NUXSP4TM.js:7:3120)
    at Fr._next (https://www.greencity.cx.ua/chunk-NUXSP4TM.js:7:2803)
    at Fr.next (https://www.greencity.cx.ua/chunk-NUXSP4TM.js:7:2530)
    at https://www.greencity.cx.ua/chunk-NUXSP4TM.js:7:7848
    at Ac (https://www.greencity.cx.ua/chunk-NUXSP4TM.js:7:2222)
    at S0.next (https://www.greencity.cx.ua/chunk-NUXSP4TM.js:7:7687), [2026-03-15T12:01:27.322Z] [SEVERE] https://www.greencity.cx.ua/chunk-NUXSP4TM.js 10:45939 "ERROR" TypeError: Cannot read properties of null (reading 'setValue')
    at n.quillContentChanged (https://www.greencity.cx.ua/chunk-VNNOUBDJ.js:1:16043)
    at https://www.greencity.cx.ua/chunk-VNNOUBDJ.js:1:7223
    at eE (https://www.greencity.cx.ua/chunk-NUXSP4TM.js:11:76097)
    at Object.o [as next] (https://www.greencity.cx.ua/chunk-NUXSP4TM.js:11:76277)
    at bv.next (https://www.greencity.cx.ua/chunk-NUXSP4TM.js:7:3120)
    at Fr._next (https://www.greencity.cx.ua/chunk-NUXSP4TM.js:7:2803)
    at Fr.next (https://www.greencity.cx.ua/chunk-NUXSP4TM.js:7:2530)
    at https://www.greencity.cx.ua/chunk-NUXSP4TM.js:7:7848
    at Ac (https://www.greencity.cx.ua/chunk-NUXSP4TM.js:7:2222)
    at S0.next (https://www.greencity.cx.ua/chunk-NUXSP4TM.js:7:7687), [2026-03-15T12:01:27.324Z] [SEVERE] https://www.greencity.cx.ua/chunk-NUXSP4TM.js 10:45939 "ERROR" TypeError: Cannot read properties of null (reading 'setValue')
    at n.quillContentChanged (https://www.greencity.cx.ua/chunk-VNNOUBDJ.js:1:16043)
    at https://www.greencity.cx.ua/chunk-VNNOUBDJ.js:1:7223
    at eE (https://www.greencity.cx.ua/chunk-NUXSP4TM.js:11:76097)
    at Object.o [as next] (https://www.greencity.cx.ua/chunk-NUXSP4TM.js:11:76277)
    at bv.next (https://www.greencity.cx.ua/chunk-NUXSP4TM.js:7:3120)
    at Fr._next (https://www.greencity.cx.ua/chunk-NUXSP4TM.js:7:2803)
    at Fr.next (https://www.greencity.cx.ua/chunk-NUXSP4TM.js:7:2530)
    at https://www.greencity.cx.ua/chunk-NUXSP4TM.js:7:7848
    at Ac (https://www.greencity.cx.ua/chunk-NUXSP4TM.js:7:2222)
    at S0.next (https://www.greencity.cx.ua/chunk-NUXSP4TM.js:7:7687), [2026-03-15T12:01:27.328Z] [SEVERE] https://www.greencity.cx.ua/chunk-NUXSP4TM.js 10:45939 "ERROR" TypeError: Cannot read properties of null (reading 'setValue')
    at n.quillContentChanged (https://www.greencity.cx.ua/chunk-VNNOUBDJ.js:1:16043)
    at https://www.greencity.cx.ua/chunk-VNNOUBDJ.js:1:7223
    at eE (https://www.greencity.cx.ua/chunk-NUXSP4TM.js:11:76097)
    at Object.o [as next] (https://www.greencity.cx.ua/chunk-NUXSP4TM.js:11:76277)
    at bv.next (https://www.greencity.cx.ua/chunk-NUXSP4TM.js:7:3120)
    at Fr._next (https://www.greencity.cx.ua/chunk-NUXSP4TM.js:7:2803)
    at Fr.next (https://www.greencity.cx.ua/chunk-NUXSP4TM.js:7:2530)
    at https://www.greencity.cx.ua/chunk-NUXSP4TM.js:7:7848
    at Ac (https://www.greencity.cx.ua/chunk-NUXSP4TM.js:7:2222)
    at S0.next (https://www.greencity.cx.ua/chunk-NUXSP4TM.js:7:7687), [2026-03-15T12:01:27.333Z] [SEVERE] https://www.greencity.cx.ua/chunk-NUXSP4TM.js 10:45939 "ERROR" TypeError: Cannot read properties of null (reading 'setValue')
    at n.quillContentChanged (https://www.greencity.cx.ua/chunk-VNNOUBDJ.js:1:16043)
    at https://www.greencity.cx.ua/chunk-VNNOUBDJ.js:1:7223
    at eE (https://www.greencity.cx.ua/chunk-NUXSP4TM.js:11:76097)
    at Object.o [as next] (https://www.greencity.cx.ua/chunk-NUXSP4TM.js:11:76277)
    at bv.next (https://www.greencity.cx.ua/chunk-NUXSP4TM.js:7:3120)
    at Fr._next (https://www.greencity.cx.ua/chunk-NUXSP4TM.js:7:2803)
    at Fr.next (https://www.greencity.cx.ua/chunk-NUXSP4TM.js:7:2530)
    at https://www.greencity.cx.ua/chunk-NUXSP4TM.js:7:7848
    at Ac (https://www.greencity.cx.ua/chunk-NUXSP4TM.js:7:2222)
    at S0.next (https://www.greencity.cx.ua/chunk-NUXSP4TM.js:7:7687), [2026-03-15T12:01:27.336Z] [SEVERE] https://www.greencity.cx.ua/chunk-NUXSP4TM.js 10:45939 "ERROR" TypeError: Cannot read properties of null (reading 'setValue')
    at n.quillContentChanged (https://www.greencity.cx.ua/chunk-VNNOUBDJ.js:1:16043)
    at https://www.greencity.cx.ua/chunk-VNNOUBDJ.js:1:7223
    at eE (https://www.greencity.cx.ua/chunk-NUXSP4TM.js:11:76097)
    at Object.o [as next] (https://www.greencity.cx.ua/chunk-NUXSP4TM.js:11:76277)
    at bv.next (https://www.greencity.cx.ua/chunk-NUXSP4TM.js:7:3120)
    at Fr._next (https://www.greencity.cx.ua/chunk-NUXSP4TM.js:7:2803)
    at Fr.next (https://www.greencity.cx.ua/chunk-NUXSP4TM.js:7:2530)
    at https://www.greencity.cx.ua/chunk-NUXSP4TM.js:7:7848
    at Ac (https://www.greencity.cx.ua/chunk-NUXSP4TM.js:7:2222)
    at S0.next (https://www.greencity.cx.ua/chunk-NUXSP4TM.js:7:7687), [2026-03-15T12:01:27.337Z] [SEVERE] https://www.greencity.cx.ua/chunk-NUXSP4TM.js 10:45939 "ERROR" TypeError: Cannot read properties of null (reading 'setValue')
    at n.quillContentChanged (https://www.greencity.cx.ua/chunk-VNNOUBDJ.js:1:16043)
    at https://www.greencity.cx.ua/chunk-VNNOUBDJ.js:1:7223
    at eE (https://www.greencity.cx.ua/chunk-NUXSP4TM.js:11:76097)
    at Object.o [as next] (https://www.greencity.cx.ua/chunk-NUXSP4TM.js:11:76277)
    at bv.next (https://www.greencity.cx.ua/chunk-NUXSP4TM.js:7:3120)
    at Fr._next (https://www.greencity.cx.ua/chunk-NUXSP4TM.js:7:2803)
    at Fr.next (https://www.greencity.cx.ua/chunk-NUXSP4TM.js:7:2530)
    at https://www.greencity.cx.ua/chunk-NUXSP4TM.js:7:7848
    at Ac (https://www.greencity.cx.ua/chunk-NUXSP4TM.js:7:2222)
    at S0.next (https://www.greencity.cx.ua/chunk-NUXSP4TM.js:7:7687), [2026-03-15T12:01:27.340Z] [SEVERE] https://www.greencity.cx.ua/chunk-NUXSP4TM.js 10:45939 "ERROR" TypeError: Cannot read properties of null (reading 'setValue')
    at n.quillContentChanged (https://www.greencity.cx.ua/chunk-VNNOUBDJ.js:1:16043)
    at https://www.greencity.cx.ua/chunk-VNNOUBDJ.js:1:7223
    at eE (https://www.greencity.cx.ua/chunk-NUXSP4TM.js:11:76097)
    at Object.o [as next] (https://www.greencity.cx.ua/chunk-NUXSP4TM.js:11:76277)
    at bv.next (https://www.greencity.cx.ua/chunk-NUXSP4TM.js:7:3120)
    at Fr._next (https://www.greencity.cx.ua/chunk-NUXSP4TM.js:7:2803)
    at Fr.next (https://www.greencity.cx.ua/chunk-NUXSP4TM.js:7:2530)
    at https://www.greencity.cx.ua/chunk-NUXSP4TM.js:7:7848
    at Ac (https://www.greencity.cx.ua/chunk-NUXSP4TM.js:7:2222)
    at S0.next (https://www.greencity.cx.ua/chunk-NUXSP4TM.js:7:7687), [2026-03-15T12:01:27.343Z] [SEVERE] https://www.greencity.cx.ua/chunk-NUXSP4TM.js 10:45939 "ERROR" TypeError: Cannot read properties of null (reading 'setValue')
    at n.quillContentChanged (https://www.greencity.cx.ua/chunk-VNNOUBDJ.js:1:16043)
    at https://www.greencity.cx.ua/chunk-VNNOUBDJ.js:1:7223
    at eE (https://www.greencity.cx.ua/chunk-NUXSP4TM.js:11:76097)
    at Object.o [as next] (https://www.greencity.cx.ua/chunk-NUXSP4TM.js:11:76277)
    at bv.next (https://www.greencity.cx.ua/chunk-NUXSP4TM.js:7:3120)
    at Fr._next (https://www.greencity.cx.ua/chunk-NUXSP4TM.js:7:2803)
    at Fr.next (https://www.greencity.cx.ua/chunk-NUXSP4TM.js:7:2530)
    at https://www.greencity.cx.ua/chunk-NUXSP4TM.js:7:7848
    at Ac (https://www.greencity.cx.ua/chunk-NUXSP4TM.js:7:2222)
    at S0.next (https://www.greencity.cx.ua/chunk-NUXSP4TM.js:7:7687), [2026-03-15T12:01:27.348Z] [SEVERE] https://www.greencity.cx.ua/chunk-NUXSP4TM.js 10:45939 "ERROR" TypeError: Cannot read properties of null (reading 'setValue')
    at n.quillContentChanged (https://www.greencity.cx.ua/chunk-VNNOUBDJ.js:1:16043)
    at https://www.greencity.cx.ua/chunk-VNNOUBDJ.js:1:7223
    at eE (https://www.greencity.cx.ua/chunk-NUXSP4TM.js:11:76097)
    at Object.o [as next] (https://www.greencity.cx.ua/chunk-NUXSP4TM.js:11:76277)
    at bv.next (https://www.greencity.cx.ua/chunk-NUXSP4TM.js:7:3120)
    at Fr._next (https://www.greencity.cx.ua/chunk-NUXSP4TM.js:7:2803)
    at Fr.next (https://www.greencity.cx.ua/chunk-NUXSP4TM.js:7:2530)
    at https://www.greencity.cx.ua/chunk-NUXSP4TM.js:7:7848
    at Ac (https://www.greencity.cx.ua/chunk-NUXSP4TM.js:7:2222)
    at S0.next (https://www.greencity.cx.ua/chunk-NUXSP4TM.js:7:7687), [2026-03-15T12:01:27.349Z] [SEVERE] https://www.greencity.cx.ua/chunk-NUXSP4TM.js 10:45939 "ERROR" TypeError: Cannot read properties of null (reading 'setValue')
    at n.quillContentChanged (https://www.greencity.cx.ua/chunk-VNNOUBDJ.js:1:16043)
    at https://www.greencity.cx.ua/chunk-VNNOUBDJ.js:1:7223
    at eE (https://www.greencity.cx.ua/chunk-NUXSP4TM.js:11:76097)
    at Object.o [as next] (https://www.greencity.cx.ua/chunk-NUXSP4TM.js:11:76277)
    at bv.next (https://www.greencity.cx.ua/chunk-NUXSP4TM.js:7:3120)
    at Fr._next (https://www.greencity.cx.ua/chunk-NUXSP4TM.js:7:2803)
    at Fr.next (https://www.greencity.cx.ua/chunk-NUXSP4TM.js:7:2530)
    at https://www.greencity.cx.ua/chunk-NUXSP4TM.js:7:7848
    at Ac (https://www.greencity.cx.ua/chunk-NUXSP4TM.js:7:2222)
    at S0.next (https://www.greencity.cx.ua/chunk-NUXSP4TM.js:7:7687), [2026-03-15T12:01:27.353Z] [SEVERE] https://www.greencity.cx.ua/chunk-NUXSP4TM.js 10:45939 "ERROR" TypeError: Cannot read properties of null (reading 'setValue')
    at n.quillContentChanged (https://www.greencity.cx.ua/chunk-VNNOUBDJ.js:1:16043)
    at https://www.greencity.cx.ua/chunk-VNNOUBDJ.js:1:7223
    at eE (https://www.greencity.cx.ua/chunk-NUXSP4TM.js:11:76097)
    at Object.o [as next] (https://www.greencity.cx.ua/chunk-NUXSP4TM.js:11:76277)
    at bv.next (https://www.greencity.cx.ua/chunk-NUXSP4TM.js:7:3120)
    at Fr._next (https://www.greencity.cx.ua/chunk-NUXSP4TM.js:7:2803)
    at Fr.next (https://www.greencity.cx.ua/chunk-NUXSP4TM.js:7:2530)
    at https://www.greencity.cx.ua/chunk-NUXSP4TM.js:7:7848
    at Ac (https://www.greencity.cx.ua/chunk-NUXSP4TM.js:7:2222)
    at S0.next (https://www.greencity.cx.ua/chunk-NUXSP4TM.js:7:7687), [2026-03-15T12:01:27.356Z] [SEVERE] https://www.greencity.cx.ua/chunk-NUXSP4TM.js 10:45939 "ERROR" TypeError: Cannot read properties of null (reading 'setValue')
    at n.quillContentChanged (https://www.greencity.cx.ua/chunk-VNNOUBDJ.js:1:16043)
    at https://www.greencity.cx.ua/chunk-VNNOUBDJ.js:1:7223
    at eE (https://www.greencity.cx.ua/chunk-NUXSP4TM.js:11:76097)
    at Object.o [as next] (https://www.greencity.cx.ua/chunk-NUXSP4TM.js:11:76277)
    at bv.next (https://www.greencity.cx.ua/chunk-NUXSP4TM.js:7:3120)
    at Fr._next (https://www.greencity.cx.ua/chunk-NUXSP4TM.js:7:2803)
    at Fr.next (https://www.greencity.cx.ua/chunk-NUXSP4TM.js:7:2530)
    at https://www.greencity.cx.ua/chunk-NUXSP4TM.js:7:7848
    at Ac (https://www.greencity.cx.ua/chunk-NUXSP4TM.js:7:2222)
    at S0.next (https://www.greencity.cx.ua/chunk-NUXSP4TM.js:7:7687), [2026-03-15T12:01:27.361Z] [SEVERE] https://www.greencity.cx.ua/chunk-NUXSP4TM.js 10:45939 "ERROR" TypeError: Cannot read properties of null (reading 'setValue')
    at n.quillContentChanged (https://www.greencity.cx.ua/chunk-VNNOUBDJ.js:1:16043)
    at https://www.greencity.cx.ua/chunk-VNNOUBDJ.js:1:7223
    at eE (https://www.greencity.cx.ua/chunk-NUXSP4TM.js:11:76097)
    at Object.o [as next] (https://www.greencity.cx.ua/chunk-NUXSP4TM.js:11:76277)
    at bv.next (https://www.greencity.cx.ua/chunk-NUXSP4TM.js:7:3120)
    at Fr._next (https://www.greencity.cx.ua/chunk-NUXSP4TM.js:7:2803)
    at Fr.next (https://www.greencity.cx.ua/chunk-NUXSP4TM.js:7:2530)
    at https://www.greencity.cx.ua/chunk-NUXSP4TM.js:7:7848
    at Ac (https://www.greencity.cx.ua/chunk-NUXSP4TM.js:7:2222)
    at S0.next (https://www.greencity.cx.ua/chunk-NUXSP4TM.js:7:7687), [2026-03-15T12:01:27.365Z] [SEVERE] https://www.greencity.cx.ua/chunk-NUXSP4TM.js 10:45939 "ERROR" TypeError: Cannot read properties of null (reading 'setValue')
    at n.quillContentChanged (https://www.greencity.cx.ua/chunk-VNNOUBDJ.js:1:16043)
    at https://www.greencity.cx.ua/chunk-VNNOUBDJ.js:1:7223
    at eE (https://www.greencity.cx.ua/chunk-NUXSP4TM.js:11:76097)
    at Object.o [as next] (https://www.greencity.cx.ua/chunk-NUXSP4TM.js:11:76277)
    at bv.next (https://www.greencity.cx.ua/chunk-NUXSP4TM.js:7:3120)
    at Fr._next (https://www.greencity.cx.ua/chunk-NUXSP4TM.js:7:2803)
    at Fr.next (https://www.greencity.cx.ua/chunk-NUXSP4TM.js:7:2530)
    at https://www.greencity.cx.ua/chunk-NUXSP4TM.js:7:7848
    at Ac (https://www.greencity.cx.ua/chunk-NUXSP4TM.js:7:2222)
    at S0.next (https://www.greencity.cx.ua/chunk-NUXSP4TM.js:7:7687), [2026-03-15T12:01:27.367Z] [SEVERE] https://www.greencity.cx.ua/chunk-NUXSP4TM.js 10:45939 "ERROR" TypeError: Cannot read properties of null (reading 'setValue')
    at n.quillContentChanged (https://www.greencity.cx.ua/chunk-VNNOUBDJ.js:1:16043)
    at https://www.greencity.cx.ua/chunk-VNNOUBDJ.js:1:7223
    at eE (https://www.greencity.cx.ua/chunk-NUXSP4TM.js:11:76097)
    at Object.o [as next] (https://www.greencity.cx.ua/chunk-NUXSP4TM.js:11:76277)
    at bv.next (https://www.greencity.cx.ua/chunk-NUXSP4TM.js:7:3120)
    at Fr._next (https://www.greencity.cx.ua/chunk-NUXSP4TM.js:7:2803)
    at Fr.next (https://www.greencity.cx.ua/chunk-NUXSP4TM.js:7:2530)
    at https://www.greencity.cx.ua/chunk-NUXSP4TM.js:7:7848
    at Ac (https://www.greencity.cx.ua/chunk-NUXSP4TM.js:7:2222)
    at S0.next (https://www.greencity.cx.ua/chunk-NUXSP4TM.js:7:7687), [2026-03-15T12:01:27.371Z] [SEVERE] https://www.greencity.cx.ua/chunk-NUXSP4TM.js 10:45939 "ERROR" TypeError: Cannot read properties of null (reading 'setValue')
    at n.quillContentChanged (https://www.greencity.cx.ua/chunk-VNNOUBDJ.js:1:16043)
    at https://www.greencity.cx.ua/chunk-VNNOUBDJ.js:1:7223
    at eE (https://www.greencity.cx.ua/chunk-NUXSP4TM.js:11:76097)
    at Object.o [as next] (https://www.greencity.cx.ua/chunk-NUXSP4TM.js:11:76277)
    at bv.next (https://www.greencity.cx.ua/chunk-NUXSP4TM.js:7:3120)
    at Fr._next (https://www.greencity.cx.ua/chunk-NUXSP4TM.js:7:2803)
    at Fr.next (https://www.greencity.cx.ua/chunk-NUXSP4TM.js:7:2530)
    at https://www.greencity.cx.ua/chunk-NUXSP4TM.js:7:7848
    at Ac (https://www.greencity.cx.ua/chunk-NUXSP4TM.js:7:2222)
    at S0.next (https://www.greencity.cx.ua/chunk-NUXSP4TM.js:7:7687), [2026-03-15T12:01:27.377Z] [SEVERE] https://www.greencity.cx.ua/chunk-NUXSP4TM.js 10:45939 "ERROR" TypeError: Cannot read properties of null (reading 'setValue')
    at n.quillContentChanged (https://www.greencity.cx.ua/chunk-VNNOUBDJ.js:1:16043)
    at https://www.greencity.cx.ua/chunk-VNNOUBDJ.js:1:7223
    at eE (https://www.greencity.cx.ua/chunk-NUXSP4TM.js:11:76097)
    at Object.o [as next] (https://www.greencity.cx.ua/chunk-NUXSP4TM.js:11:76277)
    at bv.next (https://www.greencity.cx.ua/chunk-NUXSP4TM.js:7:3120)
    at Fr._next (https://www.greencity.cx.ua/chunk-NUXSP4TM.js:7:2803)
    at Fr.next (https://www.greencity.cx.ua/chunk-NUXSP4TM.js:7:2530)
    at https://www.greencity.cx.ua/chunk-NUXSP4TM.js:7:7848
    at Ac (https://www.greencity.cx.ua/chunk-NUXSP4TM.js:7:2222)
    at S0.next (https://www.greencity.cx.ua/chunk-NUXSP4TM.js:7:7687), [2026-03-15T12:01:27.381Z] [SEVERE] https://www.greencity.cx.ua/chunk-NUXSP4TM.js 10:45939 "ERROR" TypeError: Cannot read properties of null (reading 'setValue')
    at n.quillContentChanged (https://www.greencity.cx.ua/chunk-VNNOUBDJ.js:1:16043)
    at https://www.greencity.cx.ua/chunk-VNNOUBDJ.js:1:7223
    at eE (https://www.greencity.cx.ua/chunk-NUXSP4TM.js:11:76097)
    at Object.o [as next] (https://www.greencity.cx.ua/chunk-NUXSP4TM.js:11:76277)
    at bv.next (https://www.greencity.cx.ua/chunk-NUXSP4TM.js:7:3120)
    at Fr._next (https://www.greencity.cx.ua/chunk-NUXSP4TM.js:7:2803)
    at Fr.next (https://www.greencity.cx.ua/chunk-NUXSP4TM.js:7:2530)
    at https://www.greencity.cx.ua/chunk-NUXSP4TM.js:7:7848
    at Ac (https://www.greencity.cx.ua/chunk-NUXSP4TM.js:7:2222)
    at S0.next (https://www.greencity.cx.ua/chunk-NUXSP4TM.js:7:7687), [2026-03-15T12:01:27.383Z] [SEVERE] https://www.greencity.cx.ua/chunk-NUXSP4TM.js 10:45939 "ERROR" TypeError: Cannot read properties of null (reading 'setValue')
    at n.quillContentChanged (https://www.greencity.cx.ua/chunk-VNNOUBDJ.js:1:16043)
    at https://www.greencity.cx.ua/chunk-VNNOUBDJ.js:1:7223
    at eE (https://www.greencity.cx.ua/chunk-NUXSP4TM.js:11:76097)
    at Object.o [as next] (https://www.greencity.cx.ua/chunk-NUXSP4TM.js:11:76277)
    at bv.next (https://www.greencity.cx.ua/chunk-NUXSP4TM.js:7:3120)
    at Fr._next (https://www.greencity.cx.ua/chunk-NUXSP4TM.js:7:2803)
    at Fr.next (https://www.greencity.cx.ua/chunk-NUXSP4TM.js:7:2530)
    at https://www.greencity.cx.ua/chunk-NUXSP4TM.js:7:7848
    at Ac (https://www.greencity.cx.ua/chunk-NUXSP4TM.js:7:2222)
    at S0.next (https://www.greencity.cx.ua/chunk-NUXSP4TM.js:7:7687), [2026-03-15T12:01:27.387Z] [SEVERE] https://www.greencity.cx.ua/chunk-NUXSP4TM.js 10:45939 "ERROR" TypeError: Cannot read properties of null (reading 'setValue')
    at n.quillContentChanged (https://www.greencity.cx.ua/chunk-VNNOUBDJ.js:1:16043)
    at https://www.greencity.cx.ua/chunk-VNNOUBDJ.js:1:7223
    at eE (https://www.greencity.cx.ua/chunk-NUXSP4TM.js:11:76097)
    at Object.o [as next] (https://www.greencity.cx.ua/chunk-NUXSP4TM.js:11:76277)
    at bv.next (https://www.greencity.cx.ua/chunk-NUXSP4TM.js:7:3120)
    at Fr._next (https://www.greencity.cx.ua/chunk-NUXSP4TM.js:7:2803)
    at Fr.next (https://www.greencity.cx.ua/chunk-NUXSP4TM.js:7:2530)
    at https://www.greencity.cx.ua/chunk-NUXSP4TM.js:7:7848
    at Ac (https://www.greencity.cx.ua/chunk-NUXSP4TM.js:7:2222)
    at S0.next (https://www.greencity.cx.ua/chunk-NUXSP4TM.js:7:7687), [2026-03-15T12:01:27.390Z] [SEVERE] https://www.greencity.cx.ua/chunk-NUXSP4TM.js 10:45939 "ERROR" TypeError: Cannot read properties of null (reading 'setValue')
    at n.quillContentChanged (https://www.greencity.cx.ua/chunk-VNNOUBDJ.js:1:16043)
    at https://www.greencity.cx.ua/chunk-VNNOUBDJ.js:1:7223
    at eE (https://www.greencity.cx.ua/chunk-NUXSP4TM.js:11:76097)
    at Object.o [as next] (https://www.greencity.cx.ua/chunk-NUXSP4TM.js:11:76277)
    at bv.next (https://www.greencity.cx.ua/chunk-NUXSP4TM.js:7:3120)
    at Fr._next (https://www.greencity.cx.ua/chunk-NUXSP4TM.js:7:2803)
    at Fr.next (https://www.greencity.cx.ua/chunk-NUXSP4TM.js:7:2530)
    at https://www.greencity.cx.ua/chunk-NUXSP4TM.js:7:7848
    at Ac (https://www.greencity.cx.ua/chunk-NUXSP4TM.js:7:2222)
    at S0.next (https://www.greencity.cx.ua/chunk-NUXSP4TM.js:7:7687), [2026-03-15T12:01:27.393Z] [SEVERE] https://www.greencity.cx.ua/chunk-NUXSP4TM.js 10:45939 "ERROR" TypeError: Cannot read properties of null (reading 'setValue')
    at n.quillContentChanged (https://www.greencity.cx.ua/chunk-VNNOUBDJ.js:1:16043)
    at https://www.greencity.cx.ua/chunk-VNNOUBDJ.js:1:7223
    at eE (https://www.greencity.cx.ua/chunk-NUXSP4TM.js:11:76097)
    at Object.o [as next] (https://www.greencity.cx.ua/chunk-NUXSP4TM.js:11:76277)
    at bv.next (https://www.greencity.cx.ua/chunk-NUXSP4TM.js:7:3120)
    at Fr._next (https://www.greencity.cx.ua/chunk-NUXSP4TM.js:7:2803)
    at Fr.next (https://www.greencity.cx.ua/chunk-NUXSP4TM.js:7:2530)
    at https://www.greencity.cx.ua/chunk-NUXSP4TM.js:7:7848
    at Ac (https://www.greencity.cx.ua/chunk-NUXSP4TM.js:7:2222)
    at S0.next (https://www.greencity.cx.ua/chunk-NUXSP4TM.js:7:7687), [2026-03-15T12:01:27.397Z] [SEVERE] https://www.greencity.cx.ua/chunk-NUXSP4TM.js 10:45939 "ERROR" TypeError: Cannot read properties of null (reading 'setValue')
    at n.quillContentChanged (https://www.greencity.cx.ua/chunk-VNNOUBDJ.js:1:16043)
    at https://www.greencity.cx.ua/chunk-VNNOUBDJ.js:1:7223
    at eE (https://www.greencity.cx.ua/chunk-NUXSP4TM.js:11:76097)
    at Object.o [as next] (https://www.greencity.cx.ua/chunk-NUXSP4TM.js:11:76277)
    at bv.next (https://www.greencity.cx.ua/chunk-NUXSP4TM.js:7:3120)
    at Fr._next (https://www.greencity.cx.ua/chunk-NUXSP4TM.js:7:2803)
    at Fr.next (https://www.greencity.cx.ua/chunk-NUXSP4TM.js:7:2530)
    at https://www.greencity.cx.ua/chunk-NUXSP4TM.js:7:7848
    at Ac (https://www.greencity.cx.ua/chunk-NUXSP4TM.js:7:2222)
    at S0.next (https://www.greencity.cx.ua/chunk-NUXSP4TM.js:7:7687), [2026-03-15T12:01:27.403Z] [SEVERE] https://www.greencity.cx.ua/chunk-NUXSP4TM.js 10:45939 "ERROR" TypeError: Cannot read properties of null (reading 'setValue')
    at n.quillContentChanged (https://www.greencity.cx.ua/chunk-VNNOUBDJ.js:1:16043)
    at https://www.greencity.cx.ua/chunk-VNNOUBDJ.js:1:7223
    at eE (https://www.greencity.cx.ua/chunk-NUXSP4TM.js:11:76097)
    at Object.o [as next] (https://www.greencity.cx.ua/chunk-NUXSP4TM.js:11:76277)
    at bv.next (https://www.greencity.cx.ua/chunk-NUXSP4TM.js:7:3120)
    at Fr._next (https://www.greencity.cx.ua/chunk-NUXSP4TM.js:7:2803)
    at Fr.next (https://www.greencity.cx.ua/chunk-NUXSP4TM.js:7:2530)
    at https://www.greencity.cx.ua/chunk-NUXSP4TM.js:7:7848
    at Ac (https://www.greencity.cx.ua/chunk-NUXSP4TM.js:7:2222)
    at S0.next (https://www.greencity.cx.ua/chunk-NUXSP4TM.js:7:7687), [2026-03-15T12:01:27.406Z] [SEVERE] https://www.greencity.cx.ua/chunk-NUXSP4TM.js 10:45939 "ERROR" TypeError: Cannot read properties of null (reading 'setValue')
    at n.quillContentChanged (https://www.greencity.cx.ua/chunk-VNNOUBDJ.js:1:16043)
    at https://www.greencity.cx.ua/chunk-VNNOUBDJ.js:1:7223
    at eE (https://www.greencity.cx.ua/chunk-NUXSP4TM.js:11:76097)
    at Object.o [as next] (https://www.greencity.cx.ua/chunk-NUXSP4TM.js:11:76277)
    at bv.next (https://www.greencity.cx.ua/chunk-NUXSP4TM.js:7:3120)
    at Fr._next (https://www.greencity.cx.ua/chunk-NUXSP4TM.js:7:2803)
    at Fr.next (https://www.greencity.cx.ua/chunk-NUXSP4TM.js:7:2530)
    at https://www.greencity.cx.ua/chunk-NUXSP4TM.js:7:7848
    at Ac (https://www.greencity.cx.ua/chunk-NUXSP4TM.js:7:2222)
    at S0.next (https://www.greencity.cx.ua/chunk-NUXSP4TM.js:7:7687), [2026-03-15T12:01:27.409Z] [SEVERE] https://www.greencity.cx.ua/chunk-NUXSP4TM.js 10:45939 "ERROR" TypeError: Cannot read properties of null (reading 'setValue')
    at n.quillContentChanged (https://www.greencity.cx.ua/chunk-VNNOUBDJ.js:1:16043)
    at https://www.greencity.cx.ua/chunk-VNNOUBDJ.js:1:7223
    at eE (https://www.greencity.cx.ua/chunk-NUXSP4TM.js:11:76097)
    at Object.o [as next] (https://www.greencity.cx.ua/chunk-NUXSP4TM.js:11:76277)
    at bv.next (https://www.greencity.cx.ua/chunk-NUXSP4TM.js:7:3120)
    at Fr._next (https://www.greencity.cx.ua/chunk-NUXSP4TM.js:7:2803)
    at Fr.next (https://www.greencity.cx.ua/chunk-NUXSP4TM.js:7:2530)
    at https://www.greencity.cx.ua/chunk-NUXSP4TM.js:7:7848
    at Ac (https://www.greencity.cx.ua/chunk-NUXSP4TM.js:7:2222)
    at S0.next (https://www.greencity.cx.ua/chunk-NUXSP4TM.js:7:7687), [2026-03-15T12:01:27.410Z] [SEVERE] https://www.greencity.cx.ua/chunk-NUXSP4TM.js 10:45939 "ERROR" TypeError: Cannot read properties of null (reading 'setValue')
    at n.quillContentChanged (https://www.greencity.cx.ua/chunk-VNNOUBDJ.js:1:16043)
    at https://www.greencity.cx.ua/chunk-VNNOUBDJ.js:1:7223
    at eE (https://www.greencity.cx.ua/chunk-NUXSP4TM.js:11:76097)
    at Object.o [as next] (https://www.greencity.cx.ua/chunk-NUXSP4TM.js:11:76277)
    at bv.next (https://www.greencity.cx.ua/chunk-NUXSP4TM.js:7:3120)
    at Fr._next (https://www.greencity.cx.ua/chunk-NUXSP4TM.js:7:2803)
    at Fr.next (https://www.greencity.cx.ua/chunk-NUXSP4TM.js:7:2530)
    at https://www.greencity.cx.ua/chunk-NUXSP4TM.js:7:7848
    at Ac (https://www.greencity.cx.ua/chunk-NUXSP4TM.js:7:2222)
    at S0.next (https://www.greencity.cx.ua/chunk-NUXSP4TM.js:7:7687), [2026-03-15T12:01:27.413Z] [SEVERE] https://www.greencity.cx.ua/chunk-NUXSP4TM.js 10:45939 "ERROR" TypeError: Cannot read properties of null (reading 'setValue')
    at n.quillContentChanged (https://www.greencity.cx.ua/chunk-VNNOUBDJ.js:1:16043)
    at https://www.greencity.cx.ua/chunk-VNNOUBDJ.js:1:7223
    at eE (https://www.greencity.cx.ua/chunk-NUXSP4TM.js:11:76097)
    at Object.o [as next] (https://www.greencity.cx.ua/chunk-NUXSP4TM.js:11:76277)
    at bv.next (https://www.greencity.cx.ua/chunk-NUXSP4TM.js:7:3120)
    at Fr._next (https://www.greencity.cx.ua/chunk-NUXSP4TM.js:7:2803)
    at Fr.next (https://www.greencity.cx.ua/chunk-NUXSP4TM.js:7:2530)
    at https://www.greencity.cx.ua/chunk-NUXSP4TM.js:7:7848
    at Ac (https://www.greencity.cx.ua/chunk-NUXSP4TM.js:7:2222)
    at S0.next (https://www.greencity.cx.ua/chunk-NUXSP4TM.js:7:7687), [2026-03-15T12:01:27.416Z] [SEVERE] https://www.greencity.cx.ua/chunk-NUXSP4TM.js 10:45939 "ERROR" TypeError: Cannot read properties of null (reading 'setValue')
    at n.quillContentChanged (https://www.greencity.cx.ua/chunk-VNNOUBDJ.js:1:16043)
    at https://www.greencity.cx.ua/chunk-VNNOUBDJ.js:1:7223
    at eE (https://www.greencity.cx.ua/chunk-NUXSP4TM.js:11:76097)
    at Object.o [as next] (https://www.greencity.cx.ua/chunk-NUXSP4TM.js:11:76277)
    at bv.next (https://www.greencity.cx.ua/chunk-NUXSP4TM.js:7:3120)
    at Fr._next (https://www.greencity.cx.ua/chunk-NUXSP4TM.js:7:2803)
    at Fr.next (https://www.greencity.cx.ua/chunk-NUXSP4TM.js:7:2530)
    at https://www.greencity.cx.ua/chunk-NUXSP4TM.js:7:7848
    at Ac (https://www.greencity.cx.ua/chunk-NUXSP4TM.js:7:2222)
    at S0.next (https://www.greencity.cx.ua/chunk-NUXSP4TM.js:7:7687), [2026-03-15T12:01:27.419Z] [SEVERE] https://www.greencity.cx.ua/chunk-NUXSP4TM.js 10:45939 "ERROR" TypeError: Cannot read properties of null (reading 'setValue')
    at n.quillContentChanged (https://www.greencity.cx.ua/chunk-VNNOUBDJ.js:1:16043)
    at https://www.greencity.cx.ua/chunk-VNNOUBDJ.js:1:7223
    at eE (https://www.greencity.cx.ua/chunk-NUXSP4TM.js:11:76097)
    at Object.o [as next] (https://www.greencity.cx.ua/chunk-NUXSP4TM.js:11:76277)
    at bv.next (https://www.greencity.cx.ua/chunk-NUXSP4TM.js:7:3120)
    at Fr._next (https://www.greencity.cx.ua/chunk-NUXSP4TM.js:7:2803)
    at Fr.next (https://www.greencity.cx.ua/chunk-NUXSP4TM.js:7:2530)
    at https://www.greencity.cx.ua/chunk-NUXSP4TM.js:7:7848
    at Ac (https://www.greencity.cx.ua/chunk-NUXSP4TM.js:7:2222)
    at S0.next (https://www.greencity.cx.ua/chunk-NUXSP4TM.js:7:7687), [2026-03-15T12:01:27.422Z] [SEVERE] https://www.greencity.cx.ua/chunk-NUXSP4TM.js 10:45939 "ERROR" TypeError: Cannot read properties of null (reading 'setValue')
    at n.quillContentChanged (https://www.greencity.cx.ua/chunk-VNNOUBDJ.js:1:16043)
    at https://www.greencity.cx.ua/chunk-VNNOUBDJ.js:1:7223
    at eE (https://www.greencity.cx.ua/chunk-NUXSP4TM.js:11:76097)
    at Object.o [as next] (https://www.greencity.cx.ua/chunk-NUXSP4TM.js:11:76277)
    at bv.next (https://www.greencity.cx.ua/chunk-NUXSP4TM.js:7:3120)
    at Fr._next (https://www.greencity.cx.ua/chunk-NUXSP4TM.js:7:2803)
    at Fr.next (https://www.greencity.cx.ua/chunk-NUXSP4TM.js:7:2530)
    at https://www.greencity.cx.ua/chunk-NUXSP4TM.js:7:7848
    at Ac (https://www.greencity.cx.ua/chunk-NUXSP4TM.js:7:2222)
    at S0.next (https://www.greencity.cx.ua/chunk-NUXSP4TM.js:7:7687), [2026-03-15T12:01:27.424Z] [SEVERE] https://www.greencity.cx.ua/chunk-NUXSP4TM.js 10:45939 "ERROR" TypeError: Cannot read properties of null (reading 'setValue')
    at n.quillContentChanged (https://www.greencity.cx.ua/chunk-VNNOUBDJ.js:1:16043)
    at https://www.greencity.cx.ua/chunk-VNNOUBDJ.js:1:7223
    at eE (https://www.greencity.cx.ua/chunk-NUXSP4TM.js:11:76097)
    at Object.o [as next] (https://www.greencity.cx.ua/chunk-NUXSP4TM.js:11:76277)
    at bv.next (https://www.greencity.cx.ua/chunk-NUXSP4TM.js:7:3120)
    at Fr._next (https://www.greencity.cx.ua/chunk-NUXSP4TM.js:7:2803)
    at Fr.next (https://www.greencity.cx.ua/chunk-NUXSP4TM.js:7:2530)
    at https://www.greencity.cx.ua/chunk-NUXSP4TM.js:7:7848
    at Ac (https://www.greencity.cx.ua/chunk-NUXSP4TM.js:7:2222)
    at S0.next (https://www.greencity.cx.ua/chunk-NUXSP4TM.js:7:7687), [2026-03-15T12:01:27.427Z] [SEVERE] https://www.greencity.cx.ua/chunk-NUXSP4TM.js 10:45939 "ERROR" TypeError: Cannot read properties of null (reading 'setValue')
    at n.quillContentChanged (https://www.greencity.cx.ua/chunk-VNNOUBDJ.js:1:16043)
    at https://www.greencity.cx.ua/chunk-VNNOUBDJ.js:1:7223
    at eE (https://www.greencity.cx.ua/chunk-NUXSP4TM.js:11:76097)
    at Object.o [as next] (https://www.greencity.cx.ua/chunk-NUXSP4TM.js:11:76277)
    at bv.next (https://www.greencity.cx.ua/chunk-NUXSP4TM.js:7:3120)
    at Fr._next (https://www.greencity.cx.ua/chunk-NUXSP4TM.js:7:2803)
    at Fr.next (https://www.greencity.cx.ua/chunk-NUXSP4TM.js:7:2530)
    at https://www.greencity.cx.ua/chunk-NUXSP4TM.js:7:7848
    at Ac (https://www.greencity.cx.ua/chunk-NUXSP4TM.js:7:2222)
    at S0.next (https://www.greencity.cx.ua/chunk-NUXSP4TM.js:7:7687), [2026-03-15T12:01:27.764Z] [SEVERE] https://www.greencity.cx.ua/chunk-NUXSP4TM.js 10:45939 "ERROR" TypeError: Cannot read properties of null (reading 'setValue')
    at n.quillContentChanged (https://www.greencity.cx.ua/chunk-VNNOUBDJ.js:1:16043)
    at https://www.greencity.cx.ua/chunk-VNNOUBDJ.js:1:7223
    at eE (https://www.greencity.cx.ua/chunk-NUXSP4TM.js:11:76097)
    at Object.o [as next] (https://www.greencity.cx.ua/chunk-NUXSP4TM.js:11:76277)
    at bv.next (https://www.greencity.cx.ua/chunk-NUXSP4TM.js:7:3120)
    at Fr._next (https://www.greencity.cx.ua/chunk-NUXSP4TM.js:7:2803)
    at Fr.next (https://www.greencity.cx.ua/chunk-NUXSP4TM.js:7:2530)
    at https://www.greencity.cx.ua/chunk-NUXSP4TM.js:7:7848
    at Ac (https://www.greencity.cx.ua/chunk-NUXSP4TM.js:7:2222)
    at S0.next (https://www.greencity.cx.ua/chunk-NUXSP4TM.js:7:7687), [2026-03-15T12:01:27.868Z] [SEVERE] https://www.greencity.cx.ua/chunk-NUXSP4TM.js 10:45939 "ERROR" TypeError: Cannot read properties of null (reading 'setValue')
    at n.quillContentChanged (https://www.greencity.cx.ua/chunk-VNNOUBDJ.js:1:16043)
    at https://www.greencity.cx.ua/chunk-VNNOUBDJ.js:1:7223
    at eE (https://www.greencity.cx.ua/chunk-NUXSP4TM.js:11:76097)
    at Object.o [as next] (https://www.greencity.cx.ua/chunk-NUXSP4TM.js:11:76277)
    at bv.next (https://www.greencity.cx.ua/chunk-NUXSP4TM.js:7:3120)
    at Fr._next (https://www.greencity.cx.ua/chunk-NUXSP4TM.js:7:2803)
    at Fr.next (https://www.greencity.cx.ua/chunk-NUXSP4TM.js:7:2530)
    at https://www.greencity.cx.ua/chunk-NUXSP4TM.js:7:7848
    at Ac (https://www.greencity.cx.ua/chunk-NUXSP4TM.js:7:2222)
    at S0.next (https://www.greencity.cx.ua/chunk-NUXSP4TM.js:7:7687), [2026-03-15T12:01:27.873Z] [SEVERE] https://www.greencity.cx.ua/chunk-NUXSP4TM.js 10:45939 "ERROR" TypeError: Cannot read properties of null (reading 'setValue')
    at n.quillContentChanged (https://www.greencity.cx.ua/chunk-VNNOUBDJ.js:1:16043)
    at https://www.greencity.cx.ua/chunk-VNNOUBDJ.js:1:7223
    at eE (https://www.greencity.cx.ua/chunk-NUXSP4TM.js:11:76097)
    at Object.o [as next] (https://www.greencity.cx.ua/chunk-NUXSP4TM.js:11:76277)
    at bv.next (https://www.greencity.cx.ua/chunk-NUXSP4TM.js:7:3120)
    at Fr._next (https://www.greencity.cx.ua/chunk-NUXSP4TM.js:7:2803)
    at Fr.next (https://www.greencity.cx.ua/chunk-NUXSP4TM.js:7:2530)
    at https://www.greencity.cx.ua/chunk-NUXSP4TM.js:7:7848
    at Ac (https://www.greencity.cx.ua/chunk-NUXSP4TM.js:7:2222)
    at S0.next (https://www.greencity.cx.ua/chunk-NUXSP4TM.js:7:7687), [2026-03-15T12:01:27.879Z] [SEVERE] https://www.greencity.cx.ua/chunk-NUXSP4TM.js 10:45939 "ERROR" TypeError: Cannot read properties of null (reading 'setValue')
    at n.quillContentChanged (https://www.greencity.cx.ua/chunk-VNNOUBDJ.js:1:16043)
    at https://www.greencity.cx.ua/chunk-VNNOUBDJ.js:1:7223
    at eE (https://www.greencity.cx.ua/chunk-NUXSP4TM.js:11:76097)
    at Object.o [as next] (https://www.greencity.cx.ua/chunk-NUXSP4TM.js:11:76277)
    at bv.next (https://www.greencity.cx.ua/chunk-NUXSP4TM.js:7:3120)
    at Fr._next (https://www.greencity.cx.ua/chunk-NUXSP4TM.js:7:2803)
    at Fr.next (https://www.greencity.cx.ua/chunk-NUXSP4TM.js:7:2530)
    at https://www.greencity.cx.ua/chunk-NUXSP4TM.js:7:7848
    at Ac (https://www.greencity.cx.ua/chunk-NUXSP4TM.js:7:2222)
    at S0.next (https://www.greencity.cx.ua/chunk-NUXSP4TM.js:7:7687), [2026-03-15T12:01:27.883Z] [SEVERE] https://www.greencity.cx.ua/chunk-NUXSP4TM.js 10:45939 "ERROR" TypeError: Cannot read properties of null (reading 'setValue')
    at n.quillContentChanged (https://www.greencity.cx.ua/chunk-VNNOUBDJ.js:1:16043)
    at https://www.greencity.cx.ua/chunk-VNNOUBDJ.js:1:7223
    at eE (https://www.greencity.cx.ua/chunk-NUXSP4TM.js:11:76097)
    at Object.o [as next] (https://www.greencity.cx.ua/chunk-NUXSP4TM.js:11:76277)
    at bv.next (https://www.greencity.cx.ua/chunk-NUXSP4TM.js:7:3120)
    at Fr._next (https://www.greencity.cx.ua/chunk-NUXSP4TM.js:7:2803)
    at Fr.next (https://www.greencity.cx.ua/chunk-NUXSP4TM.js:7:2530)
    at https://www.greencity.cx.ua/chunk-NUXSP4TM.js:7:7848
    at Ac (https://www.greencity.cx.ua/chunk-NUXSP4TM.js:7:2222)
    at S0.next (https://www.greencity.cx.ua/chunk-NUXSP4TM.js:7:7687), [2026-03-15T12:01:27.886Z] [SEVERE] https://www.greencity.cx.ua/chunk-NUXSP4TM.js 10:45939 "ERROR" TypeError: Cannot read properties of null (reading 'setValue')
    at n.quillContentChanged (https://www.greencity.cx.ua/chunk-VNNOUBDJ.js:1:16043)
    at https://www.greencity.cx.ua/chunk-VNNOUBDJ.js:1:7223
    at eE (https://www.greencity.cx.ua/chunk-NUXSP4TM.js:11:76097)
    at Object.o [as next] (https://www.greencity.cx.ua/chunk-NUXSP4TM.js:11:76277)
    at bv.next (https://www.greencity.cx.ua/chunk-NUXSP4TM.js:7:3120)
    at Fr._next (https://www.greencity.cx.ua/chunk-NUXSP4TM.js:7:2803)
    at Fr.next (https://www.greencity.cx.ua/chunk-NUXSP4TM.js:7:2530)
    at https://www.greencity.cx.ua/chunk-NUXSP4TM.js:7:7848
    at Ac (https://www.greencity.cx.ua/chunk-NUXSP4TM.js:7:2222)
    at S0.next (https://www.greencity.cx.ua/chunk-NUXSP4TM.js:7:7687), [2026-03-15T12:01:27.890Z] [SEVERE] https://www.greencity.cx.ua/chunk-NUXSP4TM.js 10:45939 "ERROR" TypeError: Cannot read properties of null (reading 'setValue')
    at n.quillContentChanged (https://www.greencity.cx.ua/chunk-VNNOUBDJ.js:1:16043)
    at https://www.greencity.cx.ua/chunk-VNNOUBDJ.js:1:7223
    at eE (https://www.greencity.cx.ua/chunk-NUXSP4TM.js:11:76097)
    at Object.o [as next] (https://www.greencity.cx.ua/chunk-NUXSP4TM.js:11:76277)
    at bv.next (https://www.greencity.cx.ua/chunk-NUXSP4TM.js:7:3120)
    at Fr._next (https://www.greencity.cx.ua/chunk-NUXSP4TM.js:7:2803)
    at Fr.next (https://www.greencity.cx.ua/chunk-NUXSP4TM.js:7:2530)
    at https://www.greencity.cx.ua/chunk-NUXSP4TM.js:7:7848
    at Ac (https://www.greencity.cx.ua/chunk-NUXSP4TM.js:7:2222)
    at S0.next (https://www.greencity.cx.ua/chunk-NUXSP4TM.js:7:7687), [2026-03-15T12:01:27.893Z] [SEVERE] https://www.greencity.cx.ua/chunk-NUXSP4TM.js 10:45939 "ERROR" TypeError: Cannot read properties of null (reading 'setValue')
    at n.quillContentChanged (https://www.greencity.cx.ua/chunk-VNNOUBDJ.js:1:16043)
    at https://www.greencity.cx.ua/chunk-VNNOUBDJ.js:1:7223
    at eE (https://www.greencity.cx.ua/chunk-NUXSP4TM.js:11:76097)
    at Object.o [as next] (https://www.greencity.cx.ua/chunk-NUXSP4TM.js:11:76277)
    at bv.next (https://www.greencity.cx.ua/chunk-NUXSP4TM.js:7:3120)
    at Fr._next (https://www.greencity.cx.ua/chunk-NUXSP4TM.js:7:2803)
    at Fr.next (https://www.greencity.cx.ua/chunk-NUXSP4TM.js:7:2530)
    at https://www.greencity.cx.ua/chunk-NUXSP4TM.js:7:7848
    at Ac (https://www.greencity.cx.ua/chunk-NUXSP4TM.js:7:2222)
    at S0.next (https://www.greencity.cx.ua/chunk-NUXSP4TM.js:7:7687), [2026-03-15T12:01:27.896Z] [SEVERE] https://www.greencity.cx.ua/chunk-NUXSP4TM.js 10:45939 "ERROR" TypeError: Cannot read properties of null (reading 'setValue')
    at n.quillContentChanged (https://www.greencity.cx.ua/chunk-VNNOUBDJ.js:1:16043)
    at https://www.greencity.cx.ua/chunk-VNNOUBDJ.js:1:7223
    at eE (https://www.greencity.cx.ua/chunk-NUXSP4TM.js:11:76097)
    at Object.o [as next] (https://www.greencity.cx.ua/chunk-NUXSP4TM.js:11:76277)
    at bv.next (https://www.greencity.cx.ua/chunk-NUXSP4TM.js:7:3120)
    at Fr._next (https://www.greencity.cx.ua/chunk-NUXSP4TM.js:7:2803)
    at Fr.next (https://www.greencity.cx.ua/chunk-NUXSP4TM.js:7:2530)
    at https://www.greencity.cx.ua/chunk-NUXSP4TM.js:7:7848
    at Ac (https://www.greencity.cx.ua/chunk-NUXSP4TM.js:7:2222)
    at S0.next (https://www.greencity.cx.ua/chunk-NUXSP4TM.js:7:7687), [2026-03-15T12:01:27.900Z] [SEVERE] https://www.greencity.cx.ua/chunk-NUXSP4TM.js 10:45939 "ERROR" TypeError: Cannot read properties of null (reading 'setValue')
    at n.quillContentChanged (https://www.greencity.cx.ua/chunk-VNNOUBDJ.js:1:16043)
    at https://www.greencity.cx.ua/chunk-VNNOUBDJ.js:1:7223
    at eE (https://www.greencity.cx.ua/chunk-NUXSP4TM.js:11:76097)
    at Object.o [as next] (https://www.greencity.cx.ua/chunk-NUXSP4TM.js:11:76277)
    at bv.next (https://www.greencity.cx.ua/chunk-NUXSP4TM.js:7:3120)
    at Fr._next (https://www.greencity.cx.ua/chunk-NUXSP4TM.js:7:2803)
    at Fr.next (https://www.greencity.cx.ua/chunk-NUXSP4TM.js:7:2530)
    at https://www.greencity.cx.ua/chunk-NUXSP4TM.js:7:7848
    at Ac (https://www.greencity.cx.ua/chunk-NUXSP4TM.js:7:2222)
    at S0.next (https://www.greencity.cx.ua/chunk-NUXSP4TM.js:7:7687), [2026-03-15T12:01:27.902Z] [SEVERE] https://www.greencity.cx.ua/chunk-NUXSP4TM.js 10:45939 "ERROR" TypeError: Cannot read properties of null (reading 'setValue')
    at n.quillContentChanged (https://www.greencity.cx.ua/chunk-VNNOUBDJ.js:1:16043)
    at https://www.greencity.cx.ua/chunk-VNNOUBDJ.js:1:7223
    at eE (https://www.greencity.cx.ua/chunk-NUXSP4TM.js:11:76097)
    at Object.o [as next] (https://www.greencity.cx.ua/chunk-NUXSP4TM.js:11:76277)
    at bv.next (https://www.greencity.cx.ua/chunk-NUXSP4TM.js:7:3120)
    at Fr._next (https://www.greencity.cx.ua/chunk-NUXSP4TM.js:7:2803)
    at Fr.next (https://www.greencity.cx.ua/chunk-NUXSP4TM.js:7:2530)
    at https://www.greencity.cx.ua/chunk-NUXSP4TM.js:7:7848
    at Ac (https://www.greencity.cx.ua/chunk-NUXSP4TM.js:7:2222)
    at S0.next (https://www.greencity.cx.ua/chunk-NUXSP4TM.js:7:7687), [2026-03-15T12:01:27.905Z] [SEVERE] https://www.greencity.cx.ua/chunk-NUXSP4TM.js 10:45939 "ERROR" TypeError: Cannot read properties of null (reading 'setValue')
    at n.quillContentChanged (https://www.greencity.cx.ua/chunk-VNNOUBDJ.js:1:16043)
    at https://www.greencity.cx.ua/chunk-VNNOUBDJ.js:1:7223
    at eE (https://www.greencity.cx.ua/chunk-NUXSP4TM.js:11:76097)
    at Object.o [as next] (https://www.greencity.cx.ua/chunk-NUXSP4TM.js:11:76277)
    at bv.next (https://www.greencity.cx.ua/chunk-NUXSP4TM.js:7:3120)
    at Fr._next (https://www.greencity.cx.ua/chunk-NUXSP4TM.js:7:2803)
    at Fr.next (https://www.greencity.cx.ua/chunk-NUXSP4TM.js:7:2530)
    at https://www.greencity.cx.ua/chunk-NUXSP4TM.js:7:7848
    at Ac (https://www.greencity.cx.ua/chunk-NUXSP4TM.js:7:2222)
    at S0.next (https://www.greencity.cx.ua/chunk-NUXSP4TM.js:7:7687), [2026-03-15T12:01:27.908Z] [SEVERE] https://www.greencity.cx.ua/chunk-NUXSP4TM.js 10:45939 "ERROR" TypeError: Cannot read properties of null (reading 'setValue')
    at n.quillContentChanged (https://www.greencity.cx.ua/chunk-VNNOUBDJ.js:1:16043)
    at https://www.greencity.cx.ua/chunk-VNNOUBDJ.js:1:7223
    at eE (https://www.greencity.cx.ua/chunk-NUXSP4TM.js:11:76097)
    at Object.o [as next] (https://www.greencity.cx.ua/chunk-NUXSP4TM.js:11:76277)
    at bv.next (https://www.greencity.cx.ua/chunk-NUXSP4TM.js:7:3120)
    at Fr._next (https://www.greencity.cx.ua/chunk-NUXSP4TM.js:7:2803)
    at Fr.next (https://www.greencity.cx.ua/chunk-NUXSP4TM.js:7:2530)
    at https://www.greencity.cx.ua/chunk-NUXSP4TM.js:7:7848
    at Ac (https://www.greencity.cx.ua/chunk-NUXSP4TM.js:7:2222)
    at S0.next (https://www.greencity.cx.ua/chunk-NUXSP4TM.js:7:7687), [2026-03-15T12:01:27.911Z] [SEVERE] https://www.greencity.cx.ua/chunk-NUXSP4TM.js 10:45939 "ERROR" TypeError: Cannot read properties of null (reading 'setValue')
    at n.quillContentChanged (https://www.greencity.cx.ua/chunk-VNNOUBDJ.js:1:16043)
    at https://www.greencity.cx.ua/chunk-VNNOUBDJ.js:1:7223
    at eE (https://www.greencity.cx.ua/chunk-NUXSP4TM.js:11:76097)
    at Object.o [as next] (https://www.greencity.cx.ua/chunk-NUXSP4TM.js:11:76277)
    at bv.next (https://www.greencity.cx.ua/chunk-NUXSP4TM.js:7:3120)
    at Fr._next (https://www.greencity.cx.ua/chunk-NUXSP4TM.js:7:2803)
    at Fr.next (https://www.greencity.cx.ua/chunk-NUXSP4TM.js:7:2530)
    at https://www.greencity.cx.ua/chunk-NUXSP4TM.js:7:7848
    at Ac (https://www.greencity.cx.ua/chunk-NUXSP4TM.js:7:2222)
    at S0.next (https://www.greencity.cx.ua/chunk-NUXSP4TM.js:7:7687), [2026-03-15T12:01:27.913Z] [SEVERE] https://www.greencity.cx.ua/chunk-NUXSP4TM.js 10:45939 "ERROR" TypeError: Cannot read properties of null (reading 'setValue')
    at n.quillContentChanged (https://www.greencity.cx.ua/chunk-VNNOUBDJ.js:1:16043)
    at https://www.greencity.cx.ua/chunk-VNNOUBDJ.js:1:7223
    at eE (https://www.greencity.cx.ua/chunk-NUXSP4TM.js:11:76097)
    at Object.o [as next] (https://www.greencity.cx.ua/chunk-NUXSP4TM.js:11:76277)
    at bv.next (https://www.greencity.cx.ua/chunk-NUXSP4TM.js:7:3120)
    at Fr._next (https://www.greencity.cx.ua/chunk-NUXSP4TM.js:7:2803)
    at Fr.next (https://www.greencity.cx.ua/chunk-NUXSP4TM.js:7:2530)
    at https://www.greencity.cx.ua/chunk-NUXSP4TM.js:7:7848
    at Ac (https://www.greencity.cx.ua/chunk-NUXSP4TM.js:7:2222)
    at S0.next (https://www.greencity.cx.ua/chunk-NUXSP4TM.js:7:7687), [2026-03-15T12:01:27.916Z] [SEVERE] https://www.greencity.cx.ua/chunk-NUXSP4TM.js 10:45939 "ERROR" TypeError: Cannot read properties of null (reading 'setValue')
    at n.quillContentChanged (https://www.greencity.cx.ua/chunk-VNNOUBDJ.js:1:16043)
    at https://www.greencity.cx.ua/chunk-VNNOUBDJ.js:1:7223
    at eE (https://www.greencity.cx.ua/chunk-NUXSP4TM.js:11:76097)
    at Object.o [as next] (https://www.greencity.cx.ua/chunk-NUXSP4TM.js:11:76277)
    at bv.next (https://www.greencity.cx.ua/chunk-NUXSP4TM.js:7:3120)
    at Fr._next (https://www.greencity.cx.ua/chunk-NUXSP4TM.js:7:2803)
    at Fr.next (https://www.greencity.cx.ua/chunk-NUXSP4TM.js:7:2530)
    at https://www.greencity.cx.ua/chunk-NUXSP4TM.js:7:7848
    at Ac (https://www.greencity.cx.ua/chunk-NUXSP4TM.js:7:2222)
    at S0.next (https://www.greencity.cx.ua/chunk-NUXSP4TM.js:7:7687), [2026-03-15T12:01:27.918Z] [SEVERE] https://www.greencity.cx.ua/chunk-NUXSP4TM.js 10:45939 "ERROR" TypeError: Cannot read properties of null (reading 'setValue')
    at n.quillContentChanged (https://www.greencity.cx.ua/chunk-VNNOUBDJ.js:1:16043)
    at https://www.greencity.cx.ua/chunk-VNNOUBDJ.js:1:7223
    at eE (https://www.greencity.cx.ua/chunk-NUXSP4TM.js:11:76097)
    at Object.o [as next] (https://www.greencity.cx.ua/chunk-NUXSP4TM.js:11:76277)
    at bv.next (https://www.greencity.cx.ua/chunk-NUXSP4TM.js:7:3120)
    at Fr._next (https://www.greencity.cx.ua/chunk-NUXSP4TM.js:7:2803)
    at Fr.next (https://www.greencity.cx.ua/chunk-NUXSP4TM.js:7:2530)
    at https://www.greencity.cx.ua/chunk-NUXSP4TM.js:7:7848
    at Ac (https://www.greencity.cx.ua/chunk-NUXSP4TM.js:7:2222)
    at S0.next (https://www.greencity.cx.ua/chunk-NUXSP4TM.js:7:7687), [2026-03-15T12:01:27.922Z] [SEVERE] https://www.greencity.cx.ua/chunk-NUXSP4TM.js 10:45939 "ERROR" TypeError: Cannot read properties of null (reading 'setValue')
    at n.quillContentChanged (https://www.greencity.cx.ua/chunk-VNNOUBDJ.js:1:16043)
    at https://www.greencity.cx.ua/chunk-VNNOUBDJ.js:1:7223
    at eE (https://www.greencity.cx.ua/chunk-NUXSP4TM.js:11:76097)
    at Object.o [as next] (https://www.greencity.cx.ua/chunk-NUXSP4TM.js:11:76277)
    at bv.next (https://www.greencity.cx.ua/chunk-NUXSP4TM.js:7:3120)
    at Fr._next (https://www.greencity.cx.ua/chunk-NUXSP4TM.js:7:2803)
    at Fr.next (https://www.greencity.cx.ua/chunk-NUXSP4TM.js:7:2530)
    at https://www.greencity.cx.ua/chunk-NUXSP4TM.js:7:7848
    at Ac (https://www.greencity.cx.ua/chunk-NUXSP4TM.js:7:2222)
    at S0.next (https://www.greencity.cx.ua/chunk-NUXSP4TM.js:7:7687), [2026-03-15T12:01:27.927Z] [SEVERE] https://www.greencity.cx.ua/chunk-NUXSP4TM.js 10:45939 "ERROR" TypeError: Cannot read properties of null (reading 'setValue')
    at n.quillContentChanged (https://www.greencity.cx.ua/chunk-VNNOUBDJ.js:1:16043)
    at https://www.greencity.cx.ua/chunk-VNNOUBDJ.js:1:7223
    at eE (https://www.greencity.cx.ua/chunk-NUXSP4TM.js:11:76097)
    at Object.o [as next] (https://www.greencity.cx.ua/chunk-NUXSP4TM.js:11:76277)
    at bv.next (https://www.greencity.cx.ua/chunk-NUXSP4TM.js:7:3120)
    at Fr._next (https://www.greencity.cx.ua/chunk-NUXSP4TM.js:7:2803)
    at Fr.next (https://www.greencity.cx.ua/chunk-NUXSP4TM.js:7:2530)
    at https://www.greencity.cx.ua/chunk-NUXSP4TM.js:7:7848
    at Ac (https://www.greencity.cx.ua/chunk-NUXSP4TM.js:7:2222)
    at S0.next (https://www.greencity.cx.ua/chunk-NUXSP4TM.js:7:7687), [2026-03-15T12:01:27.928Z] [SEVERE] https://www.greencity.cx.ua/chunk-NUXSP4TM.js 10:45939 "ERROR" TypeError: Cannot read properties of null (reading 'setValue')
    at n.quillContentChanged (https://www.greencity.cx.ua/chunk-VNNOUBDJ.js:1:16043)
    at https://www.greencity.cx.ua/chunk-VNNOUBDJ.js:1:7223
    at eE (https://www.greencity.cx.ua/chunk-NUXSP4TM.js:11:76097)
    at Object.o [as next] (https://www.greencity.cx.ua/chunk-NUXSP4TM.js:11:76277)
    at bv.next (https://www.greencity.cx.ua/chunk-NUXSP4TM.js:7:3120)
    at Fr._next (https://www.greencity.cx.ua/chunk-NUXSP4TM.js:7:2803)
    at Fr.next (https://www.greencity.cx.ua/chunk-NUXSP4TM.js:7:2530)
    at https://www.greencity.cx.ua/chunk-NUXSP4TM.js:7:7848
    at Ac (https://www.greencity.cx.ua/chunk-NUXSP4TM.js:7:2222)
    at S0.next (https://www.greencity.cx.ua/chunk-NUXSP4TM.js:7:7687), [2026-03-15T12:01:27.932Z] [SEVERE] https://www.greencity.cx.ua/chunk-NUXSP4TM.js 10:45939 "ERROR" TypeError: Cannot read properties of null (reading 'setValue')
    at n.quillContentChanged (https://www.greencity.cx.ua/chunk-VNNOUBDJ.js:1:16043)
    at https://www.greencity.cx.ua/chunk-VNNOUBDJ.js:1:7223
    at eE (https://www.greencity.cx.ua/chunk-NUXSP4TM.js:11:76097)
    at Object.o [as next] (https://www.greencity.cx.ua/chunk-NUXSP4TM.js:11:76277)
    at bv.next (https://www.greencity.cx.ua/chunk-NUXSP4TM.js:7:3120)
    at Fr._next (https://www.greencity.cx.ua/chunk-NUXSP4TM.js:7:2803)
    at Fr.next (https://www.greencity.cx.ua/chunk-NUXSP4TM.js:7:2530)
    at https://www.greencity.cx.ua/chunk-NUXSP4TM.js:7:7848
    at Ac (https://www.greencity.cx.ua/chunk-NUXSP4TM.js:7:2222)
    at S0.next (https://www.greencity.cx.ua/chunk-NUXSP4TM.js:7:7687), [2026-03-15T12:01:27.937Z] [SEVERE] https://www.greencity.cx.ua/chunk-NUXSP4TM.js 10:45939 "ERROR" TypeError: Cannot read properties of null (reading 'setValue')
    at n.quillContentChanged (https://www.greencity.cx.ua/chunk-VNNOUBDJ.js:1:16043)
    at https://www.greencity.cx.ua/chunk-VNNOUBDJ.js:1:7223
    at eE (https://www.greencity.cx.ua/chunk-NUXSP4TM.js:11:76097)
    at Object.o [as next] (https://www.greencity.cx.ua/chunk-NUXSP4TM.js:11:76277)
    at bv.next (https://www.greencity.cx.ua/chunk-NUXSP4TM.js:7:3120)
    at Fr._next (https://www.greencity.cx.ua/chunk-NUXSP4TM.js:7:2803)
    at Fr.next (https://www.greencity.cx.ua/chunk-NUXSP4TM.js:7:2530)
    at https://www.greencity.cx.ua/chunk-NUXSP4TM.js:7:7848
    at Ac (https://www.greencity.cx.ua/chunk-NUXSP4TM.js:7:2222)
    at S0.next (https://www.greencity.cx.ua/chunk-NUXSP4TM.js:7:7687), [2026-03-15T12:01:27.941Z] [SEVERE] https://www.greencity.cx.ua/chunk-NUXSP4TM.js 10:45939 "ERROR" TypeError: Cannot read properties of null (reading 'setValue')
    at n.quillContentChanged (https://www.greencity.cx.ua/chunk-VNNOUBDJ.js:1:16043)
    at https://www.greencity.cx.ua/chunk-VNNOUBDJ.js:1:7223
    at eE (https://www.greencity.cx.ua/chunk-NUXSP4TM.js:11:76097)
    at Object.o [as next] (https://www.greencity.cx.ua/chunk-NUXSP4TM.js:11:76277)
    at bv.next (https://www.greencity.cx.ua/chunk-NUXSP4TM.js:7:3120)
    at Fr._next (https://www.greencity.cx.ua/chunk-NUXSP4TM.js:7:2803)
    at Fr.next (https://www.greencity.cx.ua/chunk-NUXSP4TM.js:7:2530)
    at https://www.greencity.cx.ua/chunk-NUXSP4TM.js:7:7848
    at Ac (https://www.greencity.cx.ua/chunk-NUXSP4TM.js:7:2222)
    at S0.next (https://www.greencity.cx.ua/chunk-NUXSP4TM.js:7:7687), [2026-03-15T12:01:27.944Z] [SEVERE] https://www.greencity.cx.ua/chunk-NUXSP4TM.js 10:45939 "ERROR" TypeError: Cannot read properties of null (reading 'setValue')
    at n.quillContentChanged (https://www.greencity.cx.ua/chunk-VNNOUBDJ.js:1:16043)
    at https://www.greencity.cx.ua/chunk-VNNOUBDJ.js:1:7223
    at eE (https://www.greencity.cx.ua/chunk-NUXSP4TM.js:11:76097)
    at Object.o [as next] (https://www.greencity.cx.ua/chunk-NUXSP4TM.js:11:76277)
    at bv.next (https://www.greencity.cx.ua/chunk-NUXSP4TM.js:7:3120)
    at Fr._next (https://www.greencity.cx.ua/chunk-NUXSP4TM.js:7:2803)
    at Fr.next (https://www.greencity.cx.ua/chunk-NUXSP4TM.js:7:2530)
    at https://www.greencity.cx.ua/chunk-NUXSP4TM.js:7:7848
    at Ac (https://www.greencity.cx.ua/chunk-NUXSP4TM.js:7:2222)
    at S0.next (https://www.greencity.cx.ua/chunk-NUXSP4TM.js:7:7687), [2026-03-15T12:01:27.947Z] [SEVERE] https://www.greencity.cx.ua/chunk-NUXSP4TM.js 10:45939 "ERROR" TypeError: Cannot read properties of null (reading 'setValue')
    at n.quillContentChanged (https://www.greencity.cx.ua/chunk-VNNOUBDJ.js:1:16043)
    at https://www.greencity.cx.ua/chunk-VNNOUBDJ.js:1:7223
    at eE (https://www.greencity.cx.ua/chunk-NUXSP4TM.js:11:76097)
    at Object.o [as next] (https://www.greencity.cx.ua/chunk-NUXSP4TM.js:11:76277)
    at bv.next (https://www.greencity.cx.ua/chunk-NUXSP4TM.js:7:3120)
    at Fr._next (https://www.greencity.cx.ua/chunk-NUXSP4TM.js:7:2803)
    at Fr.next (https://www.greencity.cx.ua/chunk-NUXSP4TM.js:7:2530)
    at https://www.greencity.cx.ua/chunk-NUXSP4TM.js:7:7848
    at Ac (https://www.greencity.cx.ua/chunk-NUXSP4TM.js:7:2222)
    at S0.next (https://www.greencity.cx.ua/chunk-NUXSP4TM.js:7:7687), [2026-03-15T12:01:27.952Z] [SEVERE] https://www.greencity.cx.ua/chunk-NUXSP4TM.js 10:45939 "ERROR" TypeError: Cannot read properties of null (reading 'setValue')
    at n.quillContentChanged (https://www.greencity.cx.ua/chunk-VNNOUBDJ.js:1:16043)
    at https://www.greencity.cx.ua/chunk-VNNOUBDJ.js:1:7223
    at eE (https://www.greencity.cx.ua/chunk-NUXSP4TM.js:11:76097)
    at Object.o [as next] (https://www.greencity.cx.ua/chunk-NUXSP4TM.js:11:76277)
    at bv.next (https://www.greencity.cx.ua/chunk-NUXSP4TM.js:7:3120)
    at Fr._next (https://www.greencity.cx.ua/chunk-NUXSP4TM.js:7:2803)
    at Fr.next (https://www.greencity.cx.ua/chunk-NUXSP4TM.js:7:2530)
    at https://www.greencity.cx.ua/chunk-NUXSP4TM.js:7:7848
    at Ac (https://www.greencity.cx.ua/chunk-NUXSP4TM.js:7:2222)
    at S0.next (https://www.greencity.cx.ua/chunk-NUXSP4TM.js:7:7687), [2026-03-15T12:01:27.956Z] [SEVERE] https://www.greencity.cx.ua/chunk-NUXSP4TM.js 10:45939 "ERROR" TypeError: Cannot read properties of null (reading 'setValue')
    at n.quillContentChanged (https://www.greencity.cx.ua/chunk-VNNOUBDJ.js:1:16043)
    at https://www.greencity.cx.ua/chunk-VNNOUBDJ.js:1:7223
    at eE (https://www.greencity.cx.ua/chunk-NUXSP4TM.js:11:76097)
    at Object.o [as next] (https://www.greencity.cx.ua/chunk-NUXSP4TM.js:11:76277)
    at bv.next (https://www.greencity.cx.ua/chunk-NUXSP4TM.js:7:3120)
    at Fr._next (https://www.greencity.cx.ua/chunk-NUXSP4TM.js:7:2803)
    at Fr.next (https://www.greencity.cx.ua/chunk-NUXSP4TM.js:7:2530)
    at https://www.greencity.cx.ua/chunk-NUXSP4TM.js:7:7848
    at Ac (https://www.greencity.cx.ua/chunk-NUXSP4TM.js:7:2222)
    at S0.next (https://www.greencity.cx.ua/chunk-NUXSP4TM.js:7:7687), [2026-03-15T12:01:27.962Z] [SEVERE] https://www.greencity.cx.ua/chunk-NUXSP4TM.js 10:45939 "ERROR" TypeError: Cannot read properties of null (reading 'setValue')
    at n.quillContentChanged (https://www.greencity.cx.ua/chunk-VNNOUBDJ.js:1:16043)
    at https://www.greencity.cx.ua/chunk-VNNOUBDJ.js:1:7223
    at eE (https://www.greencity.cx.ua/chunk-NUXSP4TM.js:11:76097)
    at Object.o [as next] (https://www.greencity.cx.ua/chunk-NUXSP4TM.js:11:76277)
    at bv.next (https://www.greencity.cx.ua/chunk-NUXSP4TM.js:7:3120)
    at Fr._next (https://www.greencity.cx.ua/chunk-NUXSP4TM.js:7:2803)
    at Fr.next (https://www.greencity.cx.ua/chunk-NUXSP4TM.js:7:2530)
    at https://www.greencity.cx.ua/chunk-NUXSP4TM.js:7:7848
    at Ac (https://www.greencity.cx.ua/chunk-NUXSP4TM.js:7:2222)
    at S0.next (https://www.greencity.cx.ua/chunk-NUXSP4TM.js:7:7687), [2026-03-15T12:01:27.968Z] [SEVERE] https://www.greencity.cx.ua/chunk-NUXSP4TM.js 10:45939 "ERROR" TypeError: Cannot read properties of null (reading 'setValue')
    at n.quillContentChanged (https://www.greencity.cx.ua/chunk-VNNOUBDJ.js:1:16043)
    at https://www.greencity.cx.ua/chunk-VNNOUBDJ.js:1:7223
    at eE (https://www.greencity.cx.ua/chunk-NUXSP4TM.js:11:76097)
    at Object.o [as next] (https://www.greencity.cx.ua/chunk-NUXSP4TM.js:11:76277)
    at bv.next (https://www.greencity.cx.ua/chunk-NUXSP4TM.js:7:3120)
    at Fr._next (https://www.greencity.cx.ua/chunk-NUXSP4TM.js:7:2803)
    at Fr.next (https://www.greencity.cx.ua/chunk-NUXSP4TM.js:7:2530)
    at https://www.greencity.cx.ua/chunk-NUXSP4TM.js:7:7848
    at Ac (https://www.greencity.cx.ua/chunk-NUXSP4TM.js:7:2222)
    at S0.next (https://www.greencity.cx.ua/chunk-NUXSP4TM.js:7:7687), [2026-03-15T12:01:27.972Z] [SEVERE] https://www.greencity.cx.ua/chunk-NUXSP4TM.js 10:45939 "ERROR" TypeError: Cannot read properties of null (reading 'setValue')
    at n.quillContentChanged (https://www.greencity.cx.ua/chunk-VNNOUBDJ.js:1:16043)
    at https://www.greencity.cx.ua/chunk-VNNOUBDJ.js:1:7223
    at eE (https://www.greencity.cx.ua/chunk-NUXSP4TM.js:11:76097)
    at Object.o [as next] (https://www.greencity.cx.ua/chunk-NUXSP4TM.js:11:76277)
    at bv.next (https://www.greencity.cx.ua/chunk-NUXSP4TM.js:7:3120)
    at Fr._next (https://www.greencity.cx.ua/chunk-NUXSP4TM.js:7:2803)
    at Fr.next (https://www.greencity.cx.ua/chunk-NUXSP4TM.js:7:2530)
    at https://www.greencity.cx.ua/chunk-NUXSP4TM.js:7:7848
    at Ac (https://www.greencity.cx.ua/chunk-NUXSP4TM.js:7:2222)
    at S0.next (https://www.greencity.cx.ua/chunk-NUXSP4TM.js:7:7687), [2026-03-15T12:01:27.976Z] [SEVERE] https://www.greencity.cx.ua/chunk-NUXSP4TM.js 10:45939 "ERROR" TypeError: Cannot read properties of null (reading 'setValue')
    at n.quillContentChanged (https://www.greencity.cx.ua/chunk-VNNOUBDJ.js:1:16043)
    at https://www.greencity.cx.ua/chunk-VNNOUBDJ.js:1:7223
    at eE (https://www.greencity.cx.ua/chunk-NUXSP4TM.js:11:76097)
    at Object.o [as next] (https://www.greencity.cx.ua/chunk-NUXSP4TM.js:11:76277)
    at bv.next (https://www.greencity.cx.ua/chunk-NUXSP4TM.js:7:3120)
    at Fr._next (https://www.greencity.cx.ua/chunk-NUXSP4TM.js:7:2803)
    at Fr.next (https://www.greencity.cx.ua/chunk-NUXSP4TM.js:7:2530)
    at https://www.greencity.cx.ua/chunk-NUXSP4TM.js:7:7848
    at Ac (https://www.greencity.cx.ua/chunk-NUXSP4TM.js:7:2222)
    at S0.next (https://www.greencity.cx.ua/chunk-NUXSP4TM.js:7:7687), [2026-03-15T12:01:28.187Z] [SEVERE] https://www.greencity.cx.ua/chunk-NUXSP4TM.js 10:45939 "ERROR" TypeError: Cannot read properties of null (reading 'setValue')
    at n.quillContentChanged (https://www.greencity.cx.ua/chunk-VNNOUBDJ.js:1:16043)
    at https://www.greencity.cx.ua/chunk-VNNOUBDJ.js:1:7223
    at eE (https://www.greencity.cx.ua/chunk-NUXSP4TM.js:11:76097)
    at Object.o [as next] (https://www.greencity.cx.ua/chunk-NUXSP4TM.js:11:76277)
    at bv.next (https://www.greencity.cx.ua/chunk-NUXSP4TM.js:7:3120)
    at Fr._next (https://www.greencity.cx.ua/chunk-NUXSP4TM.js:7:2803)
    at Fr.next (https://www.greencity.cx.ua/chunk-NUXSP4TM.js:7:2530)
    at https://www.greencity.cx.ua/chunk-NUXSP4TM.js:7:7848
    at Ac (https://www.greencity.cx.ua/chunk-NUXSP4TM.js:7:2222)
    at S0.next (https://www.greencity.cx.ua/chunk-NUXSP4TM.js:7:7687), [2026-03-15T12:01:28.256Z] [SEVERE] https://www.greencity.cx.ua/chunk-NUXSP4TM.js 10:45939 "ERROR" TypeError: Cannot read properties of null (reading 'setValue')
    at n.quillContentChanged (https://www.greencity.cx.ua/chunk-VNNOUBDJ.js:1:16043)
    at https://www.greencity.cx.ua/chunk-VNNOUBDJ.js:1:7223
    at eE (https://www.greencity.cx.ua/chunk-NUXSP4TM.js:11:76097)
    at Object.o [as next] (https://www.greencity.cx.ua/chunk-NUXSP4TM.js:11:76277)
    at bv.next (https://www.greencity.cx.ua/chunk-NUXSP4TM.js:7:3120)
    at Fr._next (https://www.greencity.cx.ua/chunk-NUXSP4TM.js:7:2803)
    at Fr.next (https://www.greencity.cx.ua/chunk-NUXSP4TM.js:7:2530)
    at https://www.greencity.cx.ua/chunk-NUXSP4TM.js:7:7848
    at Ac (https://www.greencity.cx.ua/chunk-NUXSP4TM.js:7:2222)
    at S0.next (https://www.greencity.cx.ua/chunk-NUXSP4TM.js:7:7687), [2026-03-15T12:01:28.260Z] [SEVERE] https://www.greencity.cx.ua/chunk-NUXSP4TM.js 10:45939 "ERROR" TypeError: Cannot read properties of null (reading 'setValue')
    at n.quillContentChanged (https://www.greencity.cx.ua/chunk-VNNOUBDJ.js:1:16043)
    at https://www.greencity.cx.ua/chunk-VNNOUBDJ.js:1:7223
    at eE (https://www.greencity.cx.ua/chunk-NUXSP4TM.js:11:76097)
    at Object.o [as next] (https://www.greencity.cx.ua/chunk-NUXSP4TM.js:11:76277)
    at bv.next (https://www.greencity.cx.ua/chunk-NUXSP4TM.js:7:3120)
    at Fr._next (https://www.greencity.cx.ua/chunk-NUXSP4TM.js:7:2803)
    at Fr.next (https://www.greencity.cx.ua/chunk-NUXSP4TM.js:7:2530)
    at https://www.greencity.cx.ua/chunk-NUXSP4TM.js:7:7848
    at Ac (https://www.greencity.cx.ua/chunk-NUXSP4TM.js:7:2222)
    at S0.next (https://www.greencity.cx.ua/chunk-NUXSP4TM.js:7:7687), [2026-03-15T12:01:28.263Z] [SEVERE] https://www.greencity.cx.ua/chunk-NUXSP4TM.js 10:45939 "ERROR" TypeError: Cannot read properties of null (reading 'setValue')
    at n.quillContentChanged (https://www.greencity.cx.ua/chunk-VNNOUBDJ.js:1:16043)
    at https://www.greencity.cx.ua/chunk-VNNOUBDJ.js:1:7223
    at eE (https://www.greencity.cx.ua/chunk-NUXSP4TM.js:11:76097)
    at Object.o [as next] (https://www.greencity.cx.ua/chunk-NUXSP4TM.js:11:76277)
    at bv.next (https://www.greencity.cx.ua/chunk-NUXSP4TM.js:7:3120)
    at Fr._next (https://www.greencity.cx.ua/chunk-NUXSP4TM.js:7:2803)
    at Fr.next (https://www.greencity.cx.ua/chunk-NUXSP4TM.js:7:2530)
    at https://www.greencity.cx.ua/chunk-NUXSP4TM.js:7:7848
    at Ac (https://www.greencity.cx.ua/chunk-NUXSP4TM.js:7:2222)
    at S0.next (https://www.greencity.cx.ua/chunk-NUXSP4TM.js:7:7687), [2026-03-15T12:01:28.267Z] [SEVERE] https://www.greencity.cx.ua/chunk-NUXSP4TM.js 10:45939 "ERROR" TypeError: Cannot read properties of null (reading 'setValue')
    at n.quillContentChanged (https://www.greencity.cx.ua/chunk-VNNOUBDJ.js:1:16043)
    at https://www.greencity.cx.ua/chunk-VNNOUBDJ.js:1:7223
    at eE (https://www.greencity.cx.ua/chunk-NUXSP4TM.js:11:76097)
    at Object.o [as next] (https://www.greencity.cx.ua/chunk-NUXSP4TM.js:11:76277)
    at bv.next (https://www.greencity.cx.ua/chunk-NUXSP4TM.js:7:3120)
    at Fr._next (https://www.greencity.cx.ua/chunk-NUXSP4TM.js:7:2803)
    at Fr.next (https://www.greencity.cx.ua/chunk-NUXSP4TM.js:7:2530)
    at https://www.greencity.cx.ua/chunk-NUXSP4TM.js:7:7848
    at Ac (https://www.greencity.cx.ua/chunk-NUXSP4TM.js:7:2222)
    at S0.next (https://www.greencity.cx.ua/chunk-NUXSP4TM.js:7:7687), [2026-03-15T12:01:28.271Z] [SEVERE] https://www.greencity.cx.ua/chunk-NUXSP4TM.js 10:45939 "ERROR" TypeError: Cannot read properties of null (reading 'setValue')
    at n.quillContentChanged (https://www.greencity.cx.ua/chunk-VNNOUBDJ.js:1:16043)
    at https://www.greencity.cx.ua/chunk-VNNOUBDJ.js:1:7223
    at eE (https://www.greencity.cx.ua/chunk-NUXSP4TM.js:11:76097)
    at Object.o [as next] (https://www.greencity.cx.ua/chunk-NUXSP4TM.js:11:76277)
    at bv.next (https://www.greencity.cx.ua/chunk-NUXSP4TM.js:7:3120)
    at Fr._next (https://www.greencity.cx.ua/chunk-NUXSP4TM.js:7:2803)
    at Fr.next (https://www.greencity.cx.ua/chunk-NUXSP4TM.js:7:2530)
    at https://www.greencity.cx.ua/chunk-NUXSP4TM.js:7:7848
    at Ac (https://www.greencity.cx.ua/chunk-NUXSP4TM.js:7:2222)
    at S0.next (https://www.greencity.cx.ua/chunk-NUXSP4TM.js:7:7687), [2026-03-15T12:01:28.276Z] [SEVERE] https://www.greencity.cx.ua/chunk-NUXSP4TM.js 10:45939 "ERROR" TypeError: Cannot read properties of null (reading 'setValue')
    at n.quillContentChanged (https://www.greencity.cx.ua/chunk-VNNOUBDJ.js:1:16043)
    at https://www.greencity.cx.ua/chunk-VNNOUBDJ.js:1:7223
    at eE (https://www.greencity.cx.ua/chunk-NUXSP4TM.js:11:76097)
    at Object.o [as next] (https://www.greencity.cx.ua/chunk-NUXSP4TM.js:11:76277)
    at bv.next (https://www.greencity.cx.ua/chunk-NUXSP4TM.js:7:3120)
    at Fr._next (https://www.greencity.cx.ua/chunk-NUXSP4TM.js:7:2803)
    at Fr.next (https://www.greencity.cx.ua/chunk-NUXSP4TM.js:7:2530)
    at https://www.greencity.cx.ua/chunk-NUXSP4TM.js:7:7848
    at Ac (https://www.greencity.cx.ua/chunk-NUXSP4TM.js:7:2222)
    at S0.next (https://www.greencity.cx.ua/chunk-NUXSP4TM.js:7:7687), [2026-03-15T12:01:28.280Z] [SEVERE] https://www.greencity.cx.ua/chunk-NUXSP4TM.js 10:45939 "ERROR" TypeError: Cannot read properties of null (reading 'setValue')
    at n.quillContentChanged (https://www.greencity.cx.ua/chunk-VNNOUBDJ.js:1:16043)
    at https://www.greencity.cx.ua/chunk-VNNOUBDJ.js:1:7223
    at eE (https://www.greencity.cx.ua/chunk-NUXSP4TM.js:11:76097)
    at Object.o [as next] (https://www.greencity.cx.ua/chunk-NUXSP4TM.js:11:76277)
    at bv.next (https://www.greencity.cx.ua/chunk-NUXSP4TM.js:7:3120)
    at Fr._next (https://www.greencity.cx.ua/chunk-NUXSP4TM.js:7:2803)
    at Fr.next (https://www.greencity.cx.ua/chunk-NUXSP4TM.js:7:2530)
    at https://www.greencity.cx.ua/chunk-NUXSP4TM.js:7:7848
    at Ac (https://www.greencity.cx.ua/chunk-NUXSP4TM.js:7:2222)
    at S0.next (https://www.greencity.cx.ua/chunk-NUXSP4TM.js:7:7687), [2026-03-15T12:01:28.282Z] [SEVERE] https://www.greencity.cx.ua/chunk-NUXSP4TM.js 10:45939 "ERROR" TypeError: Cannot read properties of null (reading 'setValue')
    at n.quillContentChanged (https://www.greencity.cx.ua/chunk-VNNOUBDJ.js:1:16043)
    at https://www.greencity.cx.ua/chunk-VNNOUBDJ.js:1:7223
    at eE (https://www.greencity.cx.ua/chunk-NUXSP4TM.js:11:76097)
    at Object.o [as next] (https://www.greencity.cx.ua/chunk-NUXSP4TM.js:11:76277)
    at bv.next (https://www.greencity.cx.ua/chunk-NUXSP4TM.js:7:3120)
    at Fr._next (https://www.greencity.cx.ua/chunk-NUXSP4TM.js:7:2803)
    at Fr.next (https://www.greencity.cx.ua/chunk-NUXSP4TM.js:7:2530)
    at https://www.greencity.cx.ua/chunk-NUXSP4TM.js:7:7848
    at Ac (https://www.greencity.cx.ua/chunk-NUXSP4TM.js:7:2222)
    at S0.next (https://www.greencity.cx.ua/chunk-NUXSP4TM.js:7:7687), [2026-03-15T12:01:28.285Z] [SEVERE] https://www.greencity.cx.ua/chunk-NUXSP4TM.js 10:45939 "ERROR" TypeError: Cannot read properties of null (reading 'setValue')
    at n.quillContentChanged (https://www.greencity.cx.ua/chunk-VNNOUBDJ.js:1:16043)
    at https://www.greencity.cx.ua/chunk-VNNOUBDJ.js:1:7223
    at eE (https://www.greencity.cx.ua/chunk-NUXSP4TM.js:11:76097)
    at Object.o [as next] (https://www.greencity.cx.ua/chunk-NUXSP4TM.js:11:76277)
    at bv.next (https://www.greencity.cx.ua/chunk-NUXSP4TM.js:7:3120)
    at Fr._next (https://www.greencity.cx.ua/chunk-NUXSP4TM.js:7:2803)
    at Fr.next (https://www.greencity.cx.ua/chunk-NUXSP4TM.js:7:2530)
    at https://www.greencity.cx.ua/chunk-NUXSP4TM.js:7:7848
    at Ac (https://www.greencity.cx.ua/chunk-NUXSP4TM.js:7:2222)
    at S0.next (https://www.greencity.cx.ua/chunk-NUXSP4TM.js:7:7687), [2026-03-15T12:01:28.289Z] [SEVERE] https://www.greencity.cx.ua/chunk-NUXSP4TM.js 10:45939 "ERROR" TypeError: Cannot read properties of null (reading 'setValue')
    at n.quillContentChanged (https://www.greencity.cx.ua/chunk-VNNOUBDJ.js:1:16043)
    at https://www.greencity.cx.ua/chunk-VNNOUBDJ.js:1:7223
    at eE (https://www.greencity.cx.ua/chunk-NUXSP4TM.js:11:76097)
    at Object.o [as next] (https://www.greencity.cx.ua/chunk-NUXSP4TM.js:11:76277)
    at bv.next (https://www.greencity.cx.ua/chunk-NUXSP4TM.js:7:3120)
    at Fr._next (https://www.greencity.cx.ua/chunk-NUXSP4TM.js:7:2803)
    at Fr.next (https://www.greencity.cx.ua/chunk-NUXSP4TM.js:7:2530)
    at https://www.greencity.cx.ua/chunk-NUXSP4TM.js:7:7848
    at Ac (https://www.greencity.cx.ua/chunk-NUXSP4TM.js:7:2222)
    at S0.next (https://www.greencity.cx.ua/chunk-NUXSP4TM.js:7:7687), [2026-03-15T12:01:28.291Z] [SEVERE] https://www.greencity.cx.ua/chunk-NUXSP4TM.js 10:45939 "ERROR" TypeError: Cannot read properties of null (reading 'setValue')
    at n.quillContentChanged (https://www.greencity.cx.ua/chunk-VNNOUBDJ.js:1:16043)
    at https://www.greencity.cx.ua/chunk-VNNOUBDJ.js:1:7223
    at eE (https://www.greencity.cx.ua/chunk-NUXSP4TM.js:11:76097)
    at Object.o [as next] (https://www.greencity.cx.ua/chunk-NUXSP4TM.js:11:76277)
    at bv.next (https://www.greencity.cx.ua/chunk-NUXSP4TM.js:7:3120)
    at Fr._next (https://www.greencity.cx.ua/chunk-NUXSP4TM.js:7:2803)
    at Fr.next (https://www.greencity.cx.ua/chunk-NUXSP4TM.js:7:2530)
    at https://www.greencity.cx.ua/chunk-NUXSP4TM.js:7:7848
    at Ac (https://www.greencity.cx.ua/chunk-NUXSP4TM.js:7:2222)
    at S0.next (https://www.greencity.cx.ua/chunk-NUXSP4TM.js:7:7687), [2026-03-15T12:01:28.297Z] [SEVERE] https://www.greencity.cx.ua/chunk-NUXSP4TM.js 10:45939 "ERROR" TypeError: Cannot read properties of null (reading 'setValue')
    at n.quillContentChanged (https://www.greencity.cx.ua/chunk-VNNOUBDJ.js:1:16043)
    at https://www.greencity.cx.ua/chunk-VNNOUBDJ.js:1:7223
    at eE (https://www.greencity.cx.ua/chunk-NUXSP4TM.js:11:76097)
    at Object.o [as next] (https://www.greencity.cx.ua/chunk-NUXSP4TM.js:11:76277)
    at bv.next (https://www.greencity.cx.ua/chunk-NUXSP4TM.js:7:3120)
    at Fr._next (https://www.greencity.cx.ua/chunk-NUXSP4TM.js:7:2803)
    at Fr.next (https://www.greencity.cx.ua/chunk-NUXSP4TM.js:7:2530)
    at https://www.greencity.cx.ua/chunk-NUXSP4TM.js:7:7848
    at Ac (https://www.greencity.cx.ua/chunk-NUXSP4TM.js:7:2222)
    at S0.next (https://www.greencity.cx.ua/chunk-NUXSP4TM.js:7:7687), [2026-03-15T12:01:28.298Z] [SEVERE] https://www.greencity.cx.ua/chunk-NUXSP4TM.js 10:45939 "ERROR" TypeError: Cannot read properties of null (reading 'setValue')
    at n.quillContentChanged (https://www.greencity.cx.ua/chunk-VNNOUBDJ.js:1:16043)
    at https://www.greencity.cx.ua/chunk-VNNOUBDJ.js:1:7223
    at eE (https://www.greencity.cx.ua/chunk-NUXSP4TM.js:11:76097)
    at Object.o [as next] (https://www.greencity.cx.ua/chunk-NUXSP4TM.js:11:76277)
    at bv.next (https://www.greencity.cx.ua/chunk-NUXSP4TM.js:7:3120)
    at Fr._next (https://www.greencity.cx.ua/chunk-NUXSP4TM.js:7:2803)
    at Fr.next (https://www.greencity.cx.ua/chunk-NUXSP4TM.js:7:2530)
    at https://www.greencity.cx.ua/chunk-NUXSP4TM.js:7:7848
    at Ac (https://www.greencity.cx.ua/chunk-NUXSP4TM.js:7:2222)
    at S0.next (https://www.greencity.cx.ua/chunk-NUXSP4TM.js:7:7687), [2026-03-15T12:01:28.302Z] [SEVERE] https://www.greencity.cx.ua/chunk-NUXSP4TM.js 10:45939 "ERROR" TypeError: Cannot read properties of null (reading 'setValue')
    at n.quillContentChanged (https://www.greencity.cx.ua/chunk-VNNOUBDJ.js:1:16043)
    at https://www.greencity.cx.ua/chunk-VNNOUBDJ.js:1:7223
    at eE (https://www.greencity.cx.ua/chunk-NUXSP4TM.js:11:76097)
    at Object.o [as next] (https://www.greencity.cx.ua/chunk-NUXSP4TM.js:11:76277)
    at bv.next (https://www.greencity.cx.ua/chunk-NUXSP4TM.js:7:3120)
    at Fr._next (https://www.greencity.cx.ua/chunk-NUXSP4TM.js:7:2803)
    at Fr.next (https://www.greencity.cx.ua/chunk-NUXSP4TM.js:7:2530)
    at https://www.greencity.cx.ua/chunk-NUXSP4TM.js:7:7848
    at Ac (https://www.greencity.cx.ua/chunk-NUXSP4TM.js:7:2222)
    at S0.next (https://www.greencity.cx.ua/chunk-NUXSP4TM.js:7:7687), [2026-03-15T12:01:28.305Z] [SEVERE] https://www.greencity.cx.ua/chunk-NUXSP4TM.js 10:45939 "ERROR" TypeError: Cannot read properties of null (reading 'setValue')
    at n.quillContentChanged (https://www.greencity.cx.ua/chunk-VNNOUBDJ.js:1:16043)
    at https://www.greencity.cx.ua/chunk-VNNOUBDJ.js:1:7223
    at eE (https://www.greencity.cx.ua/chunk-NUXSP4TM.js:11:76097)
    at Object.o [as next] (https://www.greencity.cx.ua/chunk-NUXSP4TM.js:11:76277)
    at bv.next (https://www.greencity.cx.ua/chunk-NUXSP4TM.js:7:3120)
    at Fr._next (https://www.greencity.cx.ua/chunk-NUXSP4TM.js:7:2803)
    at Fr.next (https://www.greencity.cx.ua/chunk-NUXSP4TM.js:7:2530)
    at https://www.greencity.cx.ua/chunk-NUXSP4TM.js:7:7848
    at Ac (https://www.greencity.cx.ua/chunk-NUXSP4TM.js:7:2222)
    at S0.next (https://www.greencity.cx.ua/chunk-NUXSP4TM.js:7:7687), [2026-03-15T12:01:28.310Z] [SEVERE] https://www.greencity.cx.ua/chunk-NUXSP4TM.js 10:45939 "ERROR" TypeError: Cannot read properties of null (reading 'setValue')
    at n.quillContentChanged (https://www.greencity.cx.ua/chunk-VNNOUBDJ.js:1:16043)
    at https://www.greencity.cx.ua/chunk-VNNOUBDJ.js:1:7223
    at eE (https://www.greencity.cx.ua/chunk-NUXSP4TM.js:11:76097)
    at Object.o [as next] (https://www.greencity.cx.ua/chunk-NUXSP4TM.js:11:76277)
    at bv.next (https://www.greencity.cx.ua/chunk-NUXSP4TM.js:7:3120)
    at Fr._next (https://www.greencity.cx.ua/chunk-NUXSP4TM.js:7:2803)
    at Fr.next (https://www.greencity.cx.ua/chunk-NUXSP4TM.js:7:2530)
    at https://www.greencity.cx.ua/chunk-NUXSP4TM.js:7:7848
    at Ac (https://www.greencity.cx.ua/chunk-NUXSP4TM.js:7:2222)
    at S0.next (https://www.greencity.cx.ua/chunk-NUXSP4TM.js:7:7687), [2026-03-15T12:01:28.312Z] [SEVERE] https://www.greencity.cx.ua/chunk-NUXSP4TM.js 10:45939 "ERROR" TypeError: Cannot read properties of null (reading 'setValue')
    at n.quillContentChanged (https://www.greencity.cx.ua/chunk-VNNOUBDJ.js:1:16043)
    at https://www.greencity.cx.ua/chunk-VNNOUBDJ.js:1:7223
    at eE (https://www.greencity.cx.ua/chunk-NUXSP4TM.js:11:76097)
    at Object.o [as next] (https://www.greencity.cx.ua/chunk-NUXSP4TM.js:11:76277)
    at bv.next (https://www.greencity.cx.ua/chunk-NUXSP4TM.js:7:3120)
    at Fr._next (https://www.greencity.cx.ua/chunk-NUXSP4TM.js:7:2803)
    at Fr.next (https://www.greencity.cx.ua/chunk-NUXSP4TM.js:7:2530)
    at https://www.greencity.cx.ua/chunk-NUXSP4TM.js:7:7848
    at Ac (https://www.greencity.cx.ua/chunk-NUXSP4TM.js:7:2222)
    at S0.next (https://www.greencity.cx.ua/chunk-NUXSP4TM.js:7:7687), [2026-03-15T12:01:28.318Z] [SEVERE] https://www.greencity.cx.ua/chunk-NUXSP4TM.js 10:45939 "ERROR" TypeError: Cannot read properties of null (reading 'setValue')
    at n.quillContentChanged (https://www.greencity.cx.ua/chunk-VNNOUBDJ.js:1:16043)
    at https://www.greencity.cx.ua/chunk-VNNOUBDJ.js:1:7223
    at eE (https://www.greencity.cx.ua/chunk-NUXSP4TM.js:11:76097)
    at Object.o [as next] (https://www.greencity.cx.ua/chunk-NUXSP4TM.js:11:76277)
    at bv.next (https://www.greencity.cx.ua/chunk-NUXSP4TM.js:7:3120)
    at Fr._next (https://www.greencity.cx.ua/chunk-NUXSP4TM.js:7:2803)
    at Fr.next (https://www.greencity.cx.ua/chunk-NUXSP4TM.js:7:2530)
    at https://www.greencity.cx.ua/chunk-NUXSP4TM.js:7:7848
    at Ac (https://www.greencity.cx.ua/chunk-NUXSP4TM.js:7:2222)
    at S0.next (https://www.greencity.cx.ua/chunk-NUXSP4TM.js:7:7687), [2026-03-15T12:01:28.322Z] [SEVERE] https://www.greencity.cx.ua/chunk-NUXSP4TM.js 10:45939 "ERROR" TypeError: Cannot read properties of null (reading 'setValue')
    at n.quillContentChanged (https://www.greencity.cx.ua/chunk-VNNOUBDJ.js:1:16043)
    at https://www.greencity.cx.ua/chunk-VNNOUBDJ.js:1:7223
    at eE (https://www.greencity.cx.ua/chunk-NUXSP4TM.js:11:76097)
    at Object.o [as next] (https://www.greencity.cx.ua/chunk-NUXSP4TM.js:11:76277)
    at bv.next (https://www.greencity.cx.ua/chunk-NUXSP4TM.js:7:3120)
    at Fr._next (https://www.greencity.cx.ua/chunk-NUXSP4TM.js:7:2803)
    at Fr.next (https://www.greencity.cx.ua/chunk-NUXSP4TM.js:7:2530)
    at https://www.greencity.cx.ua/chunk-NUXSP4TM.js:7:7848
    at Ac (https://www.greencity.cx.ua/chunk-NUXSP4TM.js:7:2222)
    at S0.next (https://www.greencity.cx.ua/chunk-NUXSP4TM.js:7:7687), [2026-03-15T12:01:28.325Z] [SEVERE] https://www.greencity.cx.ua/chunk-NUXSP4TM.js 10:45939 "ERROR" TypeError: Cannot read properties of null (reading 'setValue')
    at n.quillContentChanged (https://www.greencity.cx.ua/chunk-VNNOUBDJ.js:1:16043)
    at https://www.greencity.cx.ua/chunk-VNNOUBDJ.js:1:7223
    at eE (https://www.greencity.cx.ua/chunk-NUXSP4TM.js:11:76097)
    at Object.o [as next] (https://www.greencity.cx.ua/chunk-NUXSP4TM.js:11:76277)
    at bv.next (https://www.greencity.cx.ua/chunk-NUXSP4TM.js:7:3120)
    at Fr._next (https://www.greencity.cx.ua/chunk-NUXSP4TM.js:7:2803)
    at Fr.next (https://www.greencity.cx.ua/chunk-NUXSP4TM.js:7:2530)
    at https://www.greencity.cx.ua/chunk-NUXSP4TM.js:7:7848
    at Ac (https://www.greencity.cx.ua/chunk-NUXSP4TM.js:7:2222)
    at S0.next (https://www.greencity.cx.ua/chunk-NUXSP4TM.js:7:7687), [2026-03-15T12:01:28.329Z] [SEVERE] https://www.greencity.cx.ua/chunk-NUXSP4TM.js 10:45939 "ERROR" TypeError: Cannot read properties of null (reading 'setValue')
    at n.quillContentChanged (https://www.greencity.cx.ua/chunk-VNNOUBDJ.js:1:16043)
    at https://www.greencity.cx.ua/chunk-VNNOUBDJ.js:1:7223
    at eE (https://www.greencity.cx.ua/chunk-NUXSP4TM.js:11:76097)
    at Object.o [as next] (https://www.greencity.cx.ua/chunk-NUXSP4TM.js:11:76277)
    at bv.next (https://www.greencity.cx.ua/chunk-NUXSP4TM.js:7:3120)
    at Fr._next (https://www.greencity.cx.ua/chunk-NUXSP4TM.js:7:2803)
    at Fr.next (https://www.greencity.cx.ua/chunk-NUXSP4TM.js:7:2530)
    at https://www.greencity.cx.ua/chunk-NUXSP4TM.js:7:7848
    at Ac (https://www.greencity.cx.ua/chunk-NUXSP4TM.js:7:2222)
    at S0.next (https://www.greencity.cx.ua/chunk-NUXSP4TM.js:7:7687), [2026-03-15T12:01:28.332Z] [SEVERE] https://www.greencity.cx.ua/chunk-NUXSP4TM.js 10:45939 "ERROR" TypeError: Cannot read properties of null (reading 'setValue')
    at n.quillContentChanged (https://www.greencity.cx.ua/chunk-VNNOUBDJ.js:1:16043)
    at https://www.greencity.cx.ua/chunk-VNNOUBDJ.js:1:7223
    at eE (https://www.greencity.cx.ua/chunk-NUXSP4TM.js:11:76097)
    at Object.o [as next] (https://www.greencity.cx.ua/chunk-NUXSP4TM.js:11:76277)
    at bv.next (https://www.greencity.cx.ua/chunk-NUXSP4TM.js:7:3120)
    at Fr._next (https://www.greencity.cx.ua/chunk-NUXSP4TM.js:7:2803)
    at Fr.next (https://www.greencity.cx.ua/chunk-NUXSP4TM.js:7:2530)
    at https://www.greencity.cx.ua/chunk-NUXSP4TM.js:7:7848
    at Ac (https://www.greencity.cx.ua/chunk-NUXSP4TM.js:7:2222)
    at S0.next (https://www.greencity.cx.ua/chunk-NUXSP4TM.js:7:7687), [2026-03-15T12:01:28.339Z] [SEVERE] https://www.greencity.cx.ua/chunk-NUXSP4TM.js 10:45939 "ERROR" TypeError: Cannot read properties of null (reading 'setValue')
    at n.quillContentChanged (https://www.greencity.cx.ua/chunk-VNNOUBDJ.js:1:16043)
    at https://www.greencity.cx.ua/chunk-VNNOUBDJ.js:1:7223
    at eE (https://www.greencity.cx.ua/chunk-NUXSP4TM.js:11:76097)
    at Object.o [as next] (https://www.greencity.cx.ua/chunk-NUXSP4TM.js:11:76277)
    at bv.next (https://www.greencity.cx.ua/chunk-NUXSP4TM.js:7:3120)
    at Fr._next (https://www.greencity.cx.ua/chunk-NUXSP4TM.js:7:2803)
    at Fr.next (https://www.greencity.cx.ua/chunk-NUXSP4TM.js:7:2530)
    at https://www.greencity.cx.ua/chunk-NUXSP4TM.js:7:7848
    at Ac (https://www.greencity.cx.ua/chunk-NUXSP4TM.js:7:2222)
    at S0.next (https://www.greencity.cx.ua/chunk-NUXSP4TM.js:7:7687), [2026-03-15T12:01:28.339Z] [SEVERE] https://www.greencity.cx.ua/chunk-NUXSP4TM.js 10:45939 "ERROR" TypeError: Cannot read properties of null (reading 'setValue')
    at n.quillContentChanged (https://www.greencity.cx.ua/chunk-VNNOUBDJ.js:1:16043)
    at https://www.greencity.cx.ua/chunk-VNNOUBDJ.js:1:7223
    at eE (https://www.greencity.cx.ua/chunk-NUXSP4TM.js:11:76097)
    at Object.o [as next] (https://www.greencity.cx.ua/chunk-NUXSP4TM.js:11:76277)
    at bv.next (https://www.greencity.cx.ua/chunk-NUXSP4TM.js:7:3120)
    at Fr._next (https://www.greencity.cx.ua/chunk-NUXSP4TM.js:7:2803)
    at Fr.next (https://www.greencity.cx.ua/chunk-NUXSP4TM.js:7:2530)
    at https://www.greencity.cx.ua/chunk-NUXSP4TM.js:7:7848
    at Ac (https://www.greencity.cx.ua/chunk-NUXSP4TM.js:7:2222)
    at S0.next (https://www.greencity.cx.ua/chunk-NUXSP4TM.js:7:7687), [2026-03-15T12:01:28.343Z] [SEVERE] https://www.greencity.cx.ua/chunk-NUXSP4TM.js 10:45939 "ERROR" TypeError: Cannot read properties of null (reading 'setValue')
    at n.quillContentChanged (https://www.greencity.cx.ua/chunk-VNNOUBDJ.js:1:16043)
    at https://www.greencity.cx.ua/chunk-VNNOUBDJ.js:1:7223
    at eE (https://www.greencity.cx.ua/chunk-NUXSP4TM.js:11:76097)
    at Object.o [as next] (https://www.greencity.cx.ua/chunk-NUXSP4TM.js:11:76277)
    at bv.next (https://www.greencity.cx.ua/chunk-NUXSP4TM.js:7:3120)
    at Fr._next (https://www.greencity.cx.ua/chunk-NUXSP4TM.js:7:2803)
    at Fr.next (https://www.greencity.cx.ua/chunk-NUXSP4TM.js:7:2530)
    at https://www.greencity.cx.ua/chunk-NUXSP4TM.js:7:7848
    at Ac (https://www.greencity.cx.ua/chunk-NUXSP4TM.js:7:2222)
    at S0.next (https://www.greencity.cx.ua/chunk-NUXSP4TM.js:7:7687), [2026-03-15T12:01:28.347Z] [SEVERE] https://www.greencity.cx.ua/chunk-NUXSP4TM.js 10:45939 "ERROR" TypeError: Cannot read properties of null (reading 'setValue')
    at n.quillContentChanged (https://www.greencity.cx.ua/chunk-VNNOUBDJ.js:1:16043)
    at https://www.greencity.cx.ua/chunk-VNNOUBDJ.js:1:7223
    at eE (https://www.greencity.cx.ua/chunk-NUXSP4TM.js:11:76097)
    at Object.o [as next] (https://www.greencity.cx.ua/chunk-NUXSP4TM.js:11:76277)
    at bv.next (https://www.greencity.cx.ua/chunk-NUXSP4TM.js:7:3120)
    at Fr._next (https://www.greencity.cx.ua/chunk-NUXSP4TM.js:7:2803)
    at Fr.next (https://www.greencity.cx.ua/chunk-NUXSP4TM.js:7:2530)
    at https://www.greencity.cx.ua/chunk-NUXSP4TM.js:7:7848
    at Ac (https://www.greencity.cx.ua/chunk-NUXSP4TM.js:7:2222)
    at S0.next (https://www.greencity.cx.ua/chunk-NUXSP4TM.js:7:7687), [2026-03-15T12:01:28.695Z] [SEVERE] https://www.greencity.cx.ua/chunk-NUXSP4TM.js 10:45939 "ERROR" TypeError: Cannot read properties of null (reading 'setValue')
    at n.quillContentChanged (https://www.greencity.cx.ua/chunk-VNNOUBDJ.js:1:16043)
    at https://www.greencity.cx.ua/chunk-VNNOUBDJ.js:1:7223
    at eE (https://www.greencity.cx.ua/chunk-NUXSP4TM.js:11:76097)
    at Object.o [as next] (https://www.greencity.cx.ua/chunk-NUXSP4TM.js:11:76277)
    at bv.next (https://www.greencity.cx.ua/chunk-NUXSP4TM.js:7:3120)
    at Fr._next (https://www.greencity.cx.ua/chunk-NUXSP4TM.js:7:2803)
    at Fr.next (https://www.greencity.cx.ua/chunk-NUXSP4TM.js:7:2530)
    at https://www.greencity.cx.ua/chunk-NUXSP4TM.js:7:7848
    at Ac (https://www.greencity.cx.ua/chunk-NUXSP4TM.js:7:2222)
    at S0.next (https://www.greencity.cx.ua/chunk-NUXSP4TM.js:7:7687), [2026-03-15T12:01:29.184Z] [SEVERE] https://www.greencity.cx.ua/chunk-NUXSP4TM.js 10:45939 "ERROR" TypeError: Cannot read properties of null (reading 'setValue')
    at n.quillContentChanged (https://www.greencity.cx.ua/chunk-VNNOUBDJ.js:1:16043)
    at https://www.greencity.cx.ua/chunk-VNNOUBDJ.js:1:7223
    at eE (https://www.greencity.cx.ua/chunk-NUXSP4TM.js:11:76097)
    at Object.o [as next] (https://www.greencity.cx.ua/chunk-NUXSP4TM.js:11:76277)
    at bv.next (https://www.greencity.cx.ua/chunk-NUXSP4TM.js:7:3120)
    at Fr._next (https://www.greencity.cx.ua/chunk-NUXSP4TM.js:7:2803)
    at Fr.next (https://www.greencity.cx.ua/chunk-NUXSP4TM.js:7:2530)
    at https://www.greencity.cx.ua/chunk-NUXSP4TM.js:7:7848
    at Ac (https://www.greencity.cx.ua/chunk-NUXSP4TM.js:7:2222)
    at S0.next (https://www.greencity.cx.ua/chunk-NUXSP4TM.js:7:7687), [2026-03-15T12:01:29.190Z] [SEVERE] https://www.greencity.cx.ua/chunk-NUXSP4TM.js 10:45939 "ERROR" TypeError: Cannot read properties of null (reading 'setValue')
    at n.quillContentChanged (https://www.greencity.cx.ua/chunk-VNNOUBDJ.js:1:16043)
    at https://www.greencity.cx.ua/chunk-VNNOUBDJ.js:1:7223
    at eE (https://www.greencity.cx.ua/chunk-NUXSP4TM.js:11:76097)
    at Object.o [as next] (https://www.greencity.cx.ua/chunk-NUXSP4TM.js:11:76277)
    at bv.next (https://www.greencity.cx.ua/chunk-NUXSP4TM.js:7:3120)
    at Fr._next (https://www.greencity.cx.ua/chunk-NUXSP4TM.js:7:2803)
    at Fr.next (https://www.greencity.cx.ua/chunk-NUXSP4TM.js:7:2530)
    at https://www.greencity.cx.ua/chunk-NUXSP4TM.js:7:7848
    at Ac (https://www.greencity.cx.ua/chunk-NUXSP4TM.js:7:2222)
    at S0.next (https://www.greencity.cx.ua/chunk-NUXSP4TM.js:7:7687), [2026-03-15T12:01:29.194Z] [SEVERE] https://www.greencity.cx.ua/chunk-NUXSP4TM.js 10:45939 "ERROR" TypeError: Cannot read properties of null (reading 'setValue')
    at n.quillContentChanged (https://www.greencity.cx.ua/chunk-VNNOUBDJ.js:1:16043)
    at https://www.greencity.cx.ua/chunk-VNNOUBDJ.js:1:7223
    at eE (https://www.greencity.cx.ua/chunk-NUXSP4TM.js:11:76097)
    at Object.o [as next] (https://www.greencity.cx.ua/chunk-NUXSP4TM.js:11:76277)
    at bv.next (https://www.greencity.cx.ua/chunk-NUXSP4TM.js:7:3120)
    at Fr._next (https://www.greencity.cx.ua/chunk-NUXSP4TM.js:7:2803)
    at Fr.next (https://www.greencity.cx.ua/chunk-NUXSP4TM.js:7:2530)
    at https://www.greencity.cx.ua/chunk-NUXSP4TM.js:7:7848
    at Ac (https://www.greencity.cx.ua/chunk-NUXSP4TM.js:7:2222)
    at S0.next (https://www.greencity.cx.ua/chunk-NUXSP4TM.js:7:7687), [2026-03-15T12:01:29.199Z] [SEVERE] https://www.greencity.cx.ua/chunk-NUXSP4TM.js 10:45939 "ERROR" TypeError: Cannot read properties of null (reading 'setValue')
    at n.quillContentChanged (https://www.greencity.cx.ua/chunk-VNNOUBDJ.js:1:16043)
    at https://www.greencity.cx.ua/chunk-VNNOUBDJ.js:1:7223
    at eE (https://www.greencity.cx.ua/chunk-NUXSP4TM.js:11:76097)
    at Object.o [as next] (https://www.greencity.cx.ua/chunk-NUXSP4TM.js:11:76277)
    at bv.next (https://www.greencity.cx.ua/chunk-NUXSP4TM.js:7:3120)
    at Fr._next (https://www.greencity.cx.ua/chunk-NUXSP4TM.js:7:2803)
    at Fr.next (https://www.greencity.cx.ua/chunk-NUXSP4TM.js:7:2530)
    at https://www.greencity.cx.ua/chunk-NUXSP4TM.js:7:7848
    at Ac (https://www.greencity.cx.ua/chunk-NUXSP4TM.js:7:2222)
    at S0.next (https://www.greencity.cx.ua/chunk-NUXSP4TM.js:7:7687), [2026-03-15T12:01:29.200Z] [SEVERE] https://www.greencity.cx.ua/chunk-NUXSP4TM.js 10:45939 "ERROR" TypeError: Cannot read properties of null (reading 'setValue')
    at n.quillContentChanged (https://www.greencity.cx.ua/chunk-VNNOUBDJ.js:1:16043)
    at https://www.greencity.cx.ua/chunk-VNNOUBDJ.js:1:7223
    at eE (https://www.greencity.cx.ua/chunk-NUXSP4TM.js:11:76097)
    at Object.o [as next] (https://www.greencity.cx.ua/chunk-NUXSP4TM.js:11:76277)
    at bv.next (https://www.greencity.cx.ua/chunk-NUXSP4TM.js:7:3120)
    at Fr._next (https://www.greencity.cx.ua/chunk-NUXSP4TM.js:7:2803)
    at Fr.next (https://www.greencity.cx.ua/chunk-NUXSP4TM.js:7:2530)
    at https://www.greencity.cx.ua/chunk-NUXSP4TM.js:7:7848
    at Ac (https://www.greencity.cx.ua/chunk-NUXSP4TM.js:7:2222)
    at S0.next (https://www.greencity.cx.ua/chunk-NUXSP4TM.js:7:7687), [2026-03-15T12:01:29.204Z] [SEVERE] https://www.greencity.cx.ua/chunk-NUXSP4TM.js 10:45939 "ERROR" TypeError: Cannot read properties of null (reading 'setValue')
    at n.quillContentChanged (https://www.greencity.cx.ua/chunk-VNNOUBDJ.js:1:16043)
    at https://www.greencity.cx.ua/chunk-VNNOUBDJ.js:1:7223
    at eE (https://www.greencity.cx.ua/chunk-NUXSP4TM.js:11:76097)
    at Object.o [as next] (https://www.greencity.cx.ua/chunk-NUXSP4TM.js:11:76277)
    at bv.next (https://www.greencity.cx.ua/chunk-NUXSP4TM.js:7:3120)
    at Fr._next (https://www.greencity.cx.ua/chunk-NUXSP4TM.js:7:2803)
    at Fr.next (https://www.greencity.cx.ua/chunk-NUXSP4TM.js:7:2530)
    at https://www.greencity.cx.ua/chunk-NUXSP4TM.js:7:7848
    at Ac (https://www.greencity.cx.ua/chunk-NUXSP4TM.js:7:2222)
    at S0.next (https://www.greencity.cx.ua/chunk-NUXSP4TM.js:7:7687), [2026-03-15T12:01:29.210Z] [SEVERE] https://www.greencity.cx.ua/chunk-NUXSP4TM.js 10:45939 "ERROR" TypeError: Cannot read properties of null (reading 'setValue')
    at n.quillContentChanged (https://www.greencity.cx.ua/chunk-VNNOUBDJ.js:1:16043)
    at https://www.greencity.cx.ua/chunk-VNNOUBDJ.js:1:7223
    at eE (https://www.greencity.cx.ua/chunk-NUXSP4TM.js:11:76097)
    at Object.o [as next] (https://www.greencity.cx.ua/chunk-NUXSP4TM.js:11:76277)
    at bv.next (https://www.greencity.cx.ua/chunk-NUXSP4TM.js:7:3120)
    at Fr._next (https://www.greencity.cx.ua/chunk-NUXSP4TM.js:7:2803)
    at Fr.next (https://www.greencity.cx.ua/chunk-NUXSP4TM.js:7:2530)
    at https://www.greencity.cx.ua/chunk-NUXSP4TM.js:7:7848
    at Ac (https://www.greencity.cx.ua/chunk-NUXSP4TM.js:7:2222)
    at S0.next (https://www.greencity.cx.ua/chunk-NUXSP4TM.js:7:7687), [2026-03-15T12:01:29.211Z] [SEVERE] https://www.greencity.cx.ua/chunk-NUXSP4TM.js 10:45939 "ERROR" TypeError: Cannot read properties of null (reading 'setValue')
    at n.quillContentChanged (https://www.greencity.cx.ua/chunk-VNNOUBDJ.js:1:16043)
    at https://www.greencity.cx.ua/chunk-VNNOUBDJ.js:1:7223
    at eE (https://www.greencity.cx.ua/chunk-NUXSP4TM.js:11:76097)
    at Object.o [as next] (https://www.greencity.cx.ua/chunk-NUXSP4TM.js:11:76277)
    at bv.next (https://www.greencity.cx.ua/chunk-NUXSP4TM.js:7:3120)
    at Fr._next (https://www.greencity.cx.ua/chunk-NUXSP4TM.js:7:2803)
    at Fr.next (https://www.greencity.cx.ua/chunk-NUXSP4TM.js:7:2530)
    at https://www.greencity.cx.ua/chunk-NUXSP4TM.js:7:7848
    at Ac (https://www.greencity.cx.ua/chunk-NUXSP4TM.js:7:2222)
    at S0.next (https://www.greencity.cx.ua/chunk-NUXSP4TM.js:7:7687), [2026-03-15T12:01:29.217Z] [SEVERE] https://www.greencity.cx.ua/chunk-NUXSP4TM.js 10:45939 "ERROR" TypeError: Cannot read properties of null (reading 'setValue')
    at n.quillContentChanged (https://www.greencity.cx.ua/chunk-VNNOUBDJ.js:1:16043)
    at https://www.greencity.cx.ua/chunk-VNNOUBDJ.js:1:7223
    at eE (https://www.greencity.cx.ua/chunk-NUXSP4TM.js:11:76097)
    at Object.o [as next] (https://www.greencity.cx.ua/chunk-NUXSP4TM.js:11:76277)
    at bv.next (https://www.greencity.cx.ua/chunk-NUXSP4TM.js:7:3120)
    at Fr._next (https://www.greencity.cx.ua/chunk-NUXSP4TM.js:7:2803)
    at Fr.next (https://www.greencity.cx.ua/chunk-NUXSP4TM.js:7:2530)
    at https://www.greencity.cx.ua/chunk-NUXSP4TM.js:7:7848
    at Ac (https://www.greencity.cx.ua/chunk-NUXSP4TM.js:7:2222)
    at S0.next (https://www.greencity.cx.ua/chunk-NUXSP4TM.js:7:7687), [2026-03-15T12:01:29.218Z] [SEVERE] https://www.greencity.cx.ua/chunk-NUXSP4TM.js 10:45939 "ERROR" TypeError: Cannot read properties of null (reading 'setValue')
    at n.quillContentChanged (https://www.greencity.cx.ua/chunk-VNNOUBDJ.js:1:16043)
    at https://www.greencity.cx.ua/chunk-VNNOUBDJ.js:1:7223
    at eE (https://www.greencity.cx.ua/chunk-NUXSP4TM.js:11:76097)
    at Object.o [as next] (https://www.greencity.cx.ua/chunk-NUXSP4TM.js:11:76277)
    at bv.next (https://www.greencity.cx.ua/chunk-NUXSP4TM.js:7:3120)
    at Fr._next (https://www.greencity.cx.ua/chunk-NUXSP4TM.js:7:2803)
    at Fr.next (https://www.greencity.cx.ua/chunk-NUXSP4TM.js:7:2530)
    at https://www.greencity.cx.ua/chunk-NUXSP4TM.js:7:7848
    at Ac (https://www.greencity.cx.ua/chunk-NUXSP4TM.js:7:2222)
    at S0.next (https://www.greencity.cx.ua/chunk-NUXSP4TM.js:7:7687), [2026-03-15T12:01:29.224Z] [SEVERE] https://www.greencity.cx.ua/chunk-NUXSP4TM.js 10:45939 "ERROR" TypeError: Cannot read properties of null (reading 'setValue')
    at n.quillContentChanged (https://www.greencity.cx.ua/chunk-VNNOUBDJ.js:1:16043)
    at https://www.greencity.cx.ua/chunk-VNNOUBDJ.js:1:7223
    at eE (https://www.greencity.cx.ua/chunk-NUXSP4TM.js:11:76097)
    at Object.o [as next] (https://www.greencity.cx.ua/chunk-NUXSP4TM.js:11:76277)
    at bv.next (https://www.greencity.cx.ua/chunk-NUXSP4TM.js:7:3120)
    at Fr._next (https://www.greencity.cx.ua/chunk-NUXSP4TM.js:7:2803)
    at Fr.next (https://www.greencity.cx.ua/chunk-NUXSP4TM.js:7:2530)
    at https://www.greencity.cx.ua/chunk-NUXSP4TM.js:7:7848
    at Ac (https://www.greencity.cx.ua/chunk-NUXSP4TM.js:7:2222)
    at S0.next (https://www.greencity.cx.ua/chunk-NUXSP4TM.js:7:7687), [2026-03-15T12:01:29.225Z] [SEVERE] https://www.greencity.cx.ua/chunk-NUXSP4TM.js 10:45939 "ERROR" TypeError: Cannot read properties of null (reading 'setValue')
    at n.quillContentChanged (https://www.greencity.cx.ua/chunk-VNNOUBDJ.js:1:16043)
    at https://www.greencity.cx.ua/chunk-VNNOUBDJ.js:1:7223
    at eE (https://www.greencity.cx.ua/chunk-NUXSP4TM.js:11:76097)
    at Object.o [as next] (https://www.greencity.cx.ua/chunk-NUXSP4TM.js:11:76277)
    at bv.next (https://www.greencity.cx.ua/chunk-NUXSP4TM.js:7:3120)
    at Fr._next (https://www.greencity.cx.ua/chunk-NUXSP4TM.js:7:2803)
    at Fr.next (https://www.greencity.cx.ua/chunk-NUXSP4TM.js:7:2530)
    at https://www.greencity.cx.ua/chunk-NUXSP4TM.js:7:7848
    at Ac (https://www.greencity.cx.ua/chunk-NUXSP4TM.js:7:2222)
    at S0.next (https://www.greencity.cx.ua/chunk-NUXSP4TM.js:7:7687), [2026-03-15T12:01:29.229Z] [SEVERE] https://www.greencity.cx.ua/chunk-NUXSP4TM.js 10:45939 "ERROR" TypeError: Cannot read properties of null (reading 'setValue')
    at n.quillContentChanged (https://www.greencity.cx.ua/chunk-VNNOUBDJ.js:1:16043)
    at https://www.greencity.cx.ua/chunk-VNNOUBDJ.js:1:7223
    at eE (https://www.greencity.cx.ua/chunk-NUXSP4TM.js:11:76097)
    at Object.o [as next] (https://www.greencity.cx.ua/chunk-NUXSP4TM.js:11:76277)
    at bv.next (https://www.greencity.cx.ua/chunk-NUXSP4TM.js:7:3120)
    at Fr._next (https://www.greencity.cx.ua/chunk-NUXSP4TM.js:7:2803)
    at Fr.next (https://www.greencity.cx.ua/chunk-NUXSP4TM.js:7:2530)
    at https://www.greencity.cx.ua/chunk-NUXSP4TM.js:7:7848
    at Ac (https://www.greencity.cx.ua/chunk-NUXSP4TM.js:7:2222)
    at S0.next (https://www.greencity.cx.ua/chunk-NUXSP4TM.js:7:7687), [2026-03-15T12:01:29.234Z] [SEVERE] https://www.greencity.cx.ua/chunk-NUXSP4TM.js 10:45939 "ERROR" TypeError: Cannot read properties of null (reading 'setValue')
    at n.quillContentChanged (https://www.greencity.cx.ua/chunk-VNNOUBDJ.js:1:16043)
    at https://www.greencity.cx.ua/chunk-VNNOUBDJ.js:1:7223
    at eE (https://www.greencity.cx.ua/chunk-NUXSP4TM.js:11:76097)
    at Object.o [as next] (https://www.greencity.cx.ua/chunk-NUXSP4TM.js:11:76277)
    at bv.next (https://www.greencity.cx.ua/chunk-NUXSP4TM.js:7:3120)
    at Fr._next (https://www.greencity.cx.ua/chunk-NUXSP4TM.js:7:2803)
    at Fr.next (https://www.greencity.cx.ua/chunk-NUXSP4TM.js:7:2530)
    at https://www.greencity.cx.ua/chunk-NUXSP4TM.js:7:7848
    at Ac (https://www.greencity.cx.ua/chunk-NUXSP4TM.js:7:2222)
    at S0.next (https://www.greencity.cx.ua/chunk-NUXSP4TM.js:7:7687), [2026-03-15T12:01:29.235Z] [SEVERE] https://www.greencity.cx.ua/chunk-NUXSP4TM.js 10:45939 "ERROR" TypeError: Cannot read properties of null (reading 'setValue')
    at n.quillContentChanged (https://www.greencity.cx.ua/chunk-VNNOUBDJ.js:1:16043)
    at https://www.greencity.cx.ua/chunk-VNNOUBDJ.js:1:7223
    at eE (https://www.greencity.cx.ua/chunk-NUXSP4TM.js:11:76097)
    at Object.o [as next] (https://www.greencity.cx.ua/chunk-NUXSP4TM.js:11:76277)
    at bv.next (https://www.greencity.cx.ua/chunk-NUXSP4TM.js:7:3120)
    at Fr._next (https://www.greencity.cx.ua/chunk-NUXSP4TM.js:7:2803)
    at Fr.next (https://www.greencity.cx.ua/chunk-NUXSP4TM.js:7:2530)
    at https://www.greencity.cx.ua/chunk-NUXSP4TM.js:7:7848
    at Ac (https://www.greencity.cx.ua/chunk-NUXSP4TM.js:7:2222)
    at S0.next (https://www.greencity.cx.ua/chunk-NUXSP4TM.js:7:7687), [2026-03-15T12:01:29.241Z] [SEVERE] https://www.greencity.cx.ua/chunk-NUXSP4TM.js 10:45939 "ERROR" TypeError: Cannot read properties of null (reading 'setValue')
    at n.quillContentChanged (https://www.greencity.cx.ua/chunk-VNNOUBDJ.js:1:16043)
    at https://www.greencity.cx.ua/chunk-VNNOUBDJ.js:1:7223
    at eE (https://www.greencity.cx.ua/chunk-NUXSP4TM.js:11:76097)
    at Object.o [as next] (https://www.greencity.cx.ua/chunk-NUXSP4TM.js:11:76277)
    at bv.next (https://www.greencity.cx.ua/chunk-NUXSP4TM.js:7:3120)
    at Fr._next (https://www.greencity.cx.ua/chunk-NUXSP4TM.js:7:2803)
    at Fr.next (https://www.greencity.cx.ua/chunk-NUXSP4TM.js:7:2530)
    at https://www.greencity.cx.ua/chunk-NUXSP4TM.js:7:7848
    at Ac (https://www.greencity.cx.ua/chunk-NUXSP4TM.js:7:2222)
    at S0.next (https://www.greencity.cx.ua/chunk-NUXSP4TM.js:7:7687), [2026-03-15T12:01:29.242Z] [SEVERE] https://www.greencity.cx.ua/chunk-NUXSP4TM.js 10:45939 "ERROR" TypeError: Cannot read properties of null (reading 'setValue')
    at n.quillContentChanged (https://www.greencity.cx.ua/chunk-VNNOUBDJ.js:1:16043)
    at https://www.greencity.cx.ua/chunk-VNNOUBDJ.js:1:7223
    at eE (https://www.greencity.cx.ua/chunk-NUXSP4TM.js:11:76097)
    at Object.o [as next] (https://www.greencity.cx.ua/chunk-NUXSP4TM.js:11:76277)
    at bv.next (https://www.greencity.cx.ua/chunk-NUXSP4TM.js:7:3120)
    at Fr._next (https://www.greencity.cx.ua/chunk-NUXSP4TM.js:7:2803)
    at Fr.next (https://www.greencity.cx.ua/chunk-NUXSP4TM.js:7:2530)
    at https://www.greencity.cx.ua/chunk-NUXSP4TM.js:7:7848
    at Ac (https://www.greencity.cx.ua/chunk-NUXSP4TM.js:7:2222)
    at S0.next (https://www.greencity.cx.ua/chunk-NUXSP4TM.js:7:7687), [2026-03-15T12:01:29.248Z] [SEVERE] https://www.greencity.cx.ua/chunk-NUXSP4TM.js 10:45939 "ERROR" TypeError: Cannot read properties of null (reading 'setValue')
    at n.quillContentChanged (https://www.greencity.cx.ua/chunk-VNNOUBDJ.js:1:16043)
    at https://www.greencity.cx.ua/chunk-VNNOUBDJ.js:1:7223
    at eE (https://www.greencity.cx.ua/chunk-NUXSP4TM.js:11:76097)
    at Object.o [as next] (https://www.greencity.cx.ua/chunk-NUXSP4TM.js:11:76277)
    at bv.next (https://www.greencity.cx.ua/chunk-NUXSP4TM.js:7:3120)
    at Fr._next (https://www.greencity.cx.ua/chunk-NUXSP4TM.js:7:2803)
    at Fr.next (https://www.greencity.cx.ua/chunk-NUXSP4TM.js:7:2530)
    at https://www.greencity.cx.ua/chunk-NUXSP4TM.js:7:7848
    at Ac (https://www.greencity.cx.ua/chunk-NUXSP4TM.js:7:2222)
    at S0.next (https://www.greencity.cx.ua/chunk-NUXSP4TM.js:7:7687), [2026-03-15T12:01:29.249Z] [SEVERE] https://www.greencity.cx.ua/chunk-NUXSP4TM.js 10:45939 "ERROR" TypeError: Cannot read properties of null (reading 'setValue')
    at n.quillContentChanged (https://www.greencity.cx.ua/chunk-VNNOUBDJ.js:1:16043)
    at https://www.greencity.cx.ua/chunk-VNNOUBDJ.js:1:7223
    at eE (https://www.greencity.cx.ua/chunk-NUXSP4TM.js:11:76097)
    at Object.o [as next] (https://www.greencity.cx.ua/chunk-NUXSP4TM.js:11:76277)
    at bv.next (https://www.greencity.cx.ua/chunk-NUXSP4TM.js:7:3120)
    at Fr._next (https://www.greencity.cx.ua/chunk-NUXSP4TM.js:7:2803)
    at Fr.next (https://www.greencity.cx.ua/chunk-NUXSP4TM.js:7:2530)
    at https://www.greencity.cx.ua/chunk-NUXSP4TM.js:7:7848
    at Ac (https://www.greencity.cx.ua/chunk-NUXSP4TM.js:7:2222)
    at S0.next (https://www.greencity.cx.ua/chunk-NUXSP4TM.js:7:7687), [2026-03-15T12:01:29.253Z] [SEVERE] https://www.greencity.cx.ua/chunk-NUXSP4TM.js 10:45939 "ERROR" TypeError: Cannot read properties of null (reading 'setValue')
    at n.quillContentChanged (https://www.greencity.cx.ua/chunk-VNNOUBDJ.js:1:16043)
    at https://www.greencity.cx.ua/chunk-VNNOUBDJ.js:1:7223
    at eE (https://www.greencity.cx.ua/chunk-NUXSP4TM.js:11:76097)
    at Object.o [as next] (https://www.greencity.cx.ua/chunk-NUXSP4TM.js:11:76277)
    at bv.next (https://www.greencity.cx.ua/chunk-NUXSP4TM.js:7:3120)
    at Fr._next (https://www.greencity.cx.ua/chunk-NUXSP4TM.js:7:2803)
    at Fr.next (https://www.greencity.cx.ua/chunk-NUXSP4TM.js:7:2530)
    at https://www.greencity.cx.ua/chunk-NUXSP4TM.js:7:7848
    at Ac (https://www.greencity.cx.ua/chunk-NUXSP4TM.js:7:2222)
    at S0.next (https://www.greencity.cx.ua/chunk-NUXSP4TM.js:7:7687), [2026-03-15T12:01:29.257Z] [SEVERE] https://www.greencity.cx.ua/chunk-NUXSP4TM.js 10:45939 "ERROR" TypeError: Cannot read properties of null (reading 'setValue')
    at n.quillContentChanged (https://www.greencity.cx.ua/chunk-VNNOUBDJ.js:1:16043)
    at https://www.greencity.cx.ua/chunk-VNNOUBDJ.js:1:7223
    at eE (https://www.greencity.cx.ua/chunk-NUXSP4TM.js:11:76097)
    at Object.o [as next] (https://www.greencity.cx.ua/chunk-NUXSP4TM.js:11:76277)
    at bv.next (https://www.greencity.cx.ua/chunk-NUXSP4TM.js:7:3120)
    at Fr._next (https://www.greencity.cx.ua/chunk-NUXSP4TM.js:7:2803)
    at Fr.next (https://www.greencity.cx.ua/chunk-NUXSP4TM.js:7:2530)
    at https://www.greencity.cx.ua/chunk-NUXSP4TM.js:7:7848
    at Ac (https://www.greencity.cx.ua/chunk-NUXSP4TM.js:7:2222)
    at S0.next (https://www.greencity.cx.ua/chunk-NUXSP4TM.js:7:7687), [2026-03-15T12:01:29.261Z] [SEVERE] https://www.greencity.cx.ua/chunk-NUXSP4TM.js 10:45939 "ERROR" TypeError: Cannot read properties of null (reading 'setValue')
    at n.quillContentChanged (https://www.greencity.cx.ua/chunk-VNNOUBDJ.js:1:16043)
    at https://www.greencity.cx.ua/chunk-VNNOUBDJ.js:1:7223
    at eE (https://www.greencity.cx.ua/chunk-NUXSP4TM.js:11:76097)
    at Object.o [as next] (https://www.greencity.cx.ua/chunk-NUXSP4TM.js:11:76277)
    at bv.next (https://www.greencity.cx.ua/chunk-NUXSP4TM.js:7:3120)
    at Fr._next (https://www.greencity.cx.ua/chunk-NUXSP4TM.js:7:2803)
    at Fr.next (https://www.greencity.cx.ua/chunk-NUXSP4TM.js:7:2530)
    at https://www.greencity.cx.ua/chunk-NUXSP4TM.js:7:7848
    at Ac (https://www.greencity.cx.ua/chunk-NUXSP4TM.js:7:2222)
    at S0.next (https://www.greencity.cx.ua/chunk-NUXSP4TM.js:7:7687), [2026-03-15T12:01:29.269Z] [SEVERE] https://www.greencity.cx.ua/chunk-NUXSP4TM.js 10:45939 "ERROR" TypeError: Cannot read properties of null (reading 'setValue')
    at n.quillContentChanged (https://www.greencity.cx.ua/chunk-VNNOUBDJ.js:1:16043)
    at https://www.greencity.cx.ua/chunk-VNNOUBDJ.js:1:7223
    at eE (https://www.greencity.cx.ua/chunk-NUXSP4TM.js:11:76097)
    at Object.o [as next] (https://www.greencity.cx.ua/chunk-NUXSP4TM.js:11:76277)
    at bv.next (https://www.greencity.cx.ua/chunk-NUXSP4TM.js:7:3120)
    at Fr._next (https://www.greencity.cx.ua/chunk-NUXSP4TM.js:7:2803)
    at Fr.next (https://www.greencity.cx.ua/chunk-NUXSP4TM.js:7:2530)
    at https://www.greencity.cx.ua/chunk-NUXSP4TM.js:7:7848
    at Ac (https://www.greencity.cx.ua/chunk-NUXSP4TM.js:7:2222)
    at S0.next (https://www.greencity.cx.ua/chunk-NUXSP4TM.js:7:7687), [2026-03-15T12:01:29.274Z] [SEVERE] https://www.greencity.cx.ua/chunk-NUXSP4TM.js 10:45939 "ERROR" TypeError: Cannot read properties of null (reading 'setValue')
    at n.quillContentChanged (https://www.greencity.cx.ua/chunk-VNNOUBDJ.js:1:16043)
    at https://www.greencity.cx.ua/chunk-VNNOUBDJ.js:1:7223
    at eE (https://www.greencity.cx.ua/chunk-NUXSP4TM.js:11:76097)
    at Object.o [as next] (https://www.greencity.cx.ua/chunk-NUXSP4TM.js:11:76277)
    at bv.next (https://www.greencity.cx.ua/chunk-NUXSP4TM.js:7:3120)
    at Fr._next (https://www.greencity.cx.ua/chunk-NUXSP4TM.js:7:2803)
    at Fr.next (https://www.greencity.cx.ua/chunk-NUXSP4TM.js:7:2530)
    at https://www.greencity.cx.ua/chunk-NUXSP4TM.js:7:7848
    at Ac (https://www.greencity.cx.ua/chunk-NUXSP4TM.js:7:2222)
    at S0.next (https://www.greencity.cx.ua/chunk-NUXSP4TM.js:7:7687), [2026-03-15T12:01:29.283Z] [SEVERE] https://www.greencity.cx.ua/chunk-NUXSP4TM.js 10:45939 "ERROR" TypeError: Cannot read properties of null (reading 'setValue')
    at n.quillContentChanged (https://www.greencity.cx.ua/chunk-VNNOUBDJ.js:1:16043)
    at https://www.greencity.cx.ua/chunk-VNNOUBDJ.js:1:7223
    at eE (https://www.greencity.cx.ua/chunk-NUXSP4TM.js:11:76097)
    at Object.o [as next] (https://www.greencity.cx.ua/chunk-NUXSP4TM.js:11:76277)
    at bv.next (https://www.greencity.cx.ua/chunk-NUXSP4TM.js:7:3120)
    at Fr._next (https://www.greencity.cx.ua/chunk-NUXSP4TM.js:7:2803)
    at Fr.next (https://www.greencity.cx.ua/chunk-NUXSP4TM.js:7:2530)
    at https://www.greencity.cx.ua/chunk-NUXSP4TM.js:7:7848
    at Ac (https://www.greencity.cx.ua/chunk-NUXSP4TM.js:7:2222)
    at S0.next (https://www.greencity.cx.ua/chunk-NUXSP4TM.js:7:7687), [2026-03-15T12:01:29.290Z] [SEVERE] https://www.greencity.cx.ua/chunk-NUXSP4TM.js 10:45939 "ERROR" TypeError: Cannot read properties of null (reading 'setValue')
    at n.quillContentChanged (https://www.greencity.cx.ua/chunk-VNNOUBDJ.js:1:16043)
    at https://www.greencity.cx.ua/chunk-VNNOUBDJ.js:1:7223
    at eE (https://www.greencity.cx.ua/chunk-NUXSP4TM.js:11:76097)
    at Object.o [as next] (https://www.greencity.cx.ua/chunk-NUXSP4TM.js:11:76277)
    at bv.next (https://www.greencity.cx.ua/chunk-NUXSP4TM.js:7:3120)
    at Fr._next (https://www.greencity.cx.ua/chunk-NUXSP4TM.js:7:2803)
    at Fr.next (https://www.greencity.cx.ua/chunk-NUXSP4TM.js:7:2530)
    at https://www.greencity.cx.ua/chunk-NUXSP4TM.js:7:7848
    at Ac (https://www.greencity.cx.ua/chunk-NUXSP4TM.js:7:2222)
    at S0.next (https://www.greencity.cx.ua/chunk-NUXSP4TM.js:7:7687), [2026-03-15T12:01:29.296Z] [SEVERE] https://www.greencity.cx.ua/chunk-NUXSP4TM.js 10:45939 "ERROR" TypeError: Cannot read properties of null (reading 'setValue')
    at n.quillContentChanged (https://www.greencity.cx.ua/chunk-VNNOUBDJ.js:1:16043)
    at https://www.greencity.cx.ua/chunk-VNNOUBDJ.js:1:7223
    at eE (https://www.greencity.cx.ua/chunk-NUXSP4TM.js:11:76097)
    at Object.o [as next] (https://www.greencity.cx.ua/chunk-NUXSP4TM.js:11:76277)
    at bv.next (https://www.greencity.cx.ua/chunk-NUXSP4TM.js:7:3120)
    at Fr._next (https://www.greencity.cx.ua/chunk-NUXSP4TM.js:7:2803)
    at Fr.next (https://www.greencity.cx.ua/chunk-NUXSP4TM.js:7:2530)
    at https://www.greencity.cx.ua/chunk-NUXSP4TM.js:7:7848
    at Ac (https://www.greencity.cx.ua/chunk-NUXSP4TM.js:7:2222)
    at S0.next (https://www.greencity.cx.ua/chunk-NUXSP4TM.js:7:7687), [2026-03-15T12:01:29.306Z] [SEVERE] https://www.greencity.cx.ua/chunk-NUXSP4TM.js 10:45939 "ERROR" TypeError: Cannot read properties of null (reading 'setValue')
    at n.quillContentChanged (https://www.greencity.cx.ua/chunk-VNNOUBDJ.js:1:16043)
    at https://www.greencity.cx.ua/chunk-VNNOUBDJ.js:1:7223
    at eE (https://www.greencity.cx.ua/chunk-NUXSP4TM.js:11:76097)
    at Object.o [as next] (https://www.greencity.cx.ua/chunk-NUXSP4TM.js:11:76277)
    at bv.next (https://www.greencity.cx.ua/chunk-NUXSP4TM.js:7:3120)
    at Fr._next (https://www.greencity.cx.ua/chunk-NUXSP4TM.js:7:2803)
    at Fr.next (https://www.greencity.cx.ua/chunk-NUXSP4TM.js:7:2530)
    at https://www.greencity.cx.ua/chunk-NUXSP4TM.js:7:7848
    at Ac (https://www.greencity.cx.ua/chunk-NUXSP4TM.js:7:2222)
    at S0.next (https://www.greencity.cx.ua/chunk-NUXSP4TM.js:7:7687), [2026-03-15T12:01:29.312Z] [SEVERE] https://www.greencity.cx.ua/chunk-NUXSP4TM.js 10:45939 "ERROR" TypeError: Cannot read properties of null (reading 'setValue')
    at n.quillContentChanged (https://www.greencity.cx.ua/chunk-VNNOUBDJ.js:1:16043)
    at https://www.greencity.cx.ua/chunk-VNNOUBDJ.js:1:7223
    at eE (https://www.greencity.cx.ua/chunk-NUXSP4TM.js:11:76097)
    at Object.o [as next] (https://www.greencity.cx.ua/chunk-NUXSP4TM.js:11:76277)
    at bv.next (https://www.greencity.cx.ua/chunk-NUXSP4TM.js:7:3120)
    at Fr._next (https://www.greencity.cx.ua/chunk-NUXSP4TM.js:7:2803)
    at Fr.next (https://www.greencity.cx.ua/chunk-NUXSP4TM.js:7:2530)
    at https://www.greencity.cx.ua/chunk-NUXSP4TM.js:7:7848
    at Ac (https://www.greencity.cx.ua/chunk-NUXSP4TM.js:7:2222)
    at S0.next (https://www.greencity.cx.ua/chunk-NUXSP4TM.js:7:7687), [2026-03-15T12:01:29.318Z] [SEVERE] https://www.greencity.cx.ua/chunk-NUXSP4TM.js 10:45939 "ERROR" TypeError: Cannot read properties of null (reading 'setValue')
    at n.quillContentChanged (https://www.greencity.cx.ua/chunk-VNNOUBDJ.js:1:16043)
    at https://www.greencity.cx.ua/chunk-VNNOUBDJ.js:1:7223
    at eE (https://www.greencity.cx.ua/chunk-NUXSP4TM.js:11:76097)
    at Object.o [as next] (https://www.greencity.cx.ua/chunk-NUXSP4TM.js:11:76277)
    at bv.next (https://www.greencity.cx.ua/chunk-NUXSP4TM.js:7:3120)
    at Fr._next (https://www.greencity.cx.ua/chunk-NUXSP4TM.js:7:2803)
    at Fr.next (https://www.greencity.cx.ua/chunk-NUXSP4TM.js:7:2530)
    at https://www.greencity.cx.ua/chunk-NUXSP4TM.js:7:7848
    at Ac (https://www.greencity.cx.ua/chunk-NUXSP4TM.js:7:2222)
    at S0.next (https://www.greencity.cx.ua/chunk-NUXSP4TM.js:7:7687), [2026-03-15T12:01:29.321Z] [SEVERE] https://www.greencity.cx.ua/chunk-NUXSP4TM.js 10:45939 "ERROR" TypeError: Cannot read properties of null (reading 'setValue')
    at n.quillContentChanged (https://www.greencity.cx.ua/chunk-VNNOUBDJ.js:1:16043)
    at https://www.greencity.cx.ua/chunk-VNNOUBDJ.js:1:7223
    at eE (https://www.greencity.cx.ua/chunk-NUXSP4TM.js:11:76097)
    at Object.o [as next] (https://www.greencity.cx.ua/chunk-NUXSP4TM.js:11:76277)
    at bv.next (https://www.greencity.cx.ua/chunk-NUXSP4TM.js:7:3120)
    at Fr._next (https://www.greencity.cx.ua/chunk-NUXSP4TM.js:7:2803)
    at Fr.next (https://www.greencity.cx.ua/chunk-NUXSP4TM.js:7:2530)
    at https://www.greencity.cx.ua/chunk-NUXSP4TM.js:7:7848
    at Ac (https://www.greencity.cx.ua/chunk-NUXSP4TM.js:7:2222)
    at S0.next (https://www.greencity.cx.ua/chunk-NUXSP4TM.js:7:7687), [2026-03-15T12:01:31.417Z] [SEVERE] https://www.greencity.cx.ua/chunk-NUXSP4TM.js 10:45939 "ERROR" TypeError: Cannot read properties of null (reading 'setValue')
    at n.quillContentChanged (https://www.greencity.cx.ua/chunk-VNNOUBDJ.js:1:16043)
    at https://www.greencity.cx.ua/chunk-VNNOUBDJ.js:1:7223
    at eE (https://www.greencity.cx.ua/chunk-NUXSP4TM.js:11:76097)
    at Object.o [as next] (https://www.greencity.cx.ua/chunk-NUXSP4TM.js:11:76277)
    at bv.next (https://www.greencity.cx.ua/chunk-NUXSP4TM.js:7:3120)
    at Fr._next (https://www.greencity.cx.ua/chunk-NUXSP4TM.js:7:2803)
    at Fr.next (https://www.greencity.cx.ua/chunk-NUXSP4TM.js:7:2530)
    at https://www.greencity.cx.ua/chunk-NUXSP4TM.js:7:7848
    at Ac (https://www.greencity.cx.ua/chunk-NUXSP4TM.js:7:2222)
    at S0.next (https://www.greencity.cx.ua/chunk-NUXSP4TM.js:7:7687), [2026-03-15T12:01:31.510Z] [SEVERE] https://www.greencity.cx.ua/chunk-NUXSP4TM.js 10:45939 "ERROR" TypeError: Cannot read properties of null (reading 'setValue')
    at n.quillContentChanged (https://www.greencity.cx.ua/chunk-VNNOUBDJ.js:1:16043)
    at https://www.greencity.cx.ua/chunk-VNNOUBDJ.js:1:7223
    at eE (https://www.greencity.cx.ua/chunk-NUXSP4TM.js:11:76097)
    at Object.o [as next] (https://www.greencity.cx.ua/chunk-NUXSP4TM.js:11:76277)
    at bv.next (https://www.greencity.cx.ua/chunk-NUXSP4TM.js:7:3120)
    at Fr._next (https://www.greencity.cx.ua/chunk-NUXSP4TM.js:7:2803)
    at Fr.next (https://www.greencity.cx.ua/chunk-NUXSP4TM.js:7:2530)
    at https://www.greencity.cx.ua/chunk-NUXSP4TM.js:7:7848
    at Ac (https://www.greencity.cx.ua/chunk-NUXSP4TM.js:7:2222)
    at S0.next (https://www.greencity.cx.ua/chunk-NUXSP4TM.js:7:7687), [2026-03-15T12:01:31.510Z] [SEVERE] https://www.greencity.cx.ua/chunk-NUXSP4TM.js 10:45939 "ERROR" TypeError: Cannot read properties of null (reading 'setValue')
    at n.quillContentChanged (https://www.greencity.cx.ua/chunk-VNNOUBDJ.js:1:16043)
    at https://www.greencity.cx.ua/chunk-VNNOUBDJ.js:1:7223
    at eE (https://www.greencity.cx.ua/chunk-NUXSP4TM.js:11:76097)
    at Object.o [as next] (https://www.greencity.cx.ua/chunk-NUXSP4TM.js:11:76277)
    at bv.next (https://www.greencity.cx.ua/chunk-NUXSP4TM.js:7:3120)
    at Fr._next (https://www.greencity.cx.ua/chunk-NUXSP4TM.js:7:2803)
    at Fr.next (https://www.greencity.cx.ua/chunk-NUXSP4TM.js:7:2530)
    at https://www.greencity.cx.ua/chunk-NUXSP4TM.js:7:7848
    at Ac (https://www.greencity.cx.ua/chunk-NUXSP4TM.js:7:2222)
    at S0.next (https://www.greencity.cx.ua/chunk-NUXSP4TM.js:7:7687), [2026-03-15T12:01:31.512Z] [SEVERE] https://www.greencity.cx.ua/chunk-NUXSP4TM.js 10:45939 "ERROR" TypeError: Cannot read properties of null (reading 'setValue')
    at n.quillContentChanged (https://www.greencity.cx.ua/chunk-VNNOUBDJ.js:1:16043)
    at https://www.greencity.cx.ua/chunk-VNNOUBDJ.js:1:7223
    at eE (https://www.greencity.cx.ua/chunk-NUXSP4TM.js:11:76097)
    at Object.o [as next] (https://www.greencity.cx.ua/chunk-NUXSP4TM.js:11:76277)
    at bv.next (https://www.greencity.cx.ua/chunk-NUXSP4TM.js:7:3120)
    at Fr._next (https://www.greencity.cx.ua/chunk-NUXSP4TM.js:7:2803)
    at Fr.next (https://www.greencity.cx.ua/chunk-NUXSP4TM.js:7:2530)
    at https://www.greencity.cx.ua/chunk-NUXSP4TM.js:7:7848
    at Ac (https://www.greencity.cx.ua/chunk-NUXSP4TM.js:7:2222)
    at S0.next (https://www.greencity.cx.ua/chunk-NUXSP4TM.js:7:7687), [2026-03-15T12:01:31.515Z] [SEVERE] https://www.greencity.cx.ua/chunk-NUXSP4TM.js 10:45939 "ERROR" TypeError: Cannot read properties of null (reading 'setValue')
    at n.quillContentChanged (https://www.greencity.cx.ua/chunk-VNNOUBDJ.js:1:16043)
    at https://www.greencity.cx.ua/chunk-VNNOUBDJ.js:1:7223
    at eE (https://www.greencity.cx.ua/chunk-NUXSP4TM.js:11:76097)
    at Object.o [as next] (https://www.greencity.cx.ua/chunk-NUXSP4TM.js:11:76277)
    at bv.next (https://www.greencity.cx.ua/chunk-NUXSP4TM.js:7:3120)
    at Fr._next (https://www.greencity.cx.ua/chunk-NUXSP4TM.js:7:2803)
    at Fr.next (https://www.greencity.cx.ua/chunk-NUXSP4TM.js:7:2530)
    at https://www.greencity.cx.ua/chunk-NUXSP4TM.js:7:7848
    at Ac (https://www.greencity.cx.ua/chunk-NUXSP4TM.js:7:2222)
    at S0.next (https://www.greencity.cx.ua/chunk-NUXSP4TM.js:7:7687), [2026-03-15T12:01:31.520Z] [SEVERE] https://www.greencity.cx.ua/chunk-NUXSP4TM.js 10:45939 "ERROR" TypeError: Cannot read properties of null (reading 'setValue')
    at n.quillContentChanged (https://www.greencity.cx.ua/chunk-VNNOUBDJ.js:1:16043)
    at https://www.greencity.cx.ua/chunk-VNNOUBDJ.js:1:7223
    at eE (https://www.greencity.cx.ua/chunk-NUXSP4TM.js:11:76097)
    at Object.o [as next] (https://www.greencity.cx.ua/chunk-NUXSP4TM.js:11:76277)
    at bv.next (https://www.greencity.cx.ua/chunk-NUXSP4TM.js:7:3120)
    at Fr._next (https://www.greencity.cx.ua/chunk-NUXSP4TM.js:7:2803)
    at Fr.next (https://www.greencity.cx.ua/chunk-NUXSP4TM.js:7:2530)
    at https://www.greencity.cx.ua/chunk-NUXSP4TM.js:7:7848
    at Ac (https://www.greencity.cx.ua/chunk-NUXSP4TM.js:7:2222)
    at S0.next (https://www.greencity.cx.ua/chunk-NUXSP4TM.js:7:7687), [2026-03-15T12:01:31.524Z] [SEVERE] https://www.greencity.cx.ua/chunk-NUXSP4TM.js 10:45939 "ERROR" TypeError: Cannot read properties of null (reading 'setValue')
    at n.quillContentChanged (https://www.greencity.cx.ua/chunk-VNNOUBDJ.js:1:16043)
    at https://www.greencity.cx.ua/chunk-VNNOUBDJ.js:1:7223
    at eE (https://www.greencity.cx.ua/chunk-NUXSP4TM.js:11:76097)
    at Object.o [as next] (https://www.greencity.cx.ua/chunk-NUXSP4TM.js:11:76277)
    at bv.next (https://www.greencity.cx.ua/chunk-NUXSP4TM.js:7:3120)
    at Fr._next (https://www.greencity.cx.ua/chunk-NUXSP4TM.js:7:2803)
    at Fr.next (https://www.greencity.cx.ua/chunk-NUXSP4TM.js:7:2530)
    at https://www.greencity.cx.ua/chunk-NUXSP4TM.js:7:7848
    at Ac (https://www.greencity.cx.ua/chunk-NUXSP4TM.js:7:2222)
    at S0.next (https://www.greencity.cx.ua/chunk-NUXSP4TM.js:7:7687), [2026-03-15T12:01:31.529Z] [SEVERE] https://www.greencity.cx.ua/chunk-NUXSP4TM.js 10:45939 "ERROR" TypeError: Cannot read properties of null (reading 'setValue')
    at n.quillContentChanged (https://www.greencity.cx.ua/chunk-VNNOUBDJ.js:1:16043)
    at https://www.greencity.cx.ua/chunk-VNNOUBDJ.js:1:7223
    at eE (https://www.greencity.cx.ua/chunk-NUXSP4TM.js:11:76097)
    at Object.o [as next] (https://www.greencity.cx.ua/chunk-NUXSP4TM.js:11:76277)
    at bv.next (https://www.greencity.cx.ua/chunk-NUXSP4TM.js:7:3120)
    at Fr._next (https://www.greencity.cx.ua/chunk-NUXSP4TM.js:7:2803)
    at Fr.next (https://www.greencity.cx.ua/chunk-NUXSP4TM.js:7:2530)
    at https://www.greencity.cx.ua/chunk-NUXSP4TM.js:7:7848
    at Ac (https://www.greencity.cx.ua/chunk-NUXSP4TM.js:7:2222)
    at S0.next (https://www.greencity.cx.ua/chunk-NUXSP4TM.js:7:7687), [2026-03-15T12:01:31.533Z] [SEVERE] https://www.greencity.cx.ua/chunk-NUXSP4TM.js 10:45939 "ERROR" TypeError: Cannot read properties of null (reading 'setValue')
    at n.quillContentChanged (https://www.greencity.cx.ua/chunk-VNNOUBDJ.js:1:16043)
    at https://www.greencity.cx.ua/chunk-VNNOUBDJ.js:1:7223
    at eE (https://www.greencity.cx.ua/chunk-NUXSP4TM.js:11:76097)
    at Object.o [as next] (https://www.greencity.cx.ua/chunk-NUXSP4TM.js:11:76277)
    at bv.next (https://www.greencity.cx.ua/chunk-NUXSP4TM.js:7:3120)
    at Fr._next (https://www.greencity.cx.ua/chunk-NUXSP4TM.js:7:2803)
    at Fr.next (https://www.greencity.cx.ua/chunk-NUXSP4TM.js:7:2530)
    at https://www.greencity.cx.ua/chunk-NUXSP4TM.js:7:7848
    at Ac (https://www.greencity.cx.ua/chunk-NUXSP4TM.js:7:2222)
    at S0.next (https://www.greencity.cx.ua/chunk-NUXSP4TM.js:7:7687), [2026-03-15T12:01:31.540Z] [SEVERE] https://www.greencity.cx.ua/chunk-NUXSP4TM.js 10:45939 "ERROR" TypeError: Cannot read properties of null (reading 'setValue')
    at n.quillContentChanged (https://www.greencity.cx.ua/chunk-VNNOUBDJ.js:1:16043)
    at https://www.greencity.cx.ua/chunk-VNNOUBDJ.js:1:7223
    at eE (https://www.greencity.cx.ua/chunk-NUXSP4TM.js:11:76097)
    at Object.o [as next] (https://www.greencity.cx.ua/chunk-NUXSP4TM.js:11:76277)
    at bv.next (https://www.greencity.cx.ua/chunk-NUXSP4TM.js:7:3120)
    at Fr._next (https://www.greencity.cx.ua/chunk-NUXSP4TM.js:7:2803)
    at Fr.next (https://www.greencity.cx.ua/chunk-NUXSP4TM.js:7:2530)
    at https://www.greencity.cx.ua/chunk-NUXSP4TM.js:7:7848
    at Ac (https://www.greencity.cx.ua/chunk-NUXSP4TM.js:7:2222)
    at S0.next (https://www.greencity.cx.ua/chunk-NUXSP4TM.js:7:7687), [2026-03-15T12:01:31.541Z] [SEVERE] https://www.greencity.cx.ua/chunk-NUXSP4TM.js 10:45939 "ERROR" TypeError: Cannot read properties of null (reading 'setValue')
    at n.quillContentChanged (https://www.greencity.cx.ua/chunk-VNNOUBDJ.js:1:16043)
    at https://www.greencity.cx.ua/chunk-VNNOUBDJ.js:1:7223
    at eE (https://www.greencity.cx.ua/chunk-NUXSP4TM.js:11:76097)
    at Object.o [as next] (https://www.greencity.cx.ua/chunk-NUXSP4TM.js:11:76277)
    at bv.next (https://www.greencity.cx.ua/chunk-NUXSP4TM.js:7:3120)
    at Fr._next (https://www.greencity.cx.ua/chunk-NUXSP4TM.js:7:2803)
    at Fr.next (https://www.greencity.cx.ua/chunk-NUXSP4TM.js:7:2530)
    at https://www.greencity.cx.ua/chunk-NUXSP4TM.js:7:7848
    at Ac (https://www.greencity.cx.ua/chunk-NUXSP4TM.js:7:2222)
    at S0.next (https://www.greencity.cx.ua/chunk-NUXSP4TM.js:7:7687), [2026-03-15T12:01:31.545Z] [SEVERE] https://www.greencity.cx.ua/chunk-NUXSP4TM.js 10:45939 "ERROR" TypeError: Cannot read properties of null (reading 'setValue')
    at n.quillContentChanged (https://www.greencity.cx.ua/chunk-VNNOUBDJ.js:1:16043)
    at https://www.greencity.cx.ua/chunk-VNNOUBDJ.js:1:7223
    at eE (https://www.greencity.cx.ua/chunk-NUXSP4TM.js:11:76097)
    at Object.o [as next] (https://www.greencity.cx.ua/chunk-NUXSP4TM.js:11:76277)
    at bv.next (https://www.greencity.cx.ua/chunk-NUXSP4TM.js:7:3120)
    at Fr._next (https://www.greencity.cx.ua/chunk-NUXSP4TM.js:7:2803)
    at Fr.next (https://www.greencity.cx.ua/chunk-NUXSP4TM.js:7:2530)
    at https://www.greencity.cx.ua/chunk-NUXSP4TM.js:7:7848
    at Ac (https://www.greencity.cx.ua/chunk-NUXSP4TM.js:7:2222)
    at S0.next (https://www.greencity.cx.ua/chunk-NUXSP4TM.js:7:7687), [2026-03-15T12:01:31.548Z] [SEVERE] https://www.greencity.cx.ua/chunk-NUXSP4TM.js 10:45939 "ERROR" TypeError: Cannot read properties of null (reading 'setValue')
    at n.quillContentChanged (https://www.greencity.cx.ua/chunk-VNNOUBDJ.js:1:16043)
    at https://www.greencity.cx.ua/chunk-VNNOUBDJ.js:1:7223
    at eE (https://www.greencity.cx.ua/chunk-NUXSP4TM.js:11:76097)
    at Object.o [as next] (https://www.greencity.cx.ua/chunk-NUXSP4TM.js:11:76277)
    at bv.next (https://www.greencity.cx.ua/chunk-NUXSP4TM.js:7:3120)
    at Fr._next (https://www.greencity.cx.ua/chunk-NUXSP4TM.js:7:2803)
    at Fr.next (https://www.greencity.cx.ua/chunk-NUXSP4TM.js:7:2530)
    at https://www.greencity.cx.ua/chunk-NUXSP4TM.js:7:7848
    at Ac (https://www.greencity.cx.ua/chunk-NUXSP4TM.js:7:2222)
    at S0.next (https://www.greencity.cx.ua/chunk-NUXSP4TM.js:7:7687), [2026-03-15T12:01:31.553Z] [SEVERE] https://www.greencity.cx.ua/chunk-NUXSP4TM.js 10:45939 "ERROR" TypeError: Cannot read properties of null (reading 'setValue')
    at n.quillContentChanged (https://www.greencity.cx.ua/chunk-VNNOUBDJ.js:1:16043)
    at https://www.greencity.cx.ua/chunk-VNNOUBDJ.js:1:7223
    at eE (https://www.greencity.cx.ua/chunk-NUXSP4TM.js:11:76097)
    at Object.o [as next] (https://www.greencity.cx.ua/chunk-NUXSP4TM.js:11:76277)
    at bv.next (https://www.greencity.cx.ua/chunk-NUXSP4TM.js:7:3120)
    at Fr._next (https://www.greencity.cx.ua/chunk-NUXSP4TM.js:7:2803)
    at Fr.next (https://www.greencity.cx.ua/chunk-NUXSP4TM.js:7:2530)
    at https://www.greencity.cx.ua/chunk-NUXSP4TM.js:7:7848
    at Ac (https://www.greencity.cx.ua/chunk-NUXSP4TM.js:7:2222)
    at S0.next (https://www.greencity.cx.ua/chunk-NUXSP4TM.js:7:7687), [2026-03-15T12:01:31.556Z] [SEVERE] https://www.greencity.cx.ua/chunk-NUXSP4TM.js 10:45939 "ERROR" TypeError: Cannot read properties of null (reading 'setValue')
    at n.quillContentChanged (https://www.greencity.cx.ua/chunk-VNNOUBDJ.js:1:16043)
    at https://www.greencity.cx.ua/chunk-VNNOUBDJ.js:1:7223
    at eE (https://www.greencity.cx.ua/chunk-NUXSP4TM.js:11:76097)
    at Object.o [as next] (https://www.greencity.cx.ua/chunk-NUXSP4TM.js:11:76277)
    at bv.next (https://www.greencity.cx.ua/chunk-NUXSP4TM.js:7:3120)
    at Fr._next (https://www.greencity.cx.ua/chunk-NUXSP4TM.js:7:2803)
    at Fr.next (https://www.greencity.cx.ua/chunk-NUXSP4TM.js:7:2530)
    at https://www.greencity.cx.ua/chunk-NUXSP4TM.js:7:7848
    at Ac (https://www.greencity.cx.ua/chunk-NUXSP4TM.js:7:2222)
    at S0.next (https://www.greencity.cx.ua/chunk-NUXSP4TM.js:7:7687), [2026-03-15T12:01:31.560Z] [SEVERE] https://www.greencity.cx.ua/chunk-NUXSP4TM.js 10:45939 "ERROR" TypeError: Cannot read properties of null (reading 'setValue')
    at n.quillContentChanged (https://www.greencity.cx.ua/chunk-VNNOUBDJ.js:1:16043)
    at https://www.greencity.cx.ua/chunk-VNNOUBDJ.js:1:7223
    at eE (https://www.greencity.cx.ua/chunk-NUXSP4TM.js:11:76097)
    at Object.o [as next] (https://www.greencity.cx.ua/chunk-NUXSP4TM.js:11:76277)
    at bv.next (https://www.greencity.cx.ua/chunk-NUXSP4TM.js:7:3120)
    at Fr._next (https://www.greencity.cx.ua/chunk-NUXSP4TM.js:7:2803)
    at Fr.next (https://www.greencity.cx.ua/chunk-NUXSP4TM.js:7:2530)
    at https://www.greencity.cx.ua/chunk-NUXSP4TM.js:7:7848
    at Ac (https://www.greencity.cx.ua/chunk-NUXSP4TM.js:7:2222)
    at S0.next (https://www.greencity.cx.ua/chunk-NUXSP4TM.js:7:7687), [2026-03-15T12:01:31.566Z] [SEVERE] https://www.greencity.cx.ua/chunk-NUXSP4TM.js 10:45939 "ERROR" TypeError: Cannot read properties of null (reading 'setValue')
    at n.quillContentChanged (https://www.greencity.cx.ua/chunk-VNNOUBDJ.js:1:16043)
    at https://www.greencity.cx.ua/chunk-VNNOUBDJ.js:1:7223
    at eE (https://www.greencity.cx.ua/chunk-NUXSP4TM.js:11:76097)
    at Object.o [as next] (https://www.greencity.cx.ua/chunk-NUXSP4TM.js:11:76277)
    at bv.next (https://www.greencity.cx.ua/chunk-NUXSP4TM.js:7:3120)
    at Fr._next (https://www.greencity.cx.ua/chunk-NUXSP4TM.js:7:2803)
    at Fr.next (https://www.greencity.cx.ua/chunk-NUXSP4TM.js:7:2530)
    at https://www.greencity.cx.ua/chunk-NUXSP4TM.js:7:7848
    at Ac (https://www.greencity.cx.ua/chunk-NUXSP4TM.js:7:2222)
    at S0.next (https://www.greencity.cx.ua/chunk-NUXSP4TM.js:7:7687), [2026-03-15T12:01:31.568Z] [SEVERE] https://www.greencity.cx.ua/chunk-NUXSP4TM.js 10:45939 "ERROR" TypeError: Cannot read properties of null (reading 'setValue')
    at n.quillContentChanged (https://www.greencity.cx.ua/chunk-VNNOUBDJ.js:1:16043)
    at https://www.greencity.cx.ua/chunk-VNNOUBDJ.js:1:7223
    at eE (https://www.greencity.cx.ua/chunk-NUXSP4TM.js:11:76097)
    at Object.o [as next] (https://www.greencity.cx.ua/chunk-NUXSP4TM.js:11:76277)
    at bv.next (https://www.greencity.cx.ua/chunk-NUXSP4TM.js:7:3120)
    at Fr._next (https://www.greencity.cx.ua/chunk-NUXSP4TM.js:7:2803)
    at Fr.next (https://www.greencity.cx.ua/chunk-NUXSP4TM.js:7:2530)
    at https://www.greencity.cx.ua/chunk-NUXSP4TM.js:7:7848
    at Ac (https://www.greencity.cx.ua/chunk-NUXSP4TM.js:7:2222)
    at S0.next (https://www.greencity.cx.ua/chunk-NUXSP4TM.js:7:7687), [2026-03-15T12:01:31.572Z] [SEVERE] https://www.greencity.cx.ua/chunk-NUXSP4TM.js 10:45939 "ERROR" TypeError: Cannot read properties of null (reading 'setValue')
    at n.quillContentChanged (https://www.greencity.cx.ua/chunk-VNNOUBDJ.js:1:16043)
    at https://www.greencity.cx.ua/chunk-VNNOUBDJ.js:1:7223
    at eE (https://www.greencity.cx.ua/chunk-NUXSP4TM.js:11:76097)
    at Object.o [as next] (https://www.greencity.cx.ua/chunk-NUXSP4TM.js:11:76277)
    at bv.next (https://www.greencity.cx.ua/chunk-NUXSP4TM.js:7:3120)
    at Fr._next (https://www.greencity.cx.ua/chunk-NUXSP4TM.js:7:2803)
    at Fr.next (https://www.greencity.cx.ua/chunk-NUXSP4TM.js:7:2530)
    at https://www.greencity.cx.ua/chunk-NUXSP4TM.js:7:7848
    at Ac (https://www.greencity.cx.ua/chunk-NUXSP4TM.js:7:2222)
    at S0.next (https://www.greencity.cx.ua/chunk-NUXSP4TM.js:7:7687), [2026-03-15T12:01:31.575Z] [SEVERE] https://www.greencity.cx.ua/chunk-NUXSP4TM.js 10:45939 "ERROR" TypeError: Cannot read properties of null (reading 'setValue')
    at n.quillContentChanged (https://www.greencity.cx.ua/chunk-VNNOUBDJ.js:1:16043)
    at https://www.greencity.cx.ua/chunk-VNNOUBDJ.js:1:7223
    at eE (https://www.greencity.cx.ua/chunk-NUXSP4TM.js:11:76097)
    at Object.o [as next] (https://www.greencity.cx.ua/chunk-NUXSP4TM.js:11:76277)
    at bv.next (https://www.greencity.cx.ua/chunk-NUXSP4TM.js:7:3120)
    at Fr._next (https://www.greencity.cx.ua/chunk-NUXSP4TM.js:7:2803)
    at Fr.next (https://www.greencity.cx.ua/chunk-NUXSP4TM.js:7:2530)
    at https://www.greencity.cx.ua/chunk-NUXSP4TM.js:7:7848
    at Ac (https://www.greencity.cx.ua/chunk-NUXSP4TM.js:7:2222)
    at S0.next (https://www.greencity.cx.ua/chunk-NUXSP4TM.js:7:7687), [2026-03-15T12:01:31.580Z] [SEVERE] https://www.greencity.cx.ua/chunk-NUXSP4TM.js 10:45939 "ERROR" TypeError: Cannot read properties of null (reading 'setValue')
    at n.quillContentChanged (https://www.greencity.cx.ua/chunk-VNNOUBDJ.js:1:16043)
    at https://www.greencity.cx.ua/chunk-VNNOUBDJ.js:1:7223
    at eE (https://www.greencity.cx.ua/chunk-NUXSP4TM.js:11:76097)
    at Object.o [as next] (https://www.greencity.cx.ua/chunk-NUXSP4TM.js:11:76277)
    at bv.next (https://www.greencity.cx.ua/chunk-NUXSP4TM.js:7:3120)
    at Fr._next (https://www.greencity.cx.ua/chunk-NUXSP4TM.js:7:2803)
    at Fr.next (https://www.greencity.cx.ua/chunk-NUXSP4TM.js:7:2530)
    at https://www.greencity.cx.ua/chunk-NUXSP4TM.js:7:7848
    at Ac (https://www.greencity.cx.ua/chunk-NUXSP4TM.js:7:2222)
    at S0.next (https://www.greencity.cx.ua/chunk-NUXSP4TM.js:7:7687), [2026-03-15T12:01:31.583Z] [SEVERE] https://www.greencity.cx.ua/chunk-NUXSP4TM.js 10:45939 "ERROR" TypeError: Cannot read properties of null (reading 'setValue')
    at n.quillContentChanged (https://www.greencity.cx.ua/chunk-VNNOUBDJ.js:1:16043)
    at https://www.greencity.cx.ua/chunk-VNNOUBDJ.js:1:7223
    at eE (https://www.greencity.cx.ua/chunk-NUXSP4TM.js:11:76097)
    at Object.o [as next] (https://www.greencity.cx.ua/chunk-NUXSP4TM.js:11:76277)
    at bv.next (https://www.greencity.cx.ua/chunk-NUXSP4TM.js:7:3120)
    at Fr._next (https://www.greencity.cx.ua/chunk-NUXSP4TM.js:7:2803)
    at Fr.next (https://www.greencity.cx.ua/chunk-NUXSP4TM.js:7:2530)
    at https://www.greencity.cx.ua/chunk-NUXSP4TM.js:7:7848
    at Ac (https://www.greencity.cx.ua/chunk-NUXSP4TM.js:7:2222)
    at S0.next (https://www.greencity.cx.ua/chunk-NUXSP4TM.js:7:7687), [2026-03-15T12:01:31.587Z] [SEVERE] https://www.greencity.cx.ua/chunk-NUXSP4TM.js 10:45939 "ERROR" TypeError: Cannot read properties of null (reading 'setValue')
    at n.quillContentChanged (https://www.greencity.cx.ua/chunk-VNNOUBDJ.js:1:16043)
    at https://www.greencity.cx.ua/chunk-VNNOUBDJ.js:1:7223
    at eE (https://www.greencity.cx.ua/chunk-NUXSP4TM.js:11:76097)
    at Object.o [as next] (https://www.greencity.cx.ua/chunk-NUXSP4TM.js:11:76277)
    at bv.next (https://www.greencity.cx.ua/chunk-NUXSP4TM.js:7:3120)
    at Fr._next (https://www.greencity.cx.ua/chunk-NUXSP4TM.js:7:2803)
    at Fr.next (https://www.greencity.cx.ua/chunk-NUXSP4TM.js:7:2530)
    at https://www.greencity.cx.ua/chunk-NUXSP4TM.js:7:7848
    at Ac (https://www.greencity.cx.ua/chunk-NUXSP4TM.js:7:2222)
    at S0.next (https://www.greencity.cx.ua/chunk-NUXSP4TM.js:7:7687), [2026-03-15T12:01:31.592Z] [SEVERE] https://www.greencity.cx.ua/chunk-NUXSP4TM.js 10:45939 "ERROR" TypeError: Cannot read properties of null (reading 'setValue')
    at n.quillContentChanged (https://www.greencity.cx.ua/chunk-VNNOUBDJ.js:1:16043)
    at https://www.greencity.cx.ua/chunk-VNNOUBDJ.js:1:7223
    at eE (https://www.greencity.cx.ua/chunk-NUXSP4TM.js:11:76097)
    at Object.o [as next] (https://www.greencity.cx.ua/chunk-NUXSP4TM.js:11:76277)
    at bv.next (https://www.greencity.cx.ua/chunk-NUXSP4TM.js:7:3120)
    at Fr._next (https://www.greencity.cx.ua/chunk-NUXSP4TM.js:7:2803)
    at Fr.next (https://www.greencity.cx.ua/chunk-NUXSP4TM.js:7:2530)
    at https://www.greencity.cx.ua/chunk-NUXSP4TM.js:7:7848
    at Ac (https://www.greencity.cx.ua/chunk-NUXSP4TM.js:7:2222)
    at S0.next (https://www.greencity.cx.ua/chunk-NUXSP4TM.js:7:7687), [2026-03-15T12:01:31.595Z] [SEVERE] https://www.greencity.cx.ua/chunk-NUXSP4TM.js 10:45939 "ERROR" TypeError: Cannot read properties of null (reading 'setValue')
    at n.quillContentChanged (https://www.greencity.cx.ua/chunk-VNNOUBDJ.js:1:16043)
    at https://www.greencity.cx.ua/chunk-VNNOUBDJ.js:1:7223
    at eE (https://www.greencity.cx.ua/chunk-NUXSP4TM.js:11:76097)
    at Object.o [as next] (https://www.greencity.cx.ua/chunk-NUXSP4TM.js:11:76277)
    at bv.next (https://www.greencity.cx.ua/chunk-NUXSP4TM.js:7:3120)
    at Fr._next (https://www.greencity.cx.ua/chunk-NUXSP4TM.js:7:2803)
    at Fr.next (https://www.greencity.cx.ua/chunk-NUXSP4TM.js:7:2530)
    at https://www.greencity.cx.ua/chunk-NUXSP4TM.js:7:7848
    at Ac (https://www.greencity.cx.ua/chunk-NUXSP4TM.js:7:2222)
    at S0.next (https://www.greencity.cx.ua/chunk-NUXSP4TM.js:7:7687), [2026-03-15T12:01:31.596Z] [SEVERE] https://www.greencity.cx.ua/chunk-NUXSP4TM.js 10:45939 "ERROR" TypeError: Cannot read properties of null (reading 'setValue')
    at n.quillContentChanged (https://www.greencity.cx.ua/chunk-VNNOUBDJ.js:1:16043)
    at https://www.greencity.cx.ua/chunk-VNNOUBDJ.js:1:7223
    at eE (https://www.greencity.cx.ua/chunk-NUXSP4TM.js:11:76097)
    at Object.o [as next] (https://www.greencity.cx.ua/chunk-NUXSP4TM.js:11:76277)
    at bv.next (https://www.greencity.cx.ua/chunk-NUXSP4TM.js:7:3120)
    at Fr._next (https://www.greencity.cx.ua/chunk-NUXSP4TM.js:7:2803)
    at Fr.next (https://www.greencity.cx.ua/chunk-NUXSP4TM.js:7:2530)
    at https://www.greencity.cx.ua/chunk-NUXSP4TM.js:7:7848
    at Ac (https://www.greencity.cx.ua/chunk-NUXSP4TM.js:7:2222)
    at S0.next (https://www.greencity.cx.ua/chunk-NUXSP4TM.js:7:7687), [2026-03-15T12:01:31.601Z] [SEVERE] https://www.greencity.cx.ua/chunk-NUXSP4TM.js 10:45939 "ERROR" TypeError: Cannot read properties of null (reading 'setValue')
    at n.quillContentChanged (https://www.greencity.cx.ua/chunk-VNNOUBDJ.js:1:16043)
    at https://www.greencity.cx.ua/chunk-VNNOUBDJ.js:1:7223
    at eE (https://www.greencity.cx.ua/chunk-NUXSP4TM.js:11:76097)
    at Object.o [as next] (https://www.greencity.cx.ua/chunk-NUXSP4TM.js:11:76277)
    at bv.next (https://www.greencity.cx.ua/chunk-NUXSP4TM.js:7:3120)
    at Fr._next (https://www.greencity.cx.ua/chunk-NUXSP4TM.js:7:2803)
    at Fr.next (https://www.greencity.cx.ua/chunk-NUXSP4TM.js:7:2530)
    at https://www.greencity.cx.ua/chunk-NUXSP4TM.js:7:7848
    at Ac (https://www.greencity.cx.ua/chunk-NUXSP4TM.js:7:2222)
    at S0.next (https://www.greencity.cx.ua/chunk-NUXSP4TM.js:7:7687), [2026-03-15T12:01:31.603Z] [SEVERE] https://www.greencity.cx.ua/chunk-NUXSP4TM.js 10:45939 "ERROR" TypeError: Cannot read properties of null (reading 'setValue')
    at n.quillContentChanged (https://www.greencity.cx.ua/chunk-VNNOUBDJ.js:1:16043)
    at https://www.greencity.cx.ua/chunk-VNNOUBDJ.js:1:7223
    at eE (https://www.greencity.cx.ua/chunk-NUXSP4TM.js:11:76097)
    at Object.o [as next] (https://www.greencity.cx.ua/chunk-NUXSP4TM.js:11:76277)
    at bv.next (https://www.greencity.cx.ua/chunk-NUXSP4TM.js:7:3120)
    at Fr._next (https://www.greencity.cx.ua/chunk-NUXSP4TM.js:7:2803)
    at Fr.next (https://www.greencity.cx.ua/chunk-NUXSP4TM.js:7:2530)
    at https://www.greencity.cx.ua/chunk-NUXSP4TM.js:7:7848
    at Ac (https://www.greencity.cx.ua/chunk-NUXSP4TM.js:7:2222)
    at S0.next (https://www.greencity.cx.ua/chunk-NUXSP4TM.js:7:7687), [2026-03-15T12:01:31.606Z] [SEVERE] https://www.greencity.cx.ua/chunk-NUXSP4TM.js 10:45939 "ERROR" TypeError: Cannot read properties of null (reading 'setValue')
    at n.quillContentChanged (https://www.greencity.cx.ua/chunk-VNNOUBDJ.js:1:16043)
    at https://www.greencity.cx.ua/chunk-VNNOUBDJ.js:1:7223
    at eE (https://www.greencity.cx.ua/chunk-NUXSP4TM.js:11:76097)
    at Object.o [as next] (https://www.greencity.cx.ua/chunk-NUXSP4TM.js:11:76277)
    at bv.next (https://www.greencity.cx.ua/chunk-NUXSP4TM.js:7:3120)
    at Fr._next (https://www.greencity.cx.ua/chunk-NUXSP4TM.js:7:2803)
    at Fr.next (https://www.greencity.cx.ua/chunk-NUXSP4TM.js:7:2530)
    at https://www.greencity.cx.ua/chunk-NUXSP4TM.js:7:7848
    at Ac (https://www.greencity.cx.ua/chunk-NUXSP4TM.js:7:2222)
    at S0.next (https://www.greencity.cx.ua/chunk-NUXSP4TM.js:7:7687), [2026-03-15T12:01:31.609Z] [SEVERE] https://www.greencity.cx.ua/chunk-NUXSP4TM.js 10:45939 "ERROR" TypeError: Cannot read properties of null (reading 'setValue')
    at n.quillContentChanged (https://www.greencity.cx.ua/chunk-VNNOUBDJ.js:1:16043)
    at https://www.greencity.cx.ua/chunk-VNNOUBDJ.js:1:7223
    at eE (https://www.greencity.cx.ua/chunk-NUXSP4TM.js:11:76097)
    at Object.o [as next] (https://www.greencity.cx.ua/chunk-NUXSP4TM.js:11:76277)
    at bv.next (https://www.greencity.cx.ua/chunk-NUXSP4TM.js:7:3120)
    at Fr._next (https://www.greencity.cx.ua/chunk-NUXSP4TM.js:7:2803)
    at Fr.next (https://www.greencity.cx.ua/chunk-NUXSP4TM.js:7:2530)
    at https://www.greencity.cx.ua/chunk-NUXSP4TM.js:7:7848
    at Ac (https://www.greencity.cx.ua/chunk-NUXSP4TM.js:7:2222)
    at S0.next (https://www.greencity.cx.ua/chunk-NUXSP4TM.js:7:7687), [2026-03-15T12:01:31.612Z] [SEVERE] https://www.greencity.cx.ua/chunk-NUXSP4TM.js 10:45939 "ERROR" TypeError: Cannot read properties of null (reading 'setValue')
    at n.quillContentChanged (https://www.greencity.cx.ua/chunk-VNNOUBDJ.js:1:16043)
    at https://www.greencity.cx.ua/chunk-VNNOUBDJ.js:1:7223
    at eE (https://www.greencity.cx.ua/chunk-NUXSP4TM.js:11:76097)
    at Object.o [as next] (https://www.greencity.cx.ua/chunk-NUXSP4TM.js:11:76277)
    at bv.next (https://www.greencity.cx.ua/chunk-NUXSP4TM.js:7:3120)
    at Fr._next (https://www.greencity.cx.ua/chunk-NUXSP4TM.js:7:2803)
    at Fr.next (https://www.greencity.cx.ua/chunk-NUXSP4TM.js:7:2530)
    at https://www.greencity.cx.ua/chunk-NUXSP4TM.js:7:7848
    at Ac (https://www.greencity.cx.ua/chunk-NUXSP4TM.js:7:2222)
    at S0.next (https://www.greencity.cx.ua/chunk-NUXSP4TM.js:7:7687), [2026-03-15T12:01:31.614Z] [SEVERE] https://www.greencity.cx.ua/chunk-NUXSP4TM.js 10:45939 "ERROR" TypeError: Cannot read properties of null (reading 'setValue')
    at n.quillContentChanged (https://www.greencity.cx.ua/chunk-VNNOUBDJ.js:1:16043)
    at https://www.greencity.cx.ua/chunk-VNNOUBDJ.js:1:7223
    at eE (https://www.greencity.cx.ua/chunk-NUXSP4TM.js:11:76097)
    at Object.o [as next] (https://www.greencity.cx.ua/chunk-NUXSP4TM.js:11:76277)
    at bv.next (https://www.greencity.cx.ua/chunk-NUXSP4TM.js:7:3120)
    at Fr._next (https://www.greencity.cx.ua/chunk-NUXSP4TM.js:7:2803)
    at Fr.next (https://www.greencity.cx.ua/chunk-NUXSP4TM.js:7:2530)
    at https://www.greencity.cx.ua/chunk-NUXSP4TM.js:7:7848
    at Ac (https://www.greencity.cx.ua/chunk-NUXSP4TM.js:7:2222)
    at S0.next (https://www.greencity.cx.ua/chunk-NUXSP4TM.js:7:7687), [2026-03-15T12:01:31.617Z] [SEVERE] https://www.greencity.cx.ua/chunk-NUXSP4TM.js 10:45939 "ERROR" TypeError: Cannot read properties of null (reading 'setValue')
    at n.quillContentChanged (https://www.greencity.cx.ua/chunk-VNNOUBDJ.js:1:16043)
    at https://www.greencity.cx.ua/chunk-VNNOUBDJ.js:1:7223
    at eE (https://www.greencity.cx.ua/chunk-NUXSP4TM.js:11:76097)
    at Object.o [as next] (https://www.greencity.cx.ua/chunk-NUXSP4TM.js:11:76277)
    at bv.next (https://www.greencity.cx.ua/chunk-NUXSP4TM.js:7:3120)
    at Fr._next (https://www.greencity.cx.ua/chunk-NUXSP4TM.js:7:2803)
    at Fr.next (https://www.greencity.cx.ua/chunk-NUXSP4TM.js:7:2530)
    at https://www.greencity.cx.ua/chunk-NUXSP4TM.js:7:7848
    at Ac (https://www.greencity.cx.ua/chunk-NUXSP4TM.js:7:2222)
    at S0.next (https://www.greencity.cx.ua/chunk-NUXSP4TM.js:7:7687), [2026-03-15T12:01:31.620Z] [SEVERE] https://www.greencity.cx.ua/chunk-NUXSP4TM.js 10:45939 "ERROR" TypeError: Cannot read properties of null (reading 'setValue')
    at n.quillContentChanged (https://www.greencity.cx.ua/chunk-VNNOUBDJ.js:1:16043)
    at https://www.greencity.cx.ua/chunk-VNNOUBDJ.js:1:7223
    at eE (https://www.greencity.cx.ua/chunk-NUXSP4TM.js:11:76097)
    at Object.o [as next] (https://www.greencity.cx.ua/chunk-NUXSP4TM.js:11:76277)
    at bv.next (https://www.greencity.cx.ua/chunk-NUXSP4TM.js:7:3120)
    at Fr._next (https://www.greencity.cx.ua/chunk-NUXSP4TM.js:7:2803)
    at Fr.next (https://www.greencity.cx.ua/chunk-NUXSP4TM.js:7:2530)
    at https://www.greencity.cx.ua/chunk-NUXSP4TM.js:7:7848
    at Ac (https://www.greencity.cx.ua/chunk-NUXSP4TM.js:7:2222)
    at S0.next (https://www.greencity.cx.ua/chunk-NUXSP4TM.js:7:7687), [2026-03-15T12:01:31.623Z] [SEVERE] https://www.greencity.cx.ua/chunk-NUXSP4TM.js 10:45939 "ERROR" TypeError: Cannot read properties of null (reading 'setValue')
    at n.quillContentChanged (https://www.greencity.cx.ua/chunk-VNNOUBDJ.js:1:16043)
    at https://www.greencity.cx.ua/chunk-VNNOUBDJ.js:1:7223
    at eE (https://www.greencity.cx.ua/chunk-NUXSP4TM.js:11:76097)
    at Object.o [as next] (https://www.greencity.cx.ua/chunk-NUXSP4TM.js:11:76277)
    at bv.next (https://www.greencity.cx.ua/chunk-NUXSP4TM.js:7:3120)
    at Fr._next (https://www.greencity.cx.ua/chunk-NUXSP4TM.js:7:2803)
    at Fr.next (https://www.greencity.cx.ua/chunk-NUXSP4TM.js:7:2530)
    at https://www.greencity.cx.ua/chunk-NUXSP4TM.js:7:7848
    at Ac (https://www.greencity.cx.ua/chunk-NUXSP4TM.js:7:2222)
    at S0.next (https://www.greencity.cx.ua/chunk-NUXSP4TM.js:7:7687), [2026-03-15T12:01:31.625Z] [SEVERE] https://www.greencity.cx.ua/chunk-NUXSP4TM.js 10:45939 "ERROR" TypeError: Cannot read properties of null (reading 'setValue')
    at n.quillContentChanged (https://www.greencity.cx.ua/chunk-VNNOUBDJ.js:1:16043)
    at https://www.greencity.cx.ua/chunk-VNNOUBDJ.js:1:7223
    at eE (https://www.greencity.cx.ua/chunk-NUXSP4TM.js:11:76097)
    at Object.o [as next] (https://www.greencity.cx.ua/chunk-NUXSP4TM.js:11:76277)
    at bv.next (https://www.greencity.cx.ua/chunk-NUXSP4TM.js:7:3120)
    at Fr._next (https://www.greencity.cx.ua/chunk-NUXSP4TM.js:7:2803)
    at Fr.next (https://www.greencity.cx.ua/chunk-NUXSP4TM.js:7:2530)
    at https://www.greencity.cx.ua/chunk-NUXSP4TM.js:7:7848
    at Ac (https://www.greencity.cx.ua/chunk-NUXSP4TM.js:7:2222)
    at S0.next (https://www.greencity.cx.ua/chunk-NUXSP4TM.js:7:7687), [2026-03-15T12:01:31.628Z] [SEVERE] https://www.greencity.cx.ua/chunk-NUXSP4TM.js 10:45939 "ERROR" TypeError: Cannot read properties of null (reading 'setValue')
    at n.quillContentChanged (https://www.greencity.cx.ua/chunk-VNNOUBDJ.js:1:16043)
    at https://www.greencity.cx.ua/chunk-VNNOUBDJ.js:1:7223
    at eE (https://www.greencity.cx.ua/chunk-NUXSP4TM.js:11:76097)
    at Object.o [as next] (https://www.greencity.cx.ua/chunk-NUXSP4TM.js:11:76277)
    at bv.next (https://www.greencity.cx.ua/chunk-NUXSP4TM.js:7:3120)
    at Fr._next (https://www.greencity.cx.ua/chunk-NUXSP4TM.js:7:2803)
    at Fr.next (https://www.greencity.cx.ua/chunk-NUXSP4TM.js:7:2530)
    at https://www.greencity.cx.ua/chunk-NUXSP4TM.js:7:7848
    at Ac (https://www.greencity.cx.ua/chunk-NUXSP4TM.js:7:2222)
    at S0.next (https://www.greencity.cx.ua/chunk-NUXSP4TM.js:7:7687), [2026-03-15T12:01:31.630Z] [SEVERE] https://www.greencity.cx.ua/chunk-NUXSP4TM.js 10:45939 "ERROR" TypeError: Cannot read properties of null (reading 'setValue')
    at n.quillContentChanged (https://www.greencity.cx.ua/chunk-VNNOUBDJ.js:1:16043)
    at https://www.greencity.cx.ua/chunk-VNNOUBDJ.js:1:7223
    at eE (https://www.greencity.cx.ua/chunk-NUXSP4TM.js:11:76097)
    at Object.o [as next] (https://www.greencity.cx.ua/chunk-NUXSP4TM.js:11:76277)
    at bv.next (https://www.greencity.cx.ua/chunk-NUXSP4TM.js:7:3120)
    at Fr._next (https://www.greencity.cx.ua/chunk-NUXSP4TM.js:7:2803)
    at Fr.next (https://www.greencity.cx.ua/chunk-NUXSP4TM.js:7:2530)
    at https://www.greencity.cx.ua/chunk-NUXSP4TM.js:7:7848
    at Ac (https://www.greencity.cx.ua/chunk-NUXSP4TM.js:7:2222)
    at S0.next (https://www.greencity.cx.ua/chunk-NUXSP4TM.js:7:7687), [2026-03-15T12:01:31.632Z] [SEVERE] https://www.greencity.cx.ua/chunk-NUXSP4TM.js 10:45939 "ERROR" TypeError: Cannot read properties of null (reading 'setValue')
    at n.quillContentChanged (https://www.greencity.cx.ua/chunk-VNNOUBDJ.js:1:16043)
    at https://www.greencity.cx.ua/chunk-VNNOUBDJ.js:1:7223
    at eE (https://www.greencity.cx.ua/chunk-NUXSP4TM.js:11:76097)
    at Object.o [as next] (https://www.greencity.cx.ua/chunk-NUXSP4TM.js:11:76277)
    at bv.next (https://www.greencity.cx.ua/chunk-NUXSP4TM.js:7:3120)
    at Fr._next (https://www.greencity.cx.ua/chunk-NUXSP4TM.js:7:2803)
    at Fr.next (https://www.greencity.cx.ua/chunk-NUXSP4TM.js:7:2530)
    at https://www.greencity.cx.ua/chunk-NUXSP4TM.js:7:7848
    at Ac (https://www.greencity.cx.ua/chunk-NUXSP4TM.js:7:2222)
    at S0.next (https://www.greencity.cx.ua/chunk-NUXSP4TM.js:7:7687), [2026-03-15T12:01:31.635Z] [SEVERE] https://www.greencity.cx.ua/chunk-NUXSP4TM.js 10:45939 "ERROR" TypeError: Cannot read properties of null (reading 'setValue')
    at n.quillContentChanged (https://www.greencity.cx.ua/chunk-VNNOUBDJ.js:1:16043)
    at https://www.greencity.cx.ua/chunk-VNNOUBDJ.js:1:7223
    at eE (https://www.greencity.cx.ua/chunk-NUXSP4TM.js:11:76097)
    at Object.o [as next] (https://www.greencity.cx.ua/chunk-NUXSP4TM.js:11:76277)
    at bv.next (https://www.greencity.cx.ua/chunk-NUXSP4TM.js:7:3120)
    at Fr._next (https://www.greencity.cx.ua/chunk-NUXSP4TM.js:7:2803)
    at Fr.next (https://www.greencity.cx.ua/chunk-NUXSP4TM.js:7:2530)
    at https://www.greencity.cx.ua/chunk-NUXSP4TM.js:7:7848
    at Ac (https://www.greencity.cx.ua/chunk-NUXSP4TM.js:7:2222)
    at S0.next (https://www.greencity.cx.ua/chunk-NUXSP4TM.js:7:7687), [2026-03-15T12:01:31.638Z] [SEVERE] https://www.greencity.cx.ua/chunk-NUXSP4TM.js 10:45939 "ERROR" TypeError: Cannot read properties of null (reading 'setValue')
    at n.quillContentChanged (https://www.greencity.cx.ua/chunk-VNNOUBDJ.js:1:16043)
    at https://www.greencity.cx.ua/chunk-VNNOUBDJ.js:1:7223
    at eE (https://www.greencity.cx.ua/chunk-NUXSP4TM.js:11:76097)
    at Object.o [as next] (https://www.greencity.cx.ua/chunk-NUXSP4TM.js:11:76277)
    at bv.next (https://www.greencity.cx.ua/chunk-NUXSP4TM.js:7:3120)
    at Fr._next (https://www.greencity.cx.ua/chunk-NUXSP4TM.js:7:2803)
    at Fr.next (https://www.greencity.cx.ua/chunk-NUXSP4TM.js:7:2530)
    at https://www.greencity.cx.ua/chunk-NUXSP4TM.js:7:7848
    at Ac (https://www.greencity.cx.ua/chunk-NUXSP4TM.js:7:2222)
    at S0.next (https://www.greencity.cx.ua/chunk-NUXSP4TM.js:7:7687), [2026-03-15T12:01:31.640Z] [SEVERE] https://www.greencity.cx.ua/chunk-NUXSP4TM.js 10:45939 "ERROR" TypeError: Cannot read properties of null (reading 'setValue')
    at n.quillContentChanged (https://www.greencity.cx.ua/chunk-VNNOUBDJ.js:1:16043)
    at https://www.greencity.cx.ua/chunk-VNNOUBDJ.js:1:7223
    at eE (https://www.greencity.cx.ua/chunk-NUXSP4TM.js:11:76097)
    at Object.o [as next] (https://www.greencity.cx.ua/chunk-NUXSP4TM.js:11:76277)
    at bv.next (https://www.greencity.cx.ua/chunk-NUXSP4TM.js:7:3120)
    at Fr._next (https://www.greencity.cx.ua/chunk-NUXSP4TM.js:7:2803)
    at Fr.next (https://www.greencity.cx.ua/chunk-NUXSP4TM.js:7:2530)
    at https://www.greencity.cx.ua/chunk-NUXSP4TM.js:7:7848
    at Ac (https://www.greencity.cx.ua/chunk-NUXSP4TM.js:7:2222)
    at S0.next (https://www.greencity.cx.ua/chunk-NUXSP4TM.js:7:7687), [2026-03-15T12:01:31.644Z] [SEVERE] https://www.greencity.cx.ua/chunk-NUXSP4TM.js 10:45939 "ERROR" TypeError: Cannot read properties of null (reading 'setValue')
    at n.quillContentChanged (https://www.greencity.cx.ua/chunk-VNNOUBDJ.js:1:16043)
    at https://www.greencity.cx.ua/chunk-VNNOUBDJ.js:1:7223
    at eE (https://www.greencity.cx.ua/chunk-NUXSP4TM.js:11:76097)
    at Object.o [as next] (https://www.greencity.cx.ua/chunk-NUXSP4TM.js:11:76277)
    at bv.next (https://www.greencity.cx.ua/chunk-NUXSP4TM.js:7:3120)
    at Fr._next (https://www.greencity.cx.ua/chunk-NUXSP4TM.js:7:2803)
    at Fr.next (https://www.greencity.cx.ua/chunk-NUXSP4TM.js:7:2530)
    at https://www.greencity.cx.ua/chunk-NUXSP4TM.js:7:7848
    at Ac (https://www.greencity.cx.ua/chunk-NUXSP4TM.js:7:2222)
    at S0.next (https://www.greencity.cx.ua/chunk-NUXSP4TM.js:7:7687), [2026-03-15T12:01:31.646Z] [SEVERE] https://www.greencity.cx.ua/chunk-NUXSP4TM.js 10:45939 "ERROR" TypeError: Cannot read properties of null (reading 'setValue')
    at n.quillContentChanged (https://www.greencity.cx.ua/chunk-VNNOUBDJ.js:1:16043)
    at https://www.greencity.cx.ua/chunk-VNNOUBDJ.js:1:7223
    at eE (https://www.greencity.cx.ua/chunk-NUXSP4TM.js:11:76097)
    at Object.o [as next] (https://www.greencity.cx.ua/chunk-NUXSP4TM.js:11:76277)
    at bv.next (https://www.greencity.cx.ua/chunk-NUXSP4TM.js:7:3120)
    at Fr._next (https://www.greencity.cx.ua/chunk-NUXSP4TM.js:7:2803)
    at Fr.next (https://www.greencity.cx.ua/chunk-NUXSP4TM.js:7:2530)
    at https://www.greencity.cx.ua/chunk-NUXSP4TM.js:7:7848
    at Ac (https://www.greencity.cx.ua/chunk-NUXSP4TM.js:7:2222)
    at S0.next (https://www.greencity.cx.ua/chunk-NUXSP4TM.js:7:7687), [2026-03-15T12:01:31.652Z] [SEVERE] https://www.greencity.cx.ua/chunk-NUXSP4TM.js 10:45939 "ERROR" TypeError: Cannot read properties of null (reading 'setValue')
    at n.quillContentChanged (https://www.greencity.cx.ua/chunk-VNNOUBDJ.js:1:16043)
    at https://www.greencity.cx.ua/chunk-VNNOUBDJ.js:1:7223
    at eE (https://www.greencity.cx.ua/chunk-NUXSP4TM.js:11:76097)
    at Object.o [as next] (https://www.greencity.cx.ua/chunk-NUXSP4TM.js:11:76277)
    at bv.next (https://www.greencity.cx.ua/chunk-NUXSP4TM.js:7:3120)
    at Fr._next (https://www.greencity.cx.ua/chunk-NUXSP4TM.js:7:2803)
    at Fr.next (https://www.greencity.cx.ua/chunk-NUXSP4TM.js:7:2530)
    at https://www.greencity.cx.ua/chunk-NUXSP4TM.js:7:7848
    at Ac (https://www.greencity.cx.ua/chunk-NUXSP4TM.js:7:2222)
    at S0.next (https://www.greencity.cx.ua/chunk-NUXSP4TM.js:7:7687), [2026-03-15T12:01:31.655Z] [SEVERE] https://www.greencity.cx.ua/chunk-NUXSP4TM.js 10:45939 "ERROR" TypeError: Cannot read properties of null (reading 'setValue')
    at n.quillContentChanged (https://www.greencity.cx.ua/chunk-VNNOUBDJ.js:1:16043)
    at https://www.greencity.cx.ua/chunk-VNNOUBDJ.js:1:7223
    at eE (https://www.greencity.cx.ua/chunk-NUXSP4TM.js:11:76097)
    at Object.o [as next] (https://www.greencity.cx.ua/chunk-NUXSP4TM.js:11:76277)
    at bv.next (https://www.greencity.cx.ua/chunk-NUXSP4TM.js:7:3120)
    at Fr._next (https://www.greencity.cx.ua/chunk-NUXSP4TM.js:7:2803)
    at Fr.next (https://www.greencity.cx.ua/chunk-NUXSP4TM.js:7:2530)
    at https://www.greencity.cx.ua/chunk-NUXSP4TM.js:7:7848
    at Ac (https://www.greencity.cx.ua/chunk-NUXSP4TM.js:7:2222)
    at S0.next (https://www.greencity.cx.ua/chunk-NUXSP4TM.js:7:7687), [2026-03-15T12:01:31.657Z] [SEVERE] https://www.greencity.cx.ua/chunk-NUXSP4TM.js 10:45939 "ERROR" TypeError: Cannot read properties of null (reading 'setValue')
    at n.quillContentChanged (https://www.greencity.cx.ua/chunk-VNNOUBDJ.js:1:16043)
    at https://www.greencity.cx.ua/chunk-VNNOUBDJ.js:1:7223
    at eE (https://www.greencity.cx.ua/chunk-NUXSP4TM.js:11:76097)
    at Object.o [as next] (https://www.greencity.cx.ua/chunk-NUXSP4TM.js:11:76277)
    at bv.next (https://www.greencity.cx.ua/chunk-NUXSP4TM.js:7:3120)
    at Fr._next (https://www.greencity.cx.ua/chunk-NUXSP4TM.js:7:2803)
    at Fr.next (https://www.greencity.cx.ua/chunk-NUXSP4TM.js:7:2530)
    at https://www.greencity.cx.ua/chunk-NUXSP4TM.js:7:7848
    at Ac (https://www.greencity.cx.ua/chunk-NUXSP4TM.js:7:2222)
    at S0.next (https://www.greencity.cx.ua/chunk-NUXSP4TM.js:7:7687), [2026-03-15T12:01:31.660Z] [SEVERE] https://www.greencity.cx.ua/chunk-NUXSP4TM.js 10:45939 "ERROR" TypeError: Cannot read properties of null (reading 'setValue')
    at n.quillContentChanged (https://www.greencity.cx.ua/chunk-VNNOUBDJ.js:1:16043)
    at https://www.greencity.cx.ua/chunk-VNNOUBDJ.js:1:7223
    at eE (https://www.greencity.cx.ua/chunk-NUXSP4TM.js:11:76097)
    at Object.o [as next] (https://www.greencity.cx.ua/chunk-NUXSP4TM.js:11:76277)
    at bv.next (https://www.greencity.cx.ua/chunk-NUXSP4TM.js:7:3120)
    at Fr._next (https://www.greencity.cx.ua/chunk-NUXSP4TM.js:7:2803)
    at Fr.next (https://www.greencity.cx.ua/chunk-NUXSP4TM.js:7:2530)
    at https://www.greencity.cx.ua/chunk-NUXSP4TM.js:7:7848
    at Ac (https://www.greencity.cx.ua/chunk-NUXSP4TM.js:7:2222)
    at S0.next (https://www.greencity.cx.ua/chunk-NUXSP4TM.js:7:7687), [2026-03-15T12:01:31.663Z] [SEVERE] https://www.greencity.cx.ua/chunk-NUXSP4TM.js 10:45939 "ERROR" TypeError: Cannot read properties of null (reading 'setValue')
    at n.quillContentChanged (https://www.greencity.cx.ua/chunk-VNNOUBDJ.js:1:16043)
    at https://www.greencity.cx.ua/chunk-VNNOUBDJ.js:1:7223
    at eE (https://www.greencity.cx.ua/chunk-NUXSP4TM.js:11:76097)
    at Object.o [as next] (https://www.greencity.cx.ua/chunk-NUXSP4TM.js:11:76277)
    at bv.next (https://www.greencity.cx.ua/chunk-NUXSP4TM.js:7:3120)
    at Fr._next (https://www.greencity.cx.ua/chunk-NUXSP4TM.js:7:2803)
    at Fr.next (https://www.greencity.cx.ua/chunk-NUXSP4TM.js:7:2530)
    at https://www.greencity.cx.ua/chunk-NUXSP4TM.js:7:7848
    at Ac (https://www.greencity.cx.ua/chunk-NUXSP4TM.js:7:2222)
    at S0.next (https://www.greencity.cx.ua/chunk-NUXSP4TM.js:7:7687), [2026-03-15T12:01:31.667Z] [SEVERE] https://www.greencity.cx.ua/chunk-NUXSP4TM.js 10:45939 "ERROR" TypeError: Cannot read properties of null (reading 'setValue')
    at n.quillContentChanged (https://www.greencity.cx.ua/chunk-VNNOUBDJ.js:1:16043)
    at https://www.greencity.cx.ua/chunk-VNNOUBDJ.js:1:7223
    at eE (https://www.greencity.cx.ua/chunk-NUXSP4TM.js:11:76097)
    at Object.o [as next] (https://www.greencity.cx.ua/chunk-NUXSP4TM.js:11:76277)
    at bv.next (https://www.greencity.cx.ua/chunk-NUXSP4TM.js:7:3120)
    at Fr._next (https://www.greencity.cx.ua/chunk-NUXSP4TM.js:7:2803)
    at Fr.next (https://www.greencity.cx.ua/chunk-NUXSP4TM.js:7:2530)
    at https://www.greencity.cx.ua/chunk-NUXSP4TM.js:7:7848
    at Ac (https://www.greencity.cx.ua/chunk-NUXSP4TM.js:7:2222)
    at S0.next (https://www.greencity.cx.ua/chunk-NUXSP4TM.js:7:7687), [2026-03-15T12:01:31.671Z] [SEVERE] https://www.greencity.cx.ua/chunk-NUXSP4TM.js 10:45939 "ERROR" TypeError: Cannot read properties of null (reading 'setValue')
    at n.quillContentChanged (https://www.greencity.cx.ua/chunk-VNNOUBDJ.js:1:16043)
    at https://www.greencity.cx.ua/chunk-VNNOUBDJ.js:1:7223
    at eE (https://www.greencity.cx.ua/chunk-NUXSP4TM.js:11:76097)
    at Object.o [as next] (https://www.greencity.cx.ua/chunk-NUXSP4TM.js:11:76277)
    at bv.next (https://www.greencity.cx.ua/chunk-NUXSP4TM.js:7:3120)
    at Fr._next (https://www.greencity.cx.ua/chunk-NUXSP4TM.js:7:2803)
    at Fr.next (https://www.greencity.cx.ua/chunk-NUXSP4TM.js:7:2530)
    at https://www.greencity.cx.ua/chunk-NUXSP4TM.js:7:7848
    at Ac (https://www.greencity.cx.ua/chunk-NUXSP4TM.js:7:2222)
    at S0.next (https://www.greencity.cx.ua/chunk-NUXSP4TM.js:7:7687), [2026-03-15T12:01:31.673Z] [SEVERE] https://www.greencity.cx.ua/chunk-NUXSP4TM.js 10:45939 "ERROR" TypeError: Cannot read properties of null (reading 'setValue')
    at n.quillContentChanged (https://www.greencity.cx.ua/chunk-VNNOUBDJ.js:1:16043)
    at https://www.greencity.cx.ua/chunk-VNNOUBDJ.js:1:7223
    at eE (https://www.greencity.cx.ua/chunk-NUXSP4TM.js:11:76097)
    at Object.o [as next] (https://www.greencity.cx.ua/chunk-NUXSP4TM.js:11:76277)
    at bv.next (https://www.greencity.cx.ua/chunk-NUXSP4TM.js:7:3120)
    at Fr._next (https://www.greencity.cx.ua/chunk-NUXSP4TM.js:7:2803)
    at Fr.next (https://www.greencity.cx.ua/chunk-NUXSP4TM.js:7:2530)
    at https://www.greencity.cx.ua/chunk-NUXSP4TM.js:7:7848
    at Ac (https://www.greencity.cx.ua/chunk-NUXSP4TM.js:7:2222)
    at S0.next (https://www.greencity.cx.ua/chunk-NUXSP4TM.js:7:7687), [2026-03-15T12:01:31.676Z] [SEVERE] https://www.greencity.cx.ua/chunk-NUXSP4TM.js 10:45939 "ERROR" TypeError: Cannot read properties of null (reading 'setValue')
    at n.quillContentChanged (https://www.greencity.cx.ua/chunk-VNNOUBDJ.js:1:16043)
    at https://www.greencity.cx.ua/chunk-VNNOUBDJ.js:1:7223
    at eE (https://www.greencity.cx.ua/chunk-NUXSP4TM.js:11:76097)
    at Object.o [as next] (https://www.greencity.cx.ua/chunk-NUXSP4TM.js:11:76277)
    at bv.next (https://www.greencity.cx.ua/chunk-NUXSP4TM.js:7:3120)
    at Fr._next (https://www.greencity.cx.ua/chunk-NUXSP4TM.js:7:2803)
    at Fr.next (https://www.greencity.cx.ua/chunk-NUXSP4TM.js:7:2530)
    at https://www.greencity.cx.ua/chunk-NUXSP4TM.js:7:7848
    at Ac (https://www.greencity.cx.ua/chunk-NUXSP4TM.js:7:2222)
    at S0.next (https://www.greencity.cx.ua/chunk-NUXSP4TM.js:7:7687), [2026-03-15T12:01:31.678Z] [SEVERE] https://www.greencity.cx.ua/chunk-NUXSP4TM.js 10:45939 "ERROR" TypeError: Cannot read properties of null (reading 'setValue')
    at n.quillContentChanged (https://www.greencity.cx.ua/chunk-VNNOUBDJ.js:1:16043)
    at https://www.greencity.cx.ua/chunk-VNNOUBDJ.js:1:7223
    at eE (https://www.greencity.cx.ua/chunk-NUXSP4TM.js:11:76097)
    at Object.o [as next] (https://www.greencity.cx.ua/chunk-NUXSP4TM.js:11:76277)
    at bv.next (https://www.greencity.cx.ua/chunk-NUXSP4TM.js:7:3120)
    at Fr._next (https://www.greencity.cx.ua/chunk-NUXSP4TM.js:7:2803)
    at Fr.next (https://www.greencity.cx.ua/chunk-NUXSP4TM.js:7:2530)
    at https://www.greencity.cx.ua/chunk-NUXSP4TM.js:7:7848
    at Ac (https://www.greencity.cx.ua/chunk-NUXSP4TM.js:7:2222)
    at S0.next (https://www.greencity.cx.ua/chunk-NUXSP4TM.js:7:7687), [2026-03-15T12:01:31.680Z] [SEVERE] https://www.greencity.cx.ua/chunk-NUXSP4TM.js 10:45939 "ERROR" TypeError: Cannot read properties of null (reading 'setValue')
    at n.quillContentChanged (https://www.greencity.cx.ua/chunk-VNNOUBDJ.js:1:16043)
    at https://www.greencity.cx.ua/chunk-VNNOUBDJ.js:1:7223
    at eE (https://www.greencity.cx.ua/chunk-NUXSP4TM.js:11:76097)
    at Object.o [as next] (https://www.greencity.cx.ua/chunk-NUXSP4TM.js:11:76277)
    at bv.next (https://www.greencity.cx.ua/chunk-NUXSP4TM.js:7:3120)
    at Fr._next (https://www.greencity.cx.ua/chunk-NUXSP4TM.js:7:2803)
    at Fr.next (https://www.greencity.cx.ua/chunk-NUXSP4TM.js:7:2530)
    at https://www.greencity.cx.ua/chunk-NUXSP4TM.js:7:7848
    at Ac (https://www.greencity.cx.ua/chunk-NUXSP4TM.js:7:2222)
    at S0.next (https://www.greencity.cx.ua/chunk-NUXSP4TM.js:7:7687), [2026-03-15T12:01:31.683Z] [SEVERE] https://www.greencity.cx.ua/chunk-NUXSP4TM.js 10:45939 "ERROR" TypeError: Cannot read properties of null (reading 'setValue')
    at n.quillContentChanged (https://www.greencity.cx.ua/chunk-VNNOUBDJ.js:1:16043)
    at https://www.greencity.cx.ua/chunk-VNNOUBDJ.js:1:7223
    at eE (https://www.greencity.cx.ua/chunk-NUXSP4TM.js:11:76097)
    at Object.o [as next] (https://www.greencity.cx.ua/chunk-NUXSP4TM.js:11:76277)
    at bv.next (https://www.greencity.cx.ua/chunk-NUXSP4TM.js:7:3120)
    at Fr._next (https://www.greencity.cx.ua/chunk-NUXSP4TM.js:7:2803)
    at Fr.next (https://www.greencity.cx.ua/chunk-NUXSP4TM.js:7:2530)
    at https://www.greencity.cx.ua/chunk-NUXSP4TM.js:7:7848
    at Ac (https://www.greencity.cx.ua/chunk-NUXSP4TM.js:7:2222)
    at S0.next (https://www.greencity.cx.ua/chunk-NUXSP4TM.js:7:7687), [2026-03-15T12:01:31.685Z] [SEVERE] https://www.greencity.cx.ua/chunk-NUXSP4TM.js 10:45939 "ERROR" TypeError: Cannot read properties of null (reading 'setValue')
    at n.quillContentChanged (https://www.greencity.cx.ua/chunk-VNNOUBDJ.js:1:16043)
    at https://www.greencity.cx.ua/chunk-VNNOUBDJ.js:1:7223
    at eE (https://www.greencity.cx.ua/chunk-NUXSP4TM.js:11:76097)
    at Object.o [as next] (https://www.greencity.cx.ua/chunk-NUXSP4TM.js:11:76277)
    at bv.next (https://www.greencity.cx.ua/chunk-NUXSP4TM.js:7:3120)
    at Fr._next (https://www.greencity.cx.ua/chunk-NUXSP4TM.js:7:2803)
    at Fr.next (https://www.greencity.cx.ua/chunk-NUXSP4TM.js:7:2530)
    at https://www.greencity.cx.ua/chunk-NUXSP4TM.js:7:7848
    at Ac (https://www.greencity.cx.ua/chunk-NUXSP4TM.js:7:2222)
    at S0.next (https://www.greencity.cx.ua/chunk-NUXSP4TM.js:7:7687), [2026-03-15T12:01:31.688Z] [SEVERE] https://www.greencity.cx.ua/chunk-NUXSP4TM.js 10:45939 "ERROR" TypeError: Cannot read properties of null (reading 'setValue')
    at n.quillContentChanged (https://www.greencity.cx.ua/chunk-VNNOUBDJ.js:1:16043)
    at https://www.greencity.cx.ua/chunk-VNNOUBDJ.js:1:7223
    at eE (https://www.greencity.cx.ua/chunk-NUXSP4TM.js:11:76097)
    at Object.o [as next] (https://www.greencity.cx.ua/chunk-NUXSP4TM.js:11:76277)
    at bv.next (https://www.greencity.cx.ua/chunk-NUXSP4TM.js:7:3120)
    at Fr._next (https://www.greencity.cx.ua/chunk-NUXSP4TM.js:7:2803)
    at Fr.next (https://www.greencity.cx.ua/chunk-NUXSP4TM.js:7:2530)
    at https://www.greencity.cx.ua/chunk-NUXSP4TM.js:7:7848
    at Ac (https://www.greencity.cx.ua/chunk-NUXSP4TM.js:7:2222)
    at S0.next (https://www.greencity.cx.ua/chunk-NUXSP4TM.js:7:7687), [2026-03-15T12:01:31.690Z] [SEVERE] https://www.greencity.cx.ua/chunk-NUXSP4TM.js 10:45939 "ERROR" TypeError: Cannot read properties of null (reading 'setValue')
    at n.quillContentChanged (https://www.greencity.cx.ua/chunk-VNNOUBDJ.js:1:16043)
    at https://www.greencity.cx.ua/chunk-VNNOUBDJ.js:1:7223
    at eE (https://www.greencity.cx.ua/chunk-NUXSP4TM.js:11:76097)
    at Object.o [as next] (https://www.greencity.cx.ua/chunk-NUXSP4TM.js:11:76277)
    at bv.next (https://www.greencity.cx.ua/chunk-NUXSP4TM.js:7:3120)
    at Fr._next (https://www.greencity.cx.ua/chunk-NUXSP4TM.js:7:2803)
    at Fr.next (https://www.greencity.cx.ua/chunk-NUXSP4TM.js:7:2530)
    at https://www.greencity.cx.ua/chunk-NUXSP4TM.js:7:7848
    at Ac (https://www.greencity.cx.ua/chunk-NUXSP4TM.js:7:2222)
    at S0.next (https://www.greencity.cx.ua/chunk-NUXSP4TM.js:7:7687), [2026-03-15T12:01:31.693Z] [SEVERE] https://www.greencity.cx.ua/chunk-NUXSP4TM.js 10:45939 "ERROR" TypeError: Cannot read properties of null (reading 'setValue')
    at n.quillContentChanged (https://www.greencity.cx.ua/chunk-VNNOUBDJ.js:1:16043)
    at https://www.greencity.cx.ua/chunk-VNNOUBDJ.js:1:7223
    at eE (https://www.greencity.cx.ua/chunk-NUXSP4TM.js:11:76097)
    at Object.o [as next] (https://www.greencity.cx.ua/chunk-NUXSP4TM.js:11:76277)
    at bv.next (https://www.greencity.cx.ua/chunk-NUXSP4TM.js:7:3120)
    at Fr._next (https://www.greencity.cx.ua/chunk-NUXSP4TM.js:7:2803)
    at Fr.next (https://www.greencity.cx.ua/chunk-NUXSP4TM.js:7:2530)
    at https://www.greencity.cx.ua/chunk-NUXSP4TM.js:7:7848
    at Ac (https://www.greencity.cx.ua/chunk-NUXSP4TM.js:7:2222)
    at S0.next (https://www.greencity.cx.ua/chunk-NUXSP4TM.js:7:7687), [2026-03-15T12:01:31.695Z] [SEVERE] https://www.greencity.cx.ua/chunk-NUXSP4TM.js 10:45939 "ERROR" TypeError: Cannot read properties of null (reading 'setValue')
    at n.quillContentChanged (https://www.greencity.cx.ua/chunk-VNNOUBDJ.js:1:16043)
    at https://www.greencity.cx.ua/chunk-VNNOUBDJ.js:1:7223
    at eE (https://www.greencity.cx.ua/chunk-NUXSP4TM.js:11:76097)
    at Object.o [as next] (https://www.greencity.cx.ua/chunk-NUXSP4TM.js:11:76277)
    at bv.next (https://www.greencity.cx.ua/chunk-NUXSP4TM.js:7:3120)
    at Fr._next (https://www.greencity.cx.ua/chunk-NUXSP4TM.js:7:2803)
    at Fr.next (https://www.greencity.cx.ua/chunk-NUXSP4TM.js:7:2530)
    at https://www.greencity.cx.ua/chunk-NUXSP4TM.js:7:7848
    at Ac (https://www.greencity.cx.ua/chunk-NUXSP4TM.js:7:2222)
    at S0.next (https://www.greencity.cx.ua/chunk-NUXSP4TM.js:7:7687), [2026-03-15T12:01:31.700Z] [SEVERE] https://www.greencity.cx.ua/chunk-NUXSP4TM.js 10:45939 "ERROR" TypeError: Cannot read properties of null (reading 'setValue')
    at n.quillContentChanged (https://www.greencity.cx.ua/chunk-VNNOUBDJ.js:1:16043)
    at https://www.greencity.cx.ua/chunk-VNNOUBDJ.js:1:7223
    at eE (https://www.greencity.cx.ua/chunk-NUXSP4TM.js:11:76097)
    at Object.o [as next] (https://www.greencity.cx.ua/chunk-NUXSP4TM.js:11:76277)
    at bv.next (https://www.greencity.cx.ua/chunk-NUXSP4TM.js:7:3120)
    at Fr._next (https://www.greencity.cx.ua/chunk-NUXSP4TM.js:7:2803)
    at Fr.next (https://www.greencity.cx.ua/chunk-NUXSP4TM.js:7:2530)
    at https://www.greencity.cx.ua/chunk-NUXSP4TM.js:7:7848
    at Ac (https://www.greencity.cx.ua/chunk-NUXSP4TM.js:7:2222)
    at S0.next (https://www.greencity.cx.ua/chunk-NUXSP4TM.js:7:7687), [2026-03-15T12:01:31.702Z] [SEVERE] https://www.greencity.cx.ua/chunk-NUXSP4TM.js 10:45939 "ERROR" TypeError: Cannot read properties of null (reading 'setValue')
    at n.quillContentChanged (https://www.greencity.cx.ua/chunk-VNNOUBDJ.js:1:16043)
    at https://www.greencity.cx.ua/chunk-VNNOUBDJ.js:1:7223
    at eE (https://www.greencity.cx.ua/chunk-NUXSP4TM.js:11:76097)
    at Object.o [as next] (https://www.greencity.cx.ua/chunk-NUXSP4TM.js:11:76277)
    at bv.next (https://www.greencity.cx.ua/chunk-NUXSP4TM.js:7:3120)
    at Fr._next (https://www.greencity.cx.ua/chunk-NUXSP4TM.js:7:2803)
    at Fr.next (https://www.greencity.cx.ua/chunk-NUXSP4TM.js:7:2530)
    at https://www.greencity.cx.ua/chunk-NUXSP4TM.js:7:7848
    at Ac (https://www.greencity.cx.ua/chunk-NUXSP4TM.js:7:2222)
    at S0.next (https://www.greencity.cx.ua/chunk-NUXSP4TM.js:7:7687), [2026-03-15T12:01:31.704Z] [SEVERE] https://www.greencity.cx.ua/chunk-NUXSP4TM.js 10:45939 "ERROR" TypeError: Cannot read properties of null (reading 'setValue')
    at n.quillContentChanged (https://www.greencity.cx.ua/chunk-VNNOUBDJ.js:1:16043)
    at https://www.greencity.cx.ua/chunk-VNNOUBDJ.js:1:7223
    at eE (https://www.greencity.cx.ua/chunk-NUXSP4TM.js:11:76097)
    at Object.o [as next] (https://www.greencity.cx.ua/chunk-NUXSP4TM.js:11:76277)
    at bv.next (https://www.greencity.cx.ua/chunk-NUXSP4TM.js:7:3120)
    at Fr._next (https://www.greencity.cx.ua/chunk-NUXSP4TM.js:7:2803)
    at Fr.next (https://www.greencity.cx.ua/chunk-NUXSP4TM.js:7:2530)
    at https://www.greencity.cx.ua/chunk-NUXSP4TM.js:7:7848
    at Ac (https://www.greencity.cx.ua/chunk-NUXSP4TM.js:7:2222)
    at S0.next (https://www.greencity.cx.ua/chunk-NUXSP4TM.js:7:7687), [2026-03-15T12:01:31.707Z] [SEVERE] https://www.greencity.cx.ua/chunk-NUXSP4TM.js 10:45939 "ERROR" TypeError: Cannot read properties of null (reading 'setValue')
    at n.quillContentChanged (https://www.greencity.cx.ua/chunk-VNNOUBDJ.js:1:16043)
    at https://www.greencity.cx.ua/chunk-VNNOUBDJ.js:1:7223
    at eE (https://www.greencity.cx.ua/chunk-NUXSP4TM.js:11:76097)
    at Object.o [as next] (https://www.greencity.cx.ua/chunk-NUXSP4TM.js:11:76277)
    at bv.next (https://www.greencity.cx.ua/chunk-NUXSP4TM.js:7:3120)
    at Fr._next (https://www.greencity.cx.ua/chunk-NUXSP4TM.js:7:2803)
    at Fr.next (https://www.greencity.cx.ua/chunk-NUXSP4TM.js:7:2530)
    at https://www.greencity.cx.ua/chunk-NUXSP4TM.js:7:7848
    at Ac (https://www.greencity.cx.ua/chunk-NUXSP4TM.js:7:2222)
    at S0.next (https://www.greencity.cx.ua/chunk-NUXSP4TM.js:7:7687), [2026-03-15T12:01:31.709Z] [SEVERE] https://www.greencity.cx.ua/chunk-NUXSP4TM.js 10:45939 "ERROR" TypeError: Cannot read properties of null (reading 'setValue')
    at n.quillContentChanged (https://www.greencity.cx.ua/chunk-VNNOUBDJ.js:1:16043)
    at https://www.greencity.cx.ua/chunk-VNNOUBDJ.js:1:7223
    at eE (https://www.greencity.cx.ua/chunk-NUXSP4TM.js:11:76097)
    at Object.o [as next] (https://www.greencity.cx.ua/chunk-NUXSP4TM.js:11:76277)
    at bv.next (https://www.greencity.cx.ua/chunk-NUXSP4TM.js:7:3120)
    at Fr._next (https://www.greencity.cx.ua/chunk-NUXSP4TM.js:7:2803)
    at Fr.next (https://www.greencity.cx.ua/chunk-NUXSP4TM.js:7:2530)
    at https://www.greencity.cx.ua/chunk-NUXSP4TM.js:7:7848
    at Ac (https://www.greencity.cx.ua/chunk-NUXSP4TM.js:7:2222)
    at S0.next (https://www.greencity.cx.ua/chunk-NUXSP4TM.js:7:7687), [2026-03-15T12:01:31.712Z] [SEVERE] https://www.greencity.cx.ua/chunk-NUXSP4TM.js 10:45939 "ERROR" TypeError: Cannot read properties of null (reading 'setValue')
    at n.quillContentChanged (https://www.greencity.cx.ua/chunk-VNNOUBDJ.js:1:16043)
    at https://www.greencity.cx.ua/chunk-VNNOUBDJ.js:1:7223
    at eE (https://www.greencity.cx.ua/chunk-NUXSP4TM.js:11:76097)
    at Object.o [as next] (https://www.greencity.cx.ua/chunk-NUXSP4TM.js:11:76277)
    at bv.next (https://www.greencity.cx.ua/chunk-NUXSP4TM.js:7:3120)
    at Fr._next (https://www.greencity.cx.ua/chunk-NUXSP4TM.js:7:2803)
    at Fr.next (https://www.greencity.cx.ua/chunk-NUXSP4TM.js:7:2530)
    at https://www.greencity.cx.ua/chunk-NUXSP4TM.js:7:7848
    at Ac (https://www.greencity.cx.ua/chunk-NUXSP4TM.js:7:2222)
    at S0.next (https://www.greencity.cx.ua/chunk-NUXSP4TM.js:7:7687), [2026-03-15T12:01:31.714Z] [SEVERE] https://www.greencity.cx.ua/chunk-NUXSP4TM.js 10:45939 "ERROR" TypeError: Cannot read properties of null (reading 'setValue')
    at n.quillContentChanged (https://www.greencity.cx.ua/chunk-VNNOUBDJ.js:1:16043)
    at https://www.greencity.cx.ua/chunk-VNNOUBDJ.js:1:7223
    at eE (https://www.greencity.cx.ua/chunk-NUXSP4TM.js:11:76097)
    at Object.o [as next] (https://www.greencity.cx.ua/chunk-NUXSP4TM.js:11:76277)
    at bv.next (https://www.greencity.cx.ua/chunk-NUXSP4TM.js:7:3120)
    at Fr._next (https://www.greencity.cx.ua/chunk-NUXSP4TM.js:7:2803)
    at Fr.next (https://www.greencity.cx.ua/chunk-NUXSP4TM.js:7:2530)
    at https://www.greencity.cx.ua/chunk-NUXSP4TM.js:7:7848
    at Ac (https://www.greencity.cx.ua/chunk-NUXSP4TM.js:7:2222)
    at S0.next (https://www.greencity.cx.ua/chunk-NUXSP4TM.js:7:7687), [2026-03-15T12:01:31.718Z] [SEVERE] https://www.greencity.cx.ua/chunk-NUXSP4TM.js 10:45939 "ERROR" TypeError: Cannot read properties of null (reading 'setValue')
    at n.quillContentChanged (https://www.greencity.cx.ua/chunk-VNNOUBDJ.js:1:16043)
    at https://www.greencity.cx.ua/chunk-VNNOUBDJ.js:1:7223
    at eE (https://www.greencity.cx.ua/chunk-NUXSP4TM.js:11:76097)
    at Object.o [as next] (https://www.greencity.cx.ua/chunk-NUXSP4TM.js:11:76277)
    at bv.next (https://www.greencity.cx.ua/chunk-NUXSP4TM.js:7:3120)
    at Fr._next (https://www.greencity.cx.ua/chunk-NUXSP4TM.js:7:2803)
    at Fr.next (https://www.greencity.cx.ua/chunk-NUXSP4TM.js:7:2530)
    at https://www.greencity.cx.ua/chunk-NUXSP4TM.js:7:7848
    at Ac (https://www.greencity.cx.ua/chunk-NUXSP4TM.js:7:2222)
    at S0.next (https://www.greencity.cx.ua/chunk-NUXSP4TM.js:7:7687), [2026-03-15T12:01:31.719Z] [SEVERE] https://www.greencity.cx.ua/chunk-NUXSP4TM.js 10:45939 "ERROR" TypeError: Cannot read properties of null (reading 'setValue')
    at n.quillContentChanged (https://www.greencity.cx.ua/chunk-VNNOUBDJ.js:1:16043)
    at https://www.greencity.cx.ua/chunk-VNNOUBDJ.js:1:7223
    at eE (https://www.greencity.cx.ua/chunk-NUXSP4TM.js:11:76097)
    at Object.o [as next] (https://www.greencity.cx.ua/chunk-NUXSP4TM.js:11:76277)
    at bv.next (https://www.greencity.cx.ua/chunk-NUXSP4TM.js:7:3120)
    at Fr._next (https://www.greencity.cx.ua/chunk-NUXSP4TM.js:7:2803)
    at Fr.next (https://www.greencity.cx.ua/chunk-NUXSP4TM.js:7:2530)
    at https://www.greencity.cx.ua/chunk-NUXSP4TM.js:7:7848
    at Ac (https://www.greencity.cx.ua/chunk-NUXSP4TM.js:7:2222)
    at S0.next (https://www.greencity.cx.ua/chunk-NUXSP4TM.js:7:7687), [2026-03-15T12:01:31.722Z] [SEVERE] https://www.greencity.cx.ua/chunk-NUXSP4TM.js 10:45939 "ERROR" TypeError: Cannot read properties of null (reading 'setValue')
    at n.quillContentChanged (https://www.greencity.cx.ua/chunk-VNNOUBDJ.js:1:16043)
    at https://www.greencity.cx.ua/chunk-VNNOUBDJ.js:1:7223
    at eE (https://www.greencity.cx.ua/chunk-NUXSP4TM.js:11:76097)
    at Object.o [as next] (https://www.greencity.cx.ua/chunk-NUXSP4TM.js:11:76277)
    at bv.next (https://www.greencity.cx.ua/chunk-NUXSP4TM.js:7:3120)
    at Fr._next (https://www.greencity.cx.ua/chunk-NUXSP4TM.js:7:2803)
    at Fr.next (https://www.greencity.cx.ua/chunk-NUXSP4TM.js:7:2530)
    at https://www.greencity.cx.ua/chunk-NUXSP4TM.js:7:7848
    at Ac (https://www.greencity.cx.ua/chunk-NUXSP4TM.js:7:2222)
    at S0.next (https://www.greencity.cx.ua/chunk-NUXSP4TM.js:7:7687), [2026-03-15T12:01:31.724Z] [SEVERE] https://www.greencity.cx.ua/chunk-NUXSP4TM.js 10:45939 "ERROR" TypeError: Cannot read properties of null (reading 'setValue')
    at n.quillContentChanged (https://www.greencity.cx.ua/chunk-VNNOUBDJ.js:1:16043)
    at https://www.greencity.cx.ua/chunk-VNNOUBDJ.js:1:7223
    at eE (https://www.greencity.cx.ua/chunk-NUXSP4TM.js:11:76097)
    at Object.o [as next] (https://www.greencity.cx.ua/chunk-NUXSP4TM.js:11:76277)
    at bv.next (https://www.greencity.cx.ua/chunk-NUXSP4TM.js:7:3120)
    at Fr._next (https://www.greencity.cx.ua/chunk-NUXSP4TM.js:7:2803)
    at Fr.next (https://www.greencity.cx.ua/chunk-NUXSP4TM.js:7:2530)
    at https://www.greencity.cx.ua/chunk-NUXSP4TM.js:7:7848
    at Ac (https://www.greencity.cx.ua/chunk-NUXSP4TM.js:7:2222)
    at S0.next (https://www.greencity.cx.ua/chunk-NUXSP4TM.js:7:7687), [2026-03-15T12:01:31.727Z] [SEVERE] https://www.greencity.cx.ua/chunk-NUXSP4TM.js 10:45939 "ERROR" TypeError: Cannot read properties of null (reading 'setValue')
    at n.quillContentChanged (https://www.greencity.cx.ua/chunk-VNNOUBDJ.js:1:16043)
    at https://www.greencity.cx.ua/chunk-VNNOUBDJ.js:1:7223
    at eE (https://www.greencity.cx.ua/chunk-NUXSP4TM.js:11:76097)
    at Object.o [as next] (https://www.greencity.cx.ua/chunk-NUXSP4TM.js:11:76277)
    at bv.next (https://www.greencity.cx.ua/chunk-NUXSP4TM.js:7:3120)
    at Fr._next (https://www.greencity.cx.ua/chunk-NUXSP4TM.js:7:2803)
    at Fr.next (https://www.greencity.cx.ua/chunk-NUXSP4TM.js:7:2530)
    at https://www.greencity.cx.ua/chunk-NUXSP4TM.js:7:7848
    at Ac (https://www.greencity.cx.ua/chunk-NUXSP4TM.js:7:2222)
    at S0.next (https://www.greencity.cx.ua/chunk-NUXSP4TM.js:7:7687), [2026-03-15T12:01:31.729Z] [SEVERE] https://www.greencity.cx.ua/chunk-NUXSP4TM.js 10:45939 "ERROR" TypeError: Cannot read properties of null (reading 'setValue')
    at n.quillContentChanged (https://www.greencity.cx.ua/chunk-VNNOUBDJ.js:1:16043)
    at https://www.greencity.cx.ua/chunk-VNNOUBDJ.js:1:7223
    at eE (https://www.greencity.cx.ua/chunk-NUXSP4TM.js:11:76097)
    at Object.o [as next] (https://www.greencity.cx.ua/chunk-NUXSP4TM.js:11:76277)
    at bv.next (https://www.greencity.cx.ua/chunk-NUXSP4TM.js:7:3120)
    at Fr._next (https://www.greencity.cx.ua/chunk-NUXSP4TM.js:7:2803)
    at Fr.next (https://www.greencity.cx.ua/chunk-NUXSP4TM.js:7:2530)
    at https://www.greencity.cx.ua/chunk-NUXSP4TM.js:7:7848
    at Ac (https://www.greencity.cx.ua/chunk-NUXSP4TM.js:7:2222)
    at S0.next (https://www.greencity.cx.ua/chunk-NUXSP4TM.js:7:7687), [2026-03-15T12:01:31.731Z] [SEVERE] https://www.greencity.cx.ua/chunk-NUXSP4TM.js 10:45939 "ERROR" TypeError: Cannot read properties of null (reading 'setValue')
    at n.quillContentChanged (https://www.greencity.cx.ua/chunk-VNNOUBDJ.js:1:16043)
    at https://www.greencity.cx.ua/chunk-VNNOUBDJ.js:1:7223
    at eE (https://www.greencity.cx.ua/chunk-NUXSP4TM.js:11:76097)
    at Object.o [as next] (https://www.greencity.cx.ua/chunk-NUXSP4TM.js:11:76277)
    at bv.next (https://www.greencity.cx.ua/chunk-NUXSP4TM.js:7:3120)
    at Fr._next (https://www.greencity.cx.ua/chunk-NUXSP4TM.js:7:2803)
    at Fr.next (https://www.greencity.cx.ua/chunk-NUXSP4TM.js:7:2530)
    at https://www.greencity.cx.ua/chunk-NUXSP4TM.js:7:7848
    at Ac (https://www.greencity.cx.ua/chunk-NUXSP4TM.js:7:2222)
    at S0.next (https://www.greencity.cx.ua/chunk-NUXSP4TM.js:7:7687), [2026-03-15T12:01:31.733Z] [SEVERE] https://www.greencity.cx.ua/chunk-NUXSP4TM.js 10:45939 "ERROR" TypeError: Cannot read properties of null (reading 'setValue')
    at n.quillContentChanged (https://www.greencity.cx.ua/chunk-VNNOUBDJ.js:1:16043)
    at https://www.greencity.cx.ua/chunk-VNNOUBDJ.js:1:7223
    at eE (https://www.greencity.cx.ua/chunk-NUXSP4TM.js:11:76097)
    at Object.o [as next] (https://www.greencity.cx.ua/chunk-NUXSP4TM.js:11:76277)
    at bv.next (https://www.greencity.cx.ua/chunk-NUXSP4TM.js:7:3120)
    at Fr._next (https://www.greencity.cx.ua/chunk-NUXSP4TM.js:7:2803)
    at Fr.next (https://www.greencity.cx.ua/chunk-NUXSP4TM.js:7:2530)
    at https://www.greencity.cx.ua/chunk-NUXSP4TM.js:7:7848
    at Ac (https://www.greencity.cx.ua/chunk-NUXSP4TM.js:7:2222)
    at S0.next (https://www.greencity.cx.ua/chunk-NUXSP4TM.js:7:7687), [2026-03-15T12:01:31.737Z] [SEVERE] https://www.greencity.cx.ua/chunk-NUXSP4TM.js 10:45939 "ERROR" TypeError: Cannot read properties of null (reading 'setValue')
    at n.quillContentChanged (https://www.greencity.cx.ua/chunk-VNNOUBDJ.js:1:16043)
    at https://www.greencity.cx.ua/chunk-VNNOUBDJ.js:1:7223
    at eE (https://www.greencity.cx.ua/chunk-NUXSP4TM.js:11:76097)
    at Object.o [as next] (https://www.greencity.cx.ua/chunk-NUXSP4TM.js:11:76277)
    at bv.next (https://www.greencity.cx.ua/chunk-NUXSP4TM.js:7:3120)
    at Fr._next (https://www.greencity.cx.ua/chunk-NUXSP4TM.js:7:2803)
    at Fr.next (https://www.greencity.cx.ua/chunk-NUXSP4TM.js:7:2530)
    at https://www.greencity.cx.ua/chunk-NUXSP4TM.js:7:7848
    at Ac (https://www.greencity.cx.ua/chunk-NUXSP4TM.js:7:2222)
    at S0.next (https://www.greencity.cx.ua/chunk-NUXSP4TM.js:7:7687), [2026-03-15T12:01:31.739Z] [SEVERE] https://www.greencity.cx.ua/chunk-NUXSP4TM.js 10:45939 "ERROR" TypeError: Cannot read properties of null (reading 'setValue')
    at n.quillContentChanged (https://www.greencity.cx.ua/chunk-VNNOUBDJ.js:1:16043)
    at https://www.greencity.cx.ua/chunk-VNNOUBDJ.js:1:7223
    at eE (https://www.greencity.cx.ua/chunk-NUXSP4TM.js:11:76097)
    at Object.o [as next] (https://www.greencity.cx.ua/chunk-NUXSP4TM.js:11:76277)
    at bv.next (https://www.greencity.cx.ua/chunk-NUXSP4TM.js:7:3120)
    at Fr._next (https://www.greencity.cx.ua/chunk-NUXSP4TM.js:7:2803)
    at Fr.next (https://www.greencity.cx.ua/chunk-NUXSP4TM.js:7:2530)
    at https://www.greencity.cx.ua/chunk-NUXSP4TM.js:7:7848
    at Ac (https://www.greencity.cx.ua/chunk-NUXSP4TM.js:7:2222)
    at S0.next (https://www.greencity.cx.ua/chunk-NUXSP4TM.js:7:7687), [2026-03-15T12:01:31.742Z] [SEVERE] https://www.greencity.cx.ua/chunk-NUXSP4TM.js 10:45939 "ERROR" TypeError: Cannot read properties of null (reading 'setValue')
    at n.quillContentChanged (https://www.greencity.cx.ua/chunk-VNNOUBDJ.js:1:16043)
    at https://www.greencity.cx.ua/chunk-VNNOUBDJ.js:1:7223
    at eE (https://www.greencity.cx.ua/chunk-NUXSP4TM.js:11:76097)
    at Object.o [as next] (https://www.greencity.cx.ua/chunk-NUXSP4TM.js:11:76277)
    at bv.next (https://www.greencity.cx.ua/chunk-NUXSP4TM.js:7:3120)
    at Fr._next (https://www.greencity.cx.ua/chunk-NUXSP4TM.js:7:2803)
    at Fr.next (https://www.greencity.cx.ua/chunk-NUXSP4TM.js:7:2530)
    at https://www.greencity.cx.ua/chunk-NUXSP4TM.js:7:7848
    at Ac (https://www.greencity.cx.ua/chunk-NUXSP4TM.js:7:2222)
    at S0.next (https://www.greencity.cx.ua/chunk-NUXSP4TM.js:7:7687), [2026-03-15T12:01:31.745Z] [SEVERE] https://www.greencity.cx.ua/chunk-NUXSP4TM.js 10:45939 "ERROR" TypeError: Cannot read properties of null (reading 'setValue')
    at n.quillContentChanged (https://www.greencity.cx.ua/chunk-VNNOUBDJ.js:1:16043)
    at https://www.greencity.cx.ua/chunk-VNNOUBDJ.js:1:7223
    at eE (https://www.greencity.cx.ua/chunk-NUXSP4TM.js:11:76097)
    at Object.o [as next] (https://www.greencity.cx.ua/chunk-NUXSP4TM.js:11:76277)
    at bv.next (https://www.greencity.cx.ua/chunk-NUXSP4TM.js:7:3120)
    at Fr._next (https://www.greencity.cx.ua/chunk-NUXSP4TM.js:7:2803)
    at Fr.next (https://www.greencity.cx.ua/chunk-NUXSP4TM.js:7:2530)
    at https://www.greencity.cx.ua/chunk-NUXSP4TM.js:7:7848
    at Ac (https://www.greencity.cx.ua/chunk-NUXSP4TM.js:7:2222)
    at S0.next (https://www.greencity.cx.ua/chunk-NUXSP4TM.js:7:7687), [2026-03-15T12:01:31.748Z] [SEVERE] https://www.greencity.cx.ua/chunk-NUXSP4TM.js 10:45939 "ERROR" TypeError: Cannot read properties of null (reading 'setValue')
    at n.quillContentChanged (https://www.greencity.cx.ua/chunk-VNNOUBDJ.js:1:16043)
    at https://www.greencity.cx.ua/chunk-VNNOUBDJ.js:1:7223
    at eE (https://www.greencity.cx.ua/chunk-NUXSP4TM.js:11:76097)
    at Object.o [as next] (https://www.greencity.cx.ua/chunk-NUXSP4TM.js:11:76277)
    at bv.next (https://www.greencity.cx.ua/chunk-NUXSP4TM.js:7:3120)
    at Fr._next (https://www.greencity.cx.ua/chunk-NUXSP4TM.js:7:2803)
    at Fr.next (https://www.greencity.cx.ua/chunk-NUXSP4TM.js:7:2530)
    at https://www.greencity.cx.ua/chunk-NUXSP4TM.js:7:7848
    at Ac (https://www.greencity.cx.ua/chunk-NUXSP4TM.js:7:2222)
    at S0.next (https://www.greencity.cx.ua/chunk-NUXSP4TM.js:7:7687), [2026-03-15T12:01:31.750Z] [SEVERE] https://www.greencity.cx.ua/chunk-NUXSP4TM.js 10:45939 "ERROR" TypeError: Cannot read properties of null (reading 'setValue')
    at n.quillContentChanged (https://www.greencity.cx.ua/chunk-VNNOUBDJ.js:1:16043)
    at https://www.greencity.cx.ua/chunk-VNNOUBDJ.js:1:7223
    at eE (https://www.greencity.cx.ua/chunk-NUXSP4TM.js:11:76097)
    at Object.o [as next] (https://www.greencity.cx.ua/chunk-NUXSP4TM.js:11:76277)
    at bv.next (https://www.greencity.cx.ua/chunk-NUXSP4TM.js:7:3120)
    at Fr._next (https://www.greencity.cx.ua/chunk-NUXSP4TM.js:7:2803)
    at Fr.next (https://www.greencity.cx.ua/chunk-NUXSP4TM.js:7:2530)
    at https://www.greencity.cx.ua/chunk-NUXSP4TM.js:7:7848
    at Ac (https://www.greencity.cx.ua/chunk-NUXSP4TM.js:7:2222)
    at S0.next (https://www.greencity.cx.ua/chunk-NUXSP4TM.js:7:7687), [2026-03-15T12:01:31.752Z] [SEVERE] https://www.greencity.cx.ua/chunk-NUXSP4TM.js 10:45939 "ERROR" TypeError: Cannot read properties of null (reading 'setValue')
    at n.quillContentChanged (https://www.greencity.cx.ua/chunk-VNNOUBDJ.js:1:16043)
    at https://www.greencity.cx.ua/chunk-VNNOUBDJ.js:1:7223
    at eE (https://www.greencity.cx.ua/chunk-NUXSP4TM.js:11:76097)
    at Object.o [as next] (https://www.greencity.cx.ua/chunk-NUXSP4TM.js:11:76277)
    at bv.next (https://www.greencity.cx.ua/chunk-NUXSP4TM.js:7:3120)
    at Fr._next (https://www.greencity.cx.ua/chunk-NUXSP4TM.js:7:2803)
    at Fr.next (https://www.greencity.cx.ua/chunk-NUXSP4TM.js:7:2530)
    at https://www.greencity.cx.ua/chunk-NUXSP4TM.js:7:7848
    at Ac (https://www.greencity.cx.ua/chunk-NUXSP4TM.js:7:2222)
    at S0.next (https://www.greencity.cx.ua/chunk-NUXSP4TM.js:7:7687), [2026-03-15T12:01:31.755Z] [SEVERE] https://www.greencity.cx.ua/chunk-NUXSP4TM.js 10:45939 "ERROR" TypeError: Cannot read properties of null (reading 'setValue')
    at n.quillContentChanged (https://www.greencity.cx.ua/chunk-VNNOUBDJ.js:1:16043)
    at https://www.greencity.cx.ua/chunk-VNNOUBDJ.js:1:7223
    at eE (https://www.greencity.cx.ua/chunk-NUXSP4TM.js:11:76097)
    at Object.o [as next] (https://www.greencity.cx.ua/chunk-NUXSP4TM.js:11:76277)
    at bv.next (https://www.greencity.cx.ua/chunk-NUXSP4TM.js:7:3120)
    at Fr._next (https://www.greencity.cx.ua/chunk-NUXSP4TM.js:7:2803)
    at Fr.next (https://www.greencity.cx.ua/chunk-NUXSP4TM.js:7:2530)
    at https://www.greencity.cx.ua/chunk-NUXSP4TM.js:7:7848
    at Ac (https://www.greencity.cx.ua/chunk-NUXSP4TM.js:7:2222)
    at S0.next (https://www.greencity.cx.ua/chunk-NUXSP4TM.js:7:7687), [2026-03-15T12:01:31.758Z] [SEVERE] https://www.greencity.cx.ua/chunk-NUXSP4TM.js 10:45939 "ERROR" TypeError: Cannot read properties of null (reading 'setValue')
    at n.quillContentChanged (https://www.greencity.cx.ua/chunk-VNNOUBDJ.js:1:16043)
    at https://www.greencity.cx.ua/chunk-VNNOUBDJ.js:1:7223
    at eE (https://www.greencity.cx.ua/chunk-NUXSP4TM.js:11:76097)
    at Object.o [as next] (https://www.greencity.cx.ua/chunk-NUXSP4TM.js:11:76277)
    at bv.next (https://www.greencity.cx.ua/chunk-NUXSP4TM.js:7:3120)
    at Fr._next (https://www.greencity.cx.ua/chunk-NUXSP4TM.js:7:2803)
    at Fr.next (https://www.greencity.cx.ua/chunk-NUXSP4TM.js:7:2530)
    at https://www.greencity.cx.ua/chunk-NUXSP4TM.js:7:7848
    at Ac (https://www.greencity.cx.ua/chunk-NUXSP4TM.js:7:2222)
    at S0.next (https://www.greencity.cx.ua/chunk-NUXSP4TM.js:7:7687), [2026-03-15T12:01:31.760Z] [SEVERE] https://www.greencity.cx.ua/chunk-NUXSP4TM.js 10:45939 "ERROR" TypeError: Cannot read properties of null (reading 'setValue')
    at n.quillContentChanged (https://www.greencity.cx.ua/chunk-VNNOUBDJ.js:1:16043)
    at https://www.greencity.cx.ua/chunk-VNNOUBDJ.js:1:7223
    at eE (https://www.greencity.cx.ua/chunk-NUXSP4TM.js:11:76097)
    at Object.o [as next] (https://www.greencity.cx.ua/chunk-NUXSP4TM.js:11:76277)
    at bv.next (https://www.greencity.cx.ua/chunk-NUXSP4TM.js:7:3120)
    at Fr._next (https://www.greencity.cx.ua/chunk-NUXSP4TM.js:7:2803)
    at Fr.next (https://www.greencity.cx.ua/chunk-NUXSP4TM.js:7:2530)
    at https://www.greencity.cx.ua/chunk-NUXSP4TM.js:7:7848
    at Ac (https://www.greencity.cx.ua/chunk-NUXSP4TM.js:7:2222)
    at S0.next (https://www.greencity.cx.ua/chunk-NUXSP4TM.js:7:7687), [2026-03-15T12:01:31.763Z] [SEVERE] https://www.greencity.cx.ua/chunk-NUXSP4TM.js 10:45939 "ERROR" TypeError: Cannot read properties of null (reading 'setValue')
    at n.quillContentChanged (https://www.greencity.cx.ua/chunk-VNNOUBDJ.js:1:16043)
    at https://www.greencity.cx.ua/chunk-VNNOUBDJ.js:1:7223
    at eE (https://www.greencity.cx.ua/chunk-NUXSP4TM.js:11:76097)
    at Object.o [as next] (https://www.greencity.cx.ua/chunk-NUXSP4TM.js:11:76277)
    at bv.next (https://www.greencity.cx.ua/chunk-NUXSP4TM.js:7:3120)
    at Fr._next (https://www.greencity.cx.ua/chunk-NUXSP4TM.js:7:2803)
    at Fr.next (https://www.greencity.cx.ua/chunk-NUXSP4TM.js:7:2530)
    at https://www.greencity.cx.ua/chunk-NUXSP4TM.js:7:7848
    at Ac (https://www.greencity.cx.ua/chunk-NUXSP4TM.js:7:2222)
    at S0.next (https://www.greencity.cx.ua/chunk-NUXSP4TM.js:7:7687), [2026-03-15T12:01:31.768Z] [SEVERE] https://www.greencity.cx.ua/chunk-NUXSP4TM.js 10:45939 "ERROR" TypeError: Cannot read properties of null (reading 'setValue')
    at n.quillContentChanged (https://www.greencity.cx.ua/chunk-VNNOUBDJ.js:1:16043)
    at https://www.greencity.cx.ua/chunk-VNNOUBDJ.js:1:7223
    at eE (https://www.greencity.cx.ua/chunk-NUXSP4TM.js:11:76097)
    at Object.o [as next] (https://www.greencity.cx.ua/chunk-NUXSP4TM.js:11:76277)
    at bv.next (https://www.greencity.cx.ua/chunk-NUXSP4TM.js:7:3120)
    at Fr._next (https://www.greencity.cx.ua/chunk-NUXSP4TM.js:7:2803)
    at Fr.next (https://www.greencity.cx.ua/chunk-NUXSP4TM.js:7:2530)
    at https://www.greencity.cx.ua/chunk-NUXSP4TM.js:7:7848
    at Ac (https://www.greencity.cx.ua/chunk-NUXSP4TM.js:7:2222)
    at S0.next (https://www.greencity.cx.ua/chunk-NUXSP4TM.js:7:7687), [2026-03-15T12:01:31.772Z] [SEVERE] https://www.greencity.cx.ua/chunk-NUXSP4TM.js 10:45939 "ERROR" TypeError: Cannot read properties of null (reading 'setValue')
    at n.quillContentChanged (https://www.greencity.cx.ua/chunk-VNNOUBDJ.js:1:16043)
    at https://www.greencity.cx.ua/chunk-VNNOUBDJ.js:1:7223
    at eE (https://www.greencity.cx.ua/chunk-NUXSP4TM.js:11:76097)
    at Object.o [as next] (https://www.greencity.cx.ua/chunk-NUXSP4TM.js:11:76277)
    at bv.next (https://www.greencity.cx.ua/chunk-NUXSP4TM.js:7:3120)
    at Fr._next (https://www.greencity.cx.ua/chunk-NUXSP4TM.js:7:2803)
    at Fr.next (https://www.greencity.cx.ua/chunk-NUXSP4TM.js:7:2530)
    at https://www.greencity.cx.ua/chunk-NUXSP4TM.js:7:7848
    at Ac (https://www.greencity.cx.ua/chunk-NUXSP4TM.js:7:2222)
    at S0.next (https://www.greencity.cx.ua/chunk-NUXSP4TM.js:7:7687), [2026-03-15T12:01:31.774Z] [SEVERE] https://www.greencity.cx.ua/chunk-NUXSP4TM.js 10:45939 "ERROR" TypeError: Cannot read properties of null (reading 'setValue')
    at n.quillContentChanged (https://www.greencity.cx.ua/chunk-VNNOUBDJ.js:1:16043)
    at https://www.greencity.cx.ua/chunk-VNNOUBDJ.js:1:7223
    at eE (https://www.greencity.cx.ua/chunk-NUXSP4TM.js:11:76097)
    at Object.o [as next] (https://www.greencity.cx.ua/chunk-NUXSP4TM.js:11:76277)
    at bv.next (https://www.greencity.cx.ua/chunk-NUXSP4TM.js:7:3120)
    at Fr._next (https://www.greencity.cx.ua/chunk-NUXSP4TM.js:7:2803)
    at Fr.next (https://www.greencity.cx.ua/chunk-NUXSP4TM.js:7:2530)
    at https://www.greencity.cx.ua/chunk-NUXSP4TM.js:7:7848
    at Ac (https://www.greencity.cx.ua/chunk-NUXSP4TM.js:7:2222)
    at S0.next (https://www.greencity.cx.ua/chunk-NUXSP4TM.js:7:7687), [2026-03-15T12:01:31.777Z] [SEVERE] https://www.greencity.cx.ua/chunk-NUXSP4TM.js 10:45939 "ERROR" TypeError: Cannot read properties of null (reading 'setValue')
    at n.quillContentChanged (https://www.greencity.cx.ua/chunk-VNNOUBDJ.js:1:16043)
    at https://www.greencity.cx.ua/chunk-VNNOUBDJ.js:1:7223
    at eE (https://www.greencity.cx.ua/chunk-NUXSP4TM.js:11:76097)
    at Object.o [as next] (https://www.greencity.cx.ua/chunk-NUXSP4TM.js:11:76277)
    at bv.next (https://www.greencity.cx.ua/chunk-NUXSP4TM.js:7:3120)
    at Fr._next (https://www.greencity.cx.ua/chunk-NUXSP4TM.js:7:2803)
    at Fr.next (https://www.greencity.cx.ua/chunk-NUXSP4TM.js:7:2530)
    at https://www.greencity.cx.ua/chunk-NUXSP4TM.js:7:7848
    at Ac (https://www.greencity.cx.ua/chunk-NUXSP4TM.js:7:2222)
    at S0.next (https://www.greencity.cx.ua/chunk-NUXSP4TM.js:7:7687), [2026-03-15T12:01:31.780Z] [SEVERE] https://www.greencity.cx.ua/chunk-NUXSP4TM.js 10:45939 "ERROR" TypeError: Cannot read properties of null (reading 'setValue')
    at n.quillContentChanged (https://www.greencity.cx.ua/chunk-VNNOUBDJ.js:1:16043)
    at https://www.greencity.cx.ua/chunk-VNNOUBDJ.js:1:7223
    at eE (https://www.greencity.cx.ua/chunk-NUXSP4TM.js:11:76097)
    at Object.o [as next] (https://www.greencity.cx.ua/chunk-NUXSP4TM.js:11:76277)
    at bv.next (https://www.greencity.cx.ua/chunk-NUXSP4TM.js:7:3120)
    at Fr._next (https://www.greencity.cx.ua/chunk-NUXSP4TM.js:7:2803)
    at Fr.next (https://www.greencity.cx.ua/chunk-NUXSP4TM.js:7:2530)
    at https://www.greencity.cx.ua/chunk-NUXSP4TM.js:7:7848
    at Ac (https://www.greencity.cx.ua/chunk-NUXSP4TM.js:7:2222)
    at S0.next (https://www.greencity.cx.ua/chunk-NUXSP4TM.js:7:7687), [2026-03-15T12:01:31.783Z] [SEVERE] https://www.greencity.cx.ua/chunk-NUXSP4TM.js 10:45939 "ERROR" TypeError: Cannot read properties of null (reading 'setValue')
    at n.quillContentChanged (https://www.greencity.cx.ua/chunk-VNNOUBDJ.js:1:16043)
    at https://www.greencity.cx.ua/chunk-VNNOUBDJ.js:1:7223
    at eE (https://www.greencity.cx.ua/chunk-NUXSP4TM.js:11:76097)
    at Object.o [as next] (https://www.greencity.cx.ua/chunk-NUXSP4TM.js:11:76277)
    at bv.next (https://www.greencity.cx.ua/chunk-NUXSP4TM.js:7:3120)
    at Fr._next (https://www.greencity.cx.ua/chunk-NUXSP4TM.js:7:2803)
    at Fr.next (https://www.greencity.cx.ua/chunk-NUXSP4TM.js:7:2530)
    at https://www.greencity.cx.ua/chunk-NUXSP4TM.js:7:7848
    at Ac (https://www.greencity.cx.ua/chunk-NUXSP4TM.js:7:2222)
    at S0.next (https://www.greencity.cx.ua/chunk-NUXSP4TM.js:7:7687), [2026-03-15T12:01:31.785Z] [SEVERE] https://www.greencity.cx.ua/chunk-NUXSP4TM.js 10:45939 "ERROR" TypeError: Cannot read properties of null (reading 'setValue')
    at n.quillContentChanged (https://www.greencity.cx.ua/chunk-VNNOUBDJ.js:1:16043)
    at https://www.greencity.cx.ua/chunk-VNNOUBDJ.js:1:7223
    at eE (https://www.greencity.cx.ua/chunk-NUXSP4TM.js:11:76097)
    at Object.o [as next] (https://www.greencity.cx.ua/chunk-NUXSP4TM.js:11:76277)
    at bv.next (https://www.greencity.cx.ua/chunk-NUXSP4TM.js:7:3120)
    at Fr._next (https://www.greencity.cx.ua/chunk-NUXSP4TM.js:7:2803)
    at Fr.next (https://www.greencity.cx.ua/chunk-NUXSP4TM.js:7:2530)
    at https://www.greencity.cx.ua/chunk-NUXSP4TM.js:7:7848
    at Ac (https://www.greencity.cx.ua/chunk-NUXSP4TM.js:7:2222)
    at S0.next (https://www.greencity.cx.ua/chunk-NUXSP4TM.js:7:7687), [2026-03-15T12:01:31.788Z] [SEVERE] https://www.greencity.cx.ua/chunk-NUXSP4TM.js 10:45939 "ERROR" TypeError: Cannot read properties of null (reading 'setValue')
    at n.quillContentChanged (https://www.greencity.cx.ua/chunk-VNNOUBDJ.js:1:16043)
    at https://www.greencity.cx.ua/chunk-VNNOUBDJ.js:1:7223
    at eE (https://www.greencity.cx.ua/chunk-NUXSP4TM.js:11:76097)
    at Object.o [as next] (https://www.greencity.cx.ua/chunk-NUXSP4TM.js:11:76277)
    at bv.next (https://www.greencity.cx.ua/chunk-NUXSP4TM.js:7:3120)
    at Fr._next (https://www.greencity.cx.ua/chunk-NUXSP4TM.js:7:2803)
    at Fr.next (https://www.greencity.cx.ua/chunk-NUXSP4TM.js:7:2530)
    at https://www.greencity.cx.ua/chunk-NUXSP4TM.js:7:7848
    at Ac (https://www.greencity.cx.ua/chunk-NUXSP4TM.js:7:2222)
    at S0.next (https://www.greencity.cx.ua/chunk-NUXSP4TM.js:7:7687), [2026-03-15T12:01:31.790Z] [SEVERE] https://www.greencity.cx.ua/chunk-NUXSP4TM.js 10:45939 "ERROR" TypeError: Cannot read properties of null (reading 'setValue')
    at n.quillContentChanged (https://www.greencity.cx.ua/chunk-VNNOUBDJ.js:1:16043)
    at https://www.greencity.cx.ua/chunk-VNNOUBDJ.js:1:7223
    at eE (https://www.greencity.cx.ua/chunk-NUXSP4TM.js:11:76097)
    at Object.o [as next] (https://www.greencity.cx.ua/chunk-NUXSP4TM.js:11:76277)
    at bv.next (https://www.greencity.cx.ua/chunk-NUXSP4TM.js:7:3120)
    at Fr._next (https://www.greencity.cx.ua/chunk-NUXSP4TM.js:7:2803)
    at Fr.next (https://www.greencity.cx.ua/chunk-NUXSP4TM.js:7:2530)
    at https://www.greencity.cx.ua/chunk-NUXSP4TM.js:7:7848
    at Ac (https://www.greencity.cx.ua/chunk-NUXSP4TM.js:7:2222)
    at S0.next (https://www.greencity.cx.ua/chunk-NUXSP4TM.js:7:7687), [2026-03-15T12:01:31.793Z] [SEVERE] https://www.greencity.cx.ua/chunk-NUXSP4TM.js 10:45939 "ERROR" TypeError: Cannot read properties of null (reading 'setValue')
    at n.quillContentChanged (https://www.greencity.cx.ua/chunk-VNNOUBDJ.js:1:16043)
    at https://www.greencity.cx.ua/chunk-VNNOUBDJ.js:1:7223
    at eE (https://www.greencity.cx.ua/chunk-NUXSP4TM.js:11:76097)
    at Object.o [as next] (https://www.greencity.cx.ua/chunk-NUXSP4TM.js:11:76277)
    at bv.next (https://www.greencity.cx.ua/chunk-NUXSP4TM.js:7:3120)
    at Fr._next (https://www.greencity.cx.ua/chunk-NUXSP4TM.js:7:2803)
    at Fr.next (https://www.greencity.cx.ua/chunk-NUXSP4TM.js:7:2530)
    at https://www.greencity.cx.ua/chunk-NUXSP4TM.js:7:7848
    at Ac (https://www.greencity.cx.ua/chunk-NUXSP4TM.js:7:2222)
    at S0.next (https://www.greencity.cx.ua/chunk-NUXSP4TM.js:7:7687), [2026-03-15T12:01:31.796Z] [SEVERE] https://www.greencity.cx.ua/chunk-NUXSP4TM.js 10:45939 "ERROR" TypeError: Cannot read properties of null (reading 'setValue')
    at n.quillContentChanged (https://www.greencity.cx.ua/chunk-VNNOUBDJ.js:1:16043)
    at https://www.greencity.cx.ua/chunk-VNNOUBDJ.js:1:7223
    at eE (https://www.greencity.cx.ua/chunk-NUXSP4TM.js:11:76097)
    at Object.o [as next] (https://www.greencity.cx.ua/chunk-NUXSP4TM.js:11:76277)
    at bv.next (https://www.greencity.cx.ua/chunk-NUXSP4TM.js:7:3120)
    at Fr._next (https://www.greencity.cx.ua/chunk-NUXSP4TM.js:7:2803)
    at Fr.next (https://www.greencity.cx.ua/chunk-NUXSP4TM.js:7:2530)
    at https://www.greencity.cx.ua/chunk-NUXSP4TM.js:7:7848
    at Ac (https://www.greencity.cx.ua/chunk-NUXSP4TM.js:7:2222)
    at S0.next (https://www.greencity.cx.ua/chunk-NUXSP4TM.js:7:7687), [2026-03-15T12:01:31.798Z] [SEVERE] https://www.greencity.cx.ua/chunk-NUXSP4TM.js 10:45939 "ERROR" TypeError: Cannot read properties of null (reading 'setValue')
    at n.quillContentChanged (https://www.greencity.cx.ua/chunk-VNNOUBDJ.js:1:16043)
    at https://www.greencity.cx.ua/chunk-VNNOUBDJ.js:1:7223
    at eE (https://www.greencity.cx.ua/chunk-NUXSP4TM.js:11:76097)
    at Object.o [as next] (https://www.greencity.cx.ua/chunk-NUXSP4TM.js:11:76277)
    at bv.next (https://www.greencity.cx.ua/chunk-NUXSP4TM.js:7:3120)
    at Fr._next (https://www.greencity.cx.ua/chunk-NUXSP4TM.js:7:2803)
    at Fr.next (https://www.greencity.cx.ua/chunk-NUXSP4TM.js:7:2530)
    at https://www.greencity.cx.ua/chunk-NUXSP4TM.js:7:7848
    at Ac (https://www.greencity.cx.ua/chunk-NUXSP4TM.js:7:2222)
    at S0.next (https://www.greencity.cx.ua/chunk-NUXSP4TM.js:7:7687), [2026-03-15T12:01:31.801Z] [SEVERE] https://www.greencity.cx.ua/chunk-NUXSP4TM.js 10:45939 "ERROR" TypeError: Cannot read properties of null (reading 'setValue')
    at n.quillContentChanged (https://www.greencity.cx.ua/chunk-VNNOUBDJ.js:1:16043)
    at https://www.greencity.cx.ua/chunk-VNNOUBDJ.js:1:7223
    at eE (https://www.greencity.cx.ua/chunk-NUXSP4TM.js:11:76097)
    at Object.o [as next] (https://www.greencity.cx.ua/chunk-NUXSP4TM.js:11:76277)
    at bv.next (https://www.greencity.cx.ua/chunk-NUXSP4TM.js:7:3120)
    at Fr._next (https://www.greencity.cx.ua/chunk-NUXSP4TM.js:7:2803)
    at Fr.next (https://www.greencity.cx.ua/chunk-NUXSP4TM.js:7:2530)
    at https://www.greencity.cx.ua/chunk-NUXSP4TM.js:7:7848
    at Ac (https://www.greencity.cx.ua/chunk-NUXSP4TM.js:7:2222)
    at S0.next (https://www.greencity.cx.ua/chunk-NUXSP4TM.js:7:7687), [2026-03-15T12:01:31.803Z] [SEVERE] https://www.greencity.cx.ua/chunk-NUXSP4TM.js 10:45939 "ERROR" TypeError: Cannot read properties of null (reading 'setValue')
    at n.quillContentChanged (https://www.greencity.cx.ua/chunk-VNNOUBDJ.js:1:16043)
    at https://www.greencity.cx.ua/chunk-VNNOUBDJ.js:1:7223
    at eE (https://www.greencity.cx.ua/chunk-NUXSP4TM.js:11:76097)
    at Object.o [as next] (https://www.greencity.cx.ua/chunk-NUXSP4TM.js:11:76277)
    at bv.next (https://www.greencity.cx.ua/chunk-NUXSP4TM.js:7:3120)
    at Fr._next (https://www.greencity.cx.ua/chunk-NUXSP4TM.js:7:2803)
    at Fr.next (https://www.greencity.cx.ua/chunk-NUXSP4TM.js:7:2530)
    at https://www.greencity.cx.ua/chunk-NUXSP4TM.js:7:7848
    at Ac (https://www.greencity.cx.ua/chunk-NUXSP4TM.js:7:2222)
    at S0.next (https://www.greencity.cx.ua/chunk-NUXSP4TM.js:7:7687), [2026-03-15T12:01:31.806Z] [SEVERE] https://www.greencity.cx.ua/chunk-NUXSP4TM.js 10:45939 "ERROR" TypeError: Cannot read properties of null (reading 'setValue')
    at n.quillContentChanged (https://www.greencity.cx.ua/chunk-VNNOUBDJ.js:1:16043)
    at https://www.greencity.cx.ua/chunk-VNNOUBDJ.js:1:7223
    at eE (https://www.greencity.cx.ua/chunk-NUXSP4TM.js:11:76097)
    at Object.o [as next] (https://www.greencity.cx.ua/chunk-NUXSP4TM.js:11:76277)
    at bv.next (https://www.greencity.cx.ua/chunk-NUXSP4TM.js:7:3120)
    at Fr._next (https://www.greencity.cx.ua/chunk-NUXSP4TM.js:7:2803)
    at Fr.next (https://www.greencity.cx.ua/chunk-NUXSP4TM.js:7:2530)
    at https://www.greencity.cx.ua/chunk-NUXSP4TM.js:7:7848
    at Ac (https://www.greencity.cx.ua/chunk-NUXSP4TM.js:7:2222)
    at S0.next (https://www.greencity.cx.ua/chunk-NUXSP4TM.js:7:7687), [2026-03-15T12:01:31.809Z] [SEVERE] https://www.greencity.cx.ua/chunk-NUXSP4TM.js 10:45939 "ERROR" TypeError: Cannot read properties of null (reading 'setValue')
    at n.quillContentChanged (https://www.greencity.cx.ua/chunk-VNNOUBDJ.js:1:16043)
    at https://www.greencity.cx.ua/chunk-VNNOUBDJ.js:1:7223
    at eE (https://www.greencity.cx.ua/chunk-NUXSP4TM.js:11:76097)
    at Object.o [as next] (https://www.greencity.cx.ua/chunk-NUXSP4TM.js:11:76277)
    at bv.next (https://www.greencity.cx.ua/chunk-NUXSP4TM.js:7:3120)
    at Fr._next (https://www.greencity.cx.ua/chunk-NUXSP4TM.js:7:2803)
    at Fr.next (https://www.greencity.cx.ua/chunk-NUXSP4TM.js:7:2530)
    at https://www.greencity.cx.ua/chunk-NUXSP4TM.js:7:7848
    at Ac (https://www.greencity.cx.ua/chunk-NUXSP4TM.js:7:2222)
    at S0.next (https://www.greencity.cx.ua/chunk-NUXSP4TM.js:7:7687), [2026-03-15T12:01:32.610Z] [WARNING] https://www.greencity.cx.ua/chunk-47CS2OCG.js 5:9966 "quill" "Overwriting modules/imageResize with" function s(P){var _=this,E=arguments.length>1&&arguments[1]!==void 0?arguments[1]:{};o(this,s),this.initializeModules=function(){_.removeModules(),_.modules=_.moduleClasses.map(function(y){return new(l[y]||y)(_)}),_.modules.forEach(function(y){y.onCreate()}),_.onUpdate()},this.onUpdate=function(){_.repositionElements(),_.modules.forEach(function(y){y.onUpdate()})},this.removeModules=function(){_.modules.forEach(function(y){y.onDestroy()}),_.modules=[]},this.handleClick=function(y){if(y.target&&y.target.tagName&&y.target.tagName.toUpperCase()==="IMG"){if(_.img===y.target)return;_.img&&_.hide(),_.show(y.target)}else _.img&&_.hide()},this.show=function(y){_.img=y,_.showOverlay(),_.initializeModules()},this.showOverlay=function(){_.overlay&&_.hideOverlay(),_.quill.setSelection(null),_.setUserSelect("none"),document.addEventListener("keyup",_.checkImage,!0),_.quill.root.addEventListener("input",_.checkImage,!0),_.overlay=document.createElement("div"),Object.assign(_.overlay.style,_.options.overlayStyles),_.quill.root.parentNode.appendChild(_.overlay),_.repositionElements()},this.hideOverlay=function(){_.overlay&&(_.quill.root.parentNode.removeChild(_.overlay),_.overlay=void 0,document.removeEventListener("keyup",_.checkImage),_.quill.root.removeEventListener("input",_.checkImage),_.setUserSelect(""))},this.repositionElements=function(){if(_.overlay&&_.img){var y=_.quill.root.parentNode,p=_.img.getBoundingClientRect(),x=y.getBoundingClientRect();Object.assign(_.overlay.style,{left:p.left-x.left-1+y.scrollLeft+"px",top:p.top-x.top+y.scrollTop+"px",width:p.width+"px",height:p.height+"px"})}},this.hide=function(){_.hideOverlay(),_.removeModules(),_.img=void 0},this.setUserSelect=function(y){["userSelect","mozUserSelect","webkitUserSelect","msUserSelect"].forEach(function(p){_.quill.root.style[p]=y,document.documentElement.style[p]=y})},this.checkImage=function(y){_.img&&(y.keyCode!=46&&y.keyCode!=8||window.Quill.find(_.img).deleteAt(0),_.hide())},this.quill=P;var T=!1;E.modules&&(T=E.modules.slice()),this.options=i()({},E,a.a),T!==!1&&(this.options.modules=T),document.execCommand("enableObjectResizing",!1,"false"),this.quill.root.addEventListener("click",this.handleClick,!1),this.quill.root.parentNode.style.position=this.quill.root.parentNode.style.position||"relative",this.moduleClasses=this.options.modules,console.log("this.options.modules",this.options.modules),this.modules=[]}, [2026-03-15T12:01:32.611Z] [SEVERE] https://www.greencity.cx.ua/chunk-NUXSP4TM.js 10:45939 "ERROR" TypeError: Cannot read properties of undefined (reading 'map')
    at t.array (https://www.greencity.cx.ua/chunk-NUXSP4TM.js:12:194586)
    at n.getEditForm (https://www.greencity.cx.ua/chunk-VNNOUBDJ.js:1:3331)
    at n.initPageForCreateOrEdit (https://www.greencity.cx.ua/chunk-VNNOUBDJ.js:1:12264)
    at n.ngOnInit (https://www.greencity.cx.ua/chunk-VNNOUBDJ.js:1:11172)
    at NM (https://www.greencity.cx.ua/chunk-NUXSP4TM.js:11:18378)
    at JH (https://www.greencity.cx.ua/chunk-NUXSP4TM.js:11:18527)
    at mI (https://www.greencity.cx.ua/chunk-NUXSP4TM.js:11:18284)
    at hp (https://www.greencity.cx.ua/chunk-NUXSP4TM.js:11:18011)
    at I1 (https://www.greencity.cx.ua/chunk-NUXSP4TM.js:11:63719)
    at T1 (https://www.greencity.cx.ua/chunk-NUXSP4TM.js:11:64530), [2026-03-15T12:01:32.640Z] [SEVERE] https://www.greencity.cx.ua/chunk-NUXSP4TM.js 10:45939 "ERROR" TypeError: Cannot read properties of undefined (reading 'value')
    at n.getFormValues (https://www.greencity.cx.ua/chunk-VNNOUBDJ.js:1:11707)
    at n.checkChanges (https://www.greencity.cx.ua/chunk-3ICV75FB.js:26:71066)
    at n.canDeactivate (https://www.greencity.cx.ua/chunk-3ICV75FB.js:26:70949)
    at https://www.greencity.cx.ua/chunk-3ICV75FB.js:26:71817
    at eE (https://www.greencity.cx.ua/chunk-NUXSP4TM.js:11:76097)
    at o (https://www.greencity.cx.ua/chunk-NUXSP4TM.js:11:76277)
    at https://www.greencity.cx.ua/chunk-NUXSP4TM.js:12:24091
    at v.invokeTask (https://www.greencity.cx.ua/polyfills.KFF4WC2Q.js:1:7564)
    at Object.onInvokeTask (https://www.greencity.cx.ua/chunk-NUXSP4TM.js:11:49265)
    at v.invokeTask (https://www.greencity.cx.ua/polyfills.KFF4WC2Q.js:1:7485), [2026-03-15T12:01:34.348Z] [SEVERE] https://www.greencity.cx.ua/chunk-NUXSP4TM.js 10:45939 "ERROR" TypeError: Cannot read properties of null (reading 'setValue')
    at n.quillContentChanged (https://www.greencity.cx.ua/chunk-VNNOUBDJ.js:1:16043)
    at https://www.greencity.cx.ua/chunk-VNNOUBDJ.js:1:7223
    at eE (https://www.greencity.cx.ua/chunk-NUXSP4TM.js:11:76097)
    at Object.o [as next] (https://www.greencity.cx.ua/chunk-NUXSP4TM.js:11:76277)
    at bv.next (https://www.greencity.cx.ua/chunk-NUXSP4TM.js:7:3120)
    at Fr._next (https://www.greencity.cx.ua/chunk-NUXSP4TM.js:7:2803)
    at Fr.next (https://www.greencity.cx.ua/chunk-NUXSP4TM.js:7:2530)
    at https://www.greencity.cx.ua/chunk-NUXSP4TM.js:7:7848
    at Ac (https://www.greencity.cx.ua/chunk-NUXSP4TM.js:7:2222)
    at S0.next (https://www.greencity.cx.ua/chunk-NUXSP4TM.js:7:7687), [2026-03-15T12:01:34.352Z] [SEVERE] https://www.greencity.cx.ua/chunk-NUXSP4TM.js 10:45939 "ERROR" TypeError: Cannot read properties of null (reading 'setValue')
    at n.quillContentChanged (https://www.greencity.cx.ua/chunk-VNNOUBDJ.js:1:16043)
    at https://www.greencity.cx.ua/chunk-VNNOUBDJ.js:1:7223
    at eE (https://www.greencity.cx.ua/chunk-NUXSP4TM.js:11:76097)
    at Object.o [as next] (https://www.greencity.cx.ua/chunk-NUXSP4TM.js:11:76277)
    at bv.next (https://www.greencity.cx.ua/chunk-NUXSP4TM.js:7:3120)
    at Fr._next (https://www.greencity.cx.ua/chunk-NUXSP4TM.js:7:2803)
    at Fr.next (https://www.greencity.cx.ua/chunk-NUXSP4TM.js:7:2530)
    at https://www.greencity.cx.ua/chunk-NUXSP4TM.js:7:7848
    at Ac (https://www.greencity.cx.ua/chunk-NUXSP4TM.js:7:2222)
    at S0.next (https://www.greencity.cx.ua/chunk-NUXSP4TM.js:7:7687), [2026-03-15T12:01:34.356Z] [SEVERE] https://www.greencity.cx.ua/chunk-NUXSP4TM.js 10:45939 "ERROR" TypeError: Cannot read properties of null (reading 'setValue')
    at n.quillContentChanged (https://www.greencity.cx.ua/chunk-VNNOUBDJ.js:1:16043)
    at https://www.greencity.cx.ua/chunk-VNNOUBDJ.js:1:7223
    at eE (https://www.greencity.cx.ua/chunk-NUXSP4TM.js:11:76097)
    at Object.o [as next] (https://www.greencity.cx.ua/chunk-NUXSP4TM.js:11:76277)
    at bv.next (https://www.greencity.cx.ua/chunk-NUXSP4TM.js:7:3120)
    at Fr._next (https://www.greencity.cx.ua/chunk-NUXSP4TM.js:7:2803)
    at Fr.next (https://www.greencity.cx.ua/chunk-NUXSP4TM.js:7:2530)
    at https://www.greencity.cx.ua/chunk-NUXSP4TM.js:7:7848
    at Ac (https://www.greencity.cx.ua/chunk-NUXSP4TM.js:7:2222)
    at S0.next (https://www.greencity.cx.ua/chunk-NUXSP4TM.js:7:7687), [2026-03-15T12:01:34.359Z] [SEVERE] https://www.greencity.cx.ua/chunk-NUXSP4TM.js 10:45939 "ERROR" TypeError: Cannot read properties of null (reading 'setValue')
    at n.quillContentChanged (https://www.greencity.cx.ua/chunk-VNNOUBDJ.js:1:16043)
    at https://www.greencity.cx.ua/chunk-VNNOUBDJ.js:1:7223
    at eE (https://www.greencity.cx.ua/chunk-NUXSP4TM.js:11:76097)
    at Object.o [as next] (https://www.greencity.cx.ua/chunk-NUXSP4TM.js:11:76277)
    at bv.next (https://www.greencity.cx.ua/chunk-NUXSP4TM.js:7:3120)
    at Fr._next (https://www.greencity.cx.ua/chunk-NUXSP4TM.js:7:2803)
    at Fr.next (https://www.greencity.cx.ua/chunk-NUXSP4TM.js:7:2530)
    at https://www.greencity.cx.ua/chunk-NUXSP4TM.js:7:7848
    at Ac (https://www.greencity.cx.ua/chunk-NUXSP4TM.js:7:2222)
    at S0.next (https://www.greencity.cx.ua/chunk-NUXSP4TM.js:7:7687), [2026-03-15T12:01:34.363Z] [SEVERE] https://www.greencity.cx.ua/chunk-NUXSP4TM.js 10:45939 "ERROR" TypeError: Cannot read properties of null (reading 'setValue')
    at n.quillContentChanged (https://www.greencity.cx.ua/chunk-VNNOUBDJ.js:1:16043)
    at https://www.greencity.cx.ua/chunk-VNNOUBDJ.js:1:7223
    at eE (https://www.greencity.cx.ua/chunk-NUXSP4TM.js:11:76097)
    at Object.o [as next] (https://www.greencity.cx.ua/chunk-NUXSP4TM.js:11:76277)
    at bv.next (https://www.greencity.cx.ua/chunk-NUXSP4TM.js:7:3120)
    at Fr._next (https://www.greencity.cx.ua/chunk-NUXSP4TM.js:7:2803)
    at Fr.next (https://www.greencity.cx.ua/chunk-NUXSP4TM.js:7:2530)
    at https://www.greencity.cx.ua/chunk-NUXSP4TM.js:7:7848
    at Ac (https://www.greencity.cx.ua/chunk-NUXSP4TM.js:7:2222)
    at S0.next (https://www.greencity.cx.ua/chunk-NUXSP4TM.js:7:7687), [2026-03-15T12:01:34.367Z] [SEVERE] https://www.greencity.cx.ua/chunk-NUXSP4TM.js 10:45939 "ERROR" TypeError: Cannot read properties of null (reading 'setValue')
    at n.quillContentChanged (https://www.greencity.cx.ua/chunk-VNNOUBDJ.js:1:16043)
    at https://www.greencity.cx.ua/chunk-VNNOUBDJ.js:1:7223
    at eE (https://www.greencity.cx.ua/chunk-NUXSP4TM.js:11:76097)
    at Object.o [as next] (https://www.greencity.cx.ua/chunk-NUXSP4TM.js:11:76277)
    at bv.next (https://www.greencity.cx.ua/chunk-NUXSP4TM.js:7:3120)
    at Fr._next (https://www.greencity.cx.ua/chunk-NUXSP4TM.js:7:2803)
    at Fr.next (https://www.greencity.cx.ua/chunk-NUXSP4TM.js:7:2530)
    at https://www.greencity.cx.ua/chunk-NUXSP4TM.js:7:7848
    at Ac (https://www.greencity.cx.ua/chunk-NUXSP4TM.js:7:2222)
    at S0.next (https://www.greencity.cx.ua/chunk-NUXSP4TM.js:7:7687), [2026-03-15T12:01:34.372Z] [SEVERE] https://www.greencity.cx.ua/chunk-NUXSP4TM.js 10:45939 "ERROR" TypeError: Cannot read properties of null (reading 'setValue')
    at n.quillContentChanged (https://www.greencity.cx.ua/chunk-VNNOUBDJ.js:1:16043)
    at https://www.greencity.cx.ua/chunk-VNNOUBDJ.js:1:7223
    at eE (https://www.greencity.cx.ua/chunk-NUXSP4TM.js:11:76097)
    at Object.o [as next] (https://www.greencity.cx.ua/chunk-NUXSP4TM.js:11:76277)
    at bv.next (https://www.greencity.cx.ua/chunk-NUXSP4TM.js:7:3120)
    at Fr._next (https://www.greencity.cx.ua/chunk-NUXSP4TM.js:7:2803)
    at Fr.next (https://www.greencity.cx.ua/chunk-NUXSP4TM.js:7:2530)
    at https://www.greencity.cx.ua/chunk-NUXSP4TM.js:7:7848
    at Ac (https://www.greencity.cx.ua/chunk-NUXSP4TM.js:7:2222)
    at S0.next (https://www.greencity.cx.ua/chunk-NUXSP4TM.js:7:7687), [2026-03-15T12:01:34.374Z] [SEVERE] https://www.greencity.cx.ua/chunk-NUXSP4TM.js 10:45939 "ERROR" TypeError: Cannot read properties of null (reading 'setValue')
    at n.quillContentChanged (https://www.greencity.cx.ua/chunk-VNNOUBDJ.js:1:16043)
    at https://www.greencity.cx.ua/chunk-VNNOUBDJ.js:1:7223
    at eE (https://www.greencity.cx.ua/chunk-NUXSP4TM.js:11:76097)
    at Object.o [as next] (https://www.greencity.cx.ua/chunk-NUXSP4TM.js:11:76277)
    at bv.next (https://www.greencity.cx.ua/chunk-NUXSP4TM.js:7:3120)
    at Fr._next (https://www.greencity.cx.ua/chunk-NUXSP4TM.js:7:2803)
    at Fr.next (https://www.greencity.cx.ua/chunk-NUXSP4TM.js:7:2530)
    at https://www.greencity.cx.ua/chunk-NUXSP4TM.js:7:7848
    at Ac (https://www.greencity.cx.ua/chunk-NUXSP4TM.js:7:2222)
    at S0.next (https://www.greencity.cx.ua/chunk-NUXSP4TM.js:7:7687), [2026-03-15T12:01:34.379Z] [SEVERE] https://www.greencity.cx.ua/chunk-NUXSP4TM.js 10:45939 "ERROR" TypeError: Cannot read properties of null (reading 'setValue')
    at n.quillContentChanged (https://www.greencity.cx.ua/chunk-VNNOUBDJ.js:1:16043)
    at https://www.greencity.cx.ua/chunk-VNNOUBDJ.js:1:7223
    at eE (https://www.greencity.cx.ua/chunk-NUXSP4TM.js:11:76097)
    at Object.o [as next] (https://www.greencity.cx.ua/chunk-NUXSP4TM.js:11:76277)
    at bv.next (https://www.greencity.cx.ua/chunk-NUXSP4TM.js:7:3120)
    at Fr._next (https://www.greencity.cx.ua/chunk-NUXSP4TM.js:7:2803)
    at Fr.next (https://www.greencity.cx.ua/chunk-NUXSP4TM.js:7:2530)
    at https://www.greencity.cx.ua/chunk-NUXSP4TM.js:7:7848
    at Ac (https://www.greencity.cx.ua/chunk-NUXSP4TM.js:7:2222)
    at S0.next (https://www.greencity.cx.ua/chunk-NUXSP4TM.js:7:7687), [2026-03-15T12:01:34.381Z] [SEVERE] https://www.greencity.cx.ua/chunk-NUXSP4TM.js 10:45939 "ERROR" TypeError: Cannot read properties of null (reading 'setValue')
    at n.quillContentChanged (https://www.greencity.cx.ua/chunk-VNNOUBDJ.js:1:16043)
    at https://www.greencity.cx.ua/chunk-VNNOUBDJ.js:1:7223
    at eE (https://www.greencity.cx.ua/chunk-NUXSP4TM.js:11:76097)
    at Object.o [as next] (https://www.greencity.cx.ua/chunk-NUXSP4TM.js:11:76277)
    at bv.next (https://www.greencity.cx.ua/chunk-NUXSP4TM.js:7:3120)
    at Fr._next (https://www.greencity.cx.ua/chunk-NUXSP4TM.js:7:2803)
    at Fr.next (https://www.greencity.cx.ua/chunk-NUXSP4TM.js:7:2530)
    at https://www.greencity.cx.ua/chunk-NUXSP4TM.js:7:7848
    at Ac (https://www.greencity.cx.ua/chunk-NUXSP4TM.js:7:2222)
    at S0.next (https://www.greencity.cx.ua/chunk-NUXSP4TM.js:7:7687), [2026-03-15T12:01:34.383Z] [SEVERE] https://www.greencity.cx.ua/chunk-NUXSP4TM.js 10:45939 "ERROR" TypeError: Cannot read properties of null (reading 'setValue')
    at n.quillContentChanged (https://www.greencity.cx.ua/chunk-VNNOUBDJ.js:1:16043)
    at https://www.greencity.cx.ua/chunk-VNNOUBDJ.js:1:7223
    at eE (https://www.greencity.cx.ua/chunk-NUXSP4TM.js:11:76097)
    at Object.o [as next] (https://www.greencity.cx.ua/chunk-NUXSP4TM.js:11:76277)
    at bv.next (https://www.greencity.cx.ua/chunk-NUXSP4TM.js:7:3120)
    at Fr._next (https://www.greencity.cx.ua/chunk-NUXSP4TM.js:7:2803)
    at Fr.next (https://www.greencity.cx.ua/chunk-NUXSP4TM.js:7:2530)
    at https://www.greencity.cx.ua/chunk-NUXSP4TM.js:7:7848
    at Ac (https://www.greencity.cx.ua/chunk-NUXSP4TM.js:7:2222)
    at S0.next (https://www.greencity.cx.ua/chunk-NUXSP4TM.js:7:7687), [2026-03-15T12:01:34.386Z] [SEVERE] https://www.greencity.cx.ua/chunk-NUXSP4TM.js 10:45939 "ERROR" TypeError: Cannot read properties of null (reading 'setValue')
    at n.quillContentChanged (https://www.greencity.cx.ua/chunk-VNNOUBDJ.js:1:16043)
    at https://www.greencity.cx.ua/chunk-VNNOUBDJ.js:1:7223
    at eE (https://www.greencity.cx.ua/chunk-NUXSP4TM.js:11:76097)
    at Object.o [as next] (https://www.greencity.cx.ua/chunk-NUXSP4TM.js:11:76277)
    at bv.next (https://www.greencity.cx.ua/chunk-NUXSP4TM.js:7:3120)
    at Fr._next (https://www.greencity.cx.ua/chunk-NUXSP4TM.js:7:2803)
    at Fr.next (https://www.greencity.cx.ua/chunk-NUXSP4TM.js:7:2530)
    at https://www.greencity.cx.ua/chunk-NUXSP4TM.js:7:7848
    at Ac (https://www.greencity.cx.ua/chunk-NUXSP4TM.js:7:2222)
    at S0.next (https://www.greencity.cx.ua/chunk-NUXSP4TM.js:7:7687), [2026-03-15T12:01:34.390Z] [SEVERE] https://www.greencity.cx.ua/chunk-NUXSP4TM.js 10:45939 "ERROR" TypeError: Cannot read properties of null (reading 'setValue')
    at n.quillContentChanged (https://www.greencity.cx.ua/chunk-VNNOUBDJ.js:1:16043)
    at https://www.greencity.cx.ua/chunk-VNNOUBDJ.js:1:7223
    at eE (https://www.greencity.cx.ua/chunk-NUXSP4TM.js:11:76097)
    at Object.o [as next] (https://www.greencity.cx.ua/chunk-NUXSP4TM.js:11:76277)
    at bv.next (https://www.greencity.cx.ua/chunk-NUXSP4TM.js:7:3120)
    at Fr._next (https://www.greencity.cx.ua/chunk-NUXSP4TM.js:7:2803)
    at Fr.next (https://www.greencity.cx.ua/chunk-NUXSP4TM.js:7:2530)
    at https://www.greencity.cx.ua/chunk-NUXSP4TM.js:7:7848
    at Ac (https://www.greencity.cx.ua/chunk-NUXSP4TM.js:7:2222)
    at S0.next (https://www.greencity.cx.ua/chunk-NUXSP4TM.js:7:7687), [2026-03-15T12:01:34.393Z] [SEVERE] https://www.greencity.cx.ua/chunk-NUXSP4TM.js 10:45939 "ERROR" TypeError: Cannot read properties of null (reading 'setValue')
    at n.quillContentChanged (https://www.greencity.cx.ua/chunk-VNNOUBDJ.js:1:16043)
    at https://www.greencity.cx.ua/chunk-VNNOUBDJ.js:1:7223
    at eE (https://www.greencity.cx.ua/chunk-NUXSP4TM.js:11:76097)
    at Object.o [as next] (https://www.greencity.cx.ua/chunk-NUXSP4TM.js:11:76277)
    at bv.next (https://www.greencity.cx.ua/chunk-NUXSP4TM.js:7:3120)
    at Fr._next (https://www.greencity.cx.ua/chunk-NUXSP4TM.js:7:2803)
    at Fr.next (https://www.greencity.cx.ua/chunk-NUXSP4TM.js:7:2530)
    at https://www.greencity.cx.ua/chunk-NUXSP4TM.js:7:7848
    at Ac (https://www.greencity.cx.ua/chunk-NUXSP4TM.js:7:2222)
    at S0.next (https://www.greencity.cx.ua/chunk-NUXSP4TM.js:7:7687), [2026-03-15T12:01:34.396Z] [SEVERE] https://www.greencity.cx.ua/chunk-NUXSP4TM.js 10:45939 "ERROR" TypeError: Cannot read properties of null (reading 'setValue')
    at n.quillContentChanged (https://www.greencity.cx.ua/chunk-VNNOUBDJ.js:1:16043)
    at https://www.greencity.cx.ua/chunk-VNNOUBDJ.js:1:7223
    at eE (https://www.greencity.cx.ua/chunk-NUXSP4TM.js:11:76097)
    at Object.o [as next] (https://www.greencity.cx.ua/chunk-NUXSP4TM.js:11:76277)
    at bv.next (https://www.greencity.cx.ua/chunk-NUXSP4TM.js:7:3120)
    at Fr._next (https://www.greencity.cx.ua/chunk-NUXSP4TM.js:7:2803)
    at Fr.next (https://www.greencity.cx.ua/chunk-NUXSP4TM.js:7:2530)
    at https://www.greencity.cx.ua/chunk-NUXSP4TM.js:7:7848
    at Ac (https://www.greencity.cx.ua/chunk-NUXSP4TM.js:7:2222)
    at S0.next (https://www.greencity.cx.ua/chunk-NUXSP4TM.js:7:7687), [2026-03-15T12:01:34.399Z] [SEVERE] https://www.greencity.cx.ua/chunk-NUXSP4TM.js 10:45939 "ERROR" TypeError: Cannot read properties of null (reading 'setValue')
    at n.quillContentChanged (https://www.greencity.cx.ua/chunk-VNNOUBDJ.js:1:16043)
    at https://www.greencity.cx.ua/chunk-VNNOUBDJ.js:1:7223
    at eE (https://www.greencity.cx.ua/chunk-NUXSP4TM.js:11:76097)
    at Object.o [as next] (https://www.greencity.cx.ua/chunk-NUXSP4TM.js:11:76277)
    at bv.next (https://www.greencity.cx.ua/chunk-NUXSP4TM.js:7:3120)
    at Fr._next (https://www.greencity.cx.ua/chunk-NUXSP4TM.js:7:2803)
    at Fr.next (https://www.greencity.cx.ua/chunk-NUXSP4TM.js:7:2530)
    at https://www.greencity.cx.ua/chunk-NUXSP4TM.js:7:7848
    at Ac (https://www.greencity.cx.ua/chunk-NUXSP4TM.js:7:2222)
    at S0.next (https://www.greencity.cx.ua/chunk-NUXSP4TM.js:7:7687), [2026-03-15T12:01:34.402Z] [SEVERE] https://www.greencity.cx.ua/chunk-NUXSP4TM.js 10:45939 "ERROR" TypeError: Cannot read properties of null (reading 'setValue')
    at n.quillContentChanged (https://www.greencity.cx.ua/chunk-VNNOUBDJ.js:1:16043)
    at https://www.greencity.cx.ua/chunk-VNNOUBDJ.js:1:7223
    at eE (https://www.greencity.cx.ua/chunk-NUXSP4TM.js:11:76097)
    at Object.o [as next] (https://www.greencity.cx.ua/chunk-NUXSP4TM.js:11:76277)
    at bv.next (https://www.greencity.cx.ua/chunk-NUXSP4TM.js:7:3120)
    at Fr._next (https://www.greencity.cx.ua/chunk-NUXSP4TM.js:7:2803)
    at Fr.next (https://www.greencity.cx.ua/chunk-NUXSP4TM.js:7:2530)
    at https://www.greencity.cx.ua/chunk-NUXSP4TM.js:7:7848
    at Ac (https://www.greencity.cx.ua/chunk-NUXSP4TM.js:7:2222)
    at S0.next (https://www.greencity.cx.ua/chunk-NUXSP4TM.js:7:7687), [2026-03-15T12:01:34.406Z] [SEVERE] https://www.greencity.cx.ua/chunk-NUXSP4TM.js 10:45939 "ERROR" TypeError: Cannot read properties of null (reading 'setValue')
    at n.quillContentChanged (https://www.greencity.cx.ua/chunk-VNNOUBDJ.js:1:16043)
    at https://www.greencity.cx.ua/chunk-VNNOUBDJ.js:1:7223
    at eE (https://www.greencity.cx.ua/chunk-NUXSP4TM.js:11:76097)
    at Object.o [as next] (https://www.greencity.cx.ua/chunk-NUXSP4TM.js:11:76277)
    at bv.next (https://www.greencity.cx.ua/chunk-NUXSP4TM.js:7:3120)
    at Fr._next (https://www.greencity.cx.ua/chunk-NUXSP4TM.js:7:2803)
    at Fr.next (https://www.greencity.cx.ua/chunk-NUXSP4TM.js:7:2530)
    at https://www.greencity.cx.ua/chunk-NUXSP4TM.js:7:7848
    at Ac (https://www.greencity.cx.ua/chunk-NUXSP4TM.js:7:2222)
    at S0.next (https://www.greencity.cx.ua/chunk-NUXSP4TM.js:7:7687), [2026-03-15T12:01:34.411Z] [SEVERE] https://www.greencity.cx.ua/chunk-NUXSP4TM.js 10:45939 "ERROR" TypeError: Cannot read properties of null (reading 'setValue')
    at n.quillContentChanged (https://www.greencity.cx.ua/chunk-VNNOUBDJ.js:1:16043)
    at https://www.greencity.cx.ua/chunk-VNNOUBDJ.js:1:7223
    at eE (https://www.greencity.cx.ua/chunk-NUXSP4TM.js:11:76097)
    at Object.o [as next] (https://www.greencity.cx.ua/chunk-NUXSP4TM.js:11:76277)
    at bv.next (https://www.greencity.cx.ua/chunk-NUXSP4TM.js:7:3120)
    at Fr._next (https://www.greencity.cx.ua/chunk-NUXSP4TM.js:7:2803)
    at Fr.next (https://www.greencity.cx.ua/chunk-NUXSP4TM.js:7:2530)
    at https://www.greencity.cx.ua/chunk-NUXSP4TM.js:7:7848
    at Ac (https://www.greencity.cx.ua/chunk-NUXSP4TM.js:7:2222)
    at S0.next (https://www.greencity.cx.ua/chunk-NUXSP4TM.js:7:7687), [2026-03-15T12:01:34.414Z] [SEVERE] https://www.greencity.cx.ua/chunk-NUXSP4TM.js 10:45939 "ERROR" TypeError: Cannot read properties of null (reading 'setValue')
    at n.quillContentChanged (https://www.greencity.cx.ua/chunk-VNNOUBDJ.js:1:16043)
    at https://www.greencity.cx.ua/chunk-VNNOUBDJ.js:1:7223
    at eE (https://www.greencity.cx.ua/chunk-NUXSP4TM.js:11:76097)
    at Object.o [as next] (https://www.greencity.cx.ua/chunk-NUXSP4TM.js:11:76277)
    at bv.next (https://www.greencity.cx.ua/chunk-NUXSP4TM.js:7:3120)
    at Fr._next (https://www.greencity.cx.ua/chunk-NUXSP4TM.js:7:2803)
    at Fr.next (https://www.greencity.cx.ua/chunk-NUXSP4TM.js:7:2530)
    at https://www.greencity.cx.ua/chunk-NUXSP4TM.js:7:7848
    at Ac (https://www.greencity.cx.ua/chunk-NUXSP4TM.js:7:2222)
    at S0.next (https://www.greencity.cx.ua/chunk-NUXSP4TM.js:7:7687), [2026-03-15T12:01:34.417Z] [SEVERE] https://www.greencity.cx.ua/chunk-NUXSP4TM.js 10:45939 "ERROR" TypeError: Cannot read properties of null (reading 'setValue')
    at n.quillContentChanged (https://www.greencity.cx.ua/chunk-VNNOUBDJ.js:1:16043)
    at https://www.greencity.cx.ua/chunk-VNNOUBDJ.js:1:7223
    at eE (https://www.greencity.cx.ua/chunk-NUXSP4TM.js:11:76097)
    at Object.o [as next] (https://www.greencity.cx.ua/chunk-NUXSP4TM.js:11:76277)
    at bv.next (https://www.greencity.cx.ua/chunk-NUXSP4TM.js:7:3120)
    at Fr._next (https://www.greencity.cx.ua/chunk-NUXSP4TM.js:7:2803)
    at Fr.next (https://www.greencity.cx.ua/chunk-NUXSP4TM.js:7:2530)
    at https://www.greencity.cx.ua/chunk-NUXSP4TM.js:7:7848
    at Ac (https://www.greencity.cx.ua/chunk-NUXSP4TM.js:7:2222)
    at S0.next (https://www.greencity.cx.ua/chunk-NUXSP4TM.js:7:7687), [2026-03-15T12:01:34.423Z] [SEVERE] https://www.greencity.cx.ua/chunk-NUXSP4TM.js 10:45939 "ERROR" TypeError: Cannot read properties of null (reading 'setValue')
    at n.quillContentChanged (https://www.greencity.cx.ua/chunk-VNNOUBDJ.js:1:16043)
    at https://www.greencity.cx.ua/chunk-VNNOUBDJ.js:1:7223
    at eE (https://www.greencity.cx.ua/chunk-NUXSP4TM.js:11:76097)
    at Object.o [as next] (https://www.greencity.cx.ua/chunk-NUXSP4TM.js:11:76277)
    at bv.next (https://www.greencity.cx.ua/chunk-NUXSP4TM.js:7:3120)
    at Fr._next (https://www.greencity.cx.ua/chunk-NUXSP4TM.js:7:2803)
    at Fr.next (https://www.greencity.cx.ua/chunk-NUXSP4TM.js:7:2530)
    at https://www.greencity.cx.ua/chunk-NUXSP4TM.js:7:7848
    at Ac (https://www.greencity.cx.ua/chunk-NUXSP4TM.js:7:2222)
    at S0.next (https://www.greencity.cx.ua/chunk-NUXSP4TM.js:7:7687), [2026-03-15T12:01:34.424Z] [SEVERE] https://www.greencity.cx.ua/chunk-NUXSP4TM.js 10:45939 "ERROR" TypeError: Cannot read properties of null (reading 'setValue')
    at n.quillContentChanged (https://www.greencity.cx.ua/chunk-VNNOUBDJ.js:1:16043)
    at https://www.greencity.cx.ua/chunk-VNNOUBDJ.js:1:7223
    at eE (https://www.greencity.cx.ua/chunk-NUXSP4TM.js:11:76097)
    at Object.o [as next] (https://www.greencity.cx.ua/chunk-NUXSP4TM.js:11:76277)
    at bv.next (https://www.greencity.cx.ua/chunk-NUXSP4TM.js:7:3120)
    at Fr._next (https://www.greencity.cx.ua/chunk-NUXSP4TM.js:7:2803)
    at Fr.next (https://www.greencity.cx.ua/chunk-NUXSP4TM.js:7:2530)
    at https://www.greencity.cx.ua/chunk-NUXSP4TM.js:7:7848
    at Ac (https://www.greencity.cx.ua/chunk-NUXSP4TM.js:7:2222)
    at S0.next (https://www.greencity.cx.ua/chunk-NUXSP4TM.js:7:7687), [2026-03-15T12:01:34.428Z] [SEVERE] https://www.greencity.cx.ua/chunk-NUXSP4TM.js 10:45939 "ERROR" TypeError: Cannot read properties of null (reading 'setValue')
    at n.quillContentChanged (https://www.greencity.cx.ua/chunk-VNNOUBDJ.js:1:16043)
    at https://www.greencity.cx.ua/chunk-VNNOUBDJ.js:1:7223
    at eE (https://www.greencity.cx.ua/chunk-NUXSP4TM.js:11:76097)
    at Object.o [as next] (https://www.greencity.cx.ua/chunk-NUXSP4TM.js:11:76277)
    at bv.next (https://www.greencity.cx.ua/chunk-NUXSP4TM.js:7:3120)
    at Fr._next (https://www.greencity.cx.ua/chunk-NUXSP4TM.js:7:2803)
    at Fr.next (https://www.greencity.cx.ua/chunk-NUXSP4TM.js:7:2530)
    at https://www.greencity.cx.ua/chunk-NUXSP4TM.js:7:7848
    at Ac (https://www.greencity.cx.ua/chunk-NUXSP4TM.js:7:2222)
    at S0.next (https://www.greencity.cx.ua/chunk-NUXSP4TM.js:7:7687), [2026-03-15T12:01:34.430Z] [SEVERE] https://www.greencity.cx.ua/chunk-NUXSP4TM.js 10:45939 "ERROR" TypeError: Cannot read properties of null (reading 'setValue')
    at n.quillContentChanged (https://www.greencity.cx.ua/chunk-VNNOUBDJ.js:1:16043)
    at https://www.greencity.cx.ua/chunk-VNNOUBDJ.js:1:7223
    at eE (https://www.greencity.cx.ua/chunk-NUXSP4TM.js:11:76097)
    at Object.o [as next] (https://www.greencity.cx.ua/chunk-NUXSP4TM.js:11:76277)
    at bv.next (https://www.greencity.cx.ua/chunk-NUXSP4TM.js:7:3120)
    at Fr._next (https://www.greencity.cx.ua/chunk-NUXSP4TM.js:7:2803)
    at Fr.next (https://www.greencity.cx.ua/chunk-NUXSP4TM.js:7:2530)
    at https://www.greencity.cx.ua/chunk-NUXSP4TM.js:7:7848
    at Ac (https://www.greencity.cx.ua/chunk-NUXSP4TM.js:7:2222)
    at S0.next (https://www.greencity.cx.ua/chunk-NUXSP4TM.js:7:7687), [2026-03-15T12:01:34.434Z] [SEVERE] https://www.greencity.cx.ua/chunk-NUXSP4TM.js 10:45939 "ERROR" TypeError: Cannot read properties of null (reading 'setValue')
    at n.quillContentChanged (https://www.greencity.cx.ua/chunk-VNNOUBDJ.js:1:16043)
    at https://www.greencity.cx.ua/chunk-VNNOUBDJ.js:1:7223
    at eE (https://www.greencity.cx.ua/chunk-NUXSP4TM.js:11:76097)
    at Object.o [as next] (https://www.greencity.cx.ua/chunk-NUXSP4TM.js:11:76277)
    at bv.next (https://www.greencity.cx.ua/chunk-NUXSP4TM.js:7:3120)
    at Fr._next (https://www.greencity.cx.ua/chunk-NUXSP4TM.js:7:2803)
    at Fr.next (https://www.greencity.cx.ua/chunk-NUXSP4TM.js:7:2530)
    at https://www.greencity.cx.ua/chunk-NUXSP4TM.js:7:7848
    at Ac (https://www.greencity.cx.ua/chunk-NUXSP4TM.js:7:2222)
    at S0.next (https://www.greencity.cx.ua/chunk-NUXSP4TM.js:7:7687)]