[[2026-03-14T20:52:23.951Z] [SEVERE] https://www.greencity.cx.ua/#/greenCity - Not signed in with the identity provider., [2026-03-14T20:52:25.581Z] [SEVERE] https://accounts.google.com/gsi/client 81:88 "[GSI_LOGGER]: FedCM get() rejects with AbortError: signal is aborted without reason", [2026-03-14T20:52:26.587Z] [SEVERE] https://www.greencity.cx.ua/chunk-NUXSP4TM.js 10:45939 "ERROR" NullInjectorError: R3InjectorError(s)[e -> e -> e -> e]: 
  NullInjectorError: No provider for e!
    at Ip.get (https://www.greencity.cx.ua/chunk-NUXSP4TM.js:11:38580)
    at Op.get (https://www.greencity.cx.ua/chunk-NUXSP4TM.js:11:41619)
    at Op.get (https://www.greencity.cx.ua/chunk-NUXSP4TM.js:11:41619)
    at Op.get (https://www.greencity.cx.ua/chunk-NUXSP4TM.js:11:41619)
    at Op.get (https://www.greencity.cx.ua/chunk-NUXSP4TM.js:11:41619)
    at T0.get (https://www.greencity.cx.ua/chunk-NUXSP4TM.js:11:66384)
    at vI (https://www.greencity.cx.ua/chunk-NUXSP4TM.js:11:20405)
    at yI (https://www.greencity.cx.ua/chunk-NUXSP4TM.js:11:20645)
    at p (https://www.greencity.cx.ua/chunk-NUXSP4TM.js:11:52307)
    at fc.ɵfac [as factory] (https://www.greencity.cx.ua/chunk-R2CKRCT3.js:1:97963), [2026-03-14T20:52:26.587Z] [SEVERE] https://www.greencity.cx.ua/chunk-NUXSP4TM.js 10:45939 "ERROR" NullInjectorError: R3InjectorError(s)[e -> e -> e -> e]: 
  NullInjectorError: No provider for e!
    at Ip.get (https://www.greencity.cx.ua/chunk-NUXSP4TM.js:11:38580)
    at Op.get (https://www.greencity.cx.ua/chunk-NUXSP4TM.js:11:41619)
    at Op.get (https://www.greencity.cx.ua/chunk-NUXSP4TM.js:11:41619)
    at Op.get (https://www.greencity.cx.ua/chunk-NUXSP4TM.js:11:41619)
    at Op.get (https://www.greencity.cx.ua/chunk-NUXSP4TM.js:11:41619)
    at T0.get (https://www.greencity.cx.ua/chunk-NUXSP4TM.js:11:66384)
    at vI (https://www.greencity.cx.ua/chunk-NUXSP4TM.js:11:20405)
    at yI (https://www.greencity.cx.ua/chunk-NUXSP4TM.js:11:20645)
    at p (https://www.greencity.cx.ua/chunk-NUXSP4TM.js:11:52307)
    at fc.ɵfac [as factory] (https://www.greencity.cx.ua/chunk-R2CKRCT3.js:1:97963), [2026-03-14T20:52:27.669Z] [SEVERE] https://www.greencity.cx.ua/chunk-NUXSP4TM.js 10:45939 "ERROR" TypeError: Cannot read properties of null (reading 'setValue')
    at n.quillContentChanged (https://www.greencity.cx.ua/chunk-VNNOUBDJ.js:1:16043)
    at https://www.greencity.cx.ua/chunk-VNNOUBDJ.js:1:7223
    at eE (https://www.greencity.cx.ua/chunk-NUXSP4TM.js:11:76097)
    at Object.o [as next] (https://www.greencity.cx.ua/chunk-NUXSP4TM.js:11:76277)
    at bv.next (https://www.greencity.cx.ua/chunk-NUXSP4TM.js:7:3120)
    at Fr._next (https://www.greencity.cx.ua/chunk-NUXSP4TM.js:7:2803)
    at Fr.next (https://www.greencity.cx.ua/chunk-NUXSP4TM.js:7:2530)
    at https://www.greencity.cx.ua/chunk-NUXSP4TM.js:7:7848
    at Ac (https://www.greencity.cx.ua/chunk-NUXSP4TM.js:7:2222)
    at S0.next (https://www.greencity.cx.ua/chunk-NUXSP4TM.js:7:7687), [2026-03-14T20:52:27.675Z] [SEVERE] https://www.greencity.cx.ua/chunk-NUXSP4TM.js 10:45939 "ERROR" TypeError: Cannot read properties of null (reading 'setValue')
    at n.quillContentChanged (https://www.greencity.cx.ua/chunk-VNNOUBDJ.js:1:16043)
    at https://www.greencity.cx.ua/chunk-VNNOUBDJ.js:1:7223
    at eE (https://www.greencity.cx.ua/chunk-NUXSP4TM.js:11:76097)
    at Object.o [as next] (https://www.greencity.cx.ua/chunk-NUXSP4TM.js:11:76277)
    at bv.next (https://www.greencity.cx.ua/chunk-NUXSP4TM.js:7:3120)
    at Fr._next (https://www.greencity.cx.ua/chunk-NUXSP4TM.js:7:2803)
    at Fr.next (https://www.greencity.cx.ua/chunk-NUXSP4TM.js:7:2530)
    at https://www.greencity.cx.ua/chunk-NUXSP4TM.js:7:7848
    at Ac (https://www.greencity.cx.ua/chunk-NUXSP4TM.js:7:2222)
    at S0.next (https://www.greencity.cx.ua/chunk-NUXSP4TM.js:7:7687), [2026-03-14T20:52:27.683Z] [SEVERE] https://www.greencity.cx.ua/chunk-NUXSP4TM.js 10:45939 "ERROR" TypeError: Cannot read properties of null (reading 'setValue')
    at n.quillContentChanged (https://www.greencity.cx.ua/chunk-VNNOUBDJ.js:1:16043)
    at https://www.greencity.cx.ua/chunk-VNNOUBDJ.js:1:7223
    at eE (https://www.greencity.cx.ua/chunk-NUXSP4TM.js:11:76097)
    at Object.o [as next] (https://www.greencity.cx.ua/chunk-NUXSP4TM.js:11:76277)
    at bv.next (https://www.greencity.cx.ua/chunk-NUXSP4TM.js:7:3120)
    at Fr._next (https://www.greencity.cx.ua/chunk-NUXSP4TM.js:7:2803)
    at Fr.next (https://www.greencity.cx.ua/chunk-NUXSP4TM.js:7:2530)
    at https://www.greencity.cx.ua/chunk-NUXSP4TM.js:7:7848
    at Ac (https://www.greencity.cx.ua/chunk-NUXSP4TM.js:7:2222)
    at S0.next (https://www.greencity.cx.ua/chunk-NUXSP4TM.js:7:7687), [2026-03-14T20:52:27.688Z] [SEVERE] https://www.greencity.cx.ua/chunk-NUXSP4TM.js 10:45939 "ERROR" TypeError: Cannot read properties of null (reading 'setValue')
    at n.quillContentChanged (https://www.greencity.cx.ua/chunk-VNNOUBDJ.js:1:16043)
    at https://www.greencity.cx.ua/chunk-VNNOUBDJ.js:1:7223
    at eE (https://www.greencity.cx.ua/chunk-NUXSP4TM.js:11:76097)
    at Object.o [as next] (https://www.greencity.cx.ua/chunk-NUXSP4TM.js:11:76277)
    at bv.next (https://www.greencity.cx.ua/chunk-NUXSP4TM.js:7:3120)
    at Fr._next (https://www.greencity.cx.ua/chunk-NUXSP4TM.js:7:2803)
    at Fr.next (https://www.greencity.cx.ua/chunk-NUXSP4TM.js:7:2530)
    at https://www.greencity.cx.ua/chunk-NUXSP4TM.js:7:7848
    at Ac (https://www.greencity.cx.ua/chunk-NUXSP4TM.js:7:2222)
    at S0.next (https://www.greencity.cx.ua/chunk-NUXSP4TM.js:7:7687), [2026-03-14T20:52:27.692Z] [SEVERE] https://www.greencity.cx.ua/chunk-NUXSP4TM.js 10:45939 "ERROR" TypeError: Cannot read properties of null (reading 'setValue')
    at n.quillContentChanged (https://www.greencity.cx.ua/chunk-VNNOUBDJ.js:1:16043)
    at https://www.greencity.cx.ua/chunk-VNNOUBDJ.js:1:7223
    at eE (https://www.greencity.cx.ua/chunk-NUXSP4TM.js:11:76097)
    at Object.o [as next] (https://www.greencity.cx.ua/chunk-NUXSP4TM.js:11:76277)
    at bv.next (https://www.greencity.cx.ua/chunk-NUXSP4TM.js:7:3120)
    at Fr._next (https://www.greencity.cx.ua/chunk-NUXSP4TM.js:7:2803)
    at Fr.next (https://www.greencity.cx.ua/chunk-NUXSP4TM.js:7:2530)
    at https://www.greencity.cx.ua/chunk-NUXSP4TM.js:7:7848
    at Ac (https://www.greencity.cx.ua/chunk-NUXSP4TM.js:7:2222)
    at S0.next (https://www.greencity.cx.ua/chunk-NUXSP4TM.js:7:7687), [2026-03-14T20:52:27.695Z] [SEVERE] https://www.greencity.cx.ua/chunk-NUXSP4TM.js 10:45939 "ERROR" TypeError: Cannot read properties of null (reading 'setValue')
    at n.quillContentChanged (https://www.greencity.cx.ua/chunk-VNNOUBDJ.js:1:16043)
    at https://www.greencity.cx.ua/chunk-VNNOUBDJ.js:1:7223
    at eE (https://www.greencity.cx.ua/chunk-NUXSP4TM.js:11:76097)
    at Object.o [as next] (https://www.greencity.cx.ua/chunk-NUXSP4TM.js:11:76277)
    at bv.next (https://www.greencity.cx.ua/chunk-NUXSP4TM.js:7:3120)
    at Fr._next (https://www.greencity.cx.ua/chunk-NUXSP4TM.js:7:2803)
    at Fr.next (https://www.greencity.cx.ua/chunk-NUXSP4TM.js:7:2530)
    at https://www.greencity.cx.ua/chunk-NUXSP4TM.js:7:7848
    at Ac (https://www.greencity.cx.ua/chunk-NUXSP4TM.js:7:2222)
    at S0.next (https://www.greencity.cx.ua/chunk-NUXSP4TM.js:7:7687), [2026-03-14T20:52:27.699Z] [SEVERE] https://www.greencity.cx.ua/chunk-NUXSP4TM.js 10:45939 "ERROR" TypeError: Cannot read properties of null (reading 'setValue')
    at n.quillContentChanged (https://www.greencity.cx.ua/chunk-VNNOUBDJ.js:1:16043)
    at https://www.greencity.cx.ua/chunk-VNNOUBDJ.js:1:7223
    at eE (https://www.greencity.cx.ua/chunk-NUXSP4TM.js:11:76097)
    at Object.o [as next] (https://www.greencity.cx.ua/chunk-NUXSP4TM.js:11:76277)
    at bv.next (https://www.greencity.cx.ua/chunk-NUXSP4TM.js:7:3120)
    at Fr._next (https://www.greencity.cx.ua/chunk-NUXSP4TM.js:7:2803)
    at Fr.next (https://www.greencity.cx.ua/chunk-NUXSP4TM.js:7:2530)
    at https://www.greencity.cx.ua/chunk-NUXSP4TM.js:7:7848
    at Ac (https://www.greencity.cx.ua/chunk-NUXSP4TM.js:7:2222)
    at S0.next (https://www.greencity.cx.ua/chunk-NUXSP4TM.js:7:7687), [2026-03-14T20:52:27.702Z] [SEVERE] https://www.greencity.cx.ua/chunk-NUXSP4TM.js 10:45939 "ERROR" TypeError: Cannot read properties of null (reading 'setValue')
    at n.quillContentChanged (https://www.greencity.cx.ua/chunk-VNNOUBDJ.js:1:16043)
    at https://www.greencity.cx.ua/chunk-VNNOUBDJ.js:1:7223
    at eE (https://www.greencity.cx.ua/chunk-NUXSP4TM.js:11:76097)
    at Object.o [as next] (https://www.greencity.cx.ua/chunk-NUXSP4TM.js:11:76277)
    at bv.next (https://www.greencity.cx.ua/chunk-NUXSP4TM.js:7:3120)
    at Fr._next (https://www.greencity.cx.ua/chunk-NUXSP4TM.js:7:2803)
    at Fr.next (https://www.greencity.cx.ua/chunk-NUXSP4TM.js:7:2530)
    at https://www.greencity.cx.ua/chunk-NUXSP4TM.js:7:7848
    at Ac (https://www.greencity.cx.ua/chunk-NUXSP4TM.js:7:2222)
    at S0.next (https://www.greencity.cx.ua/chunk-NUXSP4TM.js:7:7687), [2026-03-14T20:52:27.705Z] [SEVERE] https://www.greencity.cx.ua/chunk-NUXSP4TM.js 10:45939 "ERROR" TypeError: Cannot read properties of null (reading 'setValue')
    at n.quillContentChanged (https://www.greencity.cx.ua/chunk-VNNOUBDJ.js:1:16043)
    at https://www.greencity.cx.ua/chunk-VNNOUBDJ.js:1:7223
    at eE (https://www.greencity.cx.ua/chunk-NUXSP4TM.js:11:76097)
    at Object.o [as next] (https://www.greencity.cx.ua/chunk-NUXSP4TM.js:11:76277)
    at bv.next (https://www.greencity.cx.ua/chunk-NUXSP4TM.js:7:3120)
    at Fr._next (https://www.greencity.cx.ua/chunk-NUXSP4TM.js:7:2803)
    at Fr.next (https://www.greencity.cx.ua/chunk-NUXSP4TM.js:7:2530)
    at https://www.greencity.cx.ua/chunk-NUXSP4TM.js:7:7848
    at Ac (https://www.greencity.cx.ua/chunk-NUXSP4TM.js:7:2222)
    at S0.next (https://www.greencity.cx.ua/chunk-NUXSP4TM.js:7:7687), [2026-03-14T20:52:27.708Z] [SEVERE] https://www.greencity.cx.ua/chunk-NUXSP4TM.js 10:45939 "ERROR" TypeError: Cannot read properties of null (reading 'setValue')
    at n.quillContentChanged (https://www.greencity.cx.ua/chunk-VNNOUBDJ.js:1:16043)
    at https://www.greencity.cx.ua/chunk-VNNOUBDJ.js:1:7223
    at eE (https://www.greencity.cx.ua/chunk-NUXSP4TM.js:11:76097)
    at Object.o [as next] (https://www.greencity.cx.ua/chunk-NUXSP4TM.js:11:76277)
    at bv.next (https://www.greencity.cx.ua/chunk-NUXSP4TM.js:7:3120)
    at Fr._next (https://www.greencity.cx.ua/chunk-NUXSP4TM.js:7:2803)
    at Fr.next (https://www.greencity.cx.ua/chunk-NUXSP4TM.js:7:2530)
    at https://www.greencity.cx.ua/chunk-NUXSP4TM.js:7:7848
    at Ac (https://www.greencity.cx.ua/chunk-NUXSP4TM.js:7:2222)
    at S0.next (https://www.greencity.cx.ua/chunk-NUXSP4TM.js:7:7687), [2026-03-14T20:52:27.712Z] [SEVERE] https://www.greencity.cx.ua/chunk-NUXSP4TM.js 10:45939 "ERROR" TypeError: Cannot read properties of null (reading 'setValue')
    at n.quillContentChanged (https://www.greencity.cx.ua/chunk-VNNOUBDJ.js:1:16043)
    at https://www.greencity.cx.ua/chunk-VNNOUBDJ.js:1:7223
    at eE (https://www.greencity.cx.ua/chunk-NUXSP4TM.js:11:76097)
    at Object.o [as next] (https://www.greencity.cx.ua/chunk-NUXSP4TM.js:11:76277)
    at bv.next (https://www.greencity.cx.ua/chunk-NUXSP4TM.js:7:3120)
    at Fr._next (https://www.greencity.cx.ua/chunk-NUXSP4TM.js:7:2803)
    at Fr.next (https://www.greencity.cx.ua/chunk-NUXSP4TM.js:7:2530)
    at https://www.greencity.cx.ua/chunk-NUXSP4TM.js:7:7848
    at Ac (https://www.greencity.cx.ua/chunk-NUXSP4TM.js:7:2222)
    at S0.next (https://www.greencity.cx.ua/chunk-NUXSP4TM.js:7:7687), [2026-03-14T20:52:27.714Z] [SEVERE] https://www.greencity.cx.ua/chunk-NUXSP4TM.js 10:45939 "ERROR" TypeError: Cannot read properties of null (reading 'setValue')
    at n.quillContentChanged (https://www.greencity.cx.ua/chunk-VNNOUBDJ.js:1:16043)
    at https://www.greencity.cx.ua/chunk-VNNOUBDJ.js:1:7223
    at eE (https://www.greencity.cx.ua/chunk-NUXSP4TM.js:11:76097)
    at Object.o [as next] (https://www.greencity.cx.ua/chunk-NUXSP4TM.js:11:76277)
    at bv.next (https://www.greencity.cx.ua/chunk-NUXSP4TM.js:7:3120)
    at Fr._next (https://www.greencity.cx.ua/chunk-NUXSP4TM.js:7:2803)
    at Fr.next (https://www.greencity.cx.ua/chunk-NUXSP4TM.js:7:2530)
    at https://www.greencity.cx.ua/chunk-NUXSP4TM.js:7:7848
    at Ac (https://www.greencity.cx.ua/chunk-NUXSP4TM.js:7:2222)
    at S0.next (https://www.greencity.cx.ua/chunk-NUXSP4TM.js:7:7687), [2026-03-14T20:52:27.717Z] [SEVERE] https://www.greencity.cx.ua/chunk-NUXSP4TM.js 10:45939 "ERROR" TypeError: Cannot read properties of null (reading 'setValue')
    at n.quillContentChanged (https://www.greencity.cx.ua/chunk-VNNOUBDJ.js:1:16043)
    at https://www.greencity.cx.ua/chunk-VNNOUBDJ.js:1:7223
    at eE (https://www.greencity.cx.ua/chunk-NUXSP4TM.js:11:76097)
    at Object.o [as next] (https://www.greencity.cx.ua/chunk-NUXSP4TM.js:11:76277)
    at bv.next (https://www.greencity.cx.ua/chunk-NUXSP4TM.js:7:3120)
    at Fr._next (https://www.greencity.cx.ua/chunk-NUXSP4TM.js:7:2803)
    at Fr.next (https://www.greencity.cx.ua/chunk-NUXSP4TM.js:7:2530)
    at https://www.greencity.cx.ua/chunk-NUXSP4TM.js:7:7848
    at Ac (https://www.greencity.cx.ua/chunk-NUXSP4TM.js:7:2222)
    at S0.next (https://www.greencity.cx.ua/chunk-NUXSP4TM.js:7:7687), [2026-03-14T20:52:27.720Z] [SEVERE] https://www.greencity.cx.ua/chunk-NUXSP4TM.js 10:45939 "ERROR" TypeError: Cannot read properties of null (reading 'setValue')
    at n.quillContentChanged (https://www.greencity.cx.ua/chunk-VNNOUBDJ.js:1:16043)
    at https://www.greencity.cx.ua/chunk-VNNOUBDJ.js:1:7223
    at eE (https://www.greencity.cx.ua/chunk-NUXSP4TM.js:11:76097)
    at Object.o [as next] (https://www.greencity.cx.ua/chunk-NUXSP4TM.js:11:76277)
    at bv.next (https://www.greencity.cx.ua/chunk-NUXSP4TM.js:7:3120)
    at Fr._next (https://www.greencity.cx.ua/chunk-NUXSP4TM.js:7:2803)
    at Fr.next (https://www.greencity.cx.ua/chunk-NUXSP4TM.js:7:2530)
    at https://www.greencity.cx.ua/chunk-NUXSP4TM.js:7:7848
    at Ac (https://www.greencity.cx.ua/chunk-NUXSP4TM.js:7:2222)
    at S0.next (https://www.greencity.cx.ua/chunk-NUXSP4TM.js:7:7687), [2026-03-14T20:52:27.723Z] [SEVERE] https://www.greencity.cx.ua/chunk-NUXSP4TM.js 10:45939 "ERROR" TypeError: Cannot read properties of null (reading 'setValue')
    at n.quillContentChanged (https://www.greencity.cx.ua/chunk-VNNOUBDJ.js:1:16043)
    at https://www.greencity.cx.ua/chunk-VNNOUBDJ.js:1:7223
    at eE (https://www.greencity.cx.ua/chunk-NUXSP4TM.js:11:76097)
    at Object.o [as next] (https://www.greencity.cx.ua/chunk-NUXSP4TM.js:11:76277)
    at bv.next (https://www.greencity.cx.ua/chunk-NUXSP4TM.js:7:3120)
    at Fr._next (https://www.greencity.cx.ua/chunk-NUXSP4TM.js:7:2803)
    at Fr.next (https://www.greencity.cx.ua/chunk-NUXSP4TM.js:7:2530)
    at https://www.greencity.cx.ua/chunk-NUXSP4TM.js:7:7848
    at Ac (https://www.greencity.cx.ua/chunk-NUXSP4TM.js:7:2222)
    at S0.next (https://www.greencity.cx.ua/chunk-NUXSP4TM.js:7:7687), [2026-03-14T20:52:27.726Z] [SEVERE] https://www.greencity.cx.ua/chunk-NUXSP4TM.js 10:45939 "ERROR" TypeError: Cannot read properties of null (reading 'setValue')
    at n.quillContentChanged (https://www.greencity.cx.ua/chunk-VNNOUBDJ.js:1:16043)
    at https://www.greencity.cx.ua/chunk-VNNOUBDJ.js:1:7223
    at eE (https://www.greencity.cx.ua/chunk-NUXSP4TM.js:11:76097)
    at Object.o [as next] (https://www.greencity.cx.ua/chunk-NUXSP4TM.js:11:76277)
    at bv.next (https://www.greencity.cx.ua/chunk-NUXSP4TM.js:7:3120)
    at Fr._next (https://www.greencity.cx.ua/chunk-NUXSP4TM.js:7:2803)
    at Fr.next (https://www.greencity.cx.ua/chunk-NUXSP4TM.js:7:2530)
    at https://www.greencity.cx.ua/chunk-NUXSP4TM.js:7:7848
    at Ac (https://www.greencity.cx.ua/chunk-NUXSP4TM.js:7:2222)
    at S0.next (https://www.greencity.cx.ua/chunk-NUXSP4TM.js:7:7687), [2026-03-14T20:52:27.728Z] [SEVERE] https://www.greencity.cx.ua/chunk-NUXSP4TM.js 10:45939 "ERROR" TypeError: Cannot read properties of null (reading 'setValue')
    at n.quillContentChanged (https://www.greencity.cx.ua/chunk-VNNOUBDJ.js:1:16043)
    at https://www.greencity.cx.ua/chunk-VNNOUBDJ.js:1:7223
    at eE (https://www.greencity.cx.ua/chunk-NUXSP4TM.js:11:76097)
    at Object.o [as next] (https://www.greencity.cx.ua/chunk-NUXSP4TM.js:11:76277)
    at bv.next (https://www.greencity.cx.ua/chunk-NUXSP4TM.js:7:3120)
    at Fr._next (https://www.greencity.cx.ua/chunk-NUXSP4TM.js:7:2803)
    at Fr.next (https://www.greencity.cx.ua/chunk-NUXSP4TM.js:7:2530)
    at https://www.greencity.cx.ua/chunk-NUXSP4TM.js:7:7848
    at Ac (https://www.greencity.cx.ua/chunk-NUXSP4TM.js:7:2222)
    at S0.next (https://www.greencity.cx.ua/chunk-NUXSP4TM.js:7:7687), [2026-03-14T20:52:27.731Z] [SEVERE] https://www.greencity.cx.ua/chunk-NUXSP4TM.js 10:45939 "ERROR" TypeError: Cannot read properties of null (reading 'setValue')
    at n.quillContentChanged (https://www.greencity.cx.ua/chunk-VNNOUBDJ.js:1:16043)
    at https://www.greencity.cx.ua/chunk-VNNOUBDJ.js:1:7223
    at eE (https://www.greencity.cx.ua/chunk-NUXSP4TM.js:11:76097)
    at Object.o [as next] (https://www.greencity.cx.ua/chunk-NUXSP4TM.js:11:76277)
    at bv.next (https://www.greencity.cx.ua/chunk-NUXSP4TM.js:7:3120)
    at Fr._next (https://www.greencity.cx.ua/chunk-NUXSP4TM.js:7:2803)
    at Fr.next (https://www.greencity.cx.ua/chunk-NUXSP4TM.js:7:2530)
    at https://www.greencity.cx.ua/chunk-NUXSP4TM.js:7:7848
    at Ac (https://www.greencity.cx.ua/chunk-NUXSP4TM.js:7:2222)
    at S0.next (https://www.greencity.cx.ua/chunk-NUXSP4TM.js:7:7687), [2026-03-14T20:52:27.736Z] [SEVERE] https://www.greencity.cx.ua/chunk-NUXSP4TM.js 10:45939 "ERROR" TypeError: Cannot read properties of null (reading 'setValue')
    at n.quillContentChanged (https://www.greencity.cx.ua/chunk-VNNOUBDJ.js:1:16043)
    at https://www.greencity.cx.ua/chunk-VNNOUBDJ.js:1:7223
    at eE (https://www.greencity.cx.ua/chunk-NUXSP4TM.js:11:76097)
    at Object.o [as next] (https://www.greencity.cx.ua/chunk-NUXSP4TM.js:11:76277)
    at bv.next (https://www.greencity.cx.ua/chunk-NUXSP4TM.js:7:3120)
    at Fr._next (https://www.greencity.cx.ua/chunk-NUXSP4TM.js:7:2803)
    at Fr.next (https://www.greencity.cx.ua/chunk-NUXSP4TM.js:7:2530)
    at https://www.greencity.cx.ua/chunk-NUXSP4TM.js:7:7848
    at Ac (https://www.greencity.cx.ua/chunk-NUXSP4TM.js:7:2222)
    at S0.next (https://www.greencity.cx.ua/chunk-NUXSP4TM.js:7:7687), [2026-03-14T20:52:27.739Z] [SEVERE] https://www.greencity.cx.ua/chunk-NUXSP4TM.js 10:45939 "ERROR" TypeError: Cannot read properties of null (reading 'setValue')
    at n.quillContentChanged (https://www.greencity.cx.ua/chunk-VNNOUBDJ.js:1:16043)
    at https://www.greencity.cx.ua/chunk-VNNOUBDJ.js:1:7223
    at eE (https://www.greencity.cx.ua/chunk-NUXSP4TM.js:11:76097)
    at Object.o [as next] (https://www.greencity.cx.ua/chunk-NUXSP4TM.js:11:76277)
    at bv.next (https://www.greencity.cx.ua/chunk-NUXSP4TM.js:7:3120)
    at Fr._next (https://www.greencity.cx.ua/chunk-NUXSP4TM.js:7:2803)
    at Fr.next (https://www.greencity.cx.ua/chunk-NUXSP4TM.js:7:2530)
    at https://www.greencity.cx.ua/chunk-NUXSP4TM.js:7:7848
    at Ac (https://www.greencity.cx.ua/chunk-NUXSP4TM.js:7:2222)
    at S0.next (https://www.greencity.cx.ua/chunk-NUXSP4TM.js:7:7687), [2026-03-14T20:52:27.743Z] [SEVERE] https://www.greencity.cx.ua/chunk-NUXSP4TM.js 10:45939 "ERROR" TypeError: Cannot read properties of null (reading 'setValue')
    at n.quillContentChanged (https://www.greencity.cx.ua/chunk-VNNOUBDJ.js:1:16043)
    at https://www.greencity.cx.ua/chunk-VNNOUBDJ.js:1:7223
    at eE (https://www.greencity.cx.ua/chunk-NUXSP4TM.js:11:76097)
    at Object.o [as next] (https://www.greencity.cx.ua/chunk-NUXSP4TM.js:11:76277)
    at bv.next (https://www.greencity.cx.ua/chunk-NUXSP4TM.js:7:3120)
    at Fr._next (https://www.greencity.cx.ua/chunk-NUXSP4TM.js:7:2803)
    at Fr.next (https://www.greencity.cx.ua/chunk-NUXSP4TM.js:7:2530)
    at https://www.greencity.cx.ua/chunk-NUXSP4TM.js:7:7848
    at Ac (https://www.greencity.cx.ua/chunk-NUXSP4TM.js:7:2222)
    at S0.next (https://www.greencity.cx.ua/chunk-NUXSP4TM.js:7:7687), [2026-03-14T20:52:27.745Z] [SEVERE] https://www.greencity.cx.ua/chunk-NUXSP4TM.js 10:45939 "ERROR" TypeError: Cannot read properties of null (reading 'setValue')
    at n.quillContentChanged (https://www.greencity.cx.ua/chunk-VNNOUBDJ.js:1:16043)
    at https://www.greencity.cx.ua/chunk-VNNOUBDJ.js:1:7223
    at eE (https://www.greencity.cx.ua/chunk-NUXSP4TM.js:11:76097)
    at Object.o [as next] (https://www.greencity.cx.ua/chunk-NUXSP4TM.js:11:76277)
    at bv.next (https://www.greencity.cx.ua/chunk-NUXSP4TM.js:7:3120)
    at Fr._next (https://www.greencity.cx.ua/chunk-NUXSP4TM.js:7:2803)
    at Fr.next (https://www.greencity.cx.ua/chunk-NUXSP4TM.js:7:2530)
    at https://www.greencity.cx.ua/chunk-NUXSP4TM.js:7:7848
    at Ac (https://www.greencity.cx.ua/chunk-NUXSP4TM.js:7:2222)
    at S0.next (https://www.greencity.cx.ua/chunk-NUXSP4TM.js:7:7687), [2026-03-14T20:52:27.748Z] [SEVERE] https://www.greencity.cx.ua/chunk-NUXSP4TM.js 10:45939 "ERROR" TypeError: Cannot read properties of null (reading 'setValue')
    at n.quillContentChanged (https://www.greencity.cx.ua/chunk-VNNOUBDJ.js:1:16043)
    at https://www.greencity.cx.ua/chunk-VNNOUBDJ.js:1:7223
    at eE (https://www.greencity.cx.ua/chunk-NUXSP4TM.js:11:76097)
    at Object.o [as next] (https://www.greencity.cx.ua/chunk-NUXSP4TM.js:11:76277)
    at bv.next (https://www.greencity.cx.ua/chunk-NUXSP4TM.js:7:3120)
    at Fr._next (https://www.greencity.cx.ua/chunk-NUXSP4TM.js:7:2803)
    at Fr.next (https://www.greencity.cx.ua/chunk-NUXSP4TM.js:7:2530)
    at https://www.greencity.cx.ua/chunk-NUXSP4TM.js:7:7848
    at Ac (https://www.greencity.cx.ua/chunk-NUXSP4TM.js:7:2222)
    at S0.next (https://www.greencity.cx.ua/chunk-NUXSP4TM.js:7:7687), [2026-03-14T20:52:27.751Z] [SEVERE] https://www.greencity.cx.ua/chunk-NUXSP4TM.js 10:45939 "ERROR" TypeError: Cannot read properties of null (reading 'setValue')
    at n.quillContentChanged (https://www.greencity.cx.ua/chunk-VNNOUBDJ.js:1:16043)
    at https://www.greencity.cx.ua/chunk-VNNOUBDJ.js:1:7223
    at eE (https://www.greencity.cx.ua/chunk-NUXSP4TM.js:11:76097)
    at Object.o [as next] (https://www.greencity.cx.ua/chunk-NUXSP4TM.js:11:76277)
    at bv.next (https://www.greencity.cx.ua/chunk-NUXSP4TM.js:7:3120)
    at Fr._next (https://www.greencity.cx.ua/chunk-NUXSP4TM.js:7:2803)
    at Fr.next (https://www.greencity.cx.ua/chunk-NUXSP4TM.js:7:2530)
    at https://www.greencity.cx.ua/chunk-NUXSP4TM.js:7:7848
    at Ac (https://www.greencity.cx.ua/chunk-NUXSP4TM.js:7:2222)
    at S0.next (https://www.greencity.cx.ua/chunk-NUXSP4TM.js:7:7687), [2026-03-14T20:52:27.754Z] [SEVERE] https://www.greencity.cx.ua/chunk-NUXSP4TM.js 10:45939 "ERROR" TypeError: Cannot read properties of null (reading 'setValue')
    at n.quillContentChanged (https://www.greencity.cx.ua/chunk-VNNOUBDJ.js:1:16043)
    at https://www.greencity.cx.ua/chunk-VNNOUBDJ.js:1:7223
    at eE (https://www.greencity.cx.ua/chunk-NUXSP4TM.js:11:76097)
    at Object.o [as next] (https://www.greencity.cx.ua/chunk-NUXSP4TM.js:11:76277)
    at bv.next (https://www.greencity.cx.ua/chunk-NUXSP4TM.js:7:3120)
    at Fr._next (https://www.greencity.cx.ua/chunk-NUXSP4TM.js:7:2803)
    at Fr.next (https://www.greencity.cx.ua/chunk-NUXSP4TM.js:7:2530)
    at https://www.greencity.cx.ua/chunk-NUXSP4TM.js:7:7848
    at Ac (https://www.greencity.cx.ua/chunk-NUXSP4TM.js:7:2222)
    at S0.next (https://www.greencity.cx.ua/chunk-NUXSP4TM.js:7:7687), [2026-03-14T20:52:27.757Z] [SEVERE] https://www.greencity.cx.ua/chunk-NUXSP4TM.js 10:45939 "ERROR" TypeError: Cannot read properties of null (reading 'setValue')
    at n.quillContentChanged (https://www.greencity.cx.ua/chunk-VNNOUBDJ.js:1:16043)
    at https://www.greencity.cx.ua/chunk-VNNOUBDJ.js:1:7223
    at eE (https://www.greencity.cx.ua/chunk-NUXSP4TM.js:11:76097)
    at Object.o [as next] (https://www.greencity.cx.ua/chunk-NUXSP4TM.js:11:76277)
    at bv.next (https://www.greencity.cx.ua/chunk-NUXSP4TM.js:7:3120)
    at Fr._next (https://www.greencity.cx.ua/chunk-NUXSP4TM.js:7:2803)
    at Fr.next (https://www.greencity.cx.ua/chunk-NUXSP4TM.js:7:2530)
    at https://www.greencity.cx.ua/chunk-NUXSP4TM.js:7:7848
    at Ac (https://www.greencity.cx.ua/chunk-NUXSP4TM.js:7:2222)
    at S0.next (https://www.greencity.cx.ua/chunk-NUXSP4TM.js:7:7687), [2026-03-14T20:52:58.882Z] [WARNING] https://www.greencity.cx.ua/chunk-47CS2OCG.js 5:9966 "quill" "Overwriting modules/imageResize with" function s(P){var _=this,E=arguments.length>1&&arguments[1]!==void 0?arguments[1]:{};o(this,s),this.initializeModules=function(){_.removeModules(),_.modules=_.moduleClasses.map(function(y){return new(l[y]||y)(_)}),_.modules.forEach(function(y){y.onCreate()}),_.onUpdate()},this.onUpdate=function(){_.repositionElements(),_.modules.forEach(function(y){y.onUpdate()})},this.removeModules=function(){_.modules.forEach(function(y){y.onDestroy()}),_.modules=[]},this.handleClick=function(y){if(y.target&&y.target.tagName&&y.target.tagName.toUpperCase()==="IMG"){if(_.img===y.target)return;_.img&&_.hide(),_.show(y.target)}else _.img&&_.hide()},this.show=function(y){_.img=y,_.showOverlay(),_.initializeModules()},this.showOverlay=function(){_.overlay&&_.hideOverlay(),_.quill.setSelection(null),_.setUserSelect("none"),document.addEventListener("keyup",_.checkImage,!0),_.quill.root.addEventListener("input",_.checkImage,!0),_.overlay=document.createElement("div"),Object.assign(_.overlay.style,_.options.overlayStyles),_.quill.root.parentNode.appendChild(_.overlay),_.repositionElements()},this.hideOverlay=function(){_.overlay&&(_.quill.root.parentNode.removeChild(_.overlay),_.overlay=void 0,document.removeEventListener("keyup",_.checkImage),_.quill.root.removeEventListener("input",_.checkImage),_.setUserSelect(""))},this.repositionElements=function(){if(_.overlay&&_.img){var y=_.quill.root.parentNode,p=_.img.getBoundingClientRect(),x=y.getBoundingClientRect();Object.assign(_.overlay.style,{left:p.left-x.left-1+y.scrollLeft+"px",top:p.top-x.top+y.scrollTop+"px",width:p.width+"px",height:p.height+"px"})}},this.hide=function(){_.hideOverlay(),_.removeModules(),_.img=void 0},this.setUserSelect=function(y){["userSelect","mozUserSelect","webkitUserSelect","msUserSelect"].forEach(function(p){_.quill.root.style[p]=y,document.documentElement.style[p]=y})},this.checkImage=function(y){_.img&&(y.keyCode!=46&&y.keyCode!=8||window.Quill.find(_.img).deleteAt(0),_.hide())},this.quill=P;var T=!1;E.modules&&(T=E.modules.slice()),this.options=i()({},E,a.a),T!==!1&&(this.options.modules=T),document.execCommand("enableObjectResizing",!1,"false"),this.quill.root.addEventListener("click",this.handleClick,!1),this.quill.root.parentNode.style.position=this.quill.root.parentNode.style.position||"relative",this.moduleClasses=this.options.modules,console.log("this.options.modules",this.options.modules),this.modules=[]}, [2026-03-14T20:53:01.967Z] [SEVERE] https://www.greencity.cx.ua/chunk-NUXSP4TM.js 10:45939 "ERROR" TypeError: Cannot read properties of null (reading 'setValue')
    at n.quillContentChanged (https://www.greencity.cx.ua/chunk-VNNOUBDJ.js:1:16043)
    at https://www.greencity.cx.ua/chunk-VNNOUBDJ.js:1:7223
    at eE (https://www.greencity.cx.ua/chunk-NUXSP4TM.js:11:76097)
    at Object.o [as next] (https://www.greencity.cx.ua/chunk-NUXSP4TM.js:11:76277)
    at bv.next (https://www.greencity.cx.ua/chunk-NUXSP4TM.js:7:3120)
    at Fr._next (https://www.greencity.cx.ua/chunk-NUXSP4TM.js:7:2803)
    at Fr.next (https://www.greencity.cx.ua/chunk-NUXSP4TM.js:7:2530)
    at https://www.greencity.cx.ua/chunk-NUXSP4TM.js:7:7848
    at Ac (https://www.greencity.cx.ua/chunk-NUXSP4TM.js:7:2222)
    at S0.next (https://www.greencity.cx.ua/chunk-NUXSP4TM.js:7:7687), [2026-03-14T20:53:01.972Z] [SEVERE] https://www.greencity.cx.ua/chunk-NUXSP4TM.js 10:45939 "ERROR" TypeError: Cannot read properties of null (reading 'setValue')
    at n.quillContentChanged (https://www.greencity.cx.ua/chunk-VNNOUBDJ.js:1:16043)
    at https://www.greencity.cx.ua/chunk-VNNOUBDJ.js:1:7223
    at eE (https://www.greencity.cx.ua/chunk-NUXSP4TM.js:11:76097)
    at Object.o [as next] (https://www.greencity.cx.ua/chunk-NUXSP4TM.js:11:76277)
    at bv.next (https://www.greencity.cx.ua/chunk-NUXSP4TM.js:7:3120)
    at Fr._next (https://www.greencity.cx.ua/chunk-NUXSP4TM.js:7:2803)
    at Fr.next (https://www.greencity.cx.ua/chunk-NUXSP4TM.js:7:2530)
    at https://www.greencity.cx.ua/chunk-NUXSP4TM.js:7:7848
    at Ac (https://www.greencity.cx.ua/chunk-NUXSP4TM.js:7:2222)
    at S0.next (https://www.greencity.cx.ua/chunk-NUXSP4TM.js:7:7687), [2026-03-14T20:53:01.974Z] [SEVERE] https://www.greencity.cx.ua/chunk-NUXSP4TM.js 10:45939 "ERROR" TypeError: Cannot read properties of null (reading 'setValue')
    at n.quillContentChanged (https://www.greencity.cx.ua/chunk-VNNOUBDJ.js:1:16043)
    at https://www.greencity.cx.ua/chunk-VNNOUBDJ.js:1:7223
    at eE (https://www.greencity.cx.ua/chunk-NUXSP4TM.js:11:76097)
    at Object.o [as next] (https://www.greencity.cx.ua/chunk-NUXSP4TM.js:11:76277)
    at bv.next (https://www.greencity.cx.ua/chunk-NUXSP4TM.js:7:3120)
    at Fr._next (https://www.greencity.cx.ua/chunk-NUXSP4TM.js:7:2803)
    at Fr.next (https://www.greencity.cx.ua/chunk-NUXSP4TM.js:7:2530)
    at https://www.greencity.cx.ua/chunk-NUXSP4TM.js:7:7848
    at Ac (https://www.greencity.cx.ua/chunk-NUXSP4TM.js:7:2222)
    at S0.next (https://www.greencity.cx.ua/chunk-NUXSP4TM.js:7:7687), [2026-03-14T20:53:01.976Z] [SEVERE] https://www.greencity.cx.ua/chunk-NUXSP4TM.js 10:45939 "ERROR" TypeError: Cannot read properties of null (reading 'setValue')
    at n.quillContentChanged (https://www.greencity.cx.ua/chunk-VNNOUBDJ.js:1:16043)
    at https://www.greencity.cx.ua/chunk-VNNOUBDJ.js:1:7223
    at eE (https://www.greencity.cx.ua/chunk-NUXSP4TM.js:11:76097)
    at Object.o [as next] (https://www.greencity.cx.ua/chunk-NUXSP4TM.js:11:76277)
    at bv.next (https://www.greencity.cx.ua/chunk-NUXSP4TM.js:7:3120)
    at Fr._next (https://www.greencity.cx.ua/chunk-NUXSP4TM.js:7:2803)
    at Fr.next (https://www.greencity.cx.ua/chunk-NUXSP4TM.js:7:2530)
    at https://www.greencity.cx.ua/chunk-NUXSP4TM.js:7:7848
    at Ac (https://www.greencity.cx.ua/chunk-NUXSP4TM.js:7:2222)
    at S0.next (https://www.greencity.cx.ua/chunk-NUXSP4TM.js:7:7687), [2026-03-14T20:53:02.122Z] [SEVERE] https://www.greencity.cx.ua/chunk-NUXSP4TM.js 10:45939 "ERROR" TypeError: Cannot read properties of null (reading 'setValue')
    at n.quillContentChanged (https://www.greencity.cx.ua/chunk-VNNOUBDJ.js:1:16043)
    at https://www.greencity.cx.ua/chunk-VNNOUBDJ.js:1:7223
    at eE (https://www.greencity.cx.ua/chunk-NUXSP4TM.js:11:76097)
    at Object.o [as next] (https://www.greencity.cx.ua/chunk-NUXSP4TM.js:11:76277)
    at bv.next (https://www.greencity.cx.ua/chunk-NUXSP4TM.js:7:3120)
    at Fr._next (https://www.greencity.cx.ua/chunk-NUXSP4TM.js:7:2803)
    at Fr.next (https://www.greencity.cx.ua/chunk-NUXSP4TM.js:7:2530)
    at https://www.greencity.cx.ua/chunk-NUXSP4TM.js:7:7848
    at Ac (https://www.greencity.cx.ua/chunk-NUXSP4TM.js:7:2222)
    at S0.next (https://www.greencity.cx.ua/chunk-NUXSP4TM.js:7:7687), [2026-03-14T20:53:02.209Z] [SEVERE] https://www.greencity.cx.ua/chunk-NUXSP4TM.js 10:45939 "ERROR" TypeError: Cannot read properties of null (reading 'setValue')
    at n.quillContentChanged (https://www.greencity.cx.ua/chunk-VNNOUBDJ.js:1:16043)
    at https://www.greencity.cx.ua/chunk-VNNOUBDJ.js:1:7223
    at eE (https://www.greencity.cx.ua/chunk-NUXSP4TM.js:11:76097)
    at Object.o [as next] (https://www.greencity.cx.ua/chunk-NUXSP4TM.js:11:76277)
    at bv.next (https://www.greencity.cx.ua/chunk-NUXSP4TM.js:7:3120)
    at Fr._next (https://www.greencity.cx.ua/chunk-NUXSP4TM.js:7:2803)
    at Fr.next (https://www.greencity.cx.ua/chunk-NUXSP4TM.js:7:2530)
    at https://www.greencity.cx.ua/chunk-NUXSP4TM.js:7:7848
    at Ac (https://www.greencity.cx.ua/chunk-NUXSP4TM.js:7:2222)
    at S0.next (https://www.greencity.cx.ua/chunk-NUXSP4TM.js:7:7687), [2026-03-14T20:53:02.209Z] [SEVERE] https://www.greencity.cx.ua/chunk-NUXSP4TM.js 10:45939 "ERROR" TypeError: Cannot read properties of null (reading 'setValue')
    at n.quillContentChanged (https://www.greencity.cx.ua/chunk-VNNOUBDJ.js:1:16043)
    at https://www.greencity.cx.ua/chunk-VNNOUBDJ.js:1:7223
    at eE (https://www.greencity.cx.ua/chunk-NUXSP4TM.js:11:76097)
    at Object.o [as next] (https://www.greencity.cx.ua/chunk-NUXSP4TM.js:11:76277)
    at bv.next (https://www.greencity.cx.ua/chunk-NUXSP4TM.js:7:3120)
    at Fr._next (https://www.greencity.cx.ua/chunk-NUXSP4TM.js:7:2803)
    at Fr.next (https://www.greencity.cx.ua/chunk-NUXSP4TM.js:7:2530)
    at https://www.greencity.cx.ua/chunk-NUXSP4TM.js:7:7848
    at Ac (https://www.greencity.cx.ua/chunk-NUXSP4TM.js:7:2222)
    at S0.next (https://www.greencity.cx.ua/chunk-NUXSP4TM.js:7:7687), [2026-03-14T20:53:02.212Z] [SEVERE] https://www.greencity.cx.ua/chunk-NUXSP4TM.js 10:45939 "ERROR" TypeError: Cannot read properties of null (reading 'setValue')
    at n.quillContentChanged (https://www.greencity.cx.ua/chunk-VNNOUBDJ.js:1:16043)
    at https://www.greencity.cx.ua/chunk-VNNOUBDJ.js:1:7223
    at eE (https://www.greencity.cx.ua/chunk-NUXSP4TM.js:11:76097)
    at Object.o [as next] (https://www.greencity.cx.ua/chunk-NUXSP4TM.js:11:76277)
    at bv.next (https://www.greencity.cx.ua/chunk-NUXSP4TM.js:7:3120)
    at Fr._next (https://www.greencity.cx.ua/chunk-NUXSP4TM.js:7:2803)
    at Fr.next (https://www.greencity.cx.ua/chunk-NUXSP4TM.js:7:2530)
    at https://www.greencity.cx.ua/chunk-NUXSP4TM.js:7:7848
    at Ac (https://www.greencity.cx.ua/chunk-NUXSP4TM.js:7:2222)
    at S0.next (https://www.greencity.cx.ua/chunk-NUXSP4TM.js:7:7687), [2026-03-14T20:53:02.215Z] [SEVERE] https://www.greencity.cx.ua/chunk-NUXSP4TM.js 10:45939 "ERROR" TypeError: Cannot read properties of null (reading 'setValue')
    at n.quillContentChanged (https://www.greencity.cx.ua/chunk-VNNOUBDJ.js:1:16043)
    at https://www.greencity.cx.ua/chunk-VNNOUBDJ.js:1:7223
    at eE (https://www.greencity.cx.ua/chunk-NUXSP4TM.js:11:76097)
    at Object.o [as next] (https://www.greencity.cx.ua/chunk-NUXSP4TM.js:11:76277)
    at bv.next (https://www.greencity.cx.ua/chunk-NUXSP4TM.js:7:3120)
    at Fr._next (https://www.greencity.cx.ua/chunk-NUXSP4TM.js:7:2803)
    at Fr.next (https://www.greencity.cx.ua/chunk-NUXSP4TM.js:7:2530)
    at https://www.greencity.cx.ua/chunk-NUXSP4TM.js:7:7848
    at Ac (https://www.greencity.cx.ua/chunk-NUXSP4TM.js:7:2222)
    at S0.next (https://www.greencity.cx.ua/chunk-NUXSP4TM.js:7:7687), [2026-03-14T20:53:02.218Z] [SEVERE] https://www.greencity.cx.ua/chunk-NUXSP4TM.js 10:45939 "ERROR" TypeError: Cannot read properties of null (reading 'setValue')
    at n.quillContentChanged (https://www.greencity.cx.ua/chunk-VNNOUBDJ.js:1:16043)
    at https://www.greencity.cx.ua/chunk-VNNOUBDJ.js:1:7223
    at eE (https://www.greencity.cx.ua/chunk-NUXSP4TM.js:11:76097)
    at Object.o [as next] (https://www.greencity.cx.ua/chunk-NUXSP4TM.js:11:76277)
    at bv.next (https://www.greencity.cx.ua/chunk-NUXSP4TM.js:7:3120)
    at Fr._next (https://www.greencity.cx.ua/chunk-NUXSP4TM.js:7:2803)
    at Fr.next (https://www.greencity.cx.ua/chunk-NUXSP4TM.js:7:2530)
    at https://www.greencity.cx.ua/chunk-NUXSP4TM.js:7:7848
    at Ac (https://www.greencity.cx.ua/chunk-NUXSP4TM.js:7:2222)
    at S0.next (https://www.greencity.cx.ua/chunk-NUXSP4TM.js:7:7687), [2026-03-14T20:53:02.221Z] [SEVERE] https://www.greencity.cx.ua/chunk-NUXSP4TM.js 10:45939 "ERROR" TypeError: Cannot read properties of null (reading 'setValue')
    at n.quillContentChanged (https://www.greencity.cx.ua/chunk-VNNOUBDJ.js:1:16043)
    at https://www.greencity.cx.ua/chunk-VNNOUBDJ.js:1:7223
    at eE (https://www.greencity.cx.ua/chunk-NUXSP4TM.js:11:76097)
    at Object.o [as next] (https://www.greencity.cx.ua/chunk-NUXSP4TM.js:11:76277)
    at bv.next (https://www.greencity.cx.ua/chunk-NUXSP4TM.js:7:3120)
    at Fr._next (https://www.greencity.cx.ua/chunk-NUXSP4TM.js:7:2803)
    at Fr.next (https://www.greencity.cx.ua/chunk-NUXSP4TM.js:7:2530)
    at https://www.greencity.cx.ua/chunk-NUXSP4TM.js:7:7848
    at Ac (https://www.greencity.cx.ua/chunk-NUXSP4TM.js:7:2222)
    at S0.next (https://www.greencity.cx.ua/chunk-NUXSP4TM.js:7:7687), [2026-03-14T20:53:02.224Z] [SEVERE] https://www.greencity.cx.ua/chunk-NUXSP4TM.js 10:45939 "ERROR" TypeError: Cannot read properties of null (reading 'setValue')
    at n.quillContentChanged (https://www.greencity.cx.ua/chunk-VNNOUBDJ.js:1:16043)
    at https://www.greencity.cx.ua/chunk-VNNOUBDJ.js:1:7223
    at eE (https://www.greencity.cx.ua/chunk-NUXSP4TM.js:11:76097)
    at Object.o [as next] (https://www.greencity.cx.ua/chunk-NUXSP4TM.js:11:76277)
    at bv.next (https://www.greencity.cx.ua/chunk-NUXSP4TM.js:7:3120)
    at Fr._next (https://www.greencity.cx.ua/chunk-NUXSP4TM.js:7:2803)
    at Fr.next (https://www.greencity.cx.ua/chunk-NUXSP4TM.js:7:2530)
    at https://www.greencity.cx.ua/chunk-NUXSP4TM.js:7:7848
    at Ac (https://www.greencity.cx.ua/chunk-NUXSP4TM.js:7:2222)
    at S0.next (https://www.greencity.cx.ua/chunk-NUXSP4TM.js:7:7687), [2026-03-14T20:53:02.226Z] [SEVERE] https://www.greencity.cx.ua/chunk-NUXSP4TM.js 10:45939 "ERROR" TypeError: Cannot read properties of null (reading 'setValue')
    at n.quillContentChanged (https://www.greencity.cx.ua/chunk-VNNOUBDJ.js:1:16043)
    at https://www.greencity.cx.ua/chunk-VNNOUBDJ.js:1:7223
    at eE (https://www.greencity.cx.ua/chunk-NUXSP4TM.js:11:76097)
    at Object.o [as next] (https://www.greencity.cx.ua/chunk-NUXSP4TM.js:11:76277)
    at bv.next (https://www.greencity.cx.ua/chunk-NUXSP4TM.js:7:3120)
    at Fr._next (https://www.greencity.cx.ua/chunk-NUXSP4TM.js:7:2803)
    at Fr.next (https://www.greencity.cx.ua/chunk-NUXSP4TM.js:7:2530)
    at https://www.greencity.cx.ua/chunk-NUXSP4TM.js:7:7848
    at Ac (https://www.greencity.cx.ua/chunk-NUXSP4TM.js:7:2222)
    at S0.next (https://www.greencity.cx.ua/chunk-NUXSP4TM.js:7:7687), [2026-03-14T20:53:02.228Z] [SEVERE] https://www.greencity.cx.ua/chunk-NUXSP4TM.js 10:45939 "ERROR" TypeError: Cannot read properties of null (reading 'setValue')
    at n.quillContentChanged (https://www.greencity.cx.ua/chunk-VNNOUBDJ.js:1:16043)
    at https://www.greencity.cx.ua/chunk-VNNOUBDJ.js:1:7223
    at eE (https://www.greencity.cx.ua/chunk-NUXSP4TM.js:11:76097)
    at Object.o [as next] (https://www.greencity.cx.ua/chunk-NUXSP4TM.js:11:76277)
    at bv.next (https://www.greencity.cx.ua/chunk-NUXSP4TM.js:7:3120)
    at Fr._next (https://www.greencity.cx.ua/chunk-NUXSP4TM.js:7:2803)
    at Fr.next (https://www.greencity.cx.ua/chunk-NUXSP4TM.js:7:2530)
    at https://www.greencity.cx.ua/chunk-NUXSP4TM.js:7:7848
    at Ac (https://www.greencity.cx.ua/chunk-NUXSP4TM.js:7:2222)
    at S0.next (https://www.greencity.cx.ua/chunk-NUXSP4TM.js:7:7687), [2026-03-14T20:53:02.233Z] [SEVERE] https://www.greencity.cx.ua/chunk-NUXSP4TM.js 10:45939 "ERROR" TypeError: Cannot read properties of null (reading 'setValue')
    at n.quillContentChanged (https://www.greencity.cx.ua/chunk-VNNOUBDJ.js:1:16043)
    at https://www.greencity.cx.ua/chunk-VNNOUBDJ.js:1:7223
    at eE (https://www.greencity.cx.ua/chunk-NUXSP4TM.js:11:76097)
    at Object.o [as next] (https://www.greencity.cx.ua/chunk-NUXSP4TM.js:11:76277)
    at bv.next (https://www.greencity.cx.ua/chunk-NUXSP4TM.js:7:3120)
    at Fr._next (https://www.greencity.cx.ua/chunk-NUXSP4TM.js:7:2803)
    at Fr.next (https://www.greencity.cx.ua/chunk-NUXSP4TM.js:7:2530)
    at https://www.greencity.cx.ua/chunk-NUXSP4TM.js:7:7848
    at Ac (https://www.greencity.cx.ua/chunk-NUXSP4TM.js:7:2222)
    at S0.next (https://www.greencity.cx.ua/chunk-NUXSP4TM.js:7:7687), [2026-03-14T20:53:02.234Z] [SEVERE] https://www.greencity.cx.ua/chunk-NUXSP4TM.js 10:45939 "ERROR" TypeError: Cannot read properties of null (reading 'setValue')
    at n.quillContentChanged (https://www.greencity.cx.ua/chunk-VNNOUBDJ.js:1:16043)
    at https://www.greencity.cx.ua/chunk-VNNOUBDJ.js:1:7223
    at eE (https://www.greencity.cx.ua/chunk-NUXSP4TM.js:11:76097)
    at Object.o [as next] (https://www.greencity.cx.ua/chunk-NUXSP4TM.js:11:76277)
    at bv.next (https://www.greencity.cx.ua/chunk-NUXSP4TM.js:7:3120)
    at Fr._next (https://www.greencity.cx.ua/chunk-NUXSP4TM.js:7:2803)
    at Fr.next (https://www.greencity.cx.ua/chunk-NUXSP4TM.js:7:2530)
    at https://www.greencity.cx.ua/chunk-NUXSP4TM.js:7:7848
    at Ac (https://www.greencity.cx.ua/chunk-NUXSP4TM.js:7:2222)
    at S0.next (https://www.greencity.cx.ua/chunk-NUXSP4TM.js:7:7687), [2026-03-14T20:53:02.237Z] [SEVERE] https://www.greencity.cx.ua/chunk-NUXSP4TM.js 10:45939 "ERROR" TypeError: Cannot read properties of null (reading 'setValue')
    at n.quillContentChanged (https://www.greencity.cx.ua/chunk-VNNOUBDJ.js:1:16043)
    at https://www.greencity.cx.ua/chunk-VNNOUBDJ.js:1:7223
    at eE (https://www.greencity.cx.ua/chunk-NUXSP4TM.js:11:76097)
    at Object.o [as next] (https://www.greencity.cx.ua/chunk-NUXSP4TM.js:11:76277)
    at bv.next (https://www.greencity.cx.ua/chunk-NUXSP4TM.js:7:3120)
    at Fr._next (https://www.greencity.cx.ua/chunk-NUXSP4TM.js:7:2803)
    at Fr.next (https://www.greencity.cx.ua/chunk-NUXSP4TM.js:7:2530)
    at https://www.greencity.cx.ua/chunk-NUXSP4TM.js:7:7848
    at Ac (https://www.greencity.cx.ua/chunk-NUXSP4TM.js:7:2222)
    at S0.next (https://www.greencity.cx.ua/chunk-NUXSP4TM.js:7:7687), [2026-03-14T20:53:02.239Z] [SEVERE] https://www.greencity.cx.ua/chunk-NUXSP4TM.js 10:45939 "ERROR" TypeError: Cannot read properties of null (reading 'setValue')
    at n.quillContentChanged (https://www.greencity.cx.ua/chunk-VNNOUBDJ.js:1:16043)
    at https://www.greencity.cx.ua/chunk-VNNOUBDJ.js:1:7223
    at eE (https://www.greencity.cx.ua/chunk-NUXSP4TM.js:11:76097)
    at Object.o [as next] (https://www.greencity.cx.ua/chunk-NUXSP4TM.js:11:76277)
    at bv.next (https://www.greencity.cx.ua/chunk-NUXSP4TM.js:7:3120)
    at Fr._next (https://www.greencity.cx.ua/chunk-NUXSP4TM.js:7:2803)
    at Fr.next (https://www.greencity.cx.ua/chunk-NUXSP4TM.js:7:2530)
    at https://www.greencity.cx.ua/chunk-NUXSP4TM.js:7:7848
    at Ac (https://www.greencity.cx.ua/chunk-NUXSP4TM.js:7:2222)
    at S0.next (https://www.greencity.cx.ua/chunk-NUXSP4TM.js:7:7687), [2026-03-14T20:53:02.242Z] [SEVERE] https://www.greencity.cx.ua/chunk-NUXSP4TM.js 10:45939 "ERROR" TypeError: Cannot read properties of null (reading 'setValue')
    at n.quillContentChanged (https://www.greencity.cx.ua/chunk-VNNOUBDJ.js:1:16043)
    at https://www.greencity.cx.ua/chunk-VNNOUBDJ.js:1:7223
    at eE (https://www.greencity.cx.ua/chunk-NUXSP4TM.js:11:76097)
    at Object.o [as next] (https://www.greencity.cx.ua/chunk-NUXSP4TM.js:11:76277)
    at bv.next (https://www.greencity.cx.ua/chunk-NUXSP4TM.js:7:3120)
    at Fr._next (https://www.greencity.cx.ua/chunk-NUXSP4TM.js:7:2803)
    at Fr.next (https://www.greencity.cx.ua/chunk-NUXSP4TM.js:7:2530)
    at https://www.greencity.cx.ua/chunk-NUXSP4TM.js:7:7848
    at Ac (https://www.greencity.cx.ua/chunk-NUXSP4TM.js:7:2222)
    at S0.next (https://www.greencity.cx.ua/chunk-NUXSP4TM.js:7:7687), [2026-03-14T20:53:02.244Z] [SEVERE] https://www.greencity.cx.ua/chunk-NUXSP4TM.js 10:45939 "ERROR" TypeError: Cannot read properties of null (reading 'setValue')
    at n.quillContentChanged (https://www.greencity.cx.ua/chunk-VNNOUBDJ.js:1:16043)
    at https://www.greencity.cx.ua/chunk-VNNOUBDJ.js:1:7223
    at eE (https://www.greencity.cx.ua/chunk-NUXSP4TM.js:11:76097)
    at Object.o [as next] (https://www.greencity.cx.ua/chunk-NUXSP4TM.js:11:76277)
    at bv.next (https://www.greencity.cx.ua/chunk-NUXSP4TM.js:7:3120)
    at Fr._next (https://www.greencity.cx.ua/chunk-NUXSP4TM.js:7:2803)
    at Fr.next (https://www.greencity.cx.ua/chunk-NUXSP4TM.js:7:2530)
    at https://www.greencity.cx.ua/chunk-NUXSP4TM.js:7:7848
    at Ac (https://www.greencity.cx.ua/chunk-NUXSP4TM.js:7:2222)
    at S0.next (https://www.greencity.cx.ua/chunk-NUXSP4TM.js:7:7687), [2026-03-14T20:53:02.247Z] [SEVERE] https://www.greencity.cx.ua/chunk-NUXSP4TM.js 10:45939 "ERROR" TypeError: Cannot read properties of null (reading 'setValue')
    at n.quillContentChanged (https://www.greencity.cx.ua/chunk-VNNOUBDJ.js:1:16043)
    at https://www.greencity.cx.ua/chunk-VNNOUBDJ.js:1:7223
    at eE (https://www.greencity.cx.ua/chunk-NUXSP4TM.js:11:76097)
    at Object.o [as next] (https://www.greencity.cx.ua/chunk-NUXSP4TM.js:11:76277)
    at bv.next (https://www.greencity.cx.ua/chunk-NUXSP4TM.js:7:3120)
    at Fr._next (https://www.greencity.cx.ua/chunk-NUXSP4TM.js:7:2803)
    at Fr.next (https://www.greencity.cx.ua/chunk-NUXSP4TM.js:7:2530)
    at https://www.greencity.cx.ua/chunk-NUXSP4TM.js:7:7848
    at Ac (https://www.greencity.cx.ua/chunk-NUXSP4TM.js:7:2222)
    at S0.next (https://www.greencity.cx.ua/chunk-NUXSP4TM.js:7:7687), [2026-03-14T20:53:02.250Z] [SEVERE] https://www.greencity.cx.ua/chunk-NUXSP4TM.js 10:45939 "ERROR" TypeError: Cannot read properties of null (reading 'setValue')
    at n.quillContentChanged (https://www.greencity.cx.ua/chunk-VNNOUBDJ.js:1:16043)
    at https://www.greencity.cx.ua/chunk-VNNOUBDJ.js:1:7223
    at eE (https://www.greencity.cx.ua/chunk-NUXSP4TM.js:11:76097)
    at Object.o [as next] (https://www.greencity.cx.ua/chunk-NUXSP4TM.js:11:76277)
    at bv.next (https://www.greencity.cx.ua/chunk-NUXSP4TM.js:7:3120)
    at Fr._next (https://www.greencity.cx.ua/chunk-NUXSP4TM.js:7:2803)
    at Fr.next (https://www.greencity.cx.ua/chunk-NUXSP4TM.js:7:2530)
    at https://www.greencity.cx.ua/chunk-NUXSP4TM.js:7:7848
    at Ac (https://www.greencity.cx.ua/chunk-NUXSP4TM.js:7:2222)
    at S0.next (https://www.greencity.cx.ua/chunk-NUXSP4TM.js:7:7687), [2026-03-14T20:53:02.253Z] [SEVERE] https://www.greencity.cx.ua/chunk-NUXSP4TM.js 10:45939 "ERROR" TypeError: Cannot read properties of null (reading 'setValue')
    at n.quillContentChanged (https://www.greencity.cx.ua/chunk-VNNOUBDJ.js:1:16043)
    at https://www.greencity.cx.ua/chunk-VNNOUBDJ.js:1:7223
    at eE (https://www.greencity.cx.ua/chunk-NUXSP4TM.js:11:76097)
    at Object.o [as next] (https://www.greencity.cx.ua/chunk-NUXSP4TM.js:11:76277)
    at bv.next (https://www.greencity.cx.ua/chunk-NUXSP4TM.js:7:3120)
    at Fr._next (https://www.greencity.cx.ua/chunk-NUXSP4TM.js:7:2803)
    at Fr.next (https://www.greencity.cx.ua/chunk-NUXSP4TM.js:7:2530)
    at https://www.greencity.cx.ua/chunk-NUXSP4TM.js:7:7848
    at Ac (https://www.greencity.cx.ua/chunk-NUXSP4TM.js:7:2222)
    at S0.next (https://www.greencity.cx.ua/chunk-NUXSP4TM.js:7:7687), [2026-03-14T20:53:02.255Z] [SEVERE] https://www.greencity.cx.ua/chunk-NUXSP4TM.js 10:45939 "ERROR" TypeError: Cannot read properties of null (reading 'setValue')
    at n.quillContentChanged (https://www.greencity.cx.ua/chunk-VNNOUBDJ.js:1:16043)
    at https://www.greencity.cx.ua/chunk-VNNOUBDJ.js:1:7223
    at eE (https://www.greencity.cx.ua/chunk-NUXSP4TM.js:11:76097)
    at Object.o [as next] (https://www.greencity.cx.ua/chunk-NUXSP4TM.js:11:76277)
    at bv.next (https://www.greencity.cx.ua/chunk-NUXSP4TM.js:7:3120)
    at Fr._next (https://www.greencity.cx.ua/chunk-NUXSP4TM.js:7:2803)
    at Fr.next (https://www.greencity.cx.ua/chunk-NUXSP4TM.js:7:2530)
    at https://www.greencity.cx.ua/chunk-NUXSP4TM.js:7:7848
    at Ac (https://www.greencity.cx.ua/chunk-NUXSP4TM.js:7:2222)
    at S0.next (https://www.greencity.cx.ua/chunk-NUXSP4TM.js:7:7687), [2026-03-14T20:53:02.258Z] [SEVERE] https://www.greencity.cx.ua/chunk-NUXSP4TM.js 10:45939 "ERROR" TypeError: Cannot read properties of null (reading 'setValue')
    at n.quillContentChanged (https://www.greencity.cx.ua/chunk-VNNOUBDJ.js:1:16043)
    at https://www.greencity.cx.ua/chunk-VNNOUBDJ.js:1:7223
    at eE (https://www.greencity.cx.ua/chunk-NUXSP4TM.js:11:76097)
    at Object.o [as next] (https://www.greencity.cx.ua/chunk-NUXSP4TM.js:11:76277)
    at bv.next (https://www.greencity.cx.ua/chunk-NUXSP4TM.js:7:3120)
    at Fr._next (https://www.greencity.cx.ua/chunk-NUXSP4TM.js:7:2803)
    at Fr.next (https://www.greencity.cx.ua/chunk-NUXSP4TM.js:7:2530)
    at https://www.greencity.cx.ua/chunk-NUXSP4TM.js:7:7848
    at Ac (https://www.greencity.cx.ua/chunk-NUXSP4TM.js:7:2222)
    at S0.next (https://www.greencity.cx.ua/chunk-NUXSP4TM.js:7:7687), [2026-03-14T20:53:02.260Z] [SEVERE] https://www.greencity.cx.ua/chunk-NUXSP4TM.js 10:45939 "ERROR" TypeError: Cannot read properties of null (reading 'setValue')
    at n.quillContentChanged (https://www.greencity.cx.ua/chunk-VNNOUBDJ.js:1:16043)
    at https://www.greencity.cx.ua/chunk-VNNOUBDJ.js:1:7223
    at eE (https://www.greencity.cx.ua/chunk-NUXSP4TM.js:11:76097)
    at Object.o [as next] (https://www.greencity.cx.ua/chunk-NUXSP4TM.js:11:76277)
    at bv.next (https://www.greencity.cx.ua/chunk-NUXSP4TM.js:7:3120)
    at Fr._next (https://www.greencity.cx.ua/chunk-NUXSP4TM.js:7:2803)
    at Fr.next (https://www.greencity.cx.ua/chunk-NUXSP4TM.js:7:2530)
    at https://www.greencity.cx.ua/chunk-NUXSP4TM.js:7:7848
    at Ac (https://www.greencity.cx.ua/chunk-NUXSP4TM.js:7:2222)
    at S0.next (https://www.greencity.cx.ua/chunk-NUXSP4TM.js:7:7687), [2026-03-14T20:53:02.263Z] [SEVERE] https://www.greencity.cx.ua/chunk-NUXSP4TM.js 10:45939 "ERROR" TypeError: Cannot read properties of null (reading 'setValue')
    at n.quillContentChanged (https://www.greencity.cx.ua/chunk-VNNOUBDJ.js:1:16043)
    at https://www.greencity.cx.ua/chunk-VNNOUBDJ.js:1:7223
    at eE (https://www.greencity.cx.ua/chunk-NUXSP4TM.js:11:76097)
    at Object.o [as next] (https://www.greencity.cx.ua/chunk-NUXSP4TM.js:11:76277)
    at bv.next (https://www.greencity.cx.ua/chunk-NUXSP4TM.js:7:3120)
    at Fr._next (https://www.greencity.cx.ua/chunk-NUXSP4TM.js:7:2803)
    at Fr.next (https://www.greencity.cx.ua/chunk-NUXSP4TM.js:7:2530)
    at https://www.greencity.cx.ua/chunk-NUXSP4TM.js:7:7848
    at Ac (https://www.greencity.cx.ua/chunk-NUXSP4TM.js:7:2222)
    at S0.next (https://www.greencity.cx.ua/chunk-NUXSP4TM.js:7:7687), [2026-03-14T20:53:02.265Z] [SEVERE] https://www.greencity.cx.ua/chunk-NUXSP4TM.js 10:45939 "ERROR" TypeError: Cannot read properties of null (reading 'setValue')
    at n.quillContentChanged (https://www.greencity.cx.ua/chunk-VNNOUBDJ.js:1:16043)
    at https://www.greencity.cx.ua/chunk-VNNOUBDJ.js:1:7223
    at eE (https://www.greencity.cx.ua/chunk-NUXSP4TM.js:11:76097)
    at Object.o [as next] (https://www.greencity.cx.ua/chunk-NUXSP4TM.js:11:76277)
    at bv.next (https://www.greencity.cx.ua/chunk-NUXSP4TM.js:7:3120)
    at Fr._next (https://www.greencity.cx.ua/chunk-NUXSP4TM.js:7:2803)
    at Fr.next (https://www.greencity.cx.ua/chunk-NUXSP4TM.js:7:2530)
    at https://www.greencity.cx.ua/chunk-NUXSP4TM.js:7:7848
    at Ac (https://www.greencity.cx.ua/chunk-NUXSP4TM.js:7:2222)
    at S0.next (https://www.greencity.cx.ua/chunk-NUXSP4TM.js:7:7687), [2026-03-14T20:53:02.268Z] [SEVERE] https://www.greencity.cx.ua/chunk-NUXSP4TM.js 10:45939 "ERROR" TypeError: Cannot read properties of null (reading 'setValue')
    at n.quillContentChanged (https://www.greencity.cx.ua/chunk-VNNOUBDJ.js:1:16043)
    at https://www.greencity.cx.ua/chunk-VNNOUBDJ.js:1:7223
    at eE (https://www.greencity.cx.ua/chunk-NUXSP4TM.js:11:76097)
    at Object.o [as next] (https://www.greencity.cx.ua/chunk-NUXSP4TM.js:11:76277)
    at bv.next (https://www.greencity.cx.ua/chunk-NUXSP4TM.js:7:3120)
    at Fr._next (https://www.greencity.cx.ua/chunk-NUXSP4TM.js:7:2803)
    at Fr.next (https://www.greencity.cx.ua/chunk-NUXSP4TM.js:7:2530)
    at https://www.greencity.cx.ua/chunk-NUXSP4TM.js:7:7848
    at Ac (https://www.greencity.cx.ua/chunk-NUXSP4TM.js:7:2222)
    at S0.next (https://www.greencity.cx.ua/chunk-NUXSP4TM.js:7:7687), [2026-03-14T20:53:02.271Z] [SEVERE] https://www.greencity.cx.ua/chunk-NUXSP4TM.js 10:45939 "ERROR" TypeError: Cannot read properties of null (reading 'setValue')
    at n.quillContentChanged (https://www.greencity.cx.ua/chunk-VNNOUBDJ.js:1:16043)
    at https://www.greencity.cx.ua/chunk-VNNOUBDJ.js:1:7223
    at eE (https://www.greencity.cx.ua/chunk-NUXSP4TM.js:11:76097)
    at Object.o [as next] (https://www.greencity.cx.ua/chunk-NUXSP4TM.js:11:76277)
    at bv.next (https://www.greencity.cx.ua/chunk-NUXSP4TM.js:7:3120)
    at Fr._next (https://www.greencity.cx.ua/chunk-NUXSP4TM.js:7:2803)
    at Fr.next (https://www.greencity.cx.ua/chunk-NUXSP4TM.js:7:2530)
    at https://www.greencity.cx.ua/chunk-NUXSP4TM.js:7:7848
    at Ac (https://www.greencity.cx.ua/chunk-NUXSP4TM.js:7:2222)
    at S0.next (https://www.greencity.cx.ua/chunk-NUXSP4TM.js:7:7687), [2026-03-14T20:53:02.273Z] [SEVERE] https://www.greencity.cx.ua/chunk-NUXSP4TM.js 10:45939 "ERROR" TypeError: Cannot read properties of null (reading 'setValue')
    at n.quillContentChanged (https://www.greencity.cx.ua/chunk-VNNOUBDJ.js:1:16043)
    at https://www.greencity.cx.ua/chunk-VNNOUBDJ.js:1:7223
    at eE (https://www.greencity.cx.ua/chunk-NUXSP4TM.js:11:76097)
    at Object.o [as next] (https://www.greencity.cx.ua/chunk-NUXSP4TM.js:11:76277)
    at bv.next (https://www.greencity.cx.ua/chunk-NUXSP4TM.js:7:3120)
    at Fr._next (https://www.greencity.cx.ua/chunk-NUXSP4TM.js:7:2803)
    at Fr.next (https://www.greencity.cx.ua/chunk-NUXSP4TM.js:7:2530)
    at https://www.greencity.cx.ua/chunk-NUXSP4TM.js:7:7848
    at Ac (https://www.greencity.cx.ua/chunk-NUXSP4TM.js:7:2222)
    at S0.next (https://www.greencity.cx.ua/chunk-NUXSP4TM.js:7:7687), [2026-03-14T20:53:02.275Z] [SEVERE] https://www.greencity.cx.ua/chunk-NUXSP4TM.js 10:45939 "ERROR" TypeError: Cannot read properties of null (reading 'setValue')
    at n.quillContentChanged (https://www.greencity.cx.ua/chunk-VNNOUBDJ.js:1:16043)
    at https://www.greencity.cx.ua/chunk-VNNOUBDJ.js:1:7223
    at eE (https://www.greencity.cx.ua/chunk-NUXSP4TM.js:11:76097)
    at Object.o [as next] (https://www.greencity.cx.ua/chunk-NUXSP4TM.js:11:76277)
    at bv.next (https://www.greencity.cx.ua/chunk-NUXSP4TM.js:7:3120)
    at Fr._next (https://www.greencity.cx.ua/chunk-NUXSP4TM.js:7:2803)
    at Fr.next (https://www.greencity.cx.ua/chunk-NUXSP4TM.js:7:2530)
    at https://www.greencity.cx.ua/chunk-NUXSP4TM.js:7:7848
    at Ac (https://www.greencity.cx.ua/chunk-NUXSP4TM.js:7:2222)
    at S0.next (https://www.greencity.cx.ua/chunk-NUXSP4TM.js:7:7687), [2026-03-14T20:53:02.278Z] [SEVERE] https://www.greencity.cx.ua/chunk-NUXSP4TM.js 10:45939 "ERROR" TypeError: Cannot read properties of null (reading 'setValue')
    at n.quillContentChanged (https://www.greencity.cx.ua/chunk-VNNOUBDJ.js:1:16043)
    at https://www.greencity.cx.ua/chunk-VNNOUBDJ.js:1:7223
    at eE (https://www.greencity.cx.ua/chunk-NUXSP4TM.js:11:76097)
    at Object.o [as next] (https://www.greencity.cx.ua/chunk-NUXSP4TM.js:11:76277)
    at bv.next (https://www.greencity.cx.ua/chunk-NUXSP4TM.js:7:3120)
    at Fr._next (https://www.greencity.cx.ua/chunk-NUXSP4TM.js:7:2803)
    at Fr.next (https://www.greencity.cx.ua/chunk-NUXSP4TM.js:7:2530)
    at https://www.greencity.cx.ua/chunk-NUXSP4TM.js:7:7848
    at Ac (https://www.greencity.cx.ua/chunk-NUXSP4TM.js:7:2222)
    at S0.next (https://www.greencity.cx.ua/chunk-NUXSP4TM.js:7:7687), [2026-03-14T20:53:02.280Z] [SEVERE] https://www.greencity.cx.ua/chunk-NUXSP4TM.js 10:45939 "ERROR" TypeError: Cannot read properties of null (reading 'setValue')
    at n.quillContentChanged (https://www.greencity.cx.ua/chunk-VNNOUBDJ.js:1:16043)
    at https://www.greencity.cx.ua/chunk-VNNOUBDJ.js:1:7223
    at eE (https://www.greencity.cx.ua/chunk-NUXSP4TM.js:11:76097)
    at Object.o [as next] (https://www.greencity.cx.ua/chunk-NUXSP4TM.js:11:76277)
    at bv.next (https://www.greencity.cx.ua/chunk-NUXSP4TM.js:7:3120)
    at Fr._next (https://www.greencity.cx.ua/chunk-NUXSP4TM.js:7:2803)
    at Fr.next (https://www.greencity.cx.ua/chunk-NUXSP4TM.js:7:2530)
    at https://www.greencity.cx.ua/chunk-NUXSP4TM.js:7:7848
    at Ac (https://www.greencity.cx.ua/chunk-NUXSP4TM.js:7:2222)
    at S0.next (https://www.greencity.cx.ua/chunk-NUXSP4TM.js:7:7687), [2026-03-14T20:53:02.282Z] [SEVERE] https://www.greencity.cx.ua/chunk-NUXSP4TM.js 10:45939 "ERROR" TypeError: Cannot read properties of null (reading 'setValue')
    at n.quillContentChanged (https://www.greencity.cx.ua/chunk-VNNOUBDJ.js:1:16043)
    at https://www.greencity.cx.ua/chunk-VNNOUBDJ.js:1:7223
    at eE (https://www.greencity.cx.ua/chunk-NUXSP4TM.js:11:76097)
    at Object.o [as next] (https://www.greencity.cx.ua/chunk-NUXSP4TM.js:11:76277)
    at bv.next (https://www.greencity.cx.ua/chunk-NUXSP4TM.js:7:3120)
    at Fr._next (https://www.greencity.cx.ua/chunk-NUXSP4TM.js:7:2803)
    at Fr.next (https://www.greencity.cx.ua/chunk-NUXSP4TM.js:7:2530)
    at https://www.greencity.cx.ua/chunk-NUXSP4TM.js:7:7848
    at Ac (https://www.greencity.cx.ua/chunk-NUXSP4TM.js:7:2222)
    at S0.next (https://www.greencity.cx.ua/chunk-NUXSP4TM.js:7:7687), [2026-03-14T20:53:02.285Z] [SEVERE] https://www.greencity.cx.ua/chunk-NUXSP4TM.js 10:45939 "ERROR" TypeError: Cannot read properties of null (reading 'setValue')
    at n.quillContentChanged (https://www.greencity.cx.ua/chunk-VNNOUBDJ.js:1:16043)
    at https://www.greencity.cx.ua/chunk-VNNOUBDJ.js:1:7223
    at eE (https://www.greencity.cx.ua/chunk-NUXSP4TM.js:11:76097)
    at Object.o [as next] (https://www.greencity.cx.ua/chunk-NUXSP4TM.js:11:76277)
    at bv.next (https://www.greencity.cx.ua/chunk-NUXSP4TM.js:7:3120)
    at Fr._next (https://www.greencity.cx.ua/chunk-NUXSP4TM.js:7:2803)
    at Fr.next (https://www.greencity.cx.ua/chunk-NUXSP4TM.js:7:2530)
    at https://www.greencity.cx.ua/chunk-NUXSP4TM.js:7:7848
    at Ac (https://www.greencity.cx.ua/chunk-NUXSP4TM.js:7:2222)
    at S0.next (https://www.greencity.cx.ua/chunk-NUXSP4TM.js:7:7687), [2026-03-14T20:53:02.290Z] [SEVERE] https://www.greencity.cx.ua/chunk-NUXSP4TM.js 10:45939 "ERROR" TypeError: Cannot read properties of null (reading 'setValue')
    at n.quillContentChanged (https://www.greencity.cx.ua/chunk-VNNOUBDJ.js:1:16043)
    at https://www.greencity.cx.ua/chunk-VNNOUBDJ.js:1:7223
    at eE (https://www.greencity.cx.ua/chunk-NUXSP4TM.js:11:76097)
    at Object.o [as next] (https://www.greencity.cx.ua/chunk-NUXSP4TM.js:11:76277)
    at bv.next (https://www.greencity.cx.ua/chunk-NUXSP4TM.js:7:3120)
    at Fr._next (https://www.greencity.cx.ua/chunk-NUXSP4TM.js:7:2803)
    at Fr.next (https://www.greencity.cx.ua/chunk-NUXSP4TM.js:7:2530)
    at https://www.greencity.cx.ua/chunk-NUXSP4TM.js:7:7848
    at Ac (https://www.greencity.cx.ua/chunk-NUXSP4TM.js:7:2222)
    at S0.next (https://www.greencity.cx.ua/chunk-NUXSP4TM.js:7:7687), [2026-03-14T20:53:02.291Z] [SEVERE] https://www.greencity.cx.ua/chunk-NUXSP4TM.js 10:45939 "ERROR" TypeError: Cannot read properties of null (reading 'setValue')
    at n.quillContentChanged (https://www.greencity.cx.ua/chunk-VNNOUBDJ.js:1:16043)
    at https://www.greencity.cx.ua/chunk-VNNOUBDJ.js:1:7223
    at eE (https://www.greencity.cx.ua/chunk-NUXSP4TM.js:11:76097)
    at Object.o [as next] (https://www.greencity.cx.ua/chunk-NUXSP4TM.js:11:76277)
    at bv.next (https://www.greencity.cx.ua/chunk-NUXSP4TM.js:7:3120)
    at Fr._next (https://www.greencity.cx.ua/chunk-NUXSP4TM.js:7:2803)
    at Fr.next (https://www.greencity.cx.ua/chunk-NUXSP4TM.js:7:2530)
    at https://www.greencity.cx.ua/chunk-NUXSP4TM.js:7:7848
    at Ac (https://www.greencity.cx.ua/chunk-NUXSP4TM.js:7:2222)
    at S0.next (https://www.greencity.cx.ua/chunk-NUXSP4TM.js:7:7687), [2026-03-14T20:53:02.294Z] [SEVERE] https://www.greencity.cx.ua/chunk-NUXSP4TM.js 10:45939 "ERROR" TypeError: Cannot read properties of null (reading 'setValue')
    at n.quillContentChanged (https://www.greencity.cx.ua/chunk-VNNOUBDJ.js:1:16043)
    at https://www.greencity.cx.ua/chunk-VNNOUBDJ.js:1:7223
    at eE (https://www.greencity.cx.ua/chunk-NUXSP4TM.js:11:76097)
    at Object.o [as next] (https://www.greencity.cx.ua/chunk-NUXSP4TM.js:11:76277)
    at bv.next (https://www.greencity.cx.ua/chunk-NUXSP4TM.js:7:3120)
    at Fr._next (https://www.greencity.cx.ua/chunk-NUXSP4TM.js:7:2803)
    at Fr.next (https://www.greencity.cx.ua/chunk-NUXSP4TM.js:7:2530)
    at https://www.greencity.cx.ua/chunk-NUXSP4TM.js:7:7848
    at Ac (https://www.greencity.cx.ua/chunk-NUXSP4TM.js:7:2222)
    at S0.next (https://www.greencity.cx.ua/chunk-NUXSP4TM.js:7:7687), [2026-03-14T20:53:02.458Z] [SEVERE] https://www.greencity.cx.ua/chunk-NUXSP4TM.js 10:45939 "ERROR" TypeError: Cannot read properties of null (reading 'setValue')
    at n.quillContentChanged (https://www.greencity.cx.ua/chunk-VNNOUBDJ.js:1:16043)
    at https://www.greencity.cx.ua/chunk-VNNOUBDJ.js:1:7223
    at eE (https://www.greencity.cx.ua/chunk-NUXSP4TM.js:11:76097)
    at Object.o [as next] (https://www.greencity.cx.ua/chunk-NUXSP4TM.js:11:76277)
    at bv.next (https://www.greencity.cx.ua/chunk-NUXSP4TM.js:7:3120)
    at Fr._next (https://www.greencity.cx.ua/chunk-NUXSP4TM.js:7:2803)
    at Fr.next (https://www.greencity.cx.ua/chunk-NUXSP4TM.js:7:2530)
    at https://www.greencity.cx.ua/chunk-NUXSP4TM.js:7:7848
    at Ac (https://www.greencity.cx.ua/chunk-NUXSP4TM.js:7:2222)
    at S0.next (https://www.greencity.cx.ua/chunk-NUXSP4TM.js:7:7687), [2026-03-14T20:53:02.536Z] [SEVERE] https://www.greencity.cx.ua/chunk-NUXSP4TM.js 10:45939 "ERROR" TypeError: Cannot read properties of null (reading 'setValue')
    at n.quillContentChanged (https://www.greencity.cx.ua/chunk-VNNOUBDJ.js:1:16043)
    at https://www.greencity.cx.ua/chunk-VNNOUBDJ.js:1:7223
    at eE (https://www.greencity.cx.ua/chunk-NUXSP4TM.js:11:76097)
    at Object.o [as next] (https://www.greencity.cx.ua/chunk-NUXSP4TM.js:11:76277)
    at bv.next (https://www.greencity.cx.ua/chunk-NUXSP4TM.js:7:3120)
    at Fr._next (https://www.greencity.cx.ua/chunk-NUXSP4TM.js:7:2803)
    at Fr.next (https://www.greencity.cx.ua/chunk-NUXSP4TM.js:7:2530)
    at https://www.greencity.cx.ua/chunk-NUXSP4TM.js:7:7848
    at Ac (https://www.greencity.cx.ua/chunk-NUXSP4TM.js:7:2222)
    at S0.next (https://www.greencity.cx.ua/chunk-NUXSP4TM.js:7:7687), [2026-03-14T20:53:02.536Z] [SEVERE] https://www.greencity.cx.ua/chunk-NUXSP4TM.js 10:45939 "ERROR" TypeError: Cannot read properties of null (reading 'setValue')
    at n.quillContentChanged (https://www.greencity.cx.ua/chunk-VNNOUBDJ.js:1:16043)
    at https://www.greencity.cx.ua/chunk-VNNOUBDJ.js:1:7223
    at eE (https://www.greencity.cx.ua/chunk-NUXSP4TM.js:11:76097)
    at Object.o [as next] (https://www.greencity.cx.ua/chunk-NUXSP4TM.js:11:76277)
    at bv.next (https://www.greencity.cx.ua/chunk-NUXSP4TM.js:7:3120)
    at Fr._next (https://www.greencity.cx.ua/chunk-NUXSP4TM.js:7:2803)
    at Fr.next (https://www.greencity.cx.ua/chunk-NUXSP4TM.js:7:2530)
    at https://www.greencity.cx.ua/chunk-NUXSP4TM.js:7:7848
    at Ac (https://www.greencity.cx.ua/chunk-NUXSP4TM.js:7:2222)
    at S0.next (https://www.greencity.cx.ua/chunk-NUXSP4TM.js:7:7687), [2026-03-14T20:53:02.539Z] [SEVERE] https://www.greencity.cx.ua/chunk-NUXSP4TM.js 10:45939 "ERROR" TypeError: Cannot read properties of null (reading 'setValue')
    at n.quillContentChanged (https://www.greencity.cx.ua/chunk-VNNOUBDJ.js:1:16043)
    at https://www.greencity.cx.ua/chunk-VNNOUBDJ.js:1:7223
    at eE (https://www.greencity.cx.ua/chunk-NUXSP4TM.js:11:76097)
    at Object.o [as next] (https://www.greencity.cx.ua/chunk-NUXSP4TM.js:11:76277)
    at bv.next (https://www.greencity.cx.ua/chunk-NUXSP4TM.js:7:3120)
    at Fr._next (https://www.greencity.cx.ua/chunk-NUXSP4TM.js:7:2803)
    at Fr.next (https://www.greencity.cx.ua/chunk-NUXSP4TM.js:7:2530)
    at https://www.greencity.cx.ua/chunk-NUXSP4TM.js:7:7848
    at Ac (https://www.greencity.cx.ua/chunk-NUXSP4TM.js:7:2222)
    at S0.next (https://www.greencity.cx.ua/chunk-NUXSP4TM.js:7:7687), [2026-03-14T20:53:02.541Z] [SEVERE] https://www.greencity.cx.ua/chunk-NUXSP4TM.js 10:45939 "ERROR" TypeError: Cannot read properties of null (reading 'setValue')
    at n.quillContentChanged (https://www.greencity.cx.ua/chunk-VNNOUBDJ.js:1:16043)
    at https://www.greencity.cx.ua/chunk-VNNOUBDJ.js:1:7223
    at eE (https://www.greencity.cx.ua/chunk-NUXSP4TM.js:11:76097)
    at Object.o [as next] (https://www.greencity.cx.ua/chunk-NUXSP4TM.js:11:76277)
    at bv.next (https://www.greencity.cx.ua/chunk-NUXSP4TM.js:7:3120)
    at Fr._next (https://www.greencity.cx.ua/chunk-NUXSP4TM.js:7:2803)
    at Fr.next (https://www.greencity.cx.ua/chunk-NUXSP4TM.js:7:2530)
    at https://www.greencity.cx.ua/chunk-NUXSP4TM.js:7:7848
    at Ac (https://www.greencity.cx.ua/chunk-NUXSP4TM.js:7:2222)
    at S0.next (https://www.greencity.cx.ua/chunk-NUXSP4TM.js:7:7687), [2026-03-14T20:53:02.543Z] [SEVERE] https://www.greencity.cx.ua/chunk-NUXSP4TM.js 10:45939 "ERROR" TypeError: Cannot read properties of null (reading 'setValue')
    at n.quillContentChanged (https://www.greencity.cx.ua/chunk-VNNOUBDJ.js:1:16043)
    at https://www.greencity.cx.ua/chunk-VNNOUBDJ.js:1:7223
    at eE (https://www.greencity.cx.ua/chunk-NUXSP4TM.js:11:76097)
    at Object.o [as next] (https://www.greencity.cx.ua/chunk-NUXSP4TM.js:11:76277)
    at bv.next (https://www.greencity.cx.ua/chunk-NUXSP4TM.js:7:3120)
    at Fr._next (https://www.greencity.cx.ua/chunk-NUXSP4TM.js:7:2803)
    at Fr.next (https://www.greencity.cx.ua/chunk-NUXSP4TM.js:7:2530)
    at https://www.greencity.cx.ua/chunk-NUXSP4TM.js:7:7848
    at Ac (https://www.greencity.cx.ua/chunk-NUXSP4TM.js:7:2222)
    at S0.next (https://www.greencity.cx.ua/chunk-NUXSP4TM.js:7:7687), [2026-03-14T20:53:02.546Z] [SEVERE] https://www.greencity.cx.ua/chunk-NUXSP4TM.js 10:45939 "ERROR" TypeError: Cannot read properties of null (reading 'setValue')
    at n.quillContentChanged (https://www.greencity.cx.ua/chunk-VNNOUBDJ.js:1:16043)
    at https://www.greencity.cx.ua/chunk-VNNOUBDJ.js:1:7223
    at eE (https://www.greencity.cx.ua/chunk-NUXSP4TM.js:11:76097)
    at Object.o [as next] (https://www.greencity.cx.ua/chunk-NUXSP4TM.js:11:76277)
    at bv.next (https://www.greencity.cx.ua/chunk-NUXSP4TM.js:7:3120)
    at Fr._next (https://www.greencity.cx.ua/chunk-NUXSP4TM.js:7:2803)
    at Fr.next (https://www.greencity.cx.ua/chunk-NUXSP4TM.js:7:2530)
    at https://www.greencity.cx.ua/chunk-NUXSP4TM.js:7:7848
    at Ac (https://www.greencity.cx.ua/chunk-NUXSP4TM.js:7:2222)
    at S0.next (https://www.greencity.cx.ua/chunk-NUXSP4TM.js:7:7687), [2026-03-14T20:53:02.549Z] [SEVERE] https://www.greencity.cx.ua/chunk-NUXSP4TM.js 10:45939 "ERROR" TypeError: Cannot read properties of null (reading 'setValue')
    at n.quillContentChanged (https://www.greencity.cx.ua/chunk-VNNOUBDJ.js:1:16043)
    at https://www.greencity.cx.ua/chunk-VNNOUBDJ.js:1:7223
    at eE (https://www.greencity.cx.ua/chunk-NUXSP4TM.js:11:76097)
    at Object.o [as next] (https://www.greencity.cx.ua/chunk-NUXSP4TM.js:11:76277)
    at bv.next (https://www.greencity.cx.ua/chunk-NUXSP4TM.js:7:3120)
    at Fr._next (https://www.greencity.cx.ua/chunk-NUXSP4TM.js:7:2803)
    at Fr.next (https://www.greencity.cx.ua/chunk-NUXSP4TM.js:7:2530)
    at https://www.greencity.cx.ua/chunk-NUXSP4TM.js:7:7848
    at Ac (https://www.greencity.cx.ua/chunk-NUXSP4TM.js:7:2222)
    at S0.next (https://www.greencity.cx.ua/chunk-NUXSP4TM.js:7:7687), [2026-03-14T20:53:02.551Z] [SEVERE] https://www.greencity.cx.ua/chunk-NUXSP4TM.js 10:45939 "ERROR" TypeError: Cannot read properties of null (reading 'setValue')
    at n.quillContentChanged (https://www.greencity.cx.ua/chunk-VNNOUBDJ.js:1:16043)
    at https://www.greencity.cx.ua/chunk-VNNOUBDJ.js:1:7223
    at eE (https://www.greencity.cx.ua/chunk-NUXSP4TM.js:11:76097)
    at Object.o [as next] (https://www.greencity.cx.ua/chunk-NUXSP4TM.js:11:76277)
    at bv.next (https://www.greencity.cx.ua/chunk-NUXSP4TM.js:7:3120)
    at Fr._next (https://www.greencity.cx.ua/chunk-NUXSP4TM.js:7:2803)
    at Fr.next (https://www.greencity.cx.ua/chunk-NUXSP4TM.js:7:2530)
    at https://www.greencity.cx.ua/chunk-NUXSP4TM.js:7:7848
    at Ac (https://www.greencity.cx.ua/chunk-NUXSP4TM.js:7:2222)
    at S0.next (https://www.greencity.cx.ua/chunk-NUXSP4TM.js:7:7687), [2026-03-14T20:53:02.554Z] [SEVERE] https://www.greencity.cx.ua/chunk-NUXSP4TM.js 10:45939 "ERROR" TypeError: Cannot read properties of null (reading 'setValue')
    at n.quillContentChanged (https://www.greencity.cx.ua/chunk-VNNOUBDJ.js:1:16043)
    at https://www.greencity.cx.ua/chunk-VNNOUBDJ.js:1:7223
    at eE (https://www.greencity.cx.ua/chunk-NUXSP4TM.js:11:76097)
    at Object.o [as next] (https://www.greencity.cx.ua/chunk-NUXSP4TM.js:11:76277)
    at bv.next (https://www.greencity.cx.ua/chunk-NUXSP4TM.js:7:3120)
    at Fr._next (https://www.greencity.cx.ua/chunk-NUXSP4TM.js:7:2803)
    at Fr.next (https://www.greencity.cx.ua/chunk-NUXSP4TM.js:7:2530)
    at https://www.greencity.cx.ua/chunk-NUXSP4TM.js:7:7848
    at Ac (https://www.greencity.cx.ua/chunk-NUXSP4TM.js:7:2222)
    at S0.next (https://www.greencity.cx.ua/chunk-NUXSP4TM.js:7:7687), [2026-03-14T20:53:02.556Z] [SEVERE] https://www.greencity.cx.ua/chunk-NUXSP4TM.js 10:45939 "ERROR" TypeError: Cannot read properties of null (reading 'setValue')
    at n.quillContentChanged (https://www.greencity.cx.ua/chunk-VNNOUBDJ.js:1:16043)
    at https://www.greencity.cx.ua/chunk-VNNOUBDJ.js:1:7223
    at eE (https://www.greencity.cx.ua/chunk-NUXSP4TM.js:11:76097)
    at Object.o [as next] (https://www.greencity.cx.ua/chunk-NUXSP4TM.js:11:76277)
    at bv.next (https://www.greencity.cx.ua/chunk-NUXSP4TM.js:7:3120)
    at Fr._next (https://www.greencity.cx.ua/chunk-NUXSP4TM.js:7:2803)
    at Fr.next (https://www.greencity.cx.ua/chunk-NUXSP4TM.js:7:2530)
    at https://www.greencity.cx.ua/chunk-NUXSP4TM.js:7:7848
    at Ac (https://www.greencity.cx.ua/chunk-NUXSP4TM.js:7:2222)
    at S0.next (https://www.greencity.cx.ua/chunk-NUXSP4TM.js:7:7687), [2026-03-14T20:53:02.558Z] [SEVERE] https://www.greencity.cx.ua/chunk-NUXSP4TM.js 10:45939 "ERROR" TypeError: Cannot read properties of null (reading 'setValue')
    at n.quillContentChanged (https://www.greencity.cx.ua/chunk-VNNOUBDJ.js:1:16043)
    at https://www.greencity.cx.ua/chunk-VNNOUBDJ.js:1:7223
    at eE (https://www.greencity.cx.ua/chunk-NUXSP4TM.js:11:76097)
    at Object.o [as next] (https://www.greencity.cx.ua/chunk-NUXSP4TM.js:11:76277)
    at bv.next (https://www.greencity.cx.ua/chunk-NUXSP4TM.js:7:3120)
    at Fr._next (https://www.greencity.cx.ua/chunk-NUXSP4TM.js:7:2803)
    at Fr.next (https://www.greencity.cx.ua/chunk-NUXSP4TM.js:7:2530)
    at https://www.greencity.cx.ua/chunk-NUXSP4TM.js:7:7848
    at Ac (https://www.greencity.cx.ua/chunk-NUXSP4TM.js:7:2222)
    at S0.next (https://www.greencity.cx.ua/chunk-NUXSP4TM.js:7:7687), [2026-03-14T20:53:02.560Z] [SEVERE] https://www.greencity.cx.ua/chunk-NUXSP4TM.js 10:45939 "ERROR" TypeError: Cannot read properties of null (reading 'setValue')
    at n.quillContentChanged (https://www.greencity.cx.ua/chunk-VNNOUBDJ.js:1:16043)
    at https://www.greencity.cx.ua/chunk-VNNOUBDJ.js:1:7223
    at eE (https://www.greencity.cx.ua/chunk-NUXSP4TM.js:11:76097)
    at Object.o [as next] (https://www.greencity.cx.ua/chunk-NUXSP4TM.js:11:76277)
    at bv.next (https://www.greencity.cx.ua/chunk-NUXSP4TM.js:7:3120)
    at Fr._next (https://www.greencity.cx.ua/chunk-NUXSP4TM.js:7:2803)
    at Fr.next (https://www.greencity.cx.ua/chunk-NUXSP4TM.js:7:2530)
    at https://www.greencity.cx.ua/chunk-NUXSP4TM.js:7:7848
    at Ac (https://www.greencity.cx.ua/chunk-NUXSP4TM.js:7:2222)
    at S0.next (https://www.greencity.cx.ua/chunk-NUXSP4TM.js:7:7687), [2026-03-14T20:53:02.562Z] [SEVERE] https://www.greencity.cx.ua/chunk-NUXSP4TM.js 10:45939 "ERROR" TypeError: Cannot read properties of null (reading 'setValue')
    at n.quillContentChanged (https://www.greencity.cx.ua/chunk-VNNOUBDJ.js:1:16043)
    at https://www.greencity.cx.ua/chunk-VNNOUBDJ.js:1:7223
    at eE (https://www.greencity.cx.ua/chunk-NUXSP4TM.js:11:76097)
    at Object.o [as next] (https://www.greencity.cx.ua/chunk-NUXSP4TM.js:11:76277)
    at bv.next (https://www.greencity.cx.ua/chunk-NUXSP4TM.js:7:3120)
    at Fr._next (https://www.greencity.cx.ua/chunk-NUXSP4TM.js:7:2803)
    at Fr.next (https://www.greencity.cx.ua/chunk-NUXSP4TM.js:7:2530)
    at https://www.greencity.cx.ua/chunk-NUXSP4TM.js:7:7848
    at Ac (https://www.greencity.cx.ua/chunk-NUXSP4TM.js:7:2222)
    at S0.next (https://www.greencity.cx.ua/chunk-NUXSP4TM.js:7:7687), [2026-03-14T20:53:02.564Z] [SEVERE] https://www.greencity.cx.ua/chunk-NUXSP4TM.js 10:45939 "ERROR" TypeError: Cannot read properties of null (reading 'setValue')
    at n.quillContentChanged (https://www.greencity.cx.ua/chunk-VNNOUBDJ.js:1:16043)
    at https://www.greencity.cx.ua/chunk-VNNOUBDJ.js:1:7223
    at eE (https://www.greencity.cx.ua/chunk-NUXSP4TM.js:11:76097)
    at Object.o [as next] (https://www.greencity.cx.ua/chunk-NUXSP4TM.js:11:76277)
    at bv.next (https://www.greencity.cx.ua/chunk-NUXSP4TM.js:7:3120)
    at Fr._next (https://www.greencity.cx.ua/chunk-NUXSP4TM.js:7:2803)
    at Fr.next (https://www.greencity.cx.ua/chunk-NUXSP4TM.js:7:2530)
    at https://www.greencity.cx.ua/chunk-NUXSP4TM.js:7:7848
    at Ac (https://www.greencity.cx.ua/chunk-NUXSP4TM.js:7:2222)
    at S0.next (https://www.greencity.cx.ua/chunk-NUXSP4TM.js:7:7687), [2026-03-14T20:53:02.566Z] [SEVERE] https://www.greencity.cx.ua/chunk-NUXSP4TM.js 10:45939 "ERROR" TypeError: Cannot read properties of null (reading 'setValue')
    at n.quillContentChanged (https://www.greencity.cx.ua/chunk-VNNOUBDJ.js:1:16043)
    at https://www.greencity.cx.ua/chunk-VNNOUBDJ.js:1:7223
    at eE (https://www.greencity.cx.ua/chunk-NUXSP4TM.js:11:76097)
    at Object.o [as next] (https://www.greencity.cx.ua/chunk-NUXSP4TM.js:11:76277)
    at bv.next (https://www.greencity.cx.ua/chunk-NUXSP4TM.js:7:3120)
    at Fr._next (https://www.greencity.cx.ua/chunk-NUXSP4TM.js:7:2803)
    at Fr.next (https://www.greencity.cx.ua/chunk-NUXSP4TM.js:7:2530)
    at https://www.greencity.cx.ua/chunk-NUXSP4TM.js:7:7848
    at Ac (https://www.greencity.cx.ua/chunk-NUXSP4TM.js:7:2222)
    at S0.next (https://www.greencity.cx.ua/chunk-NUXSP4TM.js:7:7687), [2026-03-14T20:53:02.568Z] [SEVERE] https://www.greencity.cx.ua/chunk-NUXSP4TM.js 10:45939 "ERROR" TypeError: Cannot read properties of null (reading 'setValue')
    at n.quillContentChanged (https://www.greencity.cx.ua/chunk-VNNOUBDJ.js:1:16043)
    at https://www.greencity.cx.ua/chunk-VNNOUBDJ.js:1:7223
    at eE (https://www.greencity.cx.ua/chunk-NUXSP4TM.js:11:76097)
    at Object.o [as next] (https://www.greencity.cx.ua/chunk-NUXSP4TM.js:11:76277)
    at bv.next (https://www.greencity.cx.ua/chunk-NUXSP4TM.js:7:3120)
    at Fr._next (https://www.greencity.cx.ua/chunk-NUXSP4TM.js:7:2803)
    at Fr.next (https://www.greencity.cx.ua/chunk-NUXSP4TM.js:7:2530)
    at https://www.greencity.cx.ua/chunk-NUXSP4TM.js:7:7848
    at Ac (https://www.greencity.cx.ua/chunk-NUXSP4TM.js:7:2222)
    at S0.next (https://www.greencity.cx.ua/chunk-NUXSP4TM.js:7:7687), [2026-03-14T20:53:02.569Z] [SEVERE] https://www.greencity.cx.ua/chunk-NUXSP4TM.js 10:45939 "ERROR" TypeError: Cannot read properties of null (reading 'setValue')
    at n.quillContentChanged (https://www.greencity.cx.ua/chunk-VNNOUBDJ.js:1:16043)
    at https://www.greencity.cx.ua/chunk-VNNOUBDJ.js:1:7223
    at eE (https://www.greencity.cx.ua/chunk-NUXSP4TM.js:11:76097)
    at Object.o [as next] (https://www.greencity.cx.ua/chunk-NUXSP4TM.js:11:76277)
    at bv.next (https://www.greencity.cx.ua/chunk-NUXSP4TM.js:7:3120)
    at Fr._next (https://www.greencity.cx.ua/chunk-NUXSP4TM.js:7:2803)
    at Fr.next (https://www.greencity.cx.ua/chunk-NUXSP4TM.js:7:2530)
    at https://www.greencity.cx.ua/chunk-NUXSP4TM.js:7:7848
    at Ac (https://www.greencity.cx.ua/chunk-NUXSP4TM.js:7:2222)
    at S0.next (https://www.greencity.cx.ua/chunk-NUXSP4TM.js:7:7687), [2026-03-14T20:53:02.572Z] [SEVERE] https://www.greencity.cx.ua/chunk-NUXSP4TM.js 10:45939 "ERROR" TypeError: Cannot read properties of null (reading 'setValue')
    at n.quillContentChanged (https://www.greencity.cx.ua/chunk-VNNOUBDJ.js:1:16043)
    at https://www.greencity.cx.ua/chunk-VNNOUBDJ.js:1:7223
    at eE (https://www.greencity.cx.ua/chunk-NUXSP4TM.js:11:76097)
    at Object.o [as next] (https://www.greencity.cx.ua/chunk-NUXSP4TM.js:11:76277)
    at bv.next (https://www.greencity.cx.ua/chunk-NUXSP4TM.js:7:3120)
    at Fr._next (https://www.greencity.cx.ua/chunk-NUXSP4TM.js:7:2803)
    at Fr.next (https://www.greencity.cx.ua/chunk-NUXSP4TM.js:7:2530)
    at https://www.greencity.cx.ua/chunk-NUXSP4TM.js:7:7848
    at Ac (https://www.greencity.cx.ua/chunk-NUXSP4TM.js:7:2222)
    at S0.next (https://www.greencity.cx.ua/chunk-NUXSP4TM.js:7:7687), [2026-03-14T20:53:02.575Z] [SEVERE] https://www.greencity.cx.ua/chunk-NUXSP4TM.js 10:45939 "ERROR" TypeError: Cannot read properties of null (reading 'setValue')
    at n.quillContentChanged (https://www.greencity.cx.ua/chunk-VNNOUBDJ.js:1:16043)
    at https://www.greencity.cx.ua/chunk-VNNOUBDJ.js:1:7223
    at eE (https://www.greencity.cx.ua/chunk-NUXSP4TM.js:11:76097)
    at Object.o [as next] (https://www.greencity.cx.ua/chunk-NUXSP4TM.js:11:76277)
    at bv.next (https://www.greencity.cx.ua/chunk-NUXSP4TM.js:7:3120)
    at Fr._next (https://www.greencity.cx.ua/chunk-NUXSP4TM.js:7:2803)
    at Fr.next (https://www.greencity.cx.ua/chunk-NUXSP4TM.js:7:2530)
    at https://www.greencity.cx.ua/chunk-NUXSP4TM.js:7:7848
    at Ac (https://www.greencity.cx.ua/chunk-NUXSP4TM.js:7:2222)
    at S0.next (https://www.greencity.cx.ua/chunk-NUXSP4TM.js:7:7687), [2026-03-14T20:53:02.577Z] [SEVERE] https://www.greencity.cx.ua/chunk-NUXSP4TM.js 10:45939 "ERROR" TypeError: Cannot read properties of null (reading 'setValue')
    at n.quillContentChanged (https://www.greencity.cx.ua/chunk-VNNOUBDJ.js:1:16043)
    at https://www.greencity.cx.ua/chunk-VNNOUBDJ.js:1:7223
    at eE (https://www.greencity.cx.ua/chunk-NUXSP4TM.js:11:76097)
    at Object.o [as next] (https://www.greencity.cx.ua/chunk-NUXSP4TM.js:11:76277)
    at bv.next (https://www.greencity.cx.ua/chunk-NUXSP4TM.js:7:3120)
    at Fr._next (https://www.greencity.cx.ua/chunk-NUXSP4TM.js:7:2803)
    at Fr.next (https://www.greencity.cx.ua/chunk-NUXSP4TM.js:7:2530)
    at https://www.greencity.cx.ua/chunk-NUXSP4TM.js:7:7848
    at Ac (https://www.greencity.cx.ua/chunk-NUXSP4TM.js:7:2222)
    at S0.next (https://www.greencity.cx.ua/chunk-NUXSP4TM.js:7:7687), [2026-03-14T20:53:02.581Z] [SEVERE] https://www.greencity.cx.ua/chunk-NUXSP4TM.js 10:45939 "ERROR" TypeError: Cannot read properties of null (reading 'setValue')
    at n.quillContentChanged (https://www.greencity.cx.ua/chunk-VNNOUBDJ.js:1:16043)
    at https://www.greencity.cx.ua/chunk-VNNOUBDJ.js:1:7223
    at eE (https://www.greencity.cx.ua/chunk-NUXSP4TM.js:11:76097)
    at Object.o [as next] (https://www.greencity.cx.ua/chunk-NUXSP4TM.js:11:76277)
    at bv.next (https://www.greencity.cx.ua/chunk-NUXSP4TM.js:7:3120)
    at Fr._next (https://www.greencity.cx.ua/chunk-NUXSP4TM.js:7:2803)
    at Fr.next (https://www.greencity.cx.ua/chunk-NUXSP4TM.js:7:2530)
    at https://www.greencity.cx.ua/chunk-NUXSP4TM.js:7:7848
    at Ac (https://www.greencity.cx.ua/chunk-NUXSP4TM.js:7:2222)
    at S0.next (https://www.greencity.cx.ua/chunk-NUXSP4TM.js:7:7687), [2026-03-14T20:53:02.583Z] [SEVERE] https://www.greencity.cx.ua/chunk-NUXSP4TM.js 10:45939 "ERROR" TypeError: Cannot read properties of null (reading 'setValue')
    at n.quillContentChanged (https://www.greencity.cx.ua/chunk-VNNOUBDJ.js:1:16043)
    at https://www.greencity.cx.ua/chunk-VNNOUBDJ.js:1:7223
    at eE (https://www.greencity.cx.ua/chunk-NUXSP4TM.js:11:76097)
    at Object.o [as next] (https://www.greencity.cx.ua/chunk-NUXSP4TM.js:11:76277)
    at bv.next (https://www.greencity.cx.ua/chunk-NUXSP4TM.js:7:3120)
    at Fr._next (https://www.greencity.cx.ua/chunk-NUXSP4TM.js:7:2803)
    at Fr.next (https://www.greencity.cx.ua/chunk-NUXSP4TM.js:7:2530)
    at https://www.greencity.cx.ua/chunk-NUXSP4TM.js:7:7848
    at Ac (https://www.greencity.cx.ua/chunk-NUXSP4TM.js:7:2222)
    at S0.next (https://www.greencity.cx.ua/chunk-NUXSP4TM.js:7:7687), [2026-03-14T20:53:02.586Z] [SEVERE] https://www.greencity.cx.ua/chunk-NUXSP4TM.js 10:45939 "ERROR" TypeError: Cannot read properties of null (reading 'setValue')
    at n.quillContentChanged (https://www.greencity.cx.ua/chunk-VNNOUBDJ.js:1:16043)
    at https://www.greencity.cx.ua/chunk-VNNOUBDJ.js:1:7223
    at eE (https://www.greencity.cx.ua/chunk-NUXSP4TM.js:11:76097)
    at Object.o [as next] (https://www.greencity.cx.ua/chunk-NUXSP4TM.js:11:76277)
    at bv.next (https://www.greencity.cx.ua/chunk-NUXSP4TM.js:7:3120)
    at Fr._next (https://www.greencity.cx.ua/chunk-NUXSP4TM.js:7:2803)
    at Fr.next (https://www.greencity.cx.ua/chunk-NUXSP4TM.js:7:2530)
    at https://www.greencity.cx.ua/chunk-NUXSP4TM.js:7:7848
    at Ac (https://www.greencity.cx.ua/chunk-NUXSP4TM.js:7:2222)
    at S0.next (https://www.greencity.cx.ua/chunk-NUXSP4TM.js:7:7687), [2026-03-14T20:53:02.589Z] [SEVERE] https://www.greencity.cx.ua/chunk-NUXSP4TM.js 10:45939 "ERROR" TypeError: Cannot read properties of null (reading 'setValue')
    at n.quillContentChanged (https://www.greencity.cx.ua/chunk-VNNOUBDJ.js:1:16043)
    at https://www.greencity.cx.ua/chunk-VNNOUBDJ.js:1:7223
    at eE (https://www.greencity.cx.ua/chunk-NUXSP4TM.js:11:76097)
    at Object.o [as next] (https://www.greencity.cx.ua/chunk-NUXSP4TM.js:11:76277)
    at bv.next (https://www.greencity.cx.ua/chunk-NUXSP4TM.js:7:3120)
    at Fr._next (https://www.greencity.cx.ua/chunk-NUXSP4TM.js:7:2803)
    at Fr.next (https://www.greencity.cx.ua/chunk-NUXSP4TM.js:7:2530)
    at https://www.greencity.cx.ua/chunk-NUXSP4TM.js:7:7848
    at Ac (https://www.greencity.cx.ua/chunk-NUXSP4TM.js:7:2222)
    at S0.next (https://www.greencity.cx.ua/chunk-NUXSP4TM.js:7:7687), [2026-03-14T20:53:02.591Z] [SEVERE] https://www.greencity.cx.ua/chunk-NUXSP4TM.js 10:45939 "ERROR" TypeError: Cannot read properties of null (reading 'setValue')
    at n.quillContentChanged (https://www.greencity.cx.ua/chunk-VNNOUBDJ.js:1:16043)
    at https://www.greencity.cx.ua/chunk-VNNOUBDJ.js:1:7223
    at eE (https://www.greencity.cx.ua/chunk-NUXSP4TM.js:11:76097)
    at Object.o [as next] (https://www.greencity.cx.ua/chunk-NUXSP4TM.js:11:76277)
    at bv.next (https://www.greencity.cx.ua/chunk-NUXSP4TM.js:7:3120)
    at Fr._next (https://www.greencity.cx.ua/chunk-NUXSP4TM.js:7:2803)
    at Fr.next (https://www.greencity.cx.ua/chunk-NUXSP4TM.js:7:2530)
    at https://www.greencity.cx.ua/chunk-NUXSP4TM.js:7:7848
    at Ac (https://www.greencity.cx.ua/chunk-NUXSP4TM.js:7:2222)
    at S0.next (https://www.greencity.cx.ua/chunk-NUXSP4TM.js:7:7687), [2026-03-14T20:53:02.594Z] [SEVERE] https://www.greencity.cx.ua/chunk-NUXSP4TM.js 10:45939 "ERROR" TypeError: Cannot read properties of null (reading 'setValue')
    at n.quillContentChanged (https://www.greencity.cx.ua/chunk-VNNOUBDJ.js:1:16043)
    at https://www.greencity.cx.ua/chunk-VNNOUBDJ.js:1:7223
    at eE (https://www.greencity.cx.ua/chunk-NUXSP4TM.js:11:76097)
    at Object.o [as next] (https://www.greencity.cx.ua/chunk-NUXSP4TM.js:11:76277)
    at bv.next (https://www.greencity.cx.ua/chunk-NUXSP4TM.js:7:3120)
    at Fr._next (https://www.greencity.cx.ua/chunk-NUXSP4TM.js:7:2803)
    at Fr.next (https://www.greencity.cx.ua/chunk-NUXSP4TM.js:7:2530)
    at https://www.greencity.cx.ua/chunk-NUXSP4TM.js:7:7848
    at Ac (https://www.greencity.cx.ua/chunk-NUXSP4TM.js:7:2222)
    at S0.next (https://www.greencity.cx.ua/chunk-NUXSP4TM.js:7:7687), [2026-03-14T20:53:02.598Z] [SEVERE] https://www.greencity.cx.ua/chunk-NUXSP4TM.js 10:45939 "ERROR" TypeError: Cannot read properties of null (reading 'setValue')
    at n.quillContentChanged (https://www.greencity.cx.ua/chunk-VNNOUBDJ.js:1:16043)
    at https://www.greencity.cx.ua/chunk-VNNOUBDJ.js:1:7223
    at eE (https://www.greencity.cx.ua/chunk-NUXSP4TM.js:11:76097)
    at Object.o [as next] (https://www.greencity.cx.ua/chunk-NUXSP4TM.js:11:76277)
    at bv.next (https://www.greencity.cx.ua/chunk-NUXSP4TM.js:7:3120)
    at Fr._next (https://www.greencity.cx.ua/chunk-NUXSP4TM.js:7:2803)
    at Fr.next (https://www.greencity.cx.ua/chunk-NUXSP4TM.js:7:2530)
    at https://www.greencity.cx.ua/chunk-NUXSP4TM.js:7:7848
    at Ac (https://www.greencity.cx.ua/chunk-NUXSP4TM.js:7:2222)
    at S0.next (https://www.greencity.cx.ua/chunk-NUXSP4TM.js:7:7687), [2026-03-14T20:53:02.601Z] [SEVERE] https://www.greencity.cx.ua/chunk-NUXSP4TM.js 10:45939 "ERROR" TypeError: Cannot read properties of null (reading 'setValue')
    at n.quillContentChanged (https://www.greencity.cx.ua/chunk-VNNOUBDJ.js:1:16043)
    at https://www.greencity.cx.ua/chunk-VNNOUBDJ.js:1:7223
    at eE (https://www.greencity.cx.ua/chunk-NUXSP4TM.js:11:76097)
    at Object.o [as next] (https://www.greencity.cx.ua/chunk-NUXSP4TM.js:11:76277)
    at bv.next (https://www.greencity.cx.ua/chunk-NUXSP4TM.js:7:3120)
    at Fr._next (https://www.greencity.cx.ua/chunk-NUXSP4TM.js:7:2803)
    at Fr.next (https://www.greencity.cx.ua/chunk-NUXSP4TM.js:7:2530)
    at https://www.greencity.cx.ua/chunk-NUXSP4TM.js:7:7848
    at Ac (https://www.greencity.cx.ua/chunk-NUXSP4TM.js:7:2222)
    at S0.next (https://www.greencity.cx.ua/chunk-NUXSP4TM.js:7:7687), [2026-03-14T20:53:02.604Z] [SEVERE] https://www.greencity.cx.ua/chunk-NUXSP4TM.js 10:45939 "ERROR" TypeError: Cannot read properties of null (reading 'setValue')
    at n.quillContentChanged (https://www.greencity.cx.ua/chunk-VNNOUBDJ.js:1:16043)
    at https://www.greencity.cx.ua/chunk-VNNOUBDJ.js:1:7223
    at eE (https://www.greencity.cx.ua/chunk-NUXSP4TM.js:11:76097)
    at Object.o [as next] (https://www.greencity.cx.ua/chunk-NUXSP4TM.js:11:76277)
    at bv.next (https://www.greencity.cx.ua/chunk-NUXSP4TM.js:7:3120)
    at Fr._next (https://www.greencity.cx.ua/chunk-NUXSP4TM.js:7:2803)
    at Fr.next (https://www.greencity.cx.ua/chunk-NUXSP4TM.js:7:2530)
    at https://www.greencity.cx.ua/chunk-NUXSP4TM.js:7:7848
    at Ac (https://www.greencity.cx.ua/chunk-NUXSP4TM.js:7:2222)
    at S0.next (https://www.greencity.cx.ua/chunk-NUXSP4TM.js:7:7687), [2026-03-14T20:53:02.606Z] [SEVERE] https://www.greencity.cx.ua/chunk-NUXSP4TM.js 10:45939 "ERROR" TypeError: Cannot read properties of null (reading 'setValue')
    at n.quillContentChanged (https://www.greencity.cx.ua/chunk-VNNOUBDJ.js:1:16043)
    at https://www.greencity.cx.ua/chunk-VNNOUBDJ.js:1:7223
    at eE (https://www.greencity.cx.ua/chunk-NUXSP4TM.js:11:76097)
    at Object.o [as next] (https://www.greencity.cx.ua/chunk-NUXSP4TM.js:11:76277)
    at bv.next (https://www.greencity.cx.ua/chunk-NUXSP4TM.js:7:3120)
    at Fr._next (https://www.greencity.cx.ua/chunk-NUXSP4TM.js:7:2803)
    at Fr.next (https://www.greencity.cx.ua/chunk-NUXSP4TM.js:7:2530)
    at https://www.greencity.cx.ua/chunk-NUXSP4TM.js:7:7848
    at Ac (https://www.greencity.cx.ua/chunk-NUXSP4TM.js:7:2222)
    at S0.next (https://www.greencity.cx.ua/chunk-NUXSP4TM.js:7:7687), [2026-03-14T20:53:02.715Z] [SEVERE] https://www.greencity.cx.ua/chunk-NUXSP4TM.js 10:45939 "ERROR" TypeError: Cannot read properties of null (reading 'setValue')
    at n.quillContentChanged (https://www.greencity.cx.ua/chunk-VNNOUBDJ.js:1:16043)
    at https://www.greencity.cx.ua/chunk-VNNOUBDJ.js:1:7223
    at eE (https://www.greencity.cx.ua/chunk-NUXSP4TM.js:11:76097)
    at Object.o [as next] (https://www.greencity.cx.ua/chunk-NUXSP4TM.js:11:76277)
    at bv.next (https://www.greencity.cx.ua/chunk-NUXSP4TM.js:7:3120)
    at Fr._next (https://www.greencity.cx.ua/chunk-NUXSP4TM.js:7:2803)
    at Fr.next (https://www.greencity.cx.ua/chunk-NUXSP4TM.js:7:2530)
    at https://www.greencity.cx.ua/chunk-NUXSP4TM.js:7:7848
    at Ac (https://www.greencity.cx.ua/chunk-NUXSP4TM.js:7:2222)
    at S0.next (https://www.greencity.cx.ua/chunk-NUXSP4TM.js:7:7687), [2026-03-14T20:53:02.789Z] [SEVERE] https://www.greencity.cx.ua/chunk-NUXSP4TM.js 10:45939 "ERROR" TypeError: Cannot read properties of null (reading 'setValue')
    at n.quillContentChanged (https://www.greencity.cx.ua/chunk-VNNOUBDJ.js:1:16043)
    at https://www.greencity.cx.ua/chunk-VNNOUBDJ.js:1:7223
    at eE (https://www.greencity.cx.ua/chunk-NUXSP4TM.js:11:76097)
    at Object.o [as next] (https://www.greencity.cx.ua/chunk-NUXSP4TM.js:11:76277)
    at bv.next (https://www.greencity.cx.ua/chunk-NUXSP4TM.js:7:3120)
    at Fr._next (https://www.greencity.cx.ua/chunk-NUXSP4TM.js:7:2803)
    at Fr.next (https://www.greencity.cx.ua/chunk-NUXSP4TM.js:7:2530)
    at https://www.greencity.cx.ua/chunk-NUXSP4TM.js:7:7848
    at Ac (https://www.greencity.cx.ua/chunk-NUXSP4TM.js:7:2222)
    at S0.next (https://www.greencity.cx.ua/chunk-NUXSP4TM.js:7:7687), [2026-03-14T20:53:02.789Z] [SEVERE] https://www.greencity.cx.ua/chunk-NUXSP4TM.js 10:45939 "ERROR" TypeError: Cannot read properties of null (reading 'setValue')
    at n.quillContentChanged (https://www.greencity.cx.ua/chunk-VNNOUBDJ.js:1:16043)
    at https://www.greencity.cx.ua/chunk-VNNOUBDJ.js:1:7223
    at eE (https://www.greencity.cx.ua/chunk-NUXSP4TM.js:11:76097)
    at Object.o [as next] (https://www.greencity.cx.ua/chunk-NUXSP4TM.js:11:76277)
    at bv.next (https://www.greencity.cx.ua/chunk-NUXSP4TM.js:7:3120)
    at Fr._next (https://www.greencity.cx.ua/chunk-NUXSP4TM.js:7:2803)
    at Fr.next (https://www.greencity.cx.ua/chunk-NUXSP4TM.js:7:2530)
    at https://www.greencity.cx.ua/chunk-NUXSP4TM.js:7:7848
    at Ac (https://www.greencity.cx.ua/chunk-NUXSP4TM.js:7:2222)
    at S0.next (https://www.greencity.cx.ua/chunk-NUXSP4TM.js:7:7687), [2026-03-14T20:53:02.790Z] [SEVERE] https://www.greencity.cx.ua/chunk-NUXSP4TM.js 10:45939 "ERROR" TypeError: Cannot read properties of null (reading 'setValue')
    at n.quillContentChanged (https://www.greencity.cx.ua/chunk-VNNOUBDJ.js:1:16043)
    at https://www.greencity.cx.ua/chunk-VNNOUBDJ.js:1:7223
    at eE (https://www.greencity.cx.ua/chunk-NUXSP4TM.js:11:76097)
    at Object.o [as next] (https://www.greencity.cx.ua/chunk-NUXSP4TM.js:11:76277)
    at bv.next (https://www.greencity.cx.ua/chunk-NUXSP4TM.js:7:3120)
    at Fr._next (https://www.greencity.cx.ua/chunk-NUXSP4TM.js:7:2803)
    at Fr.next (https://www.greencity.cx.ua/chunk-NUXSP4TM.js:7:2530)
    at https://www.greencity.cx.ua/chunk-NUXSP4TM.js:7:7848
    at Ac (https://www.greencity.cx.ua/chunk-NUXSP4TM.js:7:2222)
    at S0.next (https://www.greencity.cx.ua/chunk-NUXSP4TM.js:7:7687), [2026-03-14T20:53:02.793Z] [SEVERE] https://www.greencity.cx.ua/chunk-NUXSP4TM.js 10:45939 "ERROR" TypeError: Cannot read properties of null (reading 'setValue')
    at n.quillContentChanged (https://www.greencity.cx.ua/chunk-VNNOUBDJ.js:1:16043)
    at https://www.greencity.cx.ua/chunk-VNNOUBDJ.js:1:7223
    at eE (https://www.greencity.cx.ua/chunk-NUXSP4TM.js:11:76097)
    at Object.o [as next] (https://www.greencity.cx.ua/chunk-NUXSP4TM.js:11:76277)
    at bv.next (https://www.greencity.cx.ua/chunk-NUXSP4TM.js:7:3120)
    at Fr._next (https://www.greencity.cx.ua/chunk-NUXSP4TM.js:7:2803)
    at Fr.next (https://www.greencity.cx.ua/chunk-NUXSP4TM.js:7:2530)
    at https://www.greencity.cx.ua/chunk-NUXSP4TM.js:7:7848
    at Ac (https://www.greencity.cx.ua/chunk-NUXSP4TM.js:7:2222)
    at S0.next (https://www.greencity.cx.ua/chunk-NUXSP4TM.js:7:7687), [2026-03-14T20:53:02.795Z] [SEVERE] https://www.greencity.cx.ua/chunk-NUXSP4TM.js 10:45939 "ERROR" TypeError: Cannot read properties of null (reading 'setValue')
    at n.quillContentChanged (https://www.greencity.cx.ua/chunk-VNNOUBDJ.js:1:16043)
    at https://www.greencity.cx.ua/chunk-VNNOUBDJ.js:1:7223
    at eE (https://www.greencity.cx.ua/chunk-NUXSP4TM.js:11:76097)
    at Object.o [as next] (https://www.greencity.cx.ua/chunk-NUXSP4TM.js:11:76277)
    at bv.next (https://www.greencity.cx.ua/chunk-NUXSP4TM.js:7:3120)
    at Fr._next (https://www.greencity.cx.ua/chunk-NUXSP4TM.js:7:2803)
    at Fr.next (https://www.greencity.cx.ua/chunk-NUXSP4TM.js:7:2530)
    at https://www.greencity.cx.ua/chunk-NUXSP4TM.js:7:7848
    at Ac (https://www.greencity.cx.ua/chunk-NUXSP4TM.js:7:2222)
    at S0.next (https://www.greencity.cx.ua/chunk-NUXSP4TM.js:7:7687), [2026-03-14T20:53:02.799Z] [SEVERE] https://www.greencity.cx.ua/chunk-NUXSP4TM.js 10:45939 "ERROR" TypeError: Cannot read properties of null (reading 'setValue')
    at n.quillContentChanged (https://www.greencity.cx.ua/chunk-VNNOUBDJ.js:1:16043)
    at https://www.greencity.cx.ua/chunk-VNNOUBDJ.js:1:7223
    at eE (https://www.greencity.cx.ua/chunk-NUXSP4TM.js:11:76097)
    at Object.o [as next] (https://www.greencity.cx.ua/chunk-NUXSP4TM.js:11:76277)
    at bv.next (https://www.greencity.cx.ua/chunk-NUXSP4TM.js:7:3120)
    at Fr._next (https://www.greencity.cx.ua/chunk-NUXSP4TM.js:7:2803)
    at Fr.next (https://www.greencity.cx.ua/chunk-NUXSP4TM.js:7:2530)
    at https://www.greencity.cx.ua/chunk-NUXSP4TM.js:7:7848
    at Ac (https://www.greencity.cx.ua/chunk-NUXSP4TM.js:7:2222)
    at S0.next (https://www.greencity.cx.ua/chunk-NUXSP4TM.js:7:7687), [2026-03-14T20:53:02.803Z] [SEVERE] https://www.greencity.cx.ua/chunk-NUXSP4TM.js 10:45939 "ERROR" TypeError: Cannot read properties of null (reading 'setValue')
    at n.quillContentChanged (https://www.greencity.cx.ua/chunk-VNNOUBDJ.js:1:16043)
    at https://www.greencity.cx.ua/chunk-VNNOUBDJ.js:1:7223
    at eE (https://www.greencity.cx.ua/chunk-NUXSP4TM.js:11:76097)
    at Object.o [as next] (https://www.greencity.cx.ua/chunk-NUXSP4TM.js:11:76277)
    at bv.next (https://www.greencity.cx.ua/chunk-NUXSP4TM.js:7:3120)
    at Fr._next (https://www.greencity.cx.ua/chunk-NUXSP4TM.js:7:2803)
    at Fr.next (https://www.greencity.cx.ua/chunk-NUXSP4TM.js:7:2530)
    at https://www.greencity.cx.ua/chunk-NUXSP4TM.js:7:7848
    at Ac (https://www.greencity.cx.ua/chunk-NUXSP4TM.js:7:2222)
    at S0.next (https://www.greencity.cx.ua/chunk-NUXSP4TM.js:7:7687), [2026-03-14T20:53:02.806Z] [SEVERE] https://www.greencity.cx.ua/chunk-NUXSP4TM.js 10:45939 "ERROR" TypeError: Cannot read properties of null (reading 'setValue')
    at n.quillContentChanged (https://www.greencity.cx.ua/chunk-VNNOUBDJ.js:1:16043)
    at https://www.greencity.cx.ua/chunk-VNNOUBDJ.js:1:7223
    at eE (https://www.greencity.cx.ua/chunk-NUXSP4TM.js:11:76097)
    at Object.o [as next] (https://www.greencity.cx.ua/chunk-NUXSP4TM.js:11:76277)
    at bv.next (https://www.greencity.cx.ua/chunk-NUXSP4TM.js:7:3120)
    at Fr._next (https://www.greencity.cx.ua/chunk-NUXSP4TM.js:7:2803)
    at Fr.next (https://www.greencity.cx.ua/chunk-NUXSP4TM.js:7:2530)
    at https://www.greencity.cx.ua/chunk-NUXSP4TM.js:7:7848
    at Ac (https://www.greencity.cx.ua/chunk-NUXSP4TM.js:7:2222)
    at S0.next (https://www.greencity.cx.ua/chunk-NUXSP4TM.js:7:7687), [2026-03-14T20:53:02.809Z] [SEVERE] https://www.greencity.cx.ua/chunk-NUXSP4TM.js 10:45939 "ERROR" TypeError: Cannot read properties of null (reading 'setValue')
    at n.quillContentChanged (https://www.greencity.cx.ua/chunk-VNNOUBDJ.js:1:16043)
    at https://www.greencity.cx.ua/chunk-VNNOUBDJ.js:1:7223
    at eE (https://www.greencity.cx.ua/chunk-NUXSP4TM.js:11:76097)
    at Object.o [as next] (https://www.greencity.cx.ua/chunk-NUXSP4TM.js:11:76277)
    at bv.next (https://www.greencity.cx.ua/chunk-NUXSP4TM.js:7:3120)
    at Fr._next (https://www.greencity.cx.ua/chunk-NUXSP4TM.js:7:2803)
    at Fr.next (https://www.greencity.cx.ua/chunk-NUXSP4TM.js:7:2530)
    at https://www.greencity.cx.ua/chunk-NUXSP4TM.js:7:7848
    at Ac (https://www.greencity.cx.ua/chunk-NUXSP4TM.js:7:2222)
    at S0.next (https://www.greencity.cx.ua/chunk-NUXSP4TM.js:7:7687), [2026-03-14T20:53:02.813Z] [SEVERE] https://www.greencity.cx.ua/chunk-NUXSP4TM.js 10:45939 "ERROR" TypeError: Cannot read properties of null (reading 'setValue')
    at n.quillContentChanged (https://www.greencity.cx.ua/chunk-VNNOUBDJ.js:1:16043)
    at https://www.greencity.cx.ua/chunk-VNNOUBDJ.js:1:7223
    at eE (https://www.greencity.cx.ua/chunk-NUXSP4TM.js:11:76097)
    at Object.o [as next] (https://www.greencity.cx.ua/chunk-NUXSP4TM.js:11:76277)
    at bv.next (https://www.greencity.cx.ua/chunk-NUXSP4TM.js:7:3120)
    at Fr._next (https://www.greencity.cx.ua/chunk-NUXSP4TM.js:7:2803)
    at Fr.next (https://www.greencity.cx.ua/chunk-NUXSP4TM.js:7:2530)
    at https://www.greencity.cx.ua/chunk-NUXSP4TM.js:7:7848
    at Ac (https://www.greencity.cx.ua/chunk-NUXSP4TM.js:7:2222)
    at S0.next (https://www.greencity.cx.ua/chunk-NUXSP4TM.js:7:7687), [2026-03-14T20:53:02.815Z] [SEVERE] https://www.greencity.cx.ua/chunk-NUXSP4TM.js 10:45939 "ERROR" TypeError: Cannot read properties of null (reading 'setValue')
    at n.quillContentChanged (https://www.greencity.cx.ua/chunk-VNNOUBDJ.js:1:16043)
    at https://www.greencity.cx.ua/chunk-VNNOUBDJ.js:1:7223
    at eE (https://www.greencity.cx.ua/chunk-NUXSP4TM.js:11:76097)
    at Object.o [as next] (https://www.greencity.cx.ua/chunk-NUXSP4TM.js:11:76277)
    at bv.next (https://www.greencity.cx.ua/chunk-NUXSP4TM.js:7:3120)
    at Fr._next (https://www.greencity.cx.ua/chunk-NUXSP4TM.js:7:2803)
    at Fr.next (https://www.greencity.cx.ua/chunk-NUXSP4TM.js:7:2530)
    at https://www.greencity.cx.ua/chunk-NUXSP4TM.js:7:7848
    at Ac (https://www.greencity.cx.ua/chunk-NUXSP4TM.js:7:2222)
    at S0.next (https://www.greencity.cx.ua/chunk-NUXSP4TM.js:7:7687), [2026-03-14T20:53:02.818Z] [SEVERE] https://www.greencity.cx.ua/chunk-NUXSP4TM.js 10:45939 "ERROR" TypeError: Cannot read properties of null (reading 'setValue')
    at n.quillContentChanged (https://www.greencity.cx.ua/chunk-VNNOUBDJ.js:1:16043)
    at https://www.greencity.cx.ua/chunk-VNNOUBDJ.js:1:7223
    at eE (https://www.greencity.cx.ua/chunk-NUXSP4TM.js:11:76097)
    at Object.o [as next] (https://www.greencity.cx.ua/chunk-NUXSP4TM.js:11:76277)
    at bv.next (https://www.greencity.cx.ua/chunk-NUXSP4TM.js:7:3120)
    at Fr._next (https://www.greencity.cx.ua/chunk-NUXSP4TM.js:7:2803)
    at Fr.next (https://www.greencity.cx.ua/chunk-NUXSP4TM.js:7:2530)
    at https://www.greencity.cx.ua/chunk-NUXSP4TM.js:7:7848
    at Ac (https://www.greencity.cx.ua/chunk-NUXSP4TM.js:7:2222)
    at S0.next (https://www.greencity.cx.ua/chunk-NUXSP4TM.js:7:7687), [2026-03-14T20:53:02.820Z] [SEVERE] https://www.greencity.cx.ua/chunk-NUXSP4TM.js 10:45939 "ERROR" TypeError: Cannot read properties of null (reading 'setValue')
    at n.quillContentChanged (https://www.greencity.cx.ua/chunk-VNNOUBDJ.js:1:16043)
    at https://www.greencity.cx.ua/chunk-VNNOUBDJ.js:1:7223
    at eE (https://www.greencity.cx.ua/chunk-NUXSP4TM.js:11:76097)
    at Object.o [as next] (https://www.greencity.cx.ua/chunk-NUXSP4TM.js:11:76277)
    at bv.next (https://www.greencity.cx.ua/chunk-NUXSP4TM.js:7:3120)
    at Fr._next (https://www.greencity.cx.ua/chunk-NUXSP4TM.js:7:2803)
    at Fr.next (https://www.greencity.cx.ua/chunk-NUXSP4TM.js:7:2530)
    at https://www.greencity.cx.ua/chunk-NUXSP4TM.js:7:7848
    at Ac (https://www.greencity.cx.ua/chunk-NUXSP4TM.js:7:2222)
    at S0.next (https://www.greencity.cx.ua/chunk-NUXSP4TM.js:7:7687), [2026-03-14T20:53:02.822Z] [SEVERE] https://www.greencity.cx.ua/chunk-NUXSP4TM.js 10:45939 "ERROR" TypeError: Cannot read properties of null (reading 'setValue')
    at n.quillContentChanged (https://www.greencity.cx.ua/chunk-VNNOUBDJ.js:1:16043)
    at https://www.greencity.cx.ua/chunk-VNNOUBDJ.js:1:7223
    at eE (https://www.greencity.cx.ua/chunk-NUXSP4TM.js:11:76097)
    at Object.o [as next] (https://www.greencity.cx.ua/chunk-NUXSP4TM.js:11:76277)
    at bv.next (https://www.greencity.cx.ua/chunk-NUXSP4TM.js:7:3120)
    at Fr._next (https://www.greencity.cx.ua/chunk-NUXSP4TM.js:7:2803)
    at Fr.next (https://www.greencity.cx.ua/chunk-NUXSP4TM.js:7:2530)
    at https://www.greencity.cx.ua/chunk-NUXSP4TM.js:7:7848
    at Ac (https://www.greencity.cx.ua/chunk-NUXSP4TM.js:7:2222)
    at S0.next (https://www.greencity.cx.ua/chunk-NUXSP4TM.js:7:7687), [2026-03-14T20:53:02.825Z] [SEVERE] https://www.greencity.cx.ua/chunk-NUXSP4TM.js 10:45939 "ERROR" TypeError: Cannot read properties of null (reading 'setValue')
    at n.quillContentChanged (https://www.greencity.cx.ua/chunk-VNNOUBDJ.js:1:16043)
    at https://www.greencity.cx.ua/chunk-VNNOUBDJ.js:1:7223
    at eE (https://www.greencity.cx.ua/chunk-NUXSP4TM.js:11:76097)
    at Object.o [as next] (https://www.greencity.cx.ua/chunk-NUXSP4TM.js:11:76277)
    at bv.next (https://www.greencity.cx.ua/chunk-NUXSP4TM.js:7:3120)
    at Fr._next (https://www.greencity.cx.ua/chunk-NUXSP4TM.js:7:2803)
    at Fr.next (https://www.greencity.cx.ua/chunk-NUXSP4TM.js:7:2530)
    at https://www.greencity.cx.ua/chunk-NUXSP4TM.js:7:7848
    at Ac (https://www.greencity.cx.ua/chunk-NUXSP4TM.js:7:2222)
    at S0.next (https://www.greencity.cx.ua/chunk-NUXSP4TM.js:7:7687), [2026-03-14T20:53:02.828Z] [SEVERE] https://www.greencity.cx.ua/chunk-NUXSP4TM.js 10:45939 "ERROR" TypeError: Cannot read properties of null (reading 'setValue')
    at n.quillContentChanged (https://www.greencity.cx.ua/chunk-VNNOUBDJ.js:1:16043)
    at https://www.greencity.cx.ua/chunk-VNNOUBDJ.js:1:7223
    at eE (https://www.greencity.cx.ua/chunk-NUXSP4TM.js:11:76097)
    at Object.o [as next] (https://www.greencity.cx.ua/chunk-NUXSP4TM.js:11:76277)
    at bv.next (https://www.greencity.cx.ua/chunk-NUXSP4TM.js:7:3120)
    at Fr._next (https://www.greencity.cx.ua/chunk-NUXSP4TM.js:7:2803)
    at Fr.next (https://www.greencity.cx.ua/chunk-NUXSP4TM.js:7:2530)
    at https://www.greencity.cx.ua/chunk-NUXSP4TM.js:7:7848
    at Ac (https://www.greencity.cx.ua/chunk-NUXSP4TM.js:7:2222)
    at S0.next (https://www.greencity.cx.ua/chunk-NUXSP4TM.js:7:7687), [2026-03-14T20:53:02.832Z] [SEVERE] https://www.greencity.cx.ua/chunk-NUXSP4TM.js 10:45939 "ERROR" TypeError: Cannot read properties of null (reading 'setValue')
    at n.quillContentChanged (https://www.greencity.cx.ua/chunk-VNNOUBDJ.js:1:16043)
    at https://www.greencity.cx.ua/chunk-VNNOUBDJ.js:1:7223
    at eE (https://www.greencity.cx.ua/chunk-NUXSP4TM.js:11:76097)
    at Object.o [as next] (https://www.greencity.cx.ua/chunk-NUXSP4TM.js:11:76277)
    at bv.next (https://www.greencity.cx.ua/chunk-NUXSP4TM.js:7:3120)
    at Fr._next (https://www.greencity.cx.ua/chunk-NUXSP4TM.js:7:2803)
    at Fr.next (https://www.greencity.cx.ua/chunk-NUXSP4TM.js:7:2530)
    at https://www.greencity.cx.ua/chunk-NUXSP4TM.js:7:7848
    at Ac (https://www.greencity.cx.ua/chunk-NUXSP4TM.js:7:2222)
    at S0.next (https://www.greencity.cx.ua/chunk-NUXSP4TM.js:7:7687), [2026-03-14T20:53:02.833Z] [SEVERE] https://www.greencity.cx.ua/chunk-NUXSP4TM.js 10:45939 "ERROR" TypeError: Cannot read properties of null (reading 'setValue')
    at n.quillContentChanged (https://www.greencity.cx.ua/chunk-VNNOUBDJ.js:1:16043)
    at https://www.greencity.cx.ua/chunk-VNNOUBDJ.js:1:7223
    at eE (https://www.greencity.cx.ua/chunk-NUXSP4TM.js:11:76097)
    at Object.o [as next] (https://www.greencity.cx.ua/chunk-NUXSP4TM.js:11:76277)
    at bv.next (https://www.greencity.cx.ua/chunk-NUXSP4TM.js:7:3120)
    at Fr._next (https://www.greencity.cx.ua/chunk-NUXSP4TM.js:7:2803)
    at Fr.next (https://www.greencity.cx.ua/chunk-NUXSP4TM.js:7:2530)
    at https://www.greencity.cx.ua/chunk-NUXSP4TM.js:7:7848
    at Ac (https://www.greencity.cx.ua/chunk-NUXSP4TM.js:7:2222)
    at S0.next (https://www.greencity.cx.ua/chunk-NUXSP4TM.js:7:7687), [2026-03-14T20:53:02.836Z] [SEVERE] https://www.greencity.cx.ua/chunk-NUXSP4TM.js 10:45939 "ERROR" TypeError: Cannot read properties of null (reading 'setValue')
    at n.quillContentChanged (https://www.greencity.cx.ua/chunk-VNNOUBDJ.js:1:16043)
    at https://www.greencity.cx.ua/chunk-VNNOUBDJ.js:1:7223
    at eE (https://www.greencity.cx.ua/chunk-NUXSP4TM.js:11:76097)
    at Object.o [as next] (https://www.greencity.cx.ua/chunk-NUXSP4TM.js:11:76277)
    at bv.next (https://www.greencity.cx.ua/chunk-NUXSP4TM.js:7:3120)
    at Fr._next (https://www.greencity.cx.ua/chunk-NUXSP4TM.js:7:2803)
    at Fr.next (https://www.greencity.cx.ua/chunk-NUXSP4TM.js:7:2530)
    at https://www.greencity.cx.ua/chunk-NUXSP4TM.js:7:7848
    at Ac (https://www.greencity.cx.ua/chunk-NUXSP4TM.js:7:2222)
    at S0.next (https://www.greencity.cx.ua/chunk-NUXSP4TM.js:7:7687), [2026-03-14T20:53:02.839Z] [SEVERE] https://www.greencity.cx.ua/chunk-NUXSP4TM.js 10:45939 "ERROR" TypeError: Cannot read properties of null (reading 'setValue')
    at n.quillContentChanged (https://www.greencity.cx.ua/chunk-VNNOUBDJ.js:1:16043)
    at https://www.greencity.cx.ua/chunk-VNNOUBDJ.js:1:7223
    at eE (https://www.greencity.cx.ua/chunk-NUXSP4TM.js:11:76097)
    at Object.o [as next] (https://www.greencity.cx.ua/chunk-NUXSP4TM.js:11:76277)
    at bv.next (https://www.greencity.cx.ua/chunk-NUXSP4TM.js:7:3120)
    at Fr._next (https://www.greencity.cx.ua/chunk-NUXSP4TM.js:7:2803)
    at Fr.next (https://www.greencity.cx.ua/chunk-NUXSP4TM.js:7:2530)
    at https://www.greencity.cx.ua/chunk-NUXSP4TM.js:7:7848
    at Ac (https://www.greencity.cx.ua/chunk-NUXSP4TM.js:7:2222)
    at S0.next (https://www.greencity.cx.ua/chunk-NUXSP4TM.js:7:7687), [2026-03-14T20:53:02.843Z] [SEVERE] https://www.greencity.cx.ua/chunk-NUXSP4TM.js 10:45939 "ERROR" TypeError: Cannot read properties of null (reading 'setValue')
    at n.quillContentChanged (https://www.greencity.cx.ua/chunk-VNNOUBDJ.js:1:16043)
    at https://www.greencity.cx.ua/chunk-VNNOUBDJ.js:1:7223
    at eE (https://www.greencity.cx.ua/chunk-NUXSP4TM.js:11:76097)
    at Object.o [as next] (https://www.greencity.cx.ua/chunk-NUXSP4TM.js:11:76277)
    at bv.next (https://www.greencity.cx.ua/chunk-NUXSP4TM.js:7:3120)
    at Fr._next (https://www.greencity.cx.ua/chunk-NUXSP4TM.js:7:2803)
    at Fr.next (https://www.greencity.cx.ua/chunk-NUXSP4TM.js:7:2530)
    at https://www.greencity.cx.ua/chunk-NUXSP4TM.js:7:7848
    at Ac (https://www.greencity.cx.ua/chunk-NUXSP4TM.js:7:2222)
    at S0.next (https://www.greencity.cx.ua/chunk-NUXSP4TM.js:7:7687), [2026-03-14T20:53:02.846Z] [SEVERE] https://www.greencity.cx.ua/chunk-NUXSP4TM.js 10:45939 "ERROR" TypeError: Cannot read properties of null (reading 'setValue')
    at n.quillContentChanged (https://www.greencity.cx.ua/chunk-VNNOUBDJ.js:1:16043)
    at https://www.greencity.cx.ua/chunk-VNNOUBDJ.js:1:7223
    at eE (https://www.greencity.cx.ua/chunk-NUXSP4TM.js:11:76097)
    at Object.o [as next] (https://www.greencity.cx.ua/chunk-NUXSP4TM.js:11:76277)
    at bv.next (https://www.greencity.cx.ua/chunk-NUXSP4TM.js:7:3120)
    at Fr._next (https://www.greencity.cx.ua/chunk-NUXSP4TM.js:7:2803)
    at Fr.next (https://www.greencity.cx.ua/chunk-NUXSP4TM.js:7:2530)
    at https://www.greencity.cx.ua/chunk-NUXSP4TM.js:7:7848
    at Ac (https://www.greencity.cx.ua/chunk-NUXSP4TM.js:7:2222)
    at S0.next (https://www.greencity.cx.ua/chunk-NUXSP4TM.js:7:7687), [2026-03-14T20:53:02.849Z] [SEVERE] https://www.greencity.cx.ua/chunk-NUXSP4TM.js 10:45939 "ERROR" TypeError: Cannot read properties of null (reading 'setValue')
    at n.quillContentChanged (https://www.greencity.cx.ua/chunk-VNNOUBDJ.js:1:16043)
    at https://www.greencity.cx.ua/chunk-VNNOUBDJ.js:1:7223
    at eE (https://www.greencity.cx.ua/chunk-NUXSP4TM.js:11:76097)
    at Object.o [as next] (https://www.greencity.cx.ua/chunk-NUXSP4TM.js:11:76277)
    at bv.next (https://www.greencity.cx.ua/chunk-NUXSP4TM.js:7:3120)
    at Fr._next (https://www.greencity.cx.ua/chunk-NUXSP4TM.js:7:2803)
    at Fr.next (https://www.greencity.cx.ua/chunk-NUXSP4TM.js:7:2530)
    at https://www.greencity.cx.ua/chunk-NUXSP4TM.js:7:7848
    at Ac (https://www.greencity.cx.ua/chunk-NUXSP4TM.js:7:2222)
    at S0.next (https://www.greencity.cx.ua/chunk-NUXSP4TM.js:7:7687), [2026-03-14T20:53:02.853Z] [SEVERE] https://www.greencity.cx.ua/chunk-NUXSP4TM.js 10:45939 "ERROR" TypeError: Cannot read properties of null (reading 'setValue')
    at n.quillContentChanged (https://www.greencity.cx.ua/chunk-VNNOUBDJ.js:1:16043)
    at https://www.greencity.cx.ua/chunk-VNNOUBDJ.js:1:7223
    at eE (https://www.greencity.cx.ua/chunk-NUXSP4TM.js:11:76097)
    at Object.o [as next] (https://www.greencity.cx.ua/chunk-NUXSP4TM.js:11:76277)
    at bv.next (https://www.greencity.cx.ua/chunk-NUXSP4TM.js:7:3120)
    at Fr._next (https://www.greencity.cx.ua/chunk-NUXSP4TM.js:7:2803)
    at Fr.next (https://www.greencity.cx.ua/chunk-NUXSP4TM.js:7:2530)
    at https://www.greencity.cx.ua/chunk-NUXSP4TM.js:7:7848
    at Ac (https://www.greencity.cx.ua/chunk-NUXSP4TM.js:7:2222)
    at S0.next (https://www.greencity.cx.ua/chunk-NUXSP4TM.js:7:7687), [2026-03-14T20:53:02.856Z] [SEVERE] https://www.greencity.cx.ua/chunk-NUXSP4TM.js 10:45939 "ERROR" TypeError: Cannot read properties of null (reading 'setValue')
    at n.quillContentChanged (https://www.greencity.cx.ua/chunk-VNNOUBDJ.js:1:16043)
    at https://www.greencity.cx.ua/chunk-VNNOUBDJ.js:1:7223
    at eE (https://www.greencity.cx.ua/chunk-NUXSP4TM.js:11:76097)
    at Object.o [as next] (https://www.greencity.cx.ua/chunk-NUXSP4TM.js:11:76277)
    at bv.next (https://www.greencity.cx.ua/chunk-NUXSP4TM.js:7:3120)
    at Fr._next (https://www.greencity.cx.ua/chunk-NUXSP4TM.js:7:2803)
    at Fr.next (https://www.greencity.cx.ua/chunk-NUXSP4TM.js:7:2530)
    at https://www.greencity.cx.ua/chunk-NUXSP4TM.js:7:7848
    at Ac (https://www.greencity.cx.ua/chunk-NUXSP4TM.js:7:2222)
    at S0.next (https://www.greencity.cx.ua/chunk-NUXSP4TM.js:7:7687), [2026-03-14T20:53:02.858Z] [SEVERE] https://www.greencity.cx.ua/chunk-NUXSP4TM.js 10:45939 "ERROR" TypeError: Cannot read properties of null (reading 'setValue')
    at n.quillContentChanged (https://www.greencity.cx.ua/chunk-VNNOUBDJ.js:1:16043)
    at https://www.greencity.cx.ua/chunk-VNNOUBDJ.js:1:7223
    at eE (https://www.greencity.cx.ua/chunk-NUXSP4TM.js:11:76097)
    at Object.o [as next] (https://www.greencity.cx.ua/chunk-NUXSP4TM.js:11:76277)
    at bv.next (https://www.greencity.cx.ua/chunk-NUXSP4TM.js:7:3120)
    at Fr._next (https://www.greencity.cx.ua/chunk-NUXSP4TM.js:7:2803)
    at Fr.next (https://www.greencity.cx.ua/chunk-NUXSP4TM.js:7:2530)
    at https://www.greencity.cx.ua/chunk-NUXSP4TM.js:7:7848
    at Ac (https://www.greencity.cx.ua/chunk-NUXSP4TM.js:7:2222)
    at S0.next (https://www.greencity.cx.ua/chunk-NUXSP4TM.js:7:7687), [2026-03-14T20:53:02.958Z] [SEVERE] https://www.greencity.cx.ua/chunk-NUXSP4TM.js 10:45939 "ERROR" TypeError: Cannot read properties of null (reading 'setValue')
    at n.quillContentChanged (https://www.greencity.cx.ua/chunk-VNNOUBDJ.js:1:16043)
    at https://www.greencity.cx.ua/chunk-VNNOUBDJ.js:1:7223
    at eE (https://www.greencity.cx.ua/chunk-NUXSP4TM.js:11:76097)
    at Object.o [as next] (https://www.greencity.cx.ua/chunk-NUXSP4TM.js:11:76277)
    at bv.next (https://www.greencity.cx.ua/chunk-NUXSP4TM.js:7:3120)
    at Fr._next (https://www.greencity.cx.ua/chunk-NUXSP4TM.js:7:2803)
    at Fr.next (https://www.greencity.cx.ua/chunk-NUXSP4TM.js:7:2530)
    at https://www.greencity.cx.ua/chunk-NUXSP4TM.js:7:7848
    at Ac (https://www.greencity.cx.ua/chunk-NUXSP4TM.js:7:2222)
    at S0.next (https://www.greencity.cx.ua/chunk-NUXSP4TM.js:7:7687), [2026-03-14T20:53:03.343Z] [SEVERE] https://www.greencity.cx.ua/chunk-NUXSP4TM.js 10:45939 "ERROR" TypeError: Cannot read properties of null (reading 'setValue')
    at n.quillContentChanged (https://www.greencity.cx.ua/chunk-VNNOUBDJ.js:1:16043)
    at https://www.greencity.cx.ua/chunk-VNNOUBDJ.js:1:7223
    at eE (https://www.greencity.cx.ua/chunk-NUXSP4TM.js:11:76097)
    at Object.o [as next] (https://www.greencity.cx.ua/chunk-NUXSP4TM.js:11:76277)
    at bv.next (https://www.greencity.cx.ua/chunk-NUXSP4TM.js:7:3120)
    at Fr._next (https://www.greencity.cx.ua/chunk-NUXSP4TM.js:7:2803)
    at Fr.next (https://www.greencity.cx.ua/chunk-NUXSP4TM.js:7:2530)
    at https://www.greencity.cx.ua/chunk-NUXSP4TM.js:7:7848
    at Ac (https://www.greencity.cx.ua/chunk-NUXSP4TM.js:7:2222)
    at S0.next (https://www.greencity.cx.ua/chunk-NUXSP4TM.js:7:7687), [2026-03-14T20:53:03.343Z] [SEVERE] https://www.greencity.cx.ua/chunk-NUXSP4TM.js 10:45939 "ERROR" TypeError: Cannot read properties of null (reading 'setValue')
    at n.quillContentChanged (https://www.greencity.cx.ua/chunk-VNNOUBDJ.js:1:16043)
    at https://www.greencity.cx.ua/chunk-VNNOUBDJ.js:1:7223
    at eE (https://www.greencity.cx.ua/chunk-NUXSP4TM.js:11:76097)
    at Object.o [as next] (https://www.greencity.cx.ua/chunk-NUXSP4TM.js:11:76277)
    at bv.next (https://www.greencity.cx.ua/chunk-NUXSP4TM.js:7:3120)
    at Fr._next (https://www.greencity.cx.ua/chunk-NUXSP4TM.js:7:2803)
    at Fr.next (https://www.greencity.cx.ua/chunk-NUXSP4TM.js:7:2530)
    at https://www.greencity.cx.ua/chunk-NUXSP4TM.js:7:7848
    at Ac (https://www.greencity.cx.ua/chunk-NUXSP4TM.js:7:2222)
    at S0.next (https://www.greencity.cx.ua/chunk-NUXSP4TM.js:7:7687), [2026-03-14T20:53:03.343Z] [SEVERE] https://www.greencity.cx.ua/chunk-NUXSP4TM.js 10:45939 "ERROR" TypeError: Cannot read properties of null (reading 'setValue')
    at n.quillContentChanged (https://www.greencity.cx.ua/chunk-VNNOUBDJ.js:1:16043)
    at https://www.greencity.cx.ua/chunk-VNNOUBDJ.js:1:7223
    at eE (https://www.greencity.cx.ua/chunk-NUXSP4TM.js:11:76097)
    at Object.o [as next] (https://www.greencity.cx.ua/chunk-NUXSP4TM.js:11:76277)
    at bv.next (https://www.greencity.cx.ua/chunk-NUXSP4TM.js:7:3120)
    at Fr._next (https://www.greencity.cx.ua/chunk-NUXSP4TM.js:7:2803)
    at Fr.next (https://www.greencity.cx.ua/chunk-NUXSP4TM.js:7:2530)
    at https://www.greencity.cx.ua/chunk-NUXSP4TM.js:7:7848
    at Ac (https://www.greencity.cx.ua/chunk-NUXSP4TM.js:7:2222)
    at S0.next (https://www.greencity.cx.ua/chunk-NUXSP4TM.js:7:7687), [2026-03-14T20:53:03.343Z] [SEVERE] https://www.greencity.cx.ua/chunk-NUXSP4TM.js 10:45939 "ERROR" TypeError: Cannot read properties of null (reading 'setValue')
    at n.quillContentChanged (https://www.greencity.cx.ua/chunk-VNNOUBDJ.js:1:16043)
    at https://www.greencity.cx.ua/chunk-VNNOUBDJ.js:1:7223
    at eE (https://www.greencity.cx.ua/chunk-NUXSP4TM.js:11:76097)
    at Object.o [as next] (https://www.greencity.cx.ua/chunk-NUXSP4TM.js:11:76277)
    at bv.next (https://www.greencity.cx.ua/chunk-NUXSP4TM.js:7:3120)
    at Fr._next (https://www.greencity.cx.ua/chunk-NUXSP4TM.js:7:2803)
    at Fr.next (https://www.greencity.cx.ua/chunk-NUXSP4TM.js:7:2530)
    at https://www.greencity.cx.ua/chunk-NUXSP4TM.js:7:7848
    at Ac (https://www.greencity.cx.ua/chunk-NUXSP4TM.js:7:2222)
    at S0.next (https://www.greencity.cx.ua/chunk-NUXSP4TM.js:7:7687), [2026-03-14T20:53:03.343Z] [SEVERE] https://www.greencity.cx.ua/chunk-NUXSP4TM.js 10:45939 "ERROR" TypeError: Cannot read properties of null (reading 'setValue')
    at n.quillContentChanged (https://www.greencity.cx.ua/chunk-VNNOUBDJ.js:1:16043)
    at https://www.greencity.cx.ua/chunk-VNNOUBDJ.js:1:7223
    at eE (https://www.greencity.cx.ua/chunk-NUXSP4TM.js:11:76097)
    at Object.o [as next] (https://www.greencity.cx.ua/chunk-NUXSP4TM.js:11:76277)
    at bv.next (https://www.greencity.cx.ua/chunk-NUXSP4TM.js:7:3120)
    at Fr._next (https://www.greencity.cx.ua/chunk-NUXSP4TM.js:7:2803)
    at Fr.next (https://www.greencity.cx.ua/chunk-NUXSP4TM.js:7:2530)
    at https://www.greencity.cx.ua/chunk-NUXSP4TM.js:7:7848
    at Ac (https://www.greencity.cx.ua/chunk-NUXSP4TM.js:7:2222)
    at S0.next (https://www.greencity.cx.ua/chunk-NUXSP4TM.js:7:7687), [2026-03-14T20:53:03.343Z] [SEVERE] https://www.greencity.cx.ua/chunk-NUXSP4TM.js 10:45939 "ERROR" TypeError: Cannot read properties of null (reading 'setValue')
    at n.quillContentChanged (https://www.greencity.cx.ua/chunk-VNNOUBDJ.js:1:16043)
    at https://www.greencity.cx.ua/chunk-VNNOUBDJ.js:1:7223
    at eE (https://www.greencity.cx.ua/chunk-NUXSP4TM.js:11:76097)
    at Object.o [as next] (https://www.greencity.cx.ua/chunk-NUXSP4TM.js:11:76277)
    at bv.next (https://www.greencity.cx.ua/chunk-NUXSP4TM.js:7:3120)
    at Fr._next (https://www.greencity.cx.ua/chunk-NUXSP4TM.js:7:2803)
    at Fr.next (https://www.greencity.cx.ua/chunk-NUXSP4TM.js:7:2530)
    at https://www.greencity.cx.ua/chunk-NUXSP4TM.js:7:7848
    at Ac (https://www.greencity.cx.ua/chunk-NUXSP4TM.js:7:2222)
    at S0.next (https://www.greencity.cx.ua/chunk-NUXSP4TM.js:7:7687), [2026-03-14T20:53:03.344Z] [SEVERE] https://www.greencity.cx.ua/chunk-NUXSP4TM.js 10:45939 "ERROR" TypeError: Cannot read properties of null (reading 'setValue')
    at n.quillContentChanged (https://www.greencity.cx.ua/chunk-VNNOUBDJ.js:1:16043)
    at https://www.greencity.cx.ua/chunk-VNNOUBDJ.js:1:7223
    at eE (https://www.greencity.cx.ua/chunk-NUXSP4TM.js:11:76097)
    at Object.o [as next] (https://www.greencity.cx.ua/chunk-NUXSP4TM.js:11:76277)
    at bv.next (https://www.greencity.cx.ua/chunk-NUXSP4TM.js:7:3120)
    at Fr._next (https://www.greencity.cx.ua/chunk-NUXSP4TM.js:7:2803)
    at Fr.next (https://www.greencity.cx.ua/chunk-NUXSP4TM.js:7:2530)
    at https://www.greencity.cx.ua/chunk-NUXSP4TM.js:7:7848
    at Ac (https://www.greencity.cx.ua/chunk-NUXSP4TM.js:7:2222)
    at S0.next (https://www.greencity.cx.ua/chunk-NUXSP4TM.js:7:7687), [2026-03-14T20:53:03.347Z] [SEVERE] https://www.greencity.cx.ua/chunk-NUXSP4TM.js 10:45939 "ERROR" TypeError: Cannot read properties of null (reading 'setValue')
    at n.quillContentChanged (https://www.greencity.cx.ua/chunk-VNNOUBDJ.js:1:16043)
    at https://www.greencity.cx.ua/chunk-VNNOUBDJ.js:1:7223
    at eE (https://www.greencity.cx.ua/chunk-NUXSP4TM.js:11:76097)
    at Object.o [as next] (https://www.greencity.cx.ua/chunk-NUXSP4TM.js:11:76277)
    at bv.next (https://www.greencity.cx.ua/chunk-NUXSP4TM.js:7:3120)
    at Fr._next (https://www.greencity.cx.ua/chunk-NUXSP4TM.js:7:2803)
    at Fr.next (https://www.greencity.cx.ua/chunk-NUXSP4TM.js:7:2530)
    at https://www.greencity.cx.ua/chunk-NUXSP4TM.js:7:7848
    at Ac (https://www.greencity.cx.ua/chunk-NUXSP4TM.js:7:2222)
    at S0.next (https://www.greencity.cx.ua/chunk-NUXSP4TM.js:7:7687), [2026-03-14T20:53:03.349Z] [SEVERE] https://www.greencity.cx.ua/chunk-NUXSP4TM.js 10:45939 "ERROR" TypeError: Cannot read properties of null (reading 'setValue')
    at n.quillContentChanged (https://www.greencity.cx.ua/chunk-VNNOUBDJ.js:1:16043)
    at https://www.greencity.cx.ua/chunk-VNNOUBDJ.js:1:7223
    at eE (https://www.greencity.cx.ua/chunk-NUXSP4TM.js:11:76097)
    at Object.o [as next] (https://www.greencity.cx.ua/chunk-NUXSP4TM.js:11:76277)
    at bv.next (https://www.greencity.cx.ua/chunk-NUXSP4TM.js:7:3120)
    at Fr._next (https://www.greencity.cx.ua/chunk-NUXSP4TM.js:7:2803)
    at Fr.next (https://www.greencity.cx.ua/chunk-NUXSP4TM.js:7:2530)
    at https://www.greencity.cx.ua/chunk-NUXSP4TM.js:7:7848
    at Ac (https://www.greencity.cx.ua/chunk-NUXSP4TM.js:7:2222)
    at S0.next (https://www.greencity.cx.ua/chunk-NUXSP4TM.js:7:7687), [2026-03-14T20:53:03.351Z] [SEVERE] https://www.greencity.cx.ua/chunk-NUXSP4TM.js 10:45939 "ERROR" TypeError: Cannot read properties of null (reading 'setValue')
    at n.quillContentChanged (https://www.greencity.cx.ua/chunk-VNNOUBDJ.js:1:16043)
    at https://www.greencity.cx.ua/chunk-VNNOUBDJ.js:1:7223
    at eE (https://www.greencity.cx.ua/chunk-NUXSP4TM.js:11:76097)
    at Object.o [as next] (https://www.greencity.cx.ua/chunk-NUXSP4TM.js:11:76277)
    at bv.next (https://www.greencity.cx.ua/chunk-NUXSP4TM.js:7:3120)
    at Fr._next (https://www.greencity.cx.ua/chunk-NUXSP4TM.js:7:2803)
    at Fr.next (https://www.greencity.cx.ua/chunk-NUXSP4TM.js:7:2530)
    at https://www.greencity.cx.ua/chunk-NUXSP4TM.js:7:7848
    at Ac (https://www.greencity.cx.ua/chunk-NUXSP4TM.js:7:2222)
    at S0.next (https://www.greencity.cx.ua/chunk-NUXSP4TM.js:7:7687), [2026-03-14T20:53:03.355Z] [SEVERE] https://www.greencity.cx.ua/chunk-NUXSP4TM.js 10:45939 "ERROR" TypeError: Cannot read properties of null (reading 'setValue')
    at n.quillContentChanged (https://www.greencity.cx.ua/chunk-VNNOUBDJ.js:1:16043)
    at https://www.greencity.cx.ua/chunk-VNNOUBDJ.js:1:7223
    at eE (https://www.greencity.cx.ua/chunk-NUXSP4TM.js:11:76097)
    at Object.o [as next] (https://www.greencity.cx.ua/chunk-NUXSP4TM.js:11:76277)
    at bv.next (https://www.greencity.cx.ua/chunk-NUXSP4TM.js:7:3120)
    at Fr._next (https://www.greencity.cx.ua/chunk-NUXSP4TM.js:7:2803)
    at Fr.next (https://www.greencity.cx.ua/chunk-NUXSP4TM.js:7:2530)
    at https://www.greencity.cx.ua/chunk-NUXSP4TM.js:7:7848
    at Ac (https://www.greencity.cx.ua/chunk-NUXSP4TM.js:7:2222)
    at S0.next (https://www.greencity.cx.ua/chunk-NUXSP4TM.js:7:7687), [2026-03-14T20:53:03.356Z] [SEVERE] https://www.greencity.cx.ua/chunk-NUXSP4TM.js 10:45939 "ERROR" TypeError: Cannot read properties of null (reading 'setValue')
    at n.quillContentChanged (https://www.greencity.cx.ua/chunk-VNNOUBDJ.js:1:16043)
    at https://www.greencity.cx.ua/chunk-VNNOUBDJ.js:1:7223
    at eE (https://www.greencity.cx.ua/chunk-NUXSP4TM.js:11:76097)
    at Object.o [as next] (https://www.greencity.cx.ua/chunk-NUXSP4TM.js:11:76277)
    at bv.next (https://www.greencity.cx.ua/chunk-NUXSP4TM.js:7:3120)
    at Fr._next (https://www.greencity.cx.ua/chunk-NUXSP4TM.js:7:2803)
    at Fr.next (https://www.greencity.cx.ua/chunk-NUXSP4TM.js:7:2530)
    at https://www.greencity.cx.ua/chunk-NUXSP4TM.js:7:7848
    at Ac (https://www.greencity.cx.ua/chunk-NUXSP4TM.js:7:2222)
    at S0.next (https://www.greencity.cx.ua/chunk-NUXSP4TM.js:7:7687), [2026-03-14T20:53:03.360Z] [SEVERE] https://www.greencity.cx.ua/chunk-NUXSP4TM.js 10:45939 "ERROR" TypeError: Cannot read properties of null (reading 'setValue')
    at n.quillContentChanged (https://www.greencity.cx.ua/chunk-VNNOUBDJ.js:1:16043)
    at https://www.greencity.cx.ua/chunk-VNNOUBDJ.js:1:7223
    at eE (https://www.greencity.cx.ua/chunk-NUXSP4TM.js:11:76097)
    at Object.o [as next] (https://www.greencity.cx.ua/chunk-NUXSP4TM.js:11:76277)
    at bv.next (https://www.greencity.cx.ua/chunk-NUXSP4TM.js:7:3120)
    at Fr._next (https://www.greencity.cx.ua/chunk-NUXSP4TM.js:7:2803)
    at Fr.next (https://www.greencity.cx.ua/chunk-NUXSP4TM.js:7:2530)
    at https://www.greencity.cx.ua/chunk-NUXSP4TM.js:7:7848
    at Ac (https://www.greencity.cx.ua/chunk-NUXSP4TM.js:7:2222)
    at S0.next (https://www.greencity.cx.ua/chunk-NUXSP4TM.js:7:7687), [2026-03-14T20:53:03.361Z] [SEVERE] https://www.greencity.cx.ua/chunk-NUXSP4TM.js 10:45939 "ERROR" TypeError: Cannot read properties of null (reading 'setValue')
    at n.quillContentChanged (https://www.greencity.cx.ua/chunk-VNNOUBDJ.js:1:16043)
    at https://www.greencity.cx.ua/chunk-VNNOUBDJ.js:1:7223
    at eE (https://www.greencity.cx.ua/chunk-NUXSP4TM.js:11:76097)
    at Object.o [as next] (https://www.greencity.cx.ua/chunk-NUXSP4TM.js:11:76277)
    at bv.next (https://www.greencity.cx.ua/chunk-NUXSP4TM.js:7:3120)
    at Fr._next (https://www.greencity.cx.ua/chunk-NUXSP4TM.js:7:2803)
    at Fr.next (https://www.greencity.cx.ua/chunk-NUXSP4TM.js:7:2530)
    at https://www.greencity.cx.ua/chunk-NUXSP4TM.js:7:7848
    at Ac (https://www.greencity.cx.ua/chunk-NUXSP4TM.js:7:2222)
    at S0.next (https://www.greencity.cx.ua/chunk-NUXSP4TM.js:7:7687), [2026-03-14T20:53:03.364Z] [SEVERE] https://www.greencity.cx.ua/chunk-NUXSP4TM.js 10:45939 "ERROR" TypeError: Cannot read properties of null (reading 'setValue')
    at n.quillContentChanged (https://www.greencity.cx.ua/chunk-VNNOUBDJ.js:1:16043)
    at https://www.greencity.cx.ua/chunk-VNNOUBDJ.js:1:7223
    at eE (https://www.greencity.cx.ua/chunk-NUXSP4TM.js:11:76097)
    at Object.o [as next] (https://www.greencity.cx.ua/chunk-NUXSP4TM.js:11:76277)
    at bv.next (https://www.greencity.cx.ua/chunk-NUXSP4TM.js:7:3120)
    at Fr._next (https://www.greencity.cx.ua/chunk-NUXSP4TM.js:7:2803)
    at Fr.next (https://www.greencity.cx.ua/chunk-NUXSP4TM.js:7:2530)
    at https://www.greencity.cx.ua/chunk-NUXSP4TM.js:7:7848
    at Ac (https://www.greencity.cx.ua/chunk-NUXSP4TM.js:7:2222)
    at S0.next (https://www.greencity.cx.ua/chunk-NUXSP4TM.js:7:7687), [2026-03-14T20:53:03.366Z] [SEVERE] https://www.greencity.cx.ua/chunk-NUXSP4TM.js 10:45939 "ERROR" TypeError: Cannot read properties of null (reading 'setValue')
    at n.quillContentChanged (https://www.greencity.cx.ua/chunk-VNNOUBDJ.js:1:16043)
    at https://www.greencity.cx.ua/chunk-VNNOUBDJ.js:1:7223
    at eE (https://www.greencity.cx.ua/chunk-NUXSP4TM.js:11:76097)
    at Object.o [as next] (https://www.greencity.cx.ua/chunk-NUXSP4TM.js:11:76277)
    at bv.next (https://www.greencity.cx.ua/chunk-NUXSP4TM.js:7:3120)
    at Fr._next (https://www.greencity.cx.ua/chunk-NUXSP4TM.js:7:2803)
    at Fr.next (https://www.greencity.cx.ua/chunk-NUXSP4TM.js:7:2530)
    at https://www.greencity.cx.ua/chunk-NUXSP4TM.js:7:7848
    at Ac (https://www.greencity.cx.ua/chunk-NUXSP4TM.js:7:2222)
    at S0.next (https://www.greencity.cx.ua/chunk-NUXSP4TM.js:7:7687), [2026-03-14T20:53:03.368Z] [SEVERE] https://www.greencity.cx.ua/chunk-NUXSP4TM.js 10:45939 "ERROR" TypeError: Cannot read properties of null (reading 'setValue')
    at n.quillContentChanged (https://www.greencity.cx.ua/chunk-VNNOUBDJ.js:1:16043)
    at https://www.greencity.cx.ua/chunk-VNNOUBDJ.js:1:7223
    at eE (https://www.greencity.cx.ua/chunk-NUXSP4TM.js:11:76097)
    at Object.o [as next] (https://www.greencity.cx.ua/chunk-NUXSP4TM.js:11:76277)
    at bv.next (https://www.greencity.cx.ua/chunk-NUXSP4TM.js:7:3120)
    at Fr._next (https://www.greencity.cx.ua/chunk-NUXSP4TM.js:7:2803)
    at Fr.next (https://www.greencity.cx.ua/chunk-NUXSP4TM.js:7:2530)
    at https://www.greencity.cx.ua/chunk-NUXSP4TM.js:7:7848
    at Ac (https://www.greencity.cx.ua/chunk-NUXSP4TM.js:7:2222)
    at S0.next (https://www.greencity.cx.ua/chunk-NUXSP4TM.js:7:7687), [2026-03-14T20:53:03.370Z] [SEVERE] https://www.greencity.cx.ua/chunk-NUXSP4TM.js 10:45939 "ERROR" TypeError: Cannot read properties of null (reading 'setValue')
    at n.quillContentChanged (https://www.greencity.cx.ua/chunk-VNNOUBDJ.js:1:16043)
    at https://www.greencity.cx.ua/chunk-VNNOUBDJ.js:1:7223
    at eE (https://www.greencity.cx.ua/chunk-NUXSP4TM.js:11:76097)
    at Object.o [as next] (https://www.greencity.cx.ua/chunk-NUXSP4TM.js:11:76277)
    at bv.next (https://www.greencity.cx.ua/chunk-NUXSP4TM.js:7:3120)
    at Fr._next (https://www.greencity.cx.ua/chunk-NUXSP4TM.js:7:2803)
    at Fr.next (https://www.greencity.cx.ua/chunk-NUXSP4TM.js:7:2530)
    at https://www.greencity.cx.ua/chunk-NUXSP4TM.js:7:7848
    at Ac (https://www.greencity.cx.ua/chunk-NUXSP4TM.js:7:2222)
    at S0.next (https://www.greencity.cx.ua/chunk-NUXSP4TM.js:7:7687), [2026-03-14T20:53:03.373Z] [SEVERE] https://www.greencity.cx.ua/chunk-NUXSP4TM.js 10:45939 "ERROR" TypeError: Cannot read properties of null (reading 'setValue')
    at n.quillContentChanged (https://www.greencity.cx.ua/chunk-VNNOUBDJ.js:1:16043)
    at https://www.greencity.cx.ua/chunk-VNNOUBDJ.js:1:7223
    at eE (https://www.greencity.cx.ua/chunk-NUXSP4TM.js:11:76097)
    at Object.o [as next] (https://www.greencity.cx.ua/chunk-NUXSP4TM.js:11:76277)
    at bv.next (https://www.greencity.cx.ua/chunk-NUXSP4TM.js:7:3120)
    at Fr._next (https://www.greencity.cx.ua/chunk-NUXSP4TM.js:7:2803)
    at Fr.next (https://www.greencity.cx.ua/chunk-NUXSP4TM.js:7:2530)
    at https://www.greencity.cx.ua/chunk-NUXSP4TM.js:7:7848
    at Ac (https://www.greencity.cx.ua/chunk-NUXSP4TM.js:7:2222)
    at S0.next (https://www.greencity.cx.ua/chunk-NUXSP4TM.js:7:7687), [2026-03-14T20:53:03.375Z] [SEVERE] https://www.greencity.cx.ua/chunk-NUXSP4TM.js 10:45939 "ERROR" TypeError: Cannot read properties of null (reading 'setValue')
    at n.quillContentChanged (https://www.greencity.cx.ua/chunk-VNNOUBDJ.js:1:16043)
    at https://www.greencity.cx.ua/chunk-VNNOUBDJ.js:1:7223
    at eE (https://www.greencity.cx.ua/chunk-NUXSP4TM.js:11:76097)
    at Object.o [as next] (https://www.greencity.cx.ua/chunk-NUXSP4TM.js:11:76277)
    at bv.next (https://www.greencity.cx.ua/chunk-NUXSP4TM.js:7:3120)
    at Fr._next (https://www.greencity.cx.ua/chunk-NUXSP4TM.js:7:2803)
    at Fr.next (https://www.greencity.cx.ua/chunk-NUXSP4TM.js:7:2530)
    at https://www.greencity.cx.ua/chunk-NUXSP4TM.js:7:7848
    at Ac (https://www.greencity.cx.ua/chunk-NUXSP4TM.js:7:2222)
    at S0.next (https://www.greencity.cx.ua/chunk-NUXSP4TM.js:7:7687), [2026-03-14T20:53:03.377Z] [SEVERE] https://www.greencity.cx.ua/chunk-NUXSP4TM.js 10:45939 "ERROR" TypeError: Cannot read properties of null (reading 'setValue')
    at n.quillContentChanged (https://www.greencity.cx.ua/chunk-VNNOUBDJ.js:1:16043)
    at https://www.greencity.cx.ua/chunk-VNNOUBDJ.js:1:7223
    at eE (https://www.greencity.cx.ua/chunk-NUXSP4TM.js:11:76097)
    at Object.o [as next] (https://www.greencity.cx.ua/chunk-NUXSP4TM.js:11:76277)
    at bv.next (https://www.greencity.cx.ua/chunk-NUXSP4TM.js:7:3120)
    at Fr._next (https://www.greencity.cx.ua/chunk-NUXSP4TM.js:7:2803)
    at Fr.next (https://www.greencity.cx.ua/chunk-NUXSP4TM.js:7:2530)
    at https://www.greencity.cx.ua/chunk-NUXSP4TM.js:7:7848
    at Ac (https://www.greencity.cx.ua/chunk-NUXSP4TM.js:7:2222)
    at S0.next (https://www.greencity.cx.ua/chunk-NUXSP4TM.js:7:7687), [2026-03-14T20:53:03.383Z] [SEVERE] https://www.greencity.cx.ua/chunk-NUXSP4TM.js 10:45939 "ERROR" TypeError: Cannot read properties of null (reading 'setValue')
    at n.quillContentChanged (https://www.greencity.cx.ua/chunk-VNNOUBDJ.js:1:16043)
    at https://www.greencity.cx.ua/chunk-VNNOUBDJ.js:1:7223
    at eE (https://www.greencity.cx.ua/chunk-NUXSP4TM.js:11:76097)
    at Object.o [as next] (https://www.greencity.cx.ua/chunk-NUXSP4TM.js:11:76277)
    at bv.next (https://www.greencity.cx.ua/chunk-NUXSP4TM.js:7:3120)
    at Fr._next (https://www.greencity.cx.ua/chunk-NUXSP4TM.js:7:2803)
    at Fr.next (https://www.greencity.cx.ua/chunk-NUXSP4TM.js:7:2530)
    at https://www.greencity.cx.ua/chunk-NUXSP4TM.js:7:7848
    at Ac (https://www.greencity.cx.ua/chunk-NUXSP4TM.js:7:2222)
    at S0.next (https://www.greencity.cx.ua/chunk-NUXSP4TM.js:7:7687), [2026-03-14T20:53:03.386Z] [SEVERE] https://www.greencity.cx.ua/chunk-NUXSP4TM.js 10:45939 "ERROR" TypeError: Cannot read properties of null (reading 'setValue')
    at n.quillContentChanged (https://www.greencity.cx.ua/chunk-VNNOUBDJ.js:1:16043)
    at https://www.greencity.cx.ua/chunk-VNNOUBDJ.js:1:7223
    at eE (https://www.greencity.cx.ua/chunk-NUXSP4TM.js:11:76097)
    at Object.o [as next] (https://www.greencity.cx.ua/chunk-NUXSP4TM.js:11:76277)
    at bv.next (https://www.greencity.cx.ua/chunk-NUXSP4TM.js:7:3120)
    at Fr._next (https://www.greencity.cx.ua/chunk-NUXSP4TM.js:7:2803)
    at Fr.next (https://www.greencity.cx.ua/chunk-NUXSP4TM.js:7:2530)
    at https://www.greencity.cx.ua/chunk-NUXSP4TM.js:7:7848
    at Ac (https://www.greencity.cx.ua/chunk-NUXSP4TM.js:7:2222)
    at S0.next (https://www.greencity.cx.ua/chunk-NUXSP4TM.js:7:7687), [2026-03-14T20:53:03.391Z] [SEVERE] https://www.greencity.cx.ua/chunk-NUXSP4TM.js 10:45939 "ERROR" TypeError: Cannot read properties of null (reading 'setValue')
    at n.quillContentChanged (https://www.greencity.cx.ua/chunk-VNNOUBDJ.js:1:16043)
    at https://www.greencity.cx.ua/chunk-VNNOUBDJ.js:1:7223
    at eE (https://www.greencity.cx.ua/chunk-NUXSP4TM.js:11:76097)
    at Object.o [as next] (https://www.greencity.cx.ua/chunk-NUXSP4TM.js:11:76277)
    at bv.next (https://www.greencity.cx.ua/chunk-NUXSP4TM.js:7:3120)
    at Fr._next (https://www.greencity.cx.ua/chunk-NUXSP4TM.js:7:2803)
    at Fr.next (https://www.greencity.cx.ua/chunk-NUXSP4TM.js:7:2530)
    at https://www.greencity.cx.ua/chunk-NUXSP4TM.js:7:7848
    at Ac (https://www.greencity.cx.ua/chunk-NUXSP4TM.js:7:2222)
    at S0.next (https://www.greencity.cx.ua/chunk-NUXSP4TM.js:7:7687), [2026-03-14T20:53:03.391Z] [SEVERE] https://www.greencity.cx.ua/chunk-NUXSP4TM.js 10:45939 "ERROR" TypeError: Cannot read properties of null (reading 'setValue')
    at n.quillContentChanged (https://www.greencity.cx.ua/chunk-VNNOUBDJ.js:1:16043)
    at https://www.greencity.cx.ua/chunk-VNNOUBDJ.js:1:7223
    at eE (https://www.greencity.cx.ua/chunk-NUXSP4TM.js:11:76097)
    at Object.o [as next] (https://www.greencity.cx.ua/chunk-NUXSP4TM.js:11:76277)
    at bv.next (https://www.greencity.cx.ua/chunk-NUXSP4TM.js:7:3120)
    at Fr._next (https://www.greencity.cx.ua/chunk-NUXSP4TM.js:7:2803)
    at Fr.next (https://www.greencity.cx.ua/chunk-NUXSP4TM.js:7:2530)
    at https://www.greencity.cx.ua/chunk-NUXSP4TM.js:7:7848
    at Ac (https://www.greencity.cx.ua/chunk-NUXSP4TM.js:7:2222)
    at S0.next (https://www.greencity.cx.ua/chunk-NUXSP4TM.js:7:7687), [2026-03-14T20:53:03.394Z] [SEVERE] https://www.greencity.cx.ua/chunk-NUXSP4TM.js 10:45939 "ERROR" TypeError: Cannot read properties of null (reading 'setValue')
    at n.quillContentChanged (https://www.greencity.cx.ua/chunk-VNNOUBDJ.js:1:16043)
    at https://www.greencity.cx.ua/chunk-VNNOUBDJ.js:1:7223
    at eE (https://www.greencity.cx.ua/chunk-NUXSP4TM.js:11:76097)
    at Object.o [as next] (https://www.greencity.cx.ua/chunk-NUXSP4TM.js:11:76277)
    at bv.next (https://www.greencity.cx.ua/chunk-NUXSP4TM.js:7:3120)
    at Fr._next (https://www.greencity.cx.ua/chunk-NUXSP4TM.js:7:2803)
    at Fr.next (https://www.greencity.cx.ua/chunk-NUXSP4TM.js:7:2530)
    at https://www.greencity.cx.ua/chunk-NUXSP4TM.js:7:7848
    at Ac (https://www.greencity.cx.ua/chunk-NUXSP4TM.js:7:2222)
    at S0.next (https://www.greencity.cx.ua/chunk-NUXSP4TM.js:7:7687), [2026-03-14T20:53:03.397Z] [SEVERE] https://www.greencity.cx.ua/chunk-NUXSP4TM.js 10:45939 "ERROR" TypeError: Cannot read properties of null (reading 'setValue')
    at n.quillContentChanged (https://www.greencity.cx.ua/chunk-VNNOUBDJ.js:1:16043)
    at https://www.greencity.cx.ua/chunk-VNNOUBDJ.js:1:7223
    at eE (https://www.greencity.cx.ua/chunk-NUXSP4TM.js:11:76097)
    at Object.o [as next] (https://www.greencity.cx.ua/chunk-NUXSP4TM.js:11:76277)
    at bv.next (https://www.greencity.cx.ua/chunk-NUXSP4TM.js:7:3120)
    at Fr._next (https://www.greencity.cx.ua/chunk-NUXSP4TM.js:7:2803)
    at Fr.next (https://www.greencity.cx.ua/chunk-NUXSP4TM.js:7:2530)
    at https://www.greencity.cx.ua/chunk-NUXSP4TM.js:7:7848
    at Ac (https://www.greencity.cx.ua/chunk-NUXSP4TM.js:7:2222)
    at S0.next (https://www.greencity.cx.ua/chunk-NUXSP4TM.js:7:7687), [2026-03-14T20:53:03.399Z] [SEVERE] https://www.greencity.cx.ua/chunk-NUXSP4TM.js 10:45939 "ERROR" TypeError: Cannot read properties of null (reading 'setValue')
    at n.quillContentChanged (https://www.greencity.cx.ua/chunk-VNNOUBDJ.js:1:16043)
    at https://www.greencity.cx.ua/chunk-VNNOUBDJ.js:1:7223
    at eE (https://www.greencity.cx.ua/chunk-NUXSP4TM.js:11:76097)
    at Object.o [as next] (https://www.greencity.cx.ua/chunk-NUXSP4TM.js:11:76277)
    at bv.next (https://www.greencity.cx.ua/chunk-NUXSP4TM.js:7:3120)
    at Fr._next (https://www.greencity.cx.ua/chunk-NUXSP4TM.js:7:2803)
    at Fr.next (https://www.greencity.cx.ua/chunk-NUXSP4TM.js:7:2530)
    at https://www.greencity.cx.ua/chunk-NUXSP4TM.js:7:7848
    at Ac (https://www.greencity.cx.ua/chunk-NUXSP4TM.js:7:2222)
    at S0.next (https://www.greencity.cx.ua/chunk-NUXSP4TM.js:7:7687), [2026-03-14T20:53:03.401Z] [SEVERE] https://www.greencity.cx.ua/chunk-NUXSP4TM.js 10:45939 "ERROR" TypeError: Cannot read properties of null (reading 'setValue')
    at n.quillContentChanged (https://www.greencity.cx.ua/chunk-VNNOUBDJ.js:1:16043)
    at https://www.greencity.cx.ua/chunk-VNNOUBDJ.js:1:7223
    at eE (https://www.greencity.cx.ua/chunk-NUXSP4TM.js:11:76097)
    at Object.o [as next] (https://www.greencity.cx.ua/chunk-NUXSP4TM.js:11:76277)
    at bv.next (https://www.greencity.cx.ua/chunk-NUXSP4TM.js:7:3120)
    at Fr._next (https://www.greencity.cx.ua/chunk-NUXSP4TM.js:7:2803)
    at Fr.next (https://www.greencity.cx.ua/chunk-NUXSP4TM.js:7:2530)
    at https://www.greencity.cx.ua/chunk-NUXSP4TM.js:7:7848
    at Ac (https://www.greencity.cx.ua/chunk-NUXSP4TM.js:7:2222)
    at S0.next (https://www.greencity.cx.ua/chunk-NUXSP4TM.js:7:7687), [2026-03-14T20:53:03.403Z] [SEVERE] https://www.greencity.cx.ua/chunk-NUXSP4TM.js 10:45939 "ERROR" TypeError: Cannot read properties of null (reading 'setValue')
    at n.quillContentChanged (https://www.greencity.cx.ua/chunk-VNNOUBDJ.js:1:16043)
    at https://www.greencity.cx.ua/chunk-VNNOUBDJ.js:1:7223
    at eE (https://www.greencity.cx.ua/chunk-NUXSP4TM.js:11:76097)
    at Object.o [as next] (https://www.greencity.cx.ua/chunk-NUXSP4TM.js:11:76277)
    at bv.next (https://www.greencity.cx.ua/chunk-NUXSP4TM.js:7:3120)
    at Fr._next (https://www.greencity.cx.ua/chunk-NUXSP4TM.js:7:2803)
    at Fr.next (https://www.greencity.cx.ua/chunk-NUXSP4TM.js:7:2530)
    at https://www.greencity.cx.ua/chunk-NUXSP4TM.js:7:7848
    at Ac (https://www.greencity.cx.ua/chunk-NUXSP4TM.js:7:2222)
    at S0.next (https://www.greencity.cx.ua/chunk-NUXSP4TM.js:7:7687), [2026-03-14T20:53:03.406Z] [SEVERE] https://www.greencity.cx.ua/chunk-NUXSP4TM.js 10:45939 "ERROR" TypeError: Cannot read properties of null (reading 'setValue')
    at n.quillContentChanged (https://www.greencity.cx.ua/chunk-VNNOUBDJ.js:1:16043)
    at https://www.greencity.cx.ua/chunk-VNNOUBDJ.js:1:7223
    at eE (https://www.greencity.cx.ua/chunk-NUXSP4TM.js:11:76097)
    at Object.o [as next] (https://www.greencity.cx.ua/chunk-NUXSP4TM.js:11:76277)
    at bv.next (https://www.greencity.cx.ua/chunk-NUXSP4TM.js:7:3120)
    at Fr._next (https://www.greencity.cx.ua/chunk-NUXSP4TM.js:7:2803)
    at Fr.next (https://www.greencity.cx.ua/chunk-NUXSP4TM.js:7:2530)
    at https://www.greencity.cx.ua/chunk-NUXSP4TM.js:7:7848
    at Ac (https://www.greencity.cx.ua/chunk-NUXSP4TM.js:7:2222)
    at S0.next (https://www.greencity.cx.ua/chunk-NUXSP4TM.js:7:7687), [2026-03-14T20:53:05.177Z] [SEVERE] https://www.greencity.cx.ua/chunk-NUXSP4TM.js 10:45939 "ERROR" TypeError: Cannot read properties of null (reading 'setValue')
    at n.quillContentChanged (https://www.greencity.cx.ua/chunk-VNNOUBDJ.js:1:16043)
    at https://www.greencity.cx.ua/chunk-VNNOUBDJ.js:1:7223
    at eE (https://www.greencity.cx.ua/chunk-NUXSP4TM.js:11:76097)
    at Object.o [as next] (https://www.greencity.cx.ua/chunk-NUXSP4TM.js:11:76277)
    at bv.next (https://www.greencity.cx.ua/chunk-NUXSP4TM.js:7:3120)
    at Fr._next (https://www.greencity.cx.ua/chunk-NUXSP4TM.js:7:2803)
    at Fr.next (https://www.greencity.cx.ua/chunk-NUXSP4TM.js:7:2530)
    at https://www.greencity.cx.ua/chunk-NUXSP4TM.js:7:7848
    at Ac (https://www.greencity.cx.ua/chunk-NUXSP4TM.js:7:2222)
    at S0.next (https://www.greencity.cx.ua/chunk-NUXSP4TM.js:7:7687), [2026-03-14T20:53:05.301Z] [SEVERE] https://www.greencity.cx.ua/chunk-NUXSP4TM.js 10:45939 "ERROR" TypeError: Cannot read properties of null (reading 'setValue')
    at n.quillContentChanged (https://www.greencity.cx.ua/chunk-VNNOUBDJ.js:1:16043)
    at https://www.greencity.cx.ua/chunk-VNNOUBDJ.js:1:7223
    at eE (https://www.greencity.cx.ua/chunk-NUXSP4TM.js:11:76097)
    at Object.o [as next] (https://www.greencity.cx.ua/chunk-NUXSP4TM.js:11:76277)
    at bv.next (https://www.greencity.cx.ua/chunk-NUXSP4TM.js:7:3120)
    at Fr._next (https://www.greencity.cx.ua/chunk-NUXSP4TM.js:7:2803)
    at Fr.next (https://www.greencity.cx.ua/chunk-NUXSP4TM.js:7:2530)
    at https://www.greencity.cx.ua/chunk-NUXSP4TM.js:7:7848
    at Ac (https://www.greencity.cx.ua/chunk-NUXSP4TM.js:7:2222)
    at S0.next (https://www.greencity.cx.ua/chunk-NUXSP4TM.js:7:7687), [2026-03-14T20:53:05.301Z] [SEVERE] https://www.greencity.cx.ua/chunk-NUXSP4TM.js 10:45939 "ERROR" TypeError: Cannot read properties of null (reading 'setValue')
    at n.quillContentChanged (https://www.greencity.cx.ua/chunk-VNNOUBDJ.js:1:16043)
    at https://www.greencity.cx.ua/chunk-VNNOUBDJ.js:1:7223
    at eE (https://www.greencity.cx.ua/chunk-NUXSP4TM.js:11:76097)
    at Object.o [as next] (https://www.greencity.cx.ua/chunk-NUXSP4TM.js:11:76277)
    at bv.next (https://www.greencity.cx.ua/chunk-NUXSP4TM.js:7:3120)
    at Fr._next (https://www.greencity.cx.ua/chunk-NUXSP4TM.js:7:2803)
    at Fr.next (https://www.greencity.cx.ua/chunk-NUXSP4TM.js:7:2530)
    at https://www.greencity.cx.ua/chunk-NUXSP4TM.js:7:7848
    at Ac (https://www.greencity.cx.ua/chunk-NUXSP4TM.js:7:2222)
    at S0.next (https://www.greencity.cx.ua/chunk-NUXSP4TM.js:7:7687), [2026-03-14T20:53:05.301Z] [SEVERE] https://www.greencity.cx.ua/chunk-NUXSP4TM.js 10:45939 "ERROR" TypeError: Cannot read properties of null (reading 'setValue')
    at n.quillContentChanged (https://www.greencity.cx.ua/chunk-VNNOUBDJ.js:1:16043)
    at https://www.greencity.cx.ua/chunk-VNNOUBDJ.js:1:7223
    at eE (https://www.greencity.cx.ua/chunk-NUXSP4TM.js:11:76097)
    at Object.o [as next] (https://www.greencity.cx.ua/chunk-NUXSP4TM.js:11:76277)
    at bv.next (https://www.greencity.cx.ua/chunk-NUXSP4TM.js:7:3120)
    at Fr._next (https://www.greencity.cx.ua/chunk-NUXSP4TM.js:7:2803)
    at Fr.next (https://www.greencity.cx.ua/chunk-NUXSP4TM.js:7:2530)
    at https://www.greencity.cx.ua/chunk-NUXSP4TM.js:7:7848
    at Ac (https://www.greencity.cx.ua/chunk-NUXSP4TM.js:7:2222)
    at S0.next (https://www.greencity.cx.ua/chunk-NUXSP4TM.js:7:7687), [2026-03-14T20:53:05.301Z] [SEVERE] https://www.greencity.cx.ua/chunk-NUXSP4TM.js 10:45939 "ERROR" TypeError: Cannot read properties of null (reading 'setValue')
    at n.quillContentChanged (https://www.greencity.cx.ua/chunk-VNNOUBDJ.js:1:16043)
    at https://www.greencity.cx.ua/chunk-VNNOUBDJ.js:1:7223
    at eE (https://www.greencity.cx.ua/chunk-NUXSP4TM.js:11:76097)
    at Object.o [as next] (https://www.greencity.cx.ua/chunk-NUXSP4TM.js:11:76277)
    at bv.next (https://www.greencity.cx.ua/chunk-NUXSP4TM.js:7:3120)
    at Fr._next (https://www.greencity.cx.ua/chunk-NUXSP4TM.js:7:2803)
    at Fr.next (https://www.greencity.cx.ua/chunk-NUXSP4TM.js:7:2530)
    at https://www.greencity.cx.ua/chunk-NUXSP4TM.js:7:7848
    at Ac (https://www.greencity.cx.ua/chunk-NUXSP4TM.js:7:2222)
    at S0.next (https://www.greencity.cx.ua/chunk-NUXSP4TM.js:7:7687), [2026-03-14T20:53:05.301Z] [SEVERE] https://www.greencity.cx.ua/chunk-NUXSP4TM.js 10:45939 "ERROR" TypeError: Cannot read properties of null (reading 'setValue')
    at n.quillContentChanged (https://www.greencity.cx.ua/chunk-VNNOUBDJ.js:1:16043)
    at https://www.greencity.cx.ua/chunk-VNNOUBDJ.js:1:7223
    at eE (https://www.greencity.cx.ua/chunk-NUXSP4TM.js:11:76097)
    at Object.o [as next] (https://www.greencity.cx.ua/chunk-NUXSP4TM.js:11:76277)
    at bv.next (https://www.greencity.cx.ua/chunk-NUXSP4TM.js:7:3120)
    at Fr._next (https://www.greencity.cx.ua/chunk-NUXSP4TM.js:7:2803)
    at Fr.next (https://www.greencity.cx.ua/chunk-NUXSP4TM.js:7:2530)
    at https://www.greencity.cx.ua/chunk-NUXSP4TM.js:7:7848
    at Ac (https://www.greencity.cx.ua/chunk-NUXSP4TM.js:7:2222)
    at S0.next (https://www.greencity.cx.ua/chunk-NUXSP4TM.js:7:7687), [2026-03-14T20:53:05.301Z] [SEVERE] https://www.greencity.cx.ua/chunk-NUXSP4TM.js 10:45939 "ERROR" TypeError: Cannot read properties of null (reading 'setValue')
    at n.quillContentChanged (https://www.greencity.cx.ua/chunk-VNNOUBDJ.js:1:16043)
    at https://www.greencity.cx.ua/chunk-VNNOUBDJ.js:1:7223
    at eE (https://www.greencity.cx.ua/chunk-NUXSP4TM.js:11:76097)
    at Object.o [as next] (https://www.greencity.cx.ua/chunk-NUXSP4TM.js:11:76277)
    at bv.next (https://www.greencity.cx.ua/chunk-NUXSP4TM.js:7:3120)
    at Fr._next (https://www.greencity.cx.ua/chunk-NUXSP4TM.js:7:2803)
    at Fr.next (https://www.greencity.cx.ua/chunk-NUXSP4TM.js:7:2530)
    at https://www.greencity.cx.ua/chunk-NUXSP4TM.js:7:7848
    at Ac (https://www.greencity.cx.ua/chunk-NUXSP4TM.js:7:2222)
    at S0.next (https://www.greencity.cx.ua/chunk-NUXSP4TM.js:7:7687), [2026-03-14T20:53:05.302Z] [SEVERE] https://www.greencity.cx.ua/chunk-NUXSP4TM.js 10:45939 "ERROR" TypeError: Cannot read properties of null (reading 'setValue')
    at n.quillContentChanged (https://www.greencity.cx.ua/chunk-VNNOUBDJ.js:1:16043)
    at https://www.greencity.cx.ua/chunk-VNNOUBDJ.js:1:7223
    at eE (https://www.greencity.cx.ua/chunk-NUXSP4TM.js:11:76097)
    at Object.o [as next] (https://www.greencity.cx.ua/chunk-NUXSP4TM.js:11:76277)
    at bv.next (https://www.greencity.cx.ua/chunk-NUXSP4TM.js:7:3120)
    at Fr._next (https://www.greencity.cx.ua/chunk-NUXSP4TM.js:7:2803)
    at Fr.next (https://www.greencity.cx.ua/chunk-NUXSP4TM.js:7:2530)
    at https://www.greencity.cx.ua/chunk-NUXSP4TM.js:7:7848
    at Ac (https://www.greencity.cx.ua/chunk-NUXSP4TM.js:7:2222)
    at S0.next (https://www.greencity.cx.ua/chunk-NUXSP4TM.js:7:7687), [2026-03-14T20:53:05.302Z] [SEVERE] https://www.greencity.cx.ua/chunk-NUXSP4TM.js 10:45939 "ERROR" TypeError: Cannot read properties of null (reading 'setValue')
    at n.quillContentChanged (https://www.greencity.cx.ua/chunk-VNNOUBDJ.js:1:16043)
    at https://www.greencity.cx.ua/chunk-VNNOUBDJ.js:1:7223
    at eE (https://www.greencity.cx.ua/chunk-NUXSP4TM.js:11:76097)
    at Object.o [as next] (https://www.greencity.cx.ua/chunk-NUXSP4TM.js:11:76277)
    at bv.next (https://www.greencity.cx.ua/chunk-NUXSP4TM.js:7:3120)
    at Fr._next (https://www.greencity.cx.ua/chunk-NUXSP4TM.js:7:2803)
    at Fr.next (https://www.greencity.cx.ua/chunk-NUXSP4TM.js:7:2530)
    at https://www.greencity.cx.ua/chunk-NUXSP4TM.js:7:7848
    at Ac (https://www.greencity.cx.ua/chunk-NUXSP4TM.js:7:2222)
    at S0.next (https://www.greencity.cx.ua/chunk-NUXSP4TM.js:7:7687), [2026-03-14T20:53:05.302Z] [SEVERE] https://www.greencity.cx.ua/chunk-NUXSP4TM.js 10:45939 "ERROR" TypeError: Cannot read properties of null (reading 'setValue')
    at n.quillContentChanged (https://www.greencity.cx.ua/chunk-VNNOUBDJ.js:1:16043)
    at https://www.greencity.cx.ua/chunk-VNNOUBDJ.js:1:7223
    at eE (https://www.greencity.cx.ua/chunk-NUXSP4TM.js:11:76097)
    at Object.o [as next] (https://www.greencity.cx.ua/chunk-NUXSP4TM.js:11:76277)
    at bv.next (https://www.greencity.cx.ua/chunk-NUXSP4TM.js:7:3120)
    at Fr._next (https://www.greencity.cx.ua/chunk-NUXSP4TM.js:7:2803)
    at Fr.next (https://www.greencity.cx.ua/chunk-NUXSP4TM.js:7:2530)
    at https://www.greencity.cx.ua/chunk-NUXSP4TM.js:7:7848
    at Ac (https://www.greencity.cx.ua/chunk-NUXSP4TM.js:7:2222)
    at S0.next (https://www.greencity.cx.ua/chunk-NUXSP4TM.js:7:7687), [2026-03-14T20:53:05.302Z] [SEVERE] https://www.greencity.cx.ua/chunk-NUXSP4TM.js 10:45939 "ERROR" TypeError: Cannot read properties of null (reading 'setValue')
    at n.quillContentChanged (https://www.greencity.cx.ua/chunk-VNNOUBDJ.js:1:16043)
    at https://www.greencity.cx.ua/chunk-VNNOUBDJ.js:1:7223
    at eE (https://www.greencity.cx.ua/chunk-NUXSP4TM.js:11:76097)
    at Object.o [as next] (https://www.greencity.cx.ua/chunk-NUXSP4TM.js:11:76277)
    at bv.next (https://www.greencity.cx.ua/chunk-NUXSP4TM.js:7:3120)
    at Fr._next (https://www.greencity.cx.ua/chunk-NUXSP4TM.js:7:2803)
    at Fr.next (https://www.greencity.cx.ua/chunk-NUXSP4TM.js:7:2530)
    at https://www.greencity.cx.ua/chunk-NUXSP4TM.js:7:7848
    at Ac (https://www.greencity.cx.ua/chunk-NUXSP4TM.js:7:2222)
    at S0.next (https://www.greencity.cx.ua/chunk-NUXSP4TM.js:7:7687), [2026-03-14T20:53:05.302Z] [SEVERE] https://www.greencity.cx.ua/chunk-NUXSP4TM.js 10:45939 "ERROR" TypeError: Cannot read properties of null (reading 'setValue')
    at n.quillContentChanged (https://www.greencity.cx.ua/chunk-VNNOUBDJ.js:1:16043)
    at https://www.greencity.cx.ua/chunk-VNNOUBDJ.js:1:7223
    at eE (https://www.greencity.cx.ua/chunk-NUXSP4TM.js:11:76097)
    at Object.o [as next] (https://www.greencity.cx.ua/chunk-NUXSP4TM.js:11:76277)
    at bv.next (https://www.greencity.cx.ua/chunk-NUXSP4TM.js:7:3120)
    at Fr._next (https://www.greencity.cx.ua/chunk-NUXSP4TM.js:7:2803)
    at Fr.next (https://www.greencity.cx.ua/chunk-NUXSP4TM.js:7:2530)
    at https://www.greencity.cx.ua/chunk-NUXSP4TM.js:7:7848
    at Ac (https://www.greencity.cx.ua/chunk-NUXSP4TM.js:7:2222)
    at S0.next (https://www.greencity.cx.ua/chunk-NUXSP4TM.js:7:7687), [2026-03-14T20:53:05.302Z] [SEVERE] https://www.greencity.cx.ua/chunk-NUXSP4TM.js 10:45939 "ERROR" TypeError: Cannot read properties of null (reading 'setValue')
    at n.quillContentChanged (https://www.greencity.cx.ua/chunk-VNNOUBDJ.js:1:16043)
    at https://www.greencity.cx.ua/chunk-VNNOUBDJ.js:1:7223
    at eE (https://www.greencity.cx.ua/chunk-NUXSP4TM.js:11:76097)
    at Object.o [as next] (https://www.greencity.cx.ua/chunk-NUXSP4TM.js:11:76277)
    at bv.next (https://www.greencity.cx.ua/chunk-NUXSP4TM.js:7:3120)
    at Fr._next (https://www.greencity.cx.ua/chunk-NUXSP4TM.js:7:2803)
    at Fr.next (https://www.greencity.cx.ua/chunk-NUXSP4TM.js:7:2530)
    at https://www.greencity.cx.ua/chunk-NUXSP4TM.js:7:7848
    at Ac (https://www.greencity.cx.ua/chunk-NUXSP4TM.js:7:2222)
    at S0.next (https://www.greencity.cx.ua/chunk-NUXSP4TM.js:7:7687), [2026-03-14T20:53:05.302Z] [SEVERE] https://www.greencity.cx.ua/chunk-NUXSP4TM.js 10:45939 "ERROR" TypeError: Cannot read properties of null (reading 'setValue')
    at n.quillContentChanged (https://www.greencity.cx.ua/chunk-VNNOUBDJ.js:1:16043)
    at https://www.greencity.cx.ua/chunk-VNNOUBDJ.js:1:7223
    at eE (https://www.greencity.cx.ua/chunk-NUXSP4TM.js:11:76097)
    at Object.o [as next] (https://www.greencity.cx.ua/chunk-NUXSP4TM.js:11:76277)
    at bv.next (https://www.greencity.cx.ua/chunk-NUXSP4TM.js:7:3120)
    at Fr._next (https://www.greencity.cx.ua/chunk-NUXSP4TM.js:7:2803)
    at Fr.next (https://www.greencity.cx.ua/chunk-NUXSP4TM.js:7:2530)
    at https://www.greencity.cx.ua/chunk-NUXSP4TM.js:7:7848
    at Ac (https://www.greencity.cx.ua/chunk-NUXSP4TM.js:7:2222)
    at S0.next (https://www.greencity.cx.ua/chunk-NUXSP4TM.js:7:7687), [2026-03-14T20:53:05.303Z] [SEVERE] https://www.greencity.cx.ua/chunk-NUXSP4TM.js 10:45939 "ERROR" TypeError: Cannot read properties of null (reading 'setValue')
    at n.quillContentChanged (https://www.greencity.cx.ua/chunk-VNNOUBDJ.js:1:16043)
    at https://www.greencity.cx.ua/chunk-VNNOUBDJ.js:1:7223
    at eE (https://www.greencity.cx.ua/chunk-NUXSP4TM.js:11:76097)
    at Object.o [as next] (https://www.greencity.cx.ua/chunk-NUXSP4TM.js:11:76277)
    at bv.next (https://www.greencity.cx.ua/chunk-NUXSP4TM.js:7:3120)
    at Fr._next (https://www.greencity.cx.ua/chunk-NUXSP4TM.js:7:2803)
    at Fr.next (https://www.greencity.cx.ua/chunk-NUXSP4TM.js:7:2530)
    at https://www.greencity.cx.ua/chunk-NUXSP4TM.js:7:7848
    at Ac (https://www.greencity.cx.ua/chunk-NUXSP4TM.js:7:2222)
    at S0.next (https://www.greencity.cx.ua/chunk-NUXSP4TM.js:7:7687), [2026-03-14T20:53:05.303Z] [SEVERE] https://www.greencity.cx.ua/chunk-NUXSP4TM.js 10:45939 "ERROR" TypeError: Cannot read properties of null (reading 'setValue')
    at n.quillContentChanged (https://www.greencity.cx.ua/chunk-VNNOUBDJ.js:1:16043)
    at https://www.greencity.cx.ua/chunk-VNNOUBDJ.js:1:7223
    at eE (https://www.greencity.cx.ua/chunk-NUXSP4TM.js:11:76097)
    at Object.o [as next] (https://www.greencity.cx.ua/chunk-NUXSP4TM.js:11:76277)
    at bv.next (https://www.greencity.cx.ua/chunk-NUXSP4TM.js:7:3120)
    at Fr._next (https://www.greencity.cx.ua/chunk-NUXSP4TM.js:7:2803)
    at Fr.next (https://www.greencity.cx.ua/chunk-NUXSP4TM.js:7:2530)
    at https://www.greencity.cx.ua/chunk-NUXSP4TM.js:7:7848
    at Ac (https://www.greencity.cx.ua/chunk-NUXSP4TM.js:7:2222)
    at S0.next (https://www.greencity.cx.ua/chunk-NUXSP4TM.js:7:7687), [2026-03-14T20:53:05.304Z] [SEVERE] https://www.greencity.cx.ua/chunk-NUXSP4TM.js 10:45939 "ERROR" TypeError: Cannot read properties of null (reading 'setValue')
    at n.quillContentChanged (https://www.greencity.cx.ua/chunk-VNNOUBDJ.js:1:16043)
    at https://www.greencity.cx.ua/chunk-VNNOUBDJ.js:1:7223
    at eE (https://www.greencity.cx.ua/chunk-NUXSP4TM.js:11:76097)
    at Object.o [as next] (https://www.greencity.cx.ua/chunk-NUXSP4TM.js:11:76277)
    at bv.next (https://www.greencity.cx.ua/chunk-NUXSP4TM.js:7:3120)
    at Fr._next (https://www.greencity.cx.ua/chunk-NUXSP4TM.js:7:2803)
    at Fr.next (https://www.greencity.cx.ua/chunk-NUXSP4TM.js:7:2530)
    at https://www.greencity.cx.ua/chunk-NUXSP4TM.js:7:7848
    at Ac (https://www.greencity.cx.ua/chunk-NUXSP4TM.js:7:2222)
    at S0.next (https://www.greencity.cx.ua/chunk-NUXSP4TM.js:7:7687), [2026-03-14T20:53:05.307Z] [SEVERE] https://www.greencity.cx.ua/chunk-NUXSP4TM.js 10:45939 "ERROR" TypeError: Cannot read properties of null (reading 'setValue')
    at n.quillContentChanged (https://www.greencity.cx.ua/chunk-VNNOUBDJ.js:1:16043)
    at https://www.greencity.cx.ua/chunk-VNNOUBDJ.js:1:7223
    at eE (https://www.greencity.cx.ua/chunk-NUXSP4TM.js:11:76097)
    at Object.o [as next] (https://www.greencity.cx.ua/chunk-NUXSP4TM.js:11:76277)
    at bv.next (https://www.greencity.cx.ua/chunk-NUXSP4TM.js:7:3120)
    at Fr._next (https://www.greencity.cx.ua/chunk-NUXSP4TM.js:7:2803)
    at Fr.next (https://www.greencity.cx.ua/chunk-NUXSP4TM.js:7:2530)
    at https://www.greencity.cx.ua/chunk-NUXSP4TM.js:7:7848
    at Ac (https://www.greencity.cx.ua/chunk-NUXSP4TM.js:7:2222)
    at S0.next (https://www.greencity.cx.ua/chunk-NUXSP4TM.js:7:7687), [2026-03-14T20:53:05.309Z] [SEVERE] https://www.greencity.cx.ua/chunk-NUXSP4TM.js 10:45939 "ERROR" TypeError: Cannot read properties of null (reading 'setValue')
    at n.quillContentChanged (https://www.greencity.cx.ua/chunk-VNNOUBDJ.js:1:16043)
    at https://www.greencity.cx.ua/chunk-VNNOUBDJ.js:1:7223
    at eE (https://www.greencity.cx.ua/chunk-NUXSP4TM.js:11:76097)
    at Object.o [as next] (https://www.greencity.cx.ua/chunk-NUXSP4TM.js:11:76277)
    at bv.next (https://www.greencity.cx.ua/chunk-NUXSP4TM.js:7:3120)
    at Fr._next (https://www.greencity.cx.ua/chunk-NUXSP4TM.js:7:2803)
    at Fr.next (https://www.greencity.cx.ua/chunk-NUXSP4TM.js:7:2530)
    at https://www.greencity.cx.ua/chunk-NUXSP4TM.js:7:7848
    at Ac (https://www.greencity.cx.ua/chunk-NUXSP4TM.js:7:2222)
    at S0.next (https://www.greencity.cx.ua/chunk-NUXSP4TM.js:7:7687), [2026-03-14T20:53:05.311Z] [SEVERE] https://www.greencity.cx.ua/chunk-NUXSP4TM.js 10:45939 "ERROR" TypeError: Cannot read properties of null (reading 'setValue')
    at n.quillContentChanged (https://www.greencity.cx.ua/chunk-VNNOUBDJ.js:1:16043)
    at https://www.greencity.cx.ua/chunk-VNNOUBDJ.js:1:7223
    at eE (https://www.greencity.cx.ua/chunk-NUXSP4TM.js:11:76097)
    at Object.o [as next] (https://www.greencity.cx.ua/chunk-NUXSP4TM.js:11:76277)
    at bv.next (https://www.greencity.cx.ua/chunk-NUXSP4TM.js:7:3120)
    at Fr._next (https://www.greencity.cx.ua/chunk-NUXSP4TM.js:7:2803)
    at Fr.next (https://www.greencity.cx.ua/chunk-NUXSP4TM.js:7:2530)
    at https://www.greencity.cx.ua/chunk-NUXSP4TM.js:7:7848
    at Ac (https://www.greencity.cx.ua/chunk-NUXSP4TM.js:7:2222)
    at S0.next (https://www.greencity.cx.ua/chunk-NUXSP4TM.js:7:7687), [2026-03-14T20:53:05.314Z] [SEVERE] https://www.greencity.cx.ua/chunk-NUXSP4TM.js 10:45939 "ERROR" TypeError: Cannot read properties of null (reading 'setValue')
    at n.quillContentChanged (https://www.greencity.cx.ua/chunk-VNNOUBDJ.js:1:16043)
    at https://www.greencity.cx.ua/chunk-VNNOUBDJ.js:1:7223
    at eE (https://www.greencity.cx.ua/chunk-NUXSP4TM.js:11:76097)
    at Object.o [as next] (https://www.greencity.cx.ua/chunk-NUXSP4TM.js:11:76277)
    at bv.next (https://www.greencity.cx.ua/chunk-NUXSP4TM.js:7:3120)
    at Fr._next (https://www.greencity.cx.ua/chunk-NUXSP4TM.js:7:2803)
    at Fr.next (https://www.greencity.cx.ua/chunk-NUXSP4TM.js:7:2530)
    at https://www.greencity.cx.ua/chunk-NUXSP4TM.js:7:7848
    at Ac (https://www.greencity.cx.ua/chunk-NUXSP4TM.js:7:2222)
    at S0.next (https://www.greencity.cx.ua/chunk-NUXSP4TM.js:7:7687), [2026-03-14T20:53:05.317Z] [SEVERE] https://www.greencity.cx.ua/chunk-NUXSP4TM.js 10:45939 "ERROR" TypeError: Cannot read properties of null (reading 'setValue')
    at n.quillContentChanged (https://www.greencity.cx.ua/chunk-VNNOUBDJ.js:1:16043)
    at https://www.greencity.cx.ua/chunk-VNNOUBDJ.js:1:7223
    at eE (https://www.greencity.cx.ua/chunk-NUXSP4TM.js:11:76097)
    at Object.o [as next] (https://www.greencity.cx.ua/chunk-NUXSP4TM.js:11:76277)
    at bv.next (https://www.greencity.cx.ua/chunk-NUXSP4TM.js:7:3120)
    at Fr._next (https://www.greencity.cx.ua/chunk-NUXSP4TM.js:7:2803)
    at Fr.next (https://www.greencity.cx.ua/chunk-NUXSP4TM.js:7:2530)
    at https://www.greencity.cx.ua/chunk-NUXSP4TM.js:7:7848
    at Ac (https://www.greencity.cx.ua/chunk-NUXSP4TM.js:7:2222)
    at S0.next (https://www.greencity.cx.ua/chunk-NUXSP4TM.js:7:7687), [2026-03-14T20:53:05.321Z] [SEVERE] https://www.greencity.cx.ua/chunk-NUXSP4TM.js 10:45939 "ERROR" TypeError: Cannot read properties of null (reading 'setValue')
    at n.quillContentChanged (https://www.greencity.cx.ua/chunk-VNNOUBDJ.js:1:16043)
    at https://www.greencity.cx.ua/chunk-VNNOUBDJ.js:1:7223
    at eE (https://www.greencity.cx.ua/chunk-NUXSP4TM.js:11:76097)
    at Object.o [as next] (https://www.greencity.cx.ua/chunk-NUXSP4TM.js:11:76277)
    at bv.next (https://www.greencity.cx.ua/chunk-NUXSP4TM.js:7:3120)
    at Fr._next (https://www.greencity.cx.ua/chunk-NUXSP4TM.js:7:2803)
    at Fr.next (https://www.greencity.cx.ua/chunk-NUXSP4TM.js:7:2530)
    at https://www.greencity.cx.ua/chunk-NUXSP4TM.js:7:7848
    at Ac (https://www.greencity.cx.ua/chunk-NUXSP4TM.js:7:2222)
    at S0.next (https://www.greencity.cx.ua/chunk-NUXSP4TM.js:7:7687), [2026-03-14T20:53:05.322Z] [SEVERE] https://www.greencity.cx.ua/chunk-NUXSP4TM.js 10:45939 "ERROR" TypeError: Cannot read properties of null (reading 'setValue')
    at n.quillContentChanged (https://www.greencity.cx.ua/chunk-VNNOUBDJ.js:1:16043)
    at https://www.greencity.cx.ua/chunk-VNNOUBDJ.js:1:7223
    at eE (https://www.greencity.cx.ua/chunk-NUXSP4TM.js:11:76097)
    at Object.o [as next] (https://www.greencity.cx.ua/chunk-NUXSP4TM.js:11:76277)
    at bv.next (https://www.greencity.cx.ua/chunk-NUXSP4TM.js:7:3120)
    at Fr._next (https://www.greencity.cx.ua/chunk-NUXSP4TM.js:7:2803)
    at Fr.next (https://www.greencity.cx.ua/chunk-NUXSP4TM.js:7:2530)
    at https://www.greencity.cx.ua/chunk-NUXSP4TM.js:7:7848
    at Ac (https://www.greencity.cx.ua/chunk-NUXSP4TM.js:7:2222)
    at S0.next (https://www.greencity.cx.ua/chunk-NUXSP4TM.js:7:7687), [2026-03-14T20:53:05.325Z] [SEVERE] https://www.greencity.cx.ua/chunk-NUXSP4TM.js 10:45939 "ERROR" TypeError: Cannot read properties of null (reading 'setValue')
    at n.quillContentChanged (https://www.greencity.cx.ua/chunk-VNNOUBDJ.js:1:16043)
    at https://www.greencity.cx.ua/chunk-VNNOUBDJ.js:1:7223
    at eE (https://www.greencity.cx.ua/chunk-NUXSP4TM.js:11:76097)
    at Object.o [as next] (https://www.greencity.cx.ua/chunk-NUXSP4TM.js:11:76277)
    at bv.next (https://www.greencity.cx.ua/chunk-NUXSP4TM.js:7:3120)
    at Fr._next (https://www.greencity.cx.ua/chunk-NUXSP4TM.js:7:2803)
    at Fr.next (https://www.greencity.cx.ua/chunk-NUXSP4TM.js:7:2530)
    at https://www.greencity.cx.ua/chunk-NUXSP4TM.js:7:7848
    at Ac (https://www.greencity.cx.ua/chunk-NUXSP4TM.js:7:2222)
    at S0.next (https://www.greencity.cx.ua/chunk-NUXSP4TM.js:7:7687), [2026-03-14T20:53:05.328Z] [SEVERE] https://www.greencity.cx.ua/chunk-NUXSP4TM.js 10:45939 "ERROR" TypeError: Cannot read properties of null (reading 'setValue')
    at n.quillContentChanged (https://www.greencity.cx.ua/chunk-VNNOUBDJ.js:1:16043)
    at https://www.greencity.cx.ua/chunk-VNNOUBDJ.js:1:7223
    at eE (https://www.greencity.cx.ua/chunk-NUXSP4TM.js:11:76097)
    at Object.o [as next] (https://www.greencity.cx.ua/chunk-NUXSP4TM.js:11:76277)
    at bv.next (https://www.greencity.cx.ua/chunk-NUXSP4TM.js:7:3120)
    at Fr._next (https://www.greencity.cx.ua/chunk-NUXSP4TM.js:7:2803)
    at Fr.next (https://www.greencity.cx.ua/chunk-NUXSP4TM.js:7:2530)
    at https://www.greencity.cx.ua/chunk-NUXSP4TM.js:7:7848
    at Ac (https://www.greencity.cx.ua/chunk-NUXSP4TM.js:7:2222)
    at S0.next (https://www.greencity.cx.ua/chunk-NUXSP4TM.js:7:7687), [2026-03-14T20:53:05.330Z] [SEVERE] https://www.greencity.cx.ua/chunk-NUXSP4TM.js 10:45939 "ERROR" TypeError: Cannot read properties of null (reading 'setValue')
    at n.quillContentChanged (https://www.greencity.cx.ua/chunk-VNNOUBDJ.js:1:16043)
    at https://www.greencity.cx.ua/chunk-VNNOUBDJ.js:1:7223
    at eE (https://www.greencity.cx.ua/chunk-NUXSP4TM.js:11:76097)
    at Object.o [as next] (https://www.greencity.cx.ua/chunk-NUXSP4TM.js:11:76277)
    at bv.next (https://www.greencity.cx.ua/chunk-NUXSP4TM.js:7:3120)
    at Fr._next (https://www.greencity.cx.ua/chunk-NUXSP4TM.js:7:2803)
    at Fr.next (https://www.greencity.cx.ua/chunk-NUXSP4TM.js:7:2530)
    at https://www.greencity.cx.ua/chunk-NUXSP4TM.js:7:7848
    at Ac (https://www.greencity.cx.ua/chunk-NUXSP4TM.js:7:2222)
    at S0.next (https://www.greencity.cx.ua/chunk-NUXSP4TM.js:7:7687), [2026-03-14T20:53:05.333Z] [SEVERE] https://www.greencity.cx.ua/chunk-NUXSP4TM.js 10:45939 "ERROR" TypeError: Cannot read properties of null (reading 'setValue')
    at n.quillContentChanged (https://www.greencity.cx.ua/chunk-VNNOUBDJ.js:1:16043)
    at https://www.greencity.cx.ua/chunk-VNNOUBDJ.js:1:7223
    at eE (https://www.greencity.cx.ua/chunk-NUXSP4TM.js:11:76097)
    at Object.o [as next] (https://www.greencity.cx.ua/chunk-NUXSP4TM.js:11:76277)
    at bv.next (https://www.greencity.cx.ua/chunk-NUXSP4TM.js:7:3120)
    at Fr._next (https://www.greencity.cx.ua/chunk-NUXSP4TM.js:7:2803)
    at Fr.next (https://www.greencity.cx.ua/chunk-NUXSP4TM.js:7:2530)
    at https://www.greencity.cx.ua/chunk-NUXSP4TM.js:7:7848
    at Ac (https://www.greencity.cx.ua/chunk-NUXSP4TM.js:7:2222)
    at S0.next (https://www.greencity.cx.ua/chunk-NUXSP4TM.js:7:7687), [2026-03-14T20:53:05.334Z] [SEVERE] https://www.greencity.cx.ua/chunk-NUXSP4TM.js 10:45939 "ERROR" TypeError: Cannot read properties of null (reading 'setValue')
    at n.quillContentChanged (https://www.greencity.cx.ua/chunk-VNNOUBDJ.js:1:16043)
    at https://www.greencity.cx.ua/chunk-VNNOUBDJ.js:1:7223
    at eE (https://www.greencity.cx.ua/chunk-NUXSP4TM.js:11:76097)
    at Object.o [as next] (https://www.greencity.cx.ua/chunk-NUXSP4TM.js:11:76277)
    at bv.next (https://www.greencity.cx.ua/chunk-NUXSP4TM.js:7:3120)
    at Fr._next (https://www.greencity.cx.ua/chunk-NUXSP4TM.js:7:2803)
    at Fr.next (https://www.greencity.cx.ua/chunk-NUXSP4TM.js:7:2530)
    at https://www.greencity.cx.ua/chunk-NUXSP4TM.js:7:7848
    at Ac (https://www.greencity.cx.ua/chunk-NUXSP4TM.js:7:2222)
    at S0.next (https://www.greencity.cx.ua/chunk-NUXSP4TM.js:7:7687), [2026-03-14T20:53:05.337Z] [SEVERE] https://www.greencity.cx.ua/chunk-NUXSP4TM.js 10:45939 "ERROR" TypeError: Cannot read properties of null (reading 'setValue')
    at n.quillContentChanged (https://www.greencity.cx.ua/chunk-VNNOUBDJ.js:1:16043)
    at https://www.greencity.cx.ua/chunk-VNNOUBDJ.js:1:7223
    at eE (https://www.greencity.cx.ua/chunk-NUXSP4TM.js:11:76097)
    at Object.o [as next] (https://www.greencity.cx.ua/chunk-NUXSP4TM.js:11:76277)
    at bv.next (https://www.greencity.cx.ua/chunk-NUXSP4TM.js:7:3120)
    at Fr._next (https://www.greencity.cx.ua/chunk-NUXSP4TM.js:7:2803)
    at Fr.next (https://www.greencity.cx.ua/chunk-NUXSP4TM.js:7:2530)
    at https://www.greencity.cx.ua/chunk-NUXSP4TM.js:7:7848
    at Ac (https://www.greencity.cx.ua/chunk-NUXSP4TM.js:7:2222)
    at S0.next (https://www.greencity.cx.ua/chunk-NUXSP4TM.js:7:7687), [2026-03-14T20:53:05.339Z] [SEVERE] https://www.greencity.cx.ua/chunk-NUXSP4TM.js 10:45939 "ERROR" TypeError: Cannot read properties of null (reading 'setValue')
    at n.quillContentChanged (https://www.greencity.cx.ua/chunk-VNNOUBDJ.js:1:16043)
    at https://www.greencity.cx.ua/chunk-VNNOUBDJ.js:1:7223
    at eE (https://www.greencity.cx.ua/chunk-NUXSP4TM.js:11:76097)
    at Object.o [as next] (https://www.greencity.cx.ua/chunk-NUXSP4TM.js:11:76277)
    at bv.next (https://www.greencity.cx.ua/chunk-NUXSP4TM.js:7:3120)
    at Fr._next (https://www.greencity.cx.ua/chunk-NUXSP4TM.js:7:2803)
    at Fr.next (https://www.greencity.cx.ua/chunk-NUXSP4TM.js:7:2530)
    at https://www.greencity.cx.ua/chunk-NUXSP4TM.js:7:7848
    at Ac (https://www.greencity.cx.ua/chunk-NUXSP4TM.js:7:2222)
    at S0.next (https://www.greencity.cx.ua/chunk-NUXSP4TM.js:7:7687), [2026-03-14T20:53:05.342Z] [SEVERE] https://www.greencity.cx.ua/chunk-NUXSP4TM.js 10:45939 "ERROR" TypeError: Cannot read properties of null (reading 'setValue')
    at n.quillContentChanged (https://www.greencity.cx.ua/chunk-VNNOUBDJ.js:1:16043)
    at https://www.greencity.cx.ua/chunk-VNNOUBDJ.js:1:7223
    at eE (https://www.greencity.cx.ua/chunk-NUXSP4TM.js:11:76097)
    at Object.o [as next] (https://www.greencity.cx.ua/chunk-NUXSP4TM.js:11:76277)
    at bv.next (https://www.greencity.cx.ua/chunk-NUXSP4TM.js:7:3120)
    at Fr._next (https://www.greencity.cx.ua/chunk-NUXSP4TM.js:7:2803)
    at Fr.next (https://www.greencity.cx.ua/chunk-NUXSP4TM.js:7:2530)
    at https://www.greencity.cx.ua/chunk-NUXSP4TM.js:7:7848
    at Ac (https://www.greencity.cx.ua/chunk-NUXSP4TM.js:7:2222)
    at S0.next (https://www.greencity.cx.ua/chunk-NUXSP4TM.js:7:7687), [2026-03-14T20:53:05.344Z] [SEVERE] https://www.greencity.cx.ua/chunk-NUXSP4TM.js 10:45939 "ERROR" TypeError: Cannot read properties of null (reading 'setValue')
    at n.quillContentChanged (https://www.greencity.cx.ua/chunk-VNNOUBDJ.js:1:16043)
    at https://www.greencity.cx.ua/chunk-VNNOUBDJ.js:1:7223
    at eE (https://www.greencity.cx.ua/chunk-NUXSP4TM.js:11:76097)
    at Object.o [as next] (https://www.greencity.cx.ua/chunk-NUXSP4TM.js:11:76277)
    at bv.next (https://www.greencity.cx.ua/chunk-NUXSP4TM.js:7:3120)
    at Fr._next (https://www.greencity.cx.ua/chunk-NUXSP4TM.js:7:2803)
    at Fr.next (https://www.greencity.cx.ua/chunk-NUXSP4TM.js:7:2530)
    at https://www.greencity.cx.ua/chunk-NUXSP4TM.js:7:7848
    at Ac (https://www.greencity.cx.ua/chunk-NUXSP4TM.js:7:2222)
    at S0.next (https://www.greencity.cx.ua/chunk-NUXSP4TM.js:7:7687), [2026-03-14T20:53:05.346Z] [SEVERE] https://www.greencity.cx.ua/chunk-NUXSP4TM.js 10:45939 "ERROR" TypeError: Cannot read properties of null (reading 'setValue')
    at n.quillContentChanged (https://www.greencity.cx.ua/chunk-VNNOUBDJ.js:1:16043)
    at https://www.greencity.cx.ua/chunk-VNNOUBDJ.js:1:7223
    at eE (https://www.greencity.cx.ua/chunk-NUXSP4TM.js:11:76097)
    at Object.o [as next] (https://www.greencity.cx.ua/chunk-NUXSP4TM.js:11:76277)
    at bv.next (https://www.greencity.cx.ua/chunk-NUXSP4TM.js:7:3120)
    at Fr._next (https://www.greencity.cx.ua/chunk-NUXSP4TM.js:7:2803)
    at Fr.next (https://www.greencity.cx.ua/chunk-NUXSP4TM.js:7:2530)
    at https://www.greencity.cx.ua/chunk-NUXSP4TM.js:7:7848
    at Ac (https://www.greencity.cx.ua/chunk-NUXSP4TM.js:7:2222)
    at S0.next (https://www.greencity.cx.ua/chunk-NUXSP4TM.js:7:7687), [2026-03-14T20:53:05.348Z] [SEVERE] https://www.greencity.cx.ua/chunk-NUXSP4TM.js 10:45939 "ERROR" TypeError: Cannot read properties of null (reading 'setValue')
    at n.quillContentChanged (https://www.greencity.cx.ua/chunk-VNNOUBDJ.js:1:16043)
    at https://www.greencity.cx.ua/chunk-VNNOUBDJ.js:1:7223
    at eE (https://www.greencity.cx.ua/chunk-NUXSP4TM.js:11:76097)
    at Object.o [as next] (https://www.greencity.cx.ua/chunk-NUXSP4TM.js:11:76277)
    at bv.next (https://www.greencity.cx.ua/chunk-NUXSP4TM.js:7:3120)
    at Fr._next (https://www.greencity.cx.ua/chunk-NUXSP4TM.js:7:2803)
    at Fr.next (https://www.greencity.cx.ua/chunk-NUXSP4TM.js:7:2530)
    at https://www.greencity.cx.ua/chunk-NUXSP4TM.js:7:7848
    at Ac (https://www.greencity.cx.ua/chunk-NUXSP4TM.js:7:2222)
    at S0.next (https://www.greencity.cx.ua/chunk-NUXSP4TM.js:7:7687), [2026-03-14T20:53:05.351Z] [SEVERE] https://www.greencity.cx.ua/chunk-NUXSP4TM.js 10:45939 "ERROR" TypeError: Cannot read properties of null (reading 'setValue')
    at n.quillContentChanged (https://www.greencity.cx.ua/chunk-VNNOUBDJ.js:1:16043)
    at https://www.greencity.cx.ua/chunk-VNNOUBDJ.js:1:7223
    at eE (https://www.greencity.cx.ua/chunk-NUXSP4TM.js:11:76097)
    at Object.o [as next] (https://www.greencity.cx.ua/chunk-NUXSP4TM.js:11:76277)
    at bv.next (https://www.greencity.cx.ua/chunk-NUXSP4TM.js:7:3120)
    at Fr._next (https://www.greencity.cx.ua/chunk-NUXSP4TM.js:7:2803)
    at Fr.next (https://www.greencity.cx.ua/chunk-NUXSP4TM.js:7:2530)
    at https://www.greencity.cx.ua/chunk-NUXSP4TM.js:7:7848
    at Ac (https://www.greencity.cx.ua/chunk-NUXSP4TM.js:7:2222)
    at S0.next (https://www.greencity.cx.ua/chunk-NUXSP4TM.js:7:7687), [2026-03-14T20:53:05.353Z] [SEVERE] https://www.greencity.cx.ua/chunk-NUXSP4TM.js 10:45939 "ERROR" TypeError: Cannot read properties of null (reading 'setValue')
    at n.quillContentChanged (https://www.greencity.cx.ua/chunk-VNNOUBDJ.js:1:16043)
    at https://www.greencity.cx.ua/chunk-VNNOUBDJ.js:1:7223
    at eE (https://www.greencity.cx.ua/chunk-NUXSP4TM.js:11:76097)
    at Object.o [as next] (https://www.greencity.cx.ua/chunk-NUXSP4TM.js:11:76277)
    at bv.next (https://www.greencity.cx.ua/chunk-NUXSP4TM.js:7:3120)
    at Fr._next (https://www.greencity.cx.ua/chunk-NUXSP4TM.js:7:2803)
    at Fr.next (https://www.greencity.cx.ua/chunk-NUXSP4TM.js:7:2530)
    at https://www.greencity.cx.ua/chunk-NUXSP4TM.js:7:7848
    at Ac (https://www.greencity.cx.ua/chunk-NUXSP4TM.js:7:2222)
    at S0.next (https://www.greencity.cx.ua/chunk-NUXSP4TM.js:7:7687), [2026-03-14T20:53:05.355Z] [SEVERE] https://www.greencity.cx.ua/chunk-NUXSP4TM.js 10:45939 "ERROR" TypeError: Cannot read properties of null (reading 'setValue')
    at n.quillContentChanged (https://www.greencity.cx.ua/chunk-VNNOUBDJ.js:1:16043)
    at https://www.greencity.cx.ua/chunk-VNNOUBDJ.js:1:7223
    at eE (https://www.greencity.cx.ua/chunk-NUXSP4TM.js:11:76097)
    at Object.o [as next] (https://www.greencity.cx.ua/chunk-NUXSP4TM.js:11:76277)
    at bv.next (https://www.greencity.cx.ua/chunk-NUXSP4TM.js:7:3120)
    at Fr._next (https://www.greencity.cx.ua/chunk-NUXSP4TM.js:7:2803)
    at Fr.next (https://www.greencity.cx.ua/chunk-NUXSP4TM.js:7:2530)
    at https://www.greencity.cx.ua/chunk-NUXSP4TM.js:7:7848
    at Ac (https://www.greencity.cx.ua/chunk-NUXSP4TM.js:7:2222)
    at S0.next (https://www.greencity.cx.ua/chunk-NUXSP4TM.js:7:7687), [2026-03-14T20:53:05.358Z] [SEVERE] https://www.greencity.cx.ua/chunk-NUXSP4TM.js 10:45939 "ERROR" TypeError: Cannot read properties of null (reading 'setValue')
    at n.quillContentChanged (https://www.greencity.cx.ua/chunk-VNNOUBDJ.js:1:16043)
    at https://www.greencity.cx.ua/chunk-VNNOUBDJ.js:1:7223
    at eE (https://www.greencity.cx.ua/chunk-NUXSP4TM.js:11:76097)
    at Object.o [as next] (https://www.greencity.cx.ua/chunk-NUXSP4TM.js:11:76277)
    at bv.next (https://www.greencity.cx.ua/chunk-NUXSP4TM.js:7:3120)
    at Fr._next (https://www.greencity.cx.ua/chunk-NUXSP4TM.js:7:2803)
    at Fr.next (https://www.greencity.cx.ua/chunk-NUXSP4TM.js:7:2530)
    at https://www.greencity.cx.ua/chunk-NUXSP4TM.js:7:7848
    at Ac (https://www.greencity.cx.ua/chunk-NUXSP4TM.js:7:2222)
    at S0.next (https://www.greencity.cx.ua/chunk-NUXSP4TM.js:7:7687), [2026-03-14T20:53:05.360Z] [SEVERE] https://www.greencity.cx.ua/chunk-NUXSP4TM.js 10:45939 "ERROR" TypeError: Cannot read properties of null (reading 'setValue')
    at n.quillContentChanged (https://www.greencity.cx.ua/chunk-VNNOUBDJ.js:1:16043)
    at https://www.greencity.cx.ua/chunk-VNNOUBDJ.js:1:7223
    at eE (https://www.greencity.cx.ua/chunk-NUXSP4TM.js:11:76097)
    at Object.o [as next] (https://www.greencity.cx.ua/chunk-NUXSP4TM.js:11:76277)
    at bv.next (https://www.greencity.cx.ua/chunk-NUXSP4TM.js:7:3120)
    at Fr._next (https://www.greencity.cx.ua/chunk-NUXSP4TM.js:7:2803)
    at Fr.next (https://www.greencity.cx.ua/chunk-NUXSP4TM.js:7:2530)
    at https://www.greencity.cx.ua/chunk-NUXSP4TM.js:7:7848
    at Ac (https://www.greencity.cx.ua/chunk-NUXSP4TM.js:7:2222)
    at S0.next (https://www.greencity.cx.ua/chunk-NUXSP4TM.js:7:7687), [2026-03-14T20:53:05.363Z] [SEVERE] https://www.greencity.cx.ua/chunk-NUXSP4TM.js 10:45939 "ERROR" TypeError: Cannot read properties of null (reading 'setValue')
    at n.quillContentChanged (https://www.greencity.cx.ua/chunk-VNNOUBDJ.js:1:16043)
    at https://www.greencity.cx.ua/chunk-VNNOUBDJ.js:1:7223
    at eE (https://www.greencity.cx.ua/chunk-NUXSP4TM.js:11:76097)
    at Object.o [as next] (https://www.greencity.cx.ua/chunk-NUXSP4TM.js:11:76277)
    at bv.next (https://www.greencity.cx.ua/chunk-NUXSP4TM.js:7:3120)
    at Fr._next (https://www.greencity.cx.ua/chunk-NUXSP4TM.js:7:2803)
    at Fr.next (https://www.greencity.cx.ua/chunk-NUXSP4TM.js:7:2530)
    at https://www.greencity.cx.ua/chunk-NUXSP4TM.js:7:7848
    at Ac (https://www.greencity.cx.ua/chunk-NUXSP4TM.js:7:2222)
    at S0.next (https://www.greencity.cx.ua/chunk-NUXSP4TM.js:7:7687), [2026-03-14T20:53:05.366Z] [SEVERE] https://www.greencity.cx.ua/chunk-NUXSP4TM.js 10:45939 "ERROR" TypeError: Cannot read properties of null (reading 'setValue')
    at n.quillContentChanged (https://www.greencity.cx.ua/chunk-VNNOUBDJ.js:1:16043)
    at https://www.greencity.cx.ua/chunk-VNNOUBDJ.js:1:7223
    at eE (https://www.greencity.cx.ua/chunk-NUXSP4TM.js:11:76097)
    at Object.o [as next] (https://www.greencity.cx.ua/chunk-NUXSP4TM.js:11:76277)
    at bv.next (https://www.greencity.cx.ua/chunk-NUXSP4TM.js:7:3120)
    at Fr._next (https://www.greencity.cx.ua/chunk-NUXSP4TM.js:7:2803)
    at Fr.next (https://www.greencity.cx.ua/chunk-NUXSP4TM.js:7:2530)
    at https://www.greencity.cx.ua/chunk-NUXSP4TM.js:7:7848
    at Ac (https://www.greencity.cx.ua/chunk-NUXSP4TM.js:7:2222)
    at S0.next (https://www.greencity.cx.ua/chunk-NUXSP4TM.js:7:7687), [2026-03-14T20:53:05.368Z] [SEVERE] https://www.greencity.cx.ua/chunk-NUXSP4TM.js 10:45939 "ERROR" TypeError: Cannot read properties of null (reading 'setValue')
    at n.quillContentChanged (https://www.greencity.cx.ua/chunk-VNNOUBDJ.js:1:16043)
    at https://www.greencity.cx.ua/chunk-VNNOUBDJ.js:1:7223
    at eE (https://www.greencity.cx.ua/chunk-NUXSP4TM.js:11:76097)
    at Object.o [as next] (https://www.greencity.cx.ua/chunk-NUXSP4TM.js:11:76277)
    at bv.next (https://www.greencity.cx.ua/chunk-NUXSP4TM.js:7:3120)
    at Fr._next (https://www.greencity.cx.ua/chunk-NUXSP4TM.js:7:2803)
    at Fr.next (https://www.greencity.cx.ua/chunk-NUXSP4TM.js:7:2530)
    at https://www.greencity.cx.ua/chunk-NUXSP4TM.js:7:7848
    at Ac (https://www.greencity.cx.ua/chunk-NUXSP4TM.js:7:2222)
    at S0.next (https://www.greencity.cx.ua/chunk-NUXSP4TM.js:7:7687), [2026-03-14T20:53:05.371Z] [SEVERE] https://www.greencity.cx.ua/chunk-NUXSP4TM.js 10:45939 "ERROR" TypeError: Cannot read properties of null (reading 'setValue')
    at n.quillContentChanged (https://www.greencity.cx.ua/chunk-VNNOUBDJ.js:1:16043)
    at https://www.greencity.cx.ua/chunk-VNNOUBDJ.js:1:7223
    at eE (https://www.greencity.cx.ua/chunk-NUXSP4TM.js:11:76097)
    at Object.o [as next] (https://www.greencity.cx.ua/chunk-NUXSP4TM.js:11:76277)
    at bv.next (https://www.greencity.cx.ua/chunk-NUXSP4TM.js:7:3120)
    at Fr._next (https://www.greencity.cx.ua/chunk-NUXSP4TM.js:7:2803)
    at Fr.next (https://www.greencity.cx.ua/chunk-NUXSP4TM.js:7:2530)
    at https://www.greencity.cx.ua/chunk-NUXSP4TM.js:7:7848
    at Ac (https://www.greencity.cx.ua/chunk-NUXSP4TM.js:7:2222)
    at S0.next (https://www.greencity.cx.ua/chunk-NUXSP4TM.js:7:7687), [2026-03-14T20:53:05.373Z] [SEVERE] https://www.greencity.cx.ua/chunk-NUXSP4TM.js 10:45939 "ERROR" TypeError: Cannot read properties of null (reading 'setValue')
    at n.quillContentChanged (https://www.greencity.cx.ua/chunk-VNNOUBDJ.js:1:16043)
    at https://www.greencity.cx.ua/chunk-VNNOUBDJ.js:1:7223
    at eE (https://www.greencity.cx.ua/chunk-NUXSP4TM.js:11:76097)
    at Object.o [as next] (https://www.greencity.cx.ua/chunk-NUXSP4TM.js:11:76277)
    at bv.next (https://www.greencity.cx.ua/chunk-NUXSP4TM.js:7:3120)
    at Fr._next (https://www.greencity.cx.ua/chunk-NUXSP4TM.js:7:2803)
    at Fr.next (https://www.greencity.cx.ua/chunk-NUXSP4TM.js:7:2530)
    at https://www.greencity.cx.ua/chunk-NUXSP4TM.js:7:7848
    at Ac (https://www.greencity.cx.ua/chunk-NUXSP4TM.js:7:2222)
    at S0.next (https://www.greencity.cx.ua/chunk-NUXSP4TM.js:7:7687), [2026-03-14T20:53:05.376Z] [SEVERE] https://www.greencity.cx.ua/chunk-NUXSP4TM.js 10:45939 "ERROR" TypeError: Cannot read properties of null (reading 'setValue')
    at n.quillContentChanged (https://www.greencity.cx.ua/chunk-VNNOUBDJ.js:1:16043)
    at https://www.greencity.cx.ua/chunk-VNNOUBDJ.js:1:7223
    at eE (https://www.greencity.cx.ua/chunk-NUXSP4TM.js:11:76097)
    at Object.o [as next] (https://www.greencity.cx.ua/chunk-NUXSP4TM.js:11:76277)
    at bv.next (https://www.greencity.cx.ua/chunk-NUXSP4TM.js:7:3120)
    at Fr._next (https://www.greencity.cx.ua/chunk-NUXSP4TM.js:7:2803)
    at Fr.next (https://www.greencity.cx.ua/chunk-NUXSP4TM.js:7:2530)
    at https://www.greencity.cx.ua/chunk-NUXSP4TM.js:7:7848
    at Ac (https://www.greencity.cx.ua/chunk-NUXSP4TM.js:7:2222)
    at S0.next (https://www.greencity.cx.ua/chunk-NUXSP4TM.js:7:7687), [2026-03-14T20:53:05.379Z] [SEVERE] https://www.greencity.cx.ua/chunk-NUXSP4TM.js 10:45939 "ERROR" TypeError: Cannot read properties of null (reading 'setValue')
    at n.quillContentChanged (https://www.greencity.cx.ua/chunk-VNNOUBDJ.js:1:16043)
    at https://www.greencity.cx.ua/chunk-VNNOUBDJ.js:1:7223
    at eE (https://www.greencity.cx.ua/chunk-NUXSP4TM.js:11:76097)
    at Object.o [as next] (https://www.greencity.cx.ua/chunk-NUXSP4TM.js:11:76277)
    at bv.next (https://www.greencity.cx.ua/chunk-NUXSP4TM.js:7:3120)
    at Fr._next (https://www.greencity.cx.ua/chunk-NUXSP4TM.js:7:2803)
    at Fr.next (https://www.greencity.cx.ua/chunk-NUXSP4TM.js:7:2530)
    at https://www.greencity.cx.ua/chunk-NUXSP4TM.js:7:7848
    at Ac (https://www.greencity.cx.ua/chunk-NUXSP4TM.js:7:2222)
    at S0.next (https://www.greencity.cx.ua/chunk-NUXSP4TM.js:7:7687), [2026-03-14T20:53:05.382Z] [SEVERE] https://www.greencity.cx.ua/chunk-NUXSP4TM.js 10:45939 "ERROR" TypeError: Cannot read properties of null (reading 'setValue')
    at n.quillContentChanged (https://www.greencity.cx.ua/chunk-VNNOUBDJ.js:1:16043)
    at https://www.greencity.cx.ua/chunk-VNNOUBDJ.js:1:7223
    at eE (https://www.greencity.cx.ua/chunk-NUXSP4TM.js:11:76097)
    at Object.o [as next] (https://www.greencity.cx.ua/chunk-NUXSP4TM.js:11:76277)
    at bv.next (https://www.greencity.cx.ua/chunk-NUXSP4TM.js:7:3120)
    at Fr._next (https://www.greencity.cx.ua/chunk-NUXSP4TM.js:7:2803)
    at Fr.next (https://www.greencity.cx.ua/chunk-NUXSP4TM.js:7:2530)
    at https://www.greencity.cx.ua/chunk-NUXSP4TM.js:7:7848
    at Ac (https://www.greencity.cx.ua/chunk-NUXSP4TM.js:7:2222)
    at S0.next (https://www.greencity.cx.ua/chunk-NUXSP4TM.js:7:7687), [2026-03-14T20:53:05.384Z] [SEVERE] https://www.greencity.cx.ua/chunk-NUXSP4TM.js 10:45939 "ERROR" TypeError: Cannot read properties of null (reading 'setValue')
    at n.quillContentChanged (https://www.greencity.cx.ua/chunk-VNNOUBDJ.js:1:16043)
    at https://www.greencity.cx.ua/chunk-VNNOUBDJ.js:1:7223
    at eE (https://www.greencity.cx.ua/chunk-NUXSP4TM.js:11:76097)
    at Object.o [as next] (https://www.greencity.cx.ua/chunk-NUXSP4TM.js:11:76277)
    at bv.next (https://www.greencity.cx.ua/chunk-NUXSP4TM.js:7:3120)
    at Fr._next (https://www.greencity.cx.ua/chunk-NUXSP4TM.js:7:2803)
    at Fr.next (https://www.greencity.cx.ua/chunk-NUXSP4TM.js:7:2530)
    at https://www.greencity.cx.ua/chunk-NUXSP4TM.js:7:7848
    at Ac (https://www.greencity.cx.ua/chunk-NUXSP4TM.js:7:2222)
    at S0.next (https://www.greencity.cx.ua/chunk-NUXSP4TM.js:7:7687), [2026-03-14T20:53:05.388Z] [SEVERE] https://www.greencity.cx.ua/chunk-NUXSP4TM.js 10:45939 "ERROR" TypeError: Cannot read properties of null (reading 'setValue')
    at n.quillContentChanged (https://www.greencity.cx.ua/chunk-VNNOUBDJ.js:1:16043)
    at https://www.greencity.cx.ua/chunk-VNNOUBDJ.js:1:7223
    at eE (https://www.greencity.cx.ua/chunk-NUXSP4TM.js:11:76097)
    at Object.o [as next] (https://www.greencity.cx.ua/chunk-NUXSP4TM.js:11:76277)
    at bv.next (https://www.greencity.cx.ua/chunk-NUXSP4TM.js:7:3120)
    at Fr._next (https://www.greencity.cx.ua/chunk-NUXSP4TM.js:7:2803)
    at Fr.next (https://www.greencity.cx.ua/chunk-NUXSP4TM.js:7:2530)
    at https://www.greencity.cx.ua/chunk-NUXSP4TM.js:7:7848
    at Ac (https://www.greencity.cx.ua/chunk-NUXSP4TM.js:7:2222)
    at S0.next (https://www.greencity.cx.ua/chunk-NUXSP4TM.js:7:7687), [2026-03-14T20:53:05.391Z] [SEVERE] https://www.greencity.cx.ua/chunk-NUXSP4TM.js 10:45939 "ERROR" TypeError: Cannot read properties of null (reading 'setValue')
    at n.quillContentChanged (https://www.greencity.cx.ua/chunk-VNNOUBDJ.js:1:16043)
    at https://www.greencity.cx.ua/chunk-VNNOUBDJ.js:1:7223
    at eE (https://www.greencity.cx.ua/chunk-NUXSP4TM.js:11:76097)
    at Object.o [as next] (https://www.greencity.cx.ua/chunk-NUXSP4TM.js:11:76277)
    at bv.next (https://www.greencity.cx.ua/chunk-NUXSP4TM.js:7:3120)
    at Fr._next (https://www.greencity.cx.ua/chunk-NUXSP4TM.js:7:2803)
    at Fr.next (https://www.greencity.cx.ua/chunk-NUXSP4TM.js:7:2530)
    at https://www.greencity.cx.ua/chunk-NUXSP4TM.js:7:7848
    at Ac (https://www.greencity.cx.ua/chunk-NUXSP4TM.js:7:2222)
    at S0.next (https://www.greencity.cx.ua/chunk-NUXSP4TM.js:7:7687), [2026-03-14T20:53:05.394Z] [SEVERE] https://www.greencity.cx.ua/chunk-NUXSP4TM.js 10:45939 "ERROR" TypeError: Cannot read properties of null (reading 'setValue')
    at n.quillContentChanged (https://www.greencity.cx.ua/chunk-VNNOUBDJ.js:1:16043)
    at https://www.greencity.cx.ua/chunk-VNNOUBDJ.js:1:7223
    at eE (https://www.greencity.cx.ua/chunk-NUXSP4TM.js:11:76097)
    at Object.o [as next] (https://www.greencity.cx.ua/chunk-NUXSP4TM.js:11:76277)
    at bv.next (https://www.greencity.cx.ua/chunk-NUXSP4TM.js:7:3120)
    at Fr._next (https://www.greencity.cx.ua/chunk-NUXSP4TM.js:7:2803)
    at Fr.next (https://www.greencity.cx.ua/chunk-NUXSP4TM.js:7:2530)
    at https://www.greencity.cx.ua/chunk-NUXSP4TM.js:7:7848
    at Ac (https://www.greencity.cx.ua/chunk-NUXSP4TM.js:7:2222)
    at S0.next (https://www.greencity.cx.ua/chunk-NUXSP4TM.js:7:7687), [2026-03-14T20:53:05.397Z] [SEVERE] https://www.greencity.cx.ua/chunk-NUXSP4TM.js 10:45939 "ERROR" TypeError: Cannot read properties of null (reading 'setValue')
    at n.quillContentChanged (https://www.greencity.cx.ua/chunk-VNNOUBDJ.js:1:16043)
    at https://www.greencity.cx.ua/chunk-VNNOUBDJ.js:1:7223
    at eE (https://www.greencity.cx.ua/chunk-NUXSP4TM.js:11:76097)
    at Object.o [as next] (https://www.greencity.cx.ua/chunk-NUXSP4TM.js:11:76277)
    at bv.next (https://www.greencity.cx.ua/chunk-NUXSP4TM.js:7:3120)
    at Fr._next (https://www.greencity.cx.ua/chunk-NUXSP4TM.js:7:2803)
    at Fr.next (https://www.greencity.cx.ua/chunk-NUXSP4TM.js:7:2530)
    at https://www.greencity.cx.ua/chunk-NUXSP4TM.js:7:7848
    at Ac (https://www.greencity.cx.ua/chunk-NUXSP4TM.js:7:2222)
    at S0.next (https://www.greencity.cx.ua/chunk-NUXSP4TM.js:7:7687), [2026-03-14T20:53:05.400Z] [SEVERE] https://www.greencity.cx.ua/chunk-NUXSP4TM.js 10:45939 "ERROR" TypeError: Cannot read properties of null (reading 'setValue')
    at n.quillContentChanged (https://www.greencity.cx.ua/chunk-VNNOUBDJ.js:1:16043)
    at https://www.greencity.cx.ua/chunk-VNNOUBDJ.js:1:7223
    at eE (https://www.greencity.cx.ua/chunk-NUXSP4TM.js:11:76097)
    at Object.o [as next] (https://www.greencity.cx.ua/chunk-NUXSP4TM.js:11:76277)
    at bv.next (https://www.greencity.cx.ua/chunk-NUXSP4TM.js:7:3120)
    at Fr._next (https://www.greencity.cx.ua/chunk-NUXSP4TM.js:7:2803)
    at Fr.next (https://www.greencity.cx.ua/chunk-NUXSP4TM.js:7:2530)
    at https://www.greencity.cx.ua/chunk-NUXSP4TM.js:7:7848
    at Ac (https://www.greencity.cx.ua/chunk-NUXSP4TM.js:7:2222)
    at S0.next (https://www.greencity.cx.ua/chunk-NUXSP4TM.js:7:7687), [2026-03-14T20:53:05.403Z] [SEVERE] https://www.greencity.cx.ua/chunk-NUXSP4TM.js 10:45939 "ERROR" TypeError: Cannot read properties of null (reading 'setValue')
    at n.quillContentChanged (https://www.greencity.cx.ua/chunk-VNNOUBDJ.js:1:16043)
    at https://www.greencity.cx.ua/chunk-VNNOUBDJ.js:1:7223
    at eE (https://www.greencity.cx.ua/chunk-NUXSP4TM.js:11:76097)
    at Object.o [as next] (https://www.greencity.cx.ua/chunk-NUXSP4TM.js:11:76277)
    at bv.next (https://www.greencity.cx.ua/chunk-NUXSP4TM.js:7:3120)
    at Fr._next (https://www.greencity.cx.ua/chunk-NUXSP4TM.js:7:2803)
    at Fr.next (https://www.greencity.cx.ua/chunk-NUXSP4TM.js:7:2530)
    at https://www.greencity.cx.ua/chunk-NUXSP4TM.js:7:7848
    at Ac (https://www.greencity.cx.ua/chunk-NUXSP4TM.js:7:2222)
    at S0.next (https://www.greencity.cx.ua/chunk-NUXSP4TM.js:7:7687), [2026-03-14T20:53:05.407Z] [SEVERE] https://www.greencity.cx.ua/chunk-NUXSP4TM.js 10:45939 "ERROR" TypeError: Cannot read properties of null (reading 'setValue')
    at n.quillContentChanged (https://www.greencity.cx.ua/chunk-VNNOUBDJ.js:1:16043)
    at https://www.greencity.cx.ua/chunk-VNNOUBDJ.js:1:7223
    at eE (https://www.greencity.cx.ua/chunk-NUXSP4TM.js:11:76097)
    at Object.o [as next] (https://www.greencity.cx.ua/chunk-NUXSP4TM.js:11:76277)
    at bv.next (https://www.greencity.cx.ua/chunk-NUXSP4TM.js:7:3120)
    at Fr._next (https://www.greencity.cx.ua/chunk-NUXSP4TM.js:7:2803)
    at Fr.next (https://www.greencity.cx.ua/chunk-NUXSP4TM.js:7:2530)
    at https://www.greencity.cx.ua/chunk-NUXSP4TM.js:7:7848
    at Ac (https://www.greencity.cx.ua/chunk-NUXSP4TM.js:7:2222)
    at S0.next (https://www.greencity.cx.ua/chunk-NUXSP4TM.js:7:7687), [2026-03-14T20:53:05.410Z] [SEVERE] https://www.greencity.cx.ua/chunk-NUXSP4TM.js 10:45939 "ERROR" TypeError: Cannot read properties of null (reading 'setValue')
    at n.quillContentChanged (https://www.greencity.cx.ua/chunk-VNNOUBDJ.js:1:16043)
    at https://www.greencity.cx.ua/chunk-VNNOUBDJ.js:1:7223
    at eE (https://www.greencity.cx.ua/chunk-NUXSP4TM.js:11:76097)
    at Object.o [as next] (https://www.greencity.cx.ua/chunk-NUXSP4TM.js:11:76277)
    at bv.next (https://www.greencity.cx.ua/chunk-NUXSP4TM.js:7:3120)
    at Fr._next (https://www.greencity.cx.ua/chunk-NUXSP4TM.js:7:2803)
    at Fr.next (https://www.greencity.cx.ua/chunk-NUXSP4TM.js:7:2530)
    at https://www.greencity.cx.ua/chunk-NUXSP4TM.js:7:7848
    at Ac (https://www.greencity.cx.ua/chunk-NUXSP4TM.js:7:2222)
    at S0.next (https://www.greencity.cx.ua/chunk-NUXSP4TM.js:7:7687), [2026-03-14T20:53:05.415Z] [SEVERE] https://www.greencity.cx.ua/chunk-NUXSP4TM.js 10:45939 "ERROR" TypeError: Cannot read properties of null (reading 'setValue')
    at n.quillContentChanged (https://www.greencity.cx.ua/chunk-VNNOUBDJ.js:1:16043)
    at https://www.greencity.cx.ua/chunk-VNNOUBDJ.js:1:7223
    at eE (https://www.greencity.cx.ua/chunk-NUXSP4TM.js:11:76097)
    at Object.o [as next] (https://www.greencity.cx.ua/chunk-NUXSP4TM.js:11:76277)
    at bv.next (https://www.greencity.cx.ua/chunk-NUXSP4TM.js:7:3120)
    at Fr._next (https://www.greencity.cx.ua/chunk-NUXSP4TM.js:7:2803)
    at Fr.next (https://www.greencity.cx.ua/chunk-NUXSP4TM.js:7:2530)
    at https://www.greencity.cx.ua/chunk-NUXSP4TM.js:7:7848
    at Ac (https://www.greencity.cx.ua/chunk-NUXSP4TM.js:7:2222)
    at S0.next (https://www.greencity.cx.ua/chunk-NUXSP4TM.js:7:7687), [2026-03-14T20:53:05.419Z] [SEVERE] https://www.greencity.cx.ua/chunk-NUXSP4TM.js 10:45939 "ERROR" TypeError: Cannot read properties of null (reading 'setValue')
    at n.quillContentChanged (https://www.greencity.cx.ua/chunk-VNNOUBDJ.js:1:16043)
    at https://www.greencity.cx.ua/chunk-VNNOUBDJ.js:1:7223
    at eE (https://www.greencity.cx.ua/chunk-NUXSP4TM.js:11:76097)
    at Object.o [as next] (https://www.greencity.cx.ua/chunk-NUXSP4TM.js:11:76277)
    at bv.next (https://www.greencity.cx.ua/chunk-NUXSP4TM.js:7:3120)
    at Fr._next (https://www.greencity.cx.ua/chunk-NUXSP4TM.js:7:2803)
    at Fr.next (https://www.greencity.cx.ua/chunk-NUXSP4TM.js:7:2530)
    at https://www.greencity.cx.ua/chunk-NUXSP4TM.js:7:7848
    at Ac (https://www.greencity.cx.ua/chunk-NUXSP4TM.js:7:2222)
    at S0.next (https://www.greencity.cx.ua/chunk-NUXSP4TM.js:7:7687), [2026-03-14T20:53:05.423Z] [SEVERE] https://www.greencity.cx.ua/chunk-NUXSP4TM.js 10:45939 "ERROR" TypeError: Cannot read properties of null (reading 'setValue')
    at n.quillContentChanged (https://www.greencity.cx.ua/chunk-VNNOUBDJ.js:1:16043)
    at https://www.greencity.cx.ua/chunk-VNNOUBDJ.js:1:7223
    at eE (https://www.greencity.cx.ua/chunk-NUXSP4TM.js:11:76097)
    at Object.o [as next] (https://www.greencity.cx.ua/chunk-NUXSP4TM.js:11:76277)
    at bv.next (https://www.greencity.cx.ua/chunk-NUXSP4TM.js:7:3120)
    at Fr._next (https://www.greencity.cx.ua/chunk-NUXSP4TM.js:7:2803)
    at Fr.next (https://www.greencity.cx.ua/chunk-NUXSP4TM.js:7:2530)
    at https://www.greencity.cx.ua/chunk-NUXSP4TM.js:7:7848
    at Ac (https://www.greencity.cx.ua/chunk-NUXSP4TM.js:7:2222)
    at S0.next (https://www.greencity.cx.ua/chunk-NUXSP4TM.js:7:7687), [2026-03-14T20:53:05.426Z] [SEVERE] https://www.greencity.cx.ua/chunk-NUXSP4TM.js 10:45939 "ERROR" TypeError: Cannot read properties of null (reading 'setValue')
    at n.quillContentChanged (https://www.greencity.cx.ua/chunk-VNNOUBDJ.js:1:16043)
    at https://www.greencity.cx.ua/chunk-VNNOUBDJ.js:1:7223
    at eE (https://www.greencity.cx.ua/chunk-NUXSP4TM.js:11:76097)
    at Object.o [as next] (https://www.greencity.cx.ua/chunk-NUXSP4TM.js:11:76277)
    at bv.next (https://www.greencity.cx.ua/chunk-NUXSP4TM.js:7:3120)
    at Fr._next (https://www.greencity.cx.ua/chunk-NUXSP4TM.js:7:2803)
    at Fr.next (https://www.greencity.cx.ua/chunk-NUXSP4TM.js:7:2530)
    at https://www.greencity.cx.ua/chunk-NUXSP4TM.js:7:7848
    at Ac (https://www.greencity.cx.ua/chunk-NUXSP4TM.js:7:2222)
    at S0.next (https://www.greencity.cx.ua/chunk-NUXSP4TM.js:7:7687), [2026-03-14T20:53:05.429Z] [SEVERE] https://www.greencity.cx.ua/chunk-NUXSP4TM.js 10:45939 "ERROR" TypeError: Cannot read properties of null (reading 'setValue')
    at n.quillContentChanged (https://www.greencity.cx.ua/chunk-VNNOUBDJ.js:1:16043)
    at https://www.greencity.cx.ua/chunk-VNNOUBDJ.js:1:7223
    at eE (https://www.greencity.cx.ua/chunk-NUXSP4TM.js:11:76097)
    at Object.o [as next] (https://www.greencity.cx.ua/chunk-NUXSP4TM.js:11:76277)
    at bv.next (https://www.greencity.cx.ua/chunk-NUXSP4TM.js:7:3120)
    at Fr._next (https://www.greencity.cx.ua/chunk-NUXSP4TM.js:7:2803)
    at Fr.next (https://www.greencity.cx.ua/chunk-NUXSP4TM.js:7:2530)
    at https://www.greencity.cx.ua/chunk-NUXSP4TM.js:7:7848
    at Ac (https://www.greencity.cx.ua/chunk-NUXSP4TM.js:7:2222)
    at S0.next (https://www.greencity.cx.ua/chunk-NUXSP4TM.js:7:7687), [2026-03-14T20:53:05.431Z] [SEVERE] https://www.greencity.cx.ua/chunk-NUXSP4TM.js 10:45939 "ERROR" TypeError: Cannot read properties of null (reading 'setValue')
    at n.quillContentChanged (https://www.greencity.cx.ua/chunk-VNNOUBDJ.js:1:16043)
    at https://www.greencity.cx.ua/chunk-VNNOUBDJ.js:1:7223
    at eE (https://www.greencity.cx.ua/chunk-NUXSP4TM.js:11:76097)
    at Object.o [as next] (https://www.greencity.cx.ua/chunk-NUXSP4TM.js:11:76277)
    at bv.next (https://www.greencity.cx.ua/chunk-NUXSP4TM.js:7:3120)
    at Fr._next (https://www.greencity.cx.ua/chunk-NUXSP4TM.js:7:2803)
    at Fr.next (https://www.greencity.cx.ua/chunk-NUXSP4TM.js:7:2530)
    at https://www.greencity.cx.ua/chunk-NUXSP4TM.js:7:7848
    at Ac (https://www.greencity.cx.ua/chunk-NUXSP4TM.js:7:2222)
    at S0.next (https://www.greencity.cx.ua/chunk-NUXSP4TM.js:7:7687), [2026-03-14T20:53:05.434Z] [SEVERE] https://www.greencity.cx.ua/chunk-NUXSP4TM.js 10:45939 "ERROR" TypeError: Cannot read properties of null (reading 'setValue')
    at n.quillContentChanged (https://www.greencity.cx.ua/chunk-VNNOUBDJ.js:1:16043)
    at https://www.greencity.cx.ua/chunk-VNNOUBDJ.js:1:7223
    at eE (https://www.greencity.cx.ua/chunk-NUXSP4TM.js:11:76097)
    at Object.o [as next] (https://www.greencity.cx.ua/chunk-NUXSP4TM.js:11:76277)
    at bv.next (https://www.greencity.cx.ua/chunk-NUXSP4TM.js:7:3120)
    at Fr._next (https://www.greencity.cx.ua/chunk-NUXSP4TM.js:7:2803)
    at Fr.next (https://www.greencity.cx.ua/chunk-NUXSP4TM.js:7:2530)
    at https://www.greencity.cx.ua/chunk-NUXSP4TM.js:7:7848
    at Ac (https://www.greencity.cx.ua/chunk-NUXSP4TM.js:7:2222)
    at S0.next (https://www.greencity.cx.ua/chunk-NUXSP4TM.js:7:7687), [2026-03-14T20:53:05.438Z] [SEVERE] https://www.greencity.cx.ua/chunk-NUXSP4TM.js 10:45939 "ERROR" TypeError: Cannot read properties of null (reading 'setValue')
    at n.quillContentChanged (https://www.greencity.cx.ua/chunk-VNNOUBDJ.js:1:16043)
    at https://www.greencity.cx.ua/chunk-VNNOUBDJ.js:1:7223
    at eE (https://www.greencity.cx.ua/chunk-NUXSP4TM.js:11:76097)
    at Object.o [as next] (https://www.greencity.cx.ua/chunk-NUXSP4TM.js:11:76277)
    at bv.next (https://www.greencity.cx.ua/chunk-NUXSP4TM.js:7:3120)
    at Fr._next (https://www.greencity.cx.ua/chunk-NUXSP4TM.js:7:2803)
    at Fr.next (https://www.greencity.cx.ua/chunk-NUXSP4TM.js:7:2530)
    at https://www.greencity.cx.ua/chunk-NUXSP4TM.js:7:7848
    at Ac (https://www.greencity.cx.ua/chunk-NUXSP4TM.js:7:2222)
    at S0.next (https://www.greencity.cx.ua/chunk-NUXSP4TM.js:7:7687), [2026-03-14T20:53:05.441Z] [SEVERE] https://www.greencity.cx.ua/chunk-NUXSP4TM.js 10:45939 "ERROR" TypeError: Cannot read properties of null (reading 'setValue')
    at n.quillContentChanged (https://www.greencity.cx.ua/chunk-VNNOUBDJ.js:1:16043)
    at https://www.greencity.cx.ua/chunk-VNNOUBDJ.js:1:7223
    at eE (https://www.greencity.cx.ua/chunk-NUXSP4TM.js:11:76097)
    at Object.o [as next] (https://www.greencity.cx.ua/chunk-NUXSP4TM.js:11:76277)
    at bv.next (https://www.greencity.cx.ua/chunk-NUXSP4TM.js:7:3120)
    at Fr._next (https://www.greencity.cx.ua/chunk-NUXSP4TM.js:7:2803)
    at Fr.next (https://www.greencity.cx.ua/chunk-NUXSP4TM.js:7:2530)
    at https://www.greencity.cx.ua/chunk-NUXSP4TM.js:7:7848
    at Ac (https://www.greencity.cx.ua/chunk-NUXSP4TM.js:7:2222)
    at S0.next (https://www.greencity.cx.ua/chunk-NUXSP4TM.js:7:7687), [2026-03-14T20:53:05.444Z] [SEVERE] https://www.greencity.cx.ua/chunk-NUXSP4TM.js 10:45939 "ERROR" TypeError: Cannot read properties of null (reading 'setValue')
    at n.quillContentChanged (https://www.greencity.cx.ua/chunk-VNNOUBDJ.js:1:16043)
    at https://www.greencity.cx.ua/chunk-VNNOUBDJ.js:1:7223
    at eE (https://www.greencity.cx.ua/chunk-NUXSP4TM.js:11:76097)
    at Object.o [as next] (https://www.greencity.cx.ua/chunk-NUXSP4TM.js:11:76277)
    at bv.next (https://www.greencity.cx.ua/chunk-NUXSP4TM.js:7:3120)
    at Fr._next (https://www.greencity.cx.ua/chunk-NUXSP4TM.js:7:2803)
    at Fr.next (https://www.greencity.cx.ua/chunk-NUXSP4TM.js:7:2530)
    at https://www.greencity.cx.ua/chunk-NUXSP4TM.js:7:7848
    at Ac (https://www.greencity.cx.ua/chunk-NUXSP4TM.js:7:2222)
    at S0.next (https://www.greencity.cx.ua/chunk-NUXSP4TM.js:7:7687), [2026-03-14T20:53:05.447Z] [SEVERE] https://www.greencity.cx.ua/chunk-NUXSP4TM.js 10:45939 "ERROR" TypeError: Cannot read properties of null (reading 'setValue')
    at n.quillContentChanged (https://www.greencity.cx.ua/chunk-VNNOUBDJ.js:1:16043)
    at https://www.greencity.cx.ua/chunk-VNNOUBDJ.js:1:7223
    at eE (https://www.greencity.cx.ua/chunk-NUXSP4TM.js:11:76097)
    at Object.o [as next] (https://www.greencity.cx.ua/chunk-NUXSP4TM.js:11:76277)
    at bv.next (https://www.greencity.cx.ua/chunk-NUXSP4TM.js:7:3120)
    at Fr._next (https://www.greencity.cx.ua/chunk-NUXSP4TM.js:7:2803)
    at Fr.next (https://www.greencity.cx.ua/chunk-NUXSP4TM.js:7:2530)
    at https://www.greencity.cx.ua/chunk-NUXSP4TM.js:7:7848
    at Ac (https://www.greencity.cx.ua/chunk-NUXSP4TM.js:7:2222)
    at S0.next (https://www.greencity.cx.ua/chunk-NUXSP4TM.js:7:7687), [2026-03-14T20:53:05.450Z] [SEVERE] https://www.greencity.cx.ua/chunk-NUXSP4TM.js 10:45939 "ERROR" TypeError: Cannot read properties of null (reading 'setValue')
    at n.quillContentChanged (https://www.greencity.cx.ua/chunk-VNNOUBDJ.js:1:16043)
    at https://www.greencity.cx.ua/chunk-VNNOUBDJ.js:1:7223
    at eE (https://www.greencity.cx.ua/chunk-NUXSP4TM.js:11:76097)
    at Object.o [as next] (https://www.greencity.cx.ua/chunk-NUXSP4TM.js:11:76277)
    at bv.next (https://www.greencity.cx.ua/chunk-NUXSP4TM.js:7:3120)
    at Fr._next (https://www.greencity.cx.ua/chunk-NUXSP4TM.js:7:2803)
    at Fr.next (https://www.greencity.cx.ua/chunk-NUXSP4TM.js:7:2530)
    at https://www.greencity.cx.ua/chunk-NUXSP4TM.js:7:7848
    at Ac (https://www.greencity.cx.ua/chunk-NUXSP4TM.js:7:2222)
    at S0.next (https://www.greencity.cx.ua/chunk-NUXSP4TM.js:7:7687), [2026-03-14T20:53:05.452Z] [SEVERE] https://www.greencity.cx.ua/chunk-NUXSP4TM.js 10:45939 "ERROR" TypeError: Cannot read properties of null (reading 'setValue')
    at n.quillContentChanged (https://www.greencity.cx.ua/chunk-VNNOUBDJ.js:1:16043)
    at https://www.greencity.cx.ua/chunk-VNNOUBDJ.js:1:7223
    at eE (https://www.greencity.cx.ua/chunk-NUXSP4TM.js:11:76097)
    at Object.o [as next] (https://www.greencity.cx.ua/chunk-NUXSP4TM.js:11:76277)
    at bv.next (https://www.greencity.cx.ua/chunk-NUXSP4TM.js:7:3120)
    at Fr._next (https://www.greencity.cx.ua/chunk-NUXSP4TM.js:7:2803)
    at Fr.next (https://www.greencity.cx.ua/chunk-NUXSP4TM.js:7:2530)
    at https://www.greencity.cx.ua/chunk-NUXSP4TM.js:7:7848
    at Ac (https://www.greencity.cx.ua/chunk-NUXSP4TM.js:7:2222)
    at S0.next (https://www.greencity.cx.ua/chunk-NUXSP4TM.js:7:7687), [2026-03-14T20:53:05.455Z] [SEVERE] https://www.greencity.cx.ua/chunk-NUXSP4TM.js 10:45939 "ERROR" TypeError: Cannot read properties of null (reading 'setValue')
    at n.quillContentChanged (https://www.greencity.cx.ua/chunk-VNNOUBDJ.js:1:16043)
    at https://www.greencity.cx.ua/chunk-VNNOUBDJ.js:1:7223
    at eE (https://www.greencity.cx.ua/chunk-NUXSP4TM.js:11:76097)
    at Object.o [as next] (https://www.greencity.cx.ua/chunk-NUXSP4TM.js:11:76277)
    at bv.next (https://www.greencity.cx.ua/chunk-NUXSP4TM.js:7:3120)
    at Fr._next (https://www.greencity.cx.ua/chunk-NUXSP4TM.js:7:2803)
    at Fr.next (https://www.greencity.cx.ua/chunk-NUXSP4TM.js:7:2530)
    at https://www.greencity.cx.ua/chunk-NUXSP4TM.js:7:7848
    at Ac (https://www.greencity.cx.ua/chunk-NUXSP4TM.js:7:2222)
    at S0.next (https://www.greencity.cx.ua/chunk-NUXSP4TM.js:7:7687), [2026-03-14T20:53:05.458Z] [SEVERE] https://www.greencity.cx.ua/chunk-NUXSP4TM.js 10:45939 "ERROR" TypeError: Cannot read properties of null (reading 'setValue')
    at n.quillContentChanged (https://www.greencity.cx.ua/chunk-VNNOUBDJ.js:1:16043)
    at https://www.greencity.cx.ua/chunk-VNNOUBDJ.js:1:7223
    at eE (https://www.greencity.cx.ua/chunk-NUXSP4TM.js:11:76097)
    at Object.o [as next] (https://www.greencity.cx.ua/chunk-NUXSP4TM.js:11:76277)
    at bv.next (https://www.greencity.cx.ua/chunk-NUXSP4TM.js:7:3120)
    at Fr._next (https://www.greencity.cx.ua/chunk-NUXSP4TM.js:7:2803)
    at Fr.next (https://www.greencity.cx.ua/chunk-NUXSP4TM.js:7:2530)
    at https://www.greencity.cx.ua/chunk-NUXSP4TM.js:7:7848
    at Ac (https://www.greencity.cx.ua/chunk-NUXSP4TM.js:7:2222)
    at S0.next (https://www.greencity.cx.ua/chunk-NUXSP4TM.js:7:7687), [2026-03-14T20:53:05.461Z] [SEVERE] https://www.greencity.cx.ua/chunk-NUXSP4TM.js 10:45939 "ERROR" TypeError: Cannot read properties of null (reading 'setValue')
    at n.quillContentChanged (https://www.greencity.cx.ua/chunk-VNNOUBDJ.js:1:16043)
    at https://www.greencity.cx.ua/chunk-VNNOUBDJ.js:1:7223
    at eE (https://www.greencity.cx.ua/chunk-NUXSP4TM.js:11:76097)
    at Object.o [as next] (https://www.greencity.cx.ua/chunk-NUXSP4TM.js:11:76277)
    at bv.next (https://www.greencity.cx.ua/chunk-NUXSP4TM.js:7:3120)
    at Fr._next (https://www.greencity.cx.ua/chunk-NUXSP4TM.js:7:2803)
    at Fr.next (https://www.greencity.cx.ua/chunk-NUXSP4TM.js:7:2530)
    at https://www.greencity.cx.ua/chunk-NUXSP4TM.js:7:7848
    at Ac (https://www.greencity.cx.ua/chunk-NUXSP4TM.js:7:2222)
    at S0.next (https://www.greencity.cx.ua/chunk-NUXSP4TM.js:7:7687), [2026-03-14T20:53:05.464Z] [SEVERE] https://www.greencity.cx.ua/chunk-NUXSP4TM.js 10:45939 "ERROR" TypeError: Cannot read properties of null (reading 'setValue')
    at n.quillContentChanged (https://www.greencity.cx.ua/chunk-VNNOUBDJ.js:1:16043)
    at https://www.greencity.cx.ua/chunk-VNNOUBDJ.js:1:7223
    at eE (https://www.greencity.cx.ua/chunk-NUXSP4TM.js:11:76097)
    at Object.o [as next] (https://www.greencity.cx.ua/chunk-NUXSP4TM.js:11:76277)
    at bv.next (https://www.greencity.cx.ua/chunk-NUXSP4TM.js:7:3120)
    at Fr._next (https://www.greencity.cx.ua/chunk-NUXSP4TM.js:7:2803)
    at Fr.next (https://www.greencity.cx.ua/chunk-NUXSP4TM.js:7:2530)
    at https://www.greencity.cx.ua/chunk-NUXSP4TM.js:7:7848
    at Ac (https://www.greencity.cx.ua/chunk-NUXSP4TM.js:7:2222)
    at S0.next (https://www.greencity.cx.ua/chunk-NUXSP4TM.js:7:7687), [2026-03-14T20:53:05.467Z] [SEVERE] https://www.greencity.cx.ua/chunk-NUXSP4TM.js 10:45939 "ERROR" TypeError: Cannot read properties of null (reading 'setValue')
    at n.quillContentChanged (https://www.greencity.cx.ua/chunk-VNNOUBDJ.js:1:16043)
    at https://www.greencity.cx.ua/chunk-VNNOUBDJ.js:1:7223
    at eE (https://www.greencity.cx.ua/chunk-NUXSP4TM.js:11:76097)
    at Object.o [as next] (https://www.greencity.cx.ua/chunk-NUXSP4TM.js:11:76277)
    at bv.next (https://www.greencity.cx.ua/chunk-NUXSP4TM.js:7:3120)
    at Fr._next (https://www.greencity.cx.ua/chunk-NUXSP4TM.js:7:2803)
    at Fr.next (https://www.greencity.cx.ua/chunk-NUXSP4TM.js:7:2530)
    at https://www.greencity.cx.ua/chunk-NUXSP4TM.js:7:7848
    at Ac (https://www.greencity.cx.ua/chunk-NUXSP4TM.js:7:2222)
    at S0.next (https://www.greencity.cx.ua/chunk-NUXSP4TM.js:7:7687), [2026-03-14T20:53:05.470Z] [SEVERE] https://www.greencity.cx.ua/chunk-NUXSP4TM.js 10:45939 "ERROR" TypeError: Cannot read properties of null (reading 'setValue')
    at n.quillContentChanged (https://www.greencity.cx.ua/chunk-VNNOUBDJ.js:1:16043)
    at https://www.greencity.cx.ua/chunk-VNNOUBDJ.js:1:7223
    at eE (https://www.greencity.cx.ua/chunk-NUXSP4TM.js:11:76097)
    at Object.o [as next] (https://www.greencity.cx.ua/chunk-NUXSP4TM.js:11:76277)
    at bv.next (https://www.greencity.cx.ua/chunk-NUXSP4TM.js:7:3120)
    at Fr._next (https://www.greencity.cx.ua/chunk-NUXSP4TM.js:7:2803)
    at Fr.next (https://www.greencity.cx.ua/chunk-NUXSP4TM.js:7:2530)
    at https://www.greencity.cx.ua/chunk-NUXSP4TM.js:7:7848
    at Ac (https://www.greencity.cx.ua/chunk-NUXSP4TM.js:7:2222)
    at S0.next (https://www.greencity.cx.ua/chunk-NUXSP4TM.js:7:7687), [2026-03-14T20:53:05.473Z] [SEVERE] https://www.greencity.cx.ua/chunk-NUXSP4TM.js 10:45939 "ERROR" TypeError: Cannot read properties of null (reading 'setValue')
    at n.quillContentChanged (https://www.greencity.cx.ua/chunk-VNNOUBDJ.js:1:16043)
    at https://www.greencity.cx.ua/chunk-VNNOUBDJ.js:1:7223
    at eE (https://www.greencity.cx.ua/chunk-NUXSP4TM.js:11:76097)
    at Object.o [as next] (https://www.greencity.cx.ua/chunk-NUXSP4TM.js:11:76277)
    at bv.next (https://www.greencity.cx.ua/chunk-NUXSP4TM.js:7:3120)
    at Fr._next (https://www.greencity.cx.ua/chunk-NUXSP4TM.js:7:2803)
    at Fr.next (https://www.greencity.cx.ua/chunk-NUXSP4TM.js:7:2530)
    at https://www.greencity.cx.ua/chunk-NUXSP4TM.js:7:7848
    at Ac (https://www.greencity.cx.ua/chunk-NUXSP4TM.js:7:2222)
    at S0.next (https://www.greencity.cx.ua/chunk-NUXSP4TM.js:7:7687), [2026-03-14T20:53:05.476Z] [SEVERE] https://www.greencity.cx.ua/chunk-NUXSP4TM.js 10:45939 "ERROR" TypeError: Cannot read properties of null (reading 'setValue')
    at n.quillContentChanged (https://www.greencity.cx.ua/chunk-VNNOUBDJ.js:1:16043)
    at https://www.greencity.cx.ua/chunk-VNNOUBDJ.js:1:7223
    at eE (https://www.greencity.cx.ua/chunk-NUXSP4TM.js:11:76097)
    at Object.o [as next] (https://www.greencity.cx.ua/chunk-NUXSP4TM.js:11:76277)
    at bv.next (https://www.greencity.cx.ua/chunk-NUXSP4TM.js:7:3120)
    at Fr._next (https://www.greencity.cx.ua/chunk-NUXSP4TM.js:7:2803)
    at Fr.next (https://www.greencity.cx.ua/chunk-NUXSP4TM.js:7:2530)
    at https://www.greencity.cx.ua/chunk-NUXSP4TM.js:7:7848
    at Ac (https://www.greencity.cx.ua/chunk-NUXSP4TM.js:7:2222)
    at S0.next (https://www.greencity.cx.ua/chunk-NUXSP4TM.js:7:7687), [2026-03-14T20:53:05.480Z] [SEVERE] https://www.greencity.cx.ua/chunk-NUXSP4TM.js 10:45939 "ERROR" TypeError: Cannot read properties of null (reading 'setValue')
    at n.quillContentChanged (https://www.greencity.cx.ua/chunk-VNNOUBDJ.js:1:16043)
    at https://www.greencity.cx.ua/chunk-VNNOUBDJ.js:1:7223
    at eE (https://www.greencity.cx.ua/chunk-NUXSP4TM.js:11:76097)
    at Object.o [as next] (https://www.greencity.cx.ua/chunk-NUXSP4TM.js:11:76277)
    at bv.next (https://www.greencity.cx.ua/chunk-NUXSP4TM.js:7:3120)
    at Fr._next (https://www.greencity.cx.ua/chunk-NUXSP4TM.js:7:2803)
    at Fr.next (https://www.greencity.cx.ua/chunk-NUXSP4TM.js:7:2530)
    at https://www.greencity.cx.ua/chunk-NUXSP4TM.js:7:7848
    at Ac (https://www.greencity.cx.ua/chunk-NUXSP4TM.js:7:2222)
    at S0.next (https://www.greencity.cx.ua/chunk-NUXSP4TM.js:7:7687), [2026-03-14T20:53:05.483Z] [SEVERE] https://www.greencity.cx.ua/chunk-NUXSP4TM.js 10:45939 "ERROR" TypeError: Cannot read properties of null (reading 'setValue')
    at n.quillContentChanged (https://www.greencity.cx.ua/chunk-VNNOUBDJ.js:1:16043)
    at https://www.greencity.cx.ua/chunk-VNNOUBDJ.js:1:7223
    at eE (https://www.greencity.cx.ua/chunk-NUXSP4TM.js:11:76097)
    at Object.o [as next] (https://www.greencity.cx.ua/chunk-NUXSP4TM.js:11:76277)
    at bv.next (https://www.greencity.cx.ua/chunk-NUXSP4TM.js:7:3120)
    at Fr._next (https://www.greencity.cx.ua/chunk-NUXSP4TM.js:7:2803)
    at Fr.next (https://www.greencity.cx.ua/chunk-NUXSP4TM.js:7:2530)
    at https://www.greencity.cx.ua/chunk-NUXSP4TM.js:7:7848
    at Ac (https://www.greencity.cx.ua/chunk-NUXSP4TM.js:7:2222)
    at S0.next (https://www.greencity.cx.ua/chunk-NUXSP4TM.js:7:7687), [2026-03-14T20:53:05.486Z] [SEVERE] https://www.greencity.cx.ua/chunk-NUXSP4TM.js 10:45939 "ERROR" TypeError: Cannot read properties of null (reading 'setValue')
    at n.quillContentChanged (https://www.greencity.cx.ua/chunk-VNNOUBDJ.js:1:16043)
    at https://www.greencity.cx.ua/chunk-VNNOUBDJ.js:1:7223
    at eE (https://www.greencity.cx.ua/chunk-NUXSP4TM.js:11:76097)
    at Object.o [as next] (https://www.greencity.cx.ua/chunk-NUXSP4TM.js:11:76277)
    at bv.next (https://www.greencity.cx.ua/chunk-NUXSP4TM.js:7:3120)
    at Fr._next (https://www.greencity.cx.ua/chunk-NUXSP4TM.js:7:2803)
    at Fr.next (https://www.greencity.cx.ua/chunk-NUXSP4TM.js:7:2530)
    at https://www.greencity.cx.ua/chunk-NUXSP4TM.js:7:7848
    at Ac (https://www.greencity.cx.ua/chunk-NUXSP4TM.js:7:2222)
    at S0.next (https://www.greencity.cx.ua/chunk-NUXSP4TM.js:7:7687), [2026-03-14T20:53:05.489Z] [SEVERE] https://www.greencity.cx.ua/chunk-NUXSP4TM.js 10:45939 "ERROR" TypeError: Cannot read properties of null (reading 'setValue')
    at n.quillContentChanged (https://www.greencity.cx.ua/chunk-VNNOUBDJ.js:1:16043)
    at https://www.greencity.cx.ua/chunk-VNNOUBDJ.js:1:7223
    at eE (https://www.greencity.cx.ua/chunk-NUXSP4TM.js:11:76097)
    at Object.o [as next] (https://www.greencity.cx.ua/chunk-NUXSP4TM.js:11:76277)
    at bv.next (https://www.greencity.cx.ua/chunk-NUXSP4TM.js:7:3120)
    at Fr._next (https://www.greencity.cx.ua/chunk-NUXSP4TM.js:7:2803)
    at Fr.next (https://www.greencity.cx.ua/chunk-NUXSP4TM.js:7:2530)
    at https://www.greencity.cx.ua/chunk-NUXSP4TM.js:7:7848
    at Ac (https://www.greencity.cx.ua/chunk-NUXSP4TM.js:7:2222)
    at S0.next (https://www.greencity.cx.ua/chunk-NUXSP4TM.js:7:7687), [2026-03-14T20:53:05.491Z] [SEVERE] https://www.greencity.cx.ua/chunk-NUXSP4TM.js 10:45939 "ERROR" TypeError: Cannot read properties of null (reading 'setValue')
    at n.quillContentChanged (https://www.greencity.cx.ua/chunk-VNNOUBDJ.js:1:16043)
    at https://www.greencity.cx.ua/chunk-VNNOUBDJ.js:1:7223
    at eE (https://www.greencity.cx.ua/chunk-NUXSP4TM.js:11:76097)
    at Object.o [as next] (https://www.greencity.cx.ua/chunk-NUXSP4TM.js:11:76277)
    at bv.next (https://www.greencity.cx.ua/chunk-NUXSP4TM.js:7:3120)
    at Fr._next (https://www.greencity.cx.ua/chunk-NUXSP4TM.js:7:2803)
    at Fr.next (https://www.greencity.cx.ua/chunk-NUXSP4TM.js:7:2530)
    at https://www.greencity.cx.ua/chunk-NUXSP4TM.js:7:7848
    at Ac (https://www.greencity.cx.ua/chunk-NUXSP4TM.js:7:2222)
    at S0.next (https://www.greencity.cx.ua/chunk-NUXSP4TM.js:7:7687), [2026-03-14T20:53:05.495Z] [SEVERE] https://www.greencity.cx.ua/chunk-NUXSP4TM.js 10:45939 "ERROR" TypeError: Cannot read properties of null (reading 'setValue')
    at n.quillContentChanged (https://www.greencity.cx.ua/chunk-VNNOUBDJ.js:1:16043)
    at https://www.greencity.cx.ua/chunk-VNNOUBDJ.js:1:7223
    at eE (https://www.greencity.cx.ua/chunk-NUXSP4TM.js:11:76097)
    at Object.o [as next] (https://www.greencity.cx.ua/chunk-NUXSP4TM.js:11:76277)
    at bv.next (https://www.greencity.cx.ua/chunk-NUXSP4TM.js:7:3120)
    at Fr._next (https://www.greencity.cx.ua/chunk-NUXSP4TM.js:7:2803)
    at Fr.next (https://www.greencity.cx.ua/chunk-NUXSP4TM.js:7:2530)
    at https://www.greencity.cx.ua/chunk-NUXSP4TM.js:7:7848
    at Ac (https://www.greencity.cx.ua/chunk-NUXSP4TM.js:7:2222)
    at S0.next (https://www.greencity.cx.ua/chunk-NUXSP4TM.js:7:7687), [2026-03-14T20:53:05.497Z] [SEVERE] https://www.greencity.cx.ua/chunk-NUXSP4TM.js 10:45939 "ERROR" TypeError: Cannot read properties of null (reading 'setValue')
    at n.quillContentChanged (https://www.greencity.cx.ua/chunk-VNNOUBDJ.js:1:16043)
    at https://www.greencity.cx.ua/chunk-VNNOUBDJ.js:1:7223
    at eE (https://www.greencity.cx.ua/chunk-NUXSP4TM.js:11:76097)
    at Object.o [as next] (https://www.greencity.cx.ua/chunk-NUXSP4TM.js:11:76277)
    at bv.next (https://www.greencity.cx.ua/chunk-NUXSP4TM.js:7:3120)
    at Fr._next (https://www.greencity.cx.ua/chunk-NUXSP4TM.js:7:2803)
    at Fr.next (https://www.greencity.cx.ua/chunk-NUXSP4TM.js:7:2530)
    at https://www.greencity.cx.ua/chunk-NUXSP4TM.js:7:7848
    at Ac (https://www.greencity.cx.ua/chunk-NUXSP4TM.js:7:2222)
    at S0.next (https://www.greencity.cx.ua/chunk-NUXSP4TM.js:7:7687), [2026-03-14T20:53:05.500Z] [SEVERE] https://www.greencity.cx.ua/chunk-NUXSP4TM.js 10:45939 "ERROR" TypeError: Cannot read properties of null (reading 'setValue')
    at n.quillContentChanged (https://www.greencity.cx.ua/chunk-VNNOUBDJ.js:1:16043)
    at https://www.greencity.cx.ua/chunk-VNNOUBDJ.js:1:7223
    at eE (https://www.greencity.cx.ua/chunk-NUXSP4TM.js:11:76097)
    at Object.o [as next] (https://www.greencity.cx.ua/chunk-NUXSP4TM.js:11:76277)
    at bv.next (https://www.greencity.cx.ua/chunk-NUXSP4TM.js:7:3120)
    at Fr._next (https://www.greencity.cx.ua/chunk-NUXSP4TM.js:7:2803)
    at Fr.next (https://www.greencity.cx.ua/chunk-NUXSP4TM.js:7:2530)
    at https://www.greencity.cx.ua/chunk-NUXSP4TM.js:7:7848
    at Ac (https://www.greencity.cx.ua/chunk-NUXSP4TM.js:7:2222)
    at S0.next (https://www.greencity.cx.ua/chunk-NUXSP4TM.js:7:7687), [2026-03-14T20:53:05.503Z] [SEVERE] https://www.greencity.cx.ua/chunk-NUXSP4TM.js 10:45939 "ERROR" TypeError: Cannot read properties of null (reading 'setValue')
    at n.quillContentChanged (https://www.greencity.cx.ua/chunk-VNNOUBDJ.js:1:16043)
    at https://www.greencity.cx.ua/chunk-VNNOUBDJ.js:1:7223
    at eE (https://www.greencity.cx.ua/chunk-NUXSP4TM.js:11:76097)
    at Object.o [as next] (https://www.greencity.cx.ua/chunk-NUXSP4TM.js:11:76277)
    at bv.next (https://www.greencity.cx.ua/chunk-NUXSP4TM.js:7:3120)
    at Fr._next (https://www.greencity.cx.ua/chunk-NUXSP4TM.js:7:2803)
    at Fr.next (https://www.greencity.cx.ua/chunk-NUXSP4TM.js:7:2530)
    at https://www.greencity.cx.ua/chunk-NUXSP4TM.js:7:7848
    at Ac (https://www.greencity.cx.ua/chunk-NUXSP4TM.js:7:2222)
    at S0.next (https://www.greencity.cx.ua/chunk-NUXSP4TM.js:7:7687), [2026-03-14T20:53:05.506Z] [SEVERE] https://www.greencity.cx.ua/chunk-NUXSP4TM.js 10:45939 "ERROR" TypeError: Cannot read properties of null (reading 'setValue')
    at n.quillContentChanged (https://www.greencity.cx.ua/chunk-VNNOUBDJ.js:1:16043)
    at https://www.greencity.cx.ua/chunk-VNNOUBDJ.js:1:7223
    at eE (https://www.greencity.cx.ua/chunk-NUXSP4TM.js:11:76097)
    at Object.o [as next] (https://www.greencity.cx.ua/chunk-NUXSP4TM.js:11:76277)
    at bv.next (https://www.greencity.cx.ua/chunk-NUXSP4TM.js:7:3120)
    at Fr._next (https://www.greencity.cx.ua/chunk-NUXSP4TM.js:7:2803)
    at Fr.next (https://www.greencity.cx.ua/chunk-NUXSP4TM.js:7:2530)
    at https://www.greencity.cx.ua/chunk-NUXSP4TM.js:7:7848
    at Ac (https://www.greencity.cx.ua/chunk-NUXSP4TM.js:7:2222)
    at S0.next (https://www.greencity.cx.ua/chunk-NUXSP4TM.js:7:7687), [2026-03-14T20:53:05.509Z] [SEVERE] https://www.greencity.cx.ua/chunk-NUXSP4TM.js 10:45939 "ERROR" TypeError: Cannot read properties of null (reading 'setValue')
    at n.quillContentChanged (https://www.greencity.cx.ua/chunk-VNNOUBDJ.js:1:16043)
    at https://www.greencity.cx.ua/chunk-VNNOUBDJ.js:1:7223
    at eE (https://www.greencity.cx.ua/chunk-NUXSP4TM.js:11:76097)
    at Object.o [as next] (https://www.greencity.cx.ua/chunk-NUXSP4TM.js:11:76277)
    at bv.next (https://www.greencity.cx.ua/chunk-NUXSP4TM.js:7:3120)
    at Fr._next (https://www.greencity.cx.ua/chunk-NUXSP4TM.js:7:2803)
    at Fr.next (https://www.greencity.cx.ua/chunk-NUXSP4TM.js:7:2530)
    at https://www.greencity.cx.ua/chunk-NUXSP4TM.js:7:7848
    at Ac (https://www.greencity.cx.ua/chunk-NUXSP4TM.js:7:2222)
    at S0.next (https://www.greencity.cx.ua/chunk-NUXSP4TM.js:7:7687), [2026-03-14T20:53:05.511Z] [SEVERE] https://www.greencity.cx.ua/chunk-NUXSP4TM.js 10:45939 "ERROR" TypeError: Cannot read properties of null (reading 'setValue')
    at n.quillContentChanged (https://www.greencity.cx.ua/chunk-VNNOUBDJ.js:1:16043)
    at https://www.greencity.cx.ua/chunk-VNNOUBDJ.js:1:7223
    at eE (https://www.greencity.cx.ua/chunk-NUXSP4TM.js:11:76097)
    at Object.o [as next] (https://www.greencity.cx.ua/chunk-NUXSP4TM.js:11:76277)
    at bv.next (https://www.greencity.cx.ua/chunk-NUXSP4TM.js:7:3120)
    at Fr._next (https://www.greencity.cx.ua/chunk-NUXSP4TM.js:7:2803)
    at Fr.next (https://www.greencity.cx.ua/chunk-NUXSP4TM.js:7:2530)
    at https://www.greencity.cx.ua/chunk-NUXSP4TM.js:7:7848
    at Ac (https://www.greencity.cx.ua/chunk-NUXSP4TM.js:7:2222)
    at S0.next (https://www.greencity.cx.ua/chunk-NUXSP4TM.js:7:7687), [2026-03-14T20:53:05.513Z] [SEVERE] https://www.greencity.cx.ua/chunk-NUXSP4TM.js 10:45939 "ERROR" TypeError: Cannot read properties of null (reading 'setValue')
    at n.quillContentChanged (https://www.greencity.cx.ua/chunk-VNNOUBDJ.js:1:16043)
    at https://www.greencity.cx.ua/chunk-VNNOUBDJ.js:1:7223
    at eE (https://www.greencity.cx.ua/chunk-NUXSP4TM.js:11:76097)
    at Object.o [as next] (https://www.greencity.cx.ua/chunk-NUXSP4TM.js:11:76277)
    at bv.next (https://www.greencity.cx.ua/chunk-NUXSP4TM.js:7:3120)
    at Fr._next (https://www.greencity.cx.ua/chunk-NUXSP4TM.js:7:2803)
    at Fr.next (https://www.greencity.cx.ua/chunk-NUXSP4TM.js:7:2530)
    at https://www.greencity.cx.ua/chunk-NUXSP4TM.js:7:7848
    at Ac (https://www.greencity.cx.ua/chunk-NUXSP4TM.js:7:2222)
    at S0.next (https://www.greencity.cx.ua/chunk-NUXSP4TM.js:7:7687), [2026-03-14T20:53:05.516Z] [SEVERE] https://www.greencity.cx.ua/chunk-NUXSP4TM.js 10:45939 "ERROR" TypeError: Cannot read properties of null (reading 'setValue')
    at n.quillContentChanged (https://www.greencity.cx.ua/chunk-VNNOUBDJ.js:1:16043)
    at https://www.greencity.cx.ua/chunk-VNNOUBDJ.js:1:7223
    at eE (https://www.greencity.cx.ua/chunk-NUXSP4TM.js:11:76097)
    at Object.o [as next] (https://www.greencity.cx.ua/chunk-NUXSP4TM.js:11:76277)
    at bv.next (https://www.greencity.cx.ua/chunk-NUXSP4TM.js:7:3120)
    at Fr._next (https://www.greencity.cx.ua/chunk-NUXSP4TM.js:7:2803)
    at Fr.next (https://www.greencity.cx.ua/chunk-NUXSP4TM.js:7:2530)
    at https://www.greencity.cx.ua/chunk-NUXSP4TM.js:7:7848
    at Ac (https://www.greencity.cx.ua/chunk-NUXSP4TM.js:7:2222)
    at S0.next (https://www.greencity.cx.ua/chunk-NUXSP4TM.js:7:7687), [2026-03-14T20:53:05.518Z] [SEVERE] https://www.greencity.cx.ua/chunk-NUXSP4TM.js 10:45939 "ERROR" TypeError: Cannot read properties of null (reading 'setValue')
    at n.quillContentChanged (https://www.greencity.cx.ua/chunk-VNNOUBDJ.js:1:16043)
    at https://www.greencity.cx.ua/chunk-VNNOUBDJ.js:1:7223
    at eE (https://www.greencity.cx.ua/chunk-NUXSP4TM.js:11:76097)
    at Object.o [as next] (https://www.greencity.cx.ua/chunk-NUXSP4TM.js:11:76277)
    at bv.next (https://www.greencity.cx.ua/chunk-NUXSP4TM.js:7:3120)
    at Fr._next (https://www.greencity.cx.ua/chunk-NUXSP4TM.js:7:2803)
    at Fr.next (https://www.greencity.cx.ua/chunk-NUXSP4TM.js:7:2530)
    at https://www.greencity.cx.ua/chunk-NUXSP4TM.js:7:7848
    at Ac (https://www.greencity.cx.ua/chunk-NUXSP4TM.js:7:2222)
    at S0.next (https://www.greencity.cx.ua/chunk-NUXSP4TM.js:7:7687), [2026-03-14T20:53:05.521Z] [SEVERE] https://www.greencity.cx.ua/chunk-NUXSP4TM.js 10:45939 "ERROR" TypeError: Cannot read properties of null (reading 'setValue')
    at n.quillContentChanged (https://www.greencity.cx.ua/chunk-VNNOUBDJ.js:1:16043)
    at https://www.greencity.cx.ua/chunk-VNNOUBDJ.js:1:7223
    at eE (https://www.greencity.cx.ua/chunk-NUXSP4TM.js:11:76097)
    at Object.o [as next] (https://www.greencity.cx.ua/chunk-NUXSP4TM.js:11:76277)
    at bv.next (https://www.greencity.cx.ua/chunk-NUXSP4TM.js:7:3120)
    at Fr._next (https://www.greencity.cx.ua/chunk-NUXSP4TM.js:7:2803)
    at Fr.next (https://www.greencity.cx.ua/chunk-NUXSP4TM.js:7:2530)
    at https://www.greencity.cx.ua/chunk-NUXSP4TM.js:7:7848
    at Ac (https://www.greencity.cx.ua/chunk-NUXSP4TM.js:7:2222)
    at S0.next (https://www.greencity.cx.ua/chunk-NUXSP4TM.js:7:7687), [2026-03-14T20:53:05.523Z] [SEVERE] https://www.greencity.cx.ua/chunk-NUXSP4TM.js 10:45939 "ERROR" TypeError: Cannot read properties of null (reading 'setValue')
    at n.quillContentChanged (https://www.greencity.cx.ua/chunk-VNNOUBDJ.js:1:16043)
    at https://www.greencity.cx.ua/chunk-VNNOUBDJ.js:1:7223
    at eE (https://www.greencity.cx.ua/chunk-NUXSP4TM.js:11:76097)
    at Object.o [as next] (https://www.greencity.cx.ua/chunk-NUXSP4TM.js:11:76277)
    at bv.next (https://www.greencity.cx.ua/chunk-NUXSP4TM.js:7:3120)
    at Fr._next (https://www.greencity.cx.ua/chunk-NUXSP4TM.js:7:2803)
    at Fr.next (https://www.greencity.cx.ua/chunk-NUXSP4TM.js:7:2530)
    at https://www.greencity.cx.ua/chunk-NUXSP4TM.js:7:7848
    at Ac (https://www.greencity.cx.ua/chunk-NUXSP4TM.js:7:2222)
    at S0.next (https://www.greencity.cx.ua/chunk-NUXSP4TM.js:7:7687), [2026-03-14T20:53:05.526Z] [SEVERE] https://www.greencity.cx.ua/chunk-NUXSP4TM.js 10:45939 "ERROR" TypeError: Cannot read properties of null (reading 'setValue')
    at n.quillContentChanged (https://www.greencity.cx.ua/chunk-VNNOUBDJ.js:1:16043)
    at https://www.greencity.cx.ua/chunk-VNNOUBDJ.js:1:7223
    at eE (https://www.greencity.cx.ua/chunk-NUXSP4TM.js:11:76097)
    at Object.o [as next] (https://www.greencity.cx.ua/chunk-NUXSP4TM.js:11:76277)
    at bv.next (https://www.greencity.cx.ua/chunk-NUXSP4TM.js:7:3120)
    at Fr._next (https://www.greencity.cx.ua/chunk-NUXSP4TM.js:7:2803)
    at Fr.next (https://www.greencity.cx.ua/chunk-NUXSP4TM.js:7:2530)
    at https://www.greencity.cx.ua/chunk-NUXSP4TM.js:7:7848
    at Ac (https://www.greencity.cx.ua/chunk-NUXSP4TM.js:7:2222)
    at S0.next (https://www.greencity.cx.ua/chunk-NUXSP4TM.js:7:7687), [2026-03-14T20:53:05.529Z] [SEVERE] https://www.greencity.cx.ua/chunk-NUXSP4TM.js 10:45939 "ERROR" TypeError: Cannot read properties of null (reading 'setValue')
    at n.quillContentChanged (https://www.greencity.cx.ua/chunk-VNNOUBDJ.js:1:16043)
    at https://www.greencity.cx.ua/chunk-VNNOUBDJ.js:1:7223
    at eE (https://www.greencity.cx.ua/chunk-NUXSP4TM.js:11:76097)
    at Object.o [as next] (https://www.greencity.cx.ua/chunk-NUXSP4TM.js:11:76277)
    at bv.next (https://www.greencity.cx.ua/chunk-NUXSP4TM.js:7:3120)
    at Fr._next (https://www.greencity.cx.ua/chunk-NUXSP4TM.js:7:2803)
    at Fr.next (https://www.greencity.cx.ua/chunk-NUXSP4TM.js:7:2530)
    at https://www.greencity.cx.ua/chunk-NUXSP4TM.js:7:7848
    at Ac (https://www.greencity.cx.ua/chunk-NUXSP4TM.js:7:2222)
    at S0.next (https://www.greencity.cx.ua/chunk-NUXSP4TM.js:7:7687), [2026-03-14T20:53:05.532Z] [SEVERE] https://www.greencity.cx.ua/chunk-NUXSP4TM.js 10:45939 "ERROR" TypeError: Cannot read properties of null (reading 'setValue')
    at n.quillContentChanged (https://www.greencity.cx.ua/chunk-VNNOUBDJ.js:1:16043)
    at https://www.greencity.cx.ua/chunk-VNNOUBDJ.js:1:7223
    at eE (https://www.greencity.cx.ua/chunk-NUXSP4TM.js:11:76097)
    at Object.o [as next] (https://www.greencity.cx.ua/chunk-NUXSP4TM.js:11:76277)
    at bv.next (https://www.greencity.cx.ua/chunk-NUXSP4TM.js:7:3120)
    at Fr._next (https://www.greencity.cx.ua/chunk-NUXSP4TM.js:7:2803)
    at Fr.next (https://www.greencity.cx.ua/chunk-NUXSP4TM.js:7:2530)
    at https://www.greencity.cx.ua/chunk-NUXSP4TM.js:7:7848
    at Ac (https://www.greencity.cx.ua/chunk-NUXSP4TM.js:7:2222)
    at S0.next (https://www.greencity.cx.ua/chunk-NUXSP4TM.js:7:7687), [2026-03-14T20:53:05.535Z] [SEVERE] https://www.greencity.cx.ua/chunk-NUXSP4TM.js 10:45939 "ERROR" TypeError: Cannot read properties of null (reading 'setValue')
    at n.quillContentChanged (https://www.greencity.cx.ua/chunk-VNNOUBDJ.js:1:16043)
    at https://www.greencity.cx.ua/chunk-VNNOUBDJ.js:1:7223
    at eE (https://www.greencity.cx.ua/chunk-NUXSP4TM.js:11:76097)
    at Object.o [as next] (https://www.greencity.cx.ua/chunk-NUXSP4TM.js:11:76277)
    at bv.next (https://www.greencity.cx.ua/chunk-NUXSP4TM.js:7:3120)
    at Fr._next (https://www.greencity.cx.ua/chunk-NUXSP4TM.js:7:2803)
    at Fr.next (https://www.greencity.cx.ua/chunk-NUXSP4TM.js:7:2530)
    at https://www.greencity.cx.ua/chunk-NUXSP4TM.js:7:7848
    at Ac (https://www.greencity.cx.ua/chunk-NUXSP4TM.js:7:2222)
    at S0.next (https://www.greencity.cx.ua/chunk-NUXSP4TM.js:7:7687), [2026-03-14T20:53:05.539Z] [SEVERE] https://www.greencity.cx.ua/chunk-NUXSP4TM.js 10:45939 "ERROR" TypeError: Cannot read properties of null (reading 'setValue')
    at n.quillContentChanged (https://www.greencity.cx.ua/chunk-VNNOUBDJ.js:1:16043)
    at https://www.greencity.cx.ua/chunk-VNNOUBDJ.js:1:7223
    at eE (https://www.greencity.cx.ua/chunk-NUXSP4TM.js:11:76097)
    at Object.o [as next] (https://www.greencity.cx.ua/chunk-NUXSP4TM.js:11:76277)
    at bv.next (https://www.greencity.cx.ua/chunk-NUXSP4TM.js:7:3120)
    at Fr._next (https://www.greencity.cx.ua/chunk-NUXSP4TM.js:7:2803)
    at Fr.next (https://www.greencity.cx.ua/chunk-NUXSP4TM.js:7:2530)
    at https://www.greencity.cx.ua/chunk-NUXSP4TM.js:7:7848
    at Ac (https://www.greencity.cx.ua/chunk-NUXSP4TM.js:7:2222)
    at S0.next (https://www.greencity.cx.ua/chunk-NUXSP4TM.js:7:7687), [2026-03-14T20:53:05.542Z] [SEVERE] https://www.greencity.cx.ua/chunk-NUXSP4TM.js 10:45939 "ERROR" TypeError: Cannot read properties of null (reading 'setValue')
    at n.quillContentChanged (https://www.greencity.cx.ua/chunk-VNNOUBDJ.js:1:16043)
    at https://www.greencity.cx.ua/chunk-VNNOUBDJ.js:1:7223
    at eE (https://www.greencity.cx.ua/chunk-NUXSP4TM.js:11:76097)
    at Object.o [as next] (https://www.greencity.cx.ua/chunk-NUXSP4TM.js:11:76277)
    at bv.next (https://www.greencity.cx.ua/chunk-NUXSP4TM.js:7:3120)
    at Fr._next (https://www.greencity.cx.ua/chunk-NUXSP4TM.js:7:2803)
    at Fr.next (https://www.greencity.cx.ua/chunk-NUXSP4TM.js:7:2530)
    at https://www.greencity.cx.ua/chunk-NUXSP4TM.js:7:7848
    at Ac (https://www.greencity.cx.ua/chunk-NUXSP4TM.js:7:2222)
    at S0.next (https://www.greencity.cx.ua/chunk-NUXSP4TM.js:7:7687), [2026-03-14T20:53:05.544Z] [SEVERE] https://www.greencity.cx.ua/chunk-NUXSP4TM.js 10:45939 "ERROR" TypeError: Cannot read properties of null (reading 'setValue')
    at n.quillContentChanged (https://www.greencity.cx.ua/chunk-VNNOUBDJ.js:1:16043)
    at https://www.greencity.cx.ua/chunk-VNNOUBDJ.js:1:7223
    at eE (https://www.greencity.cx.ua/chunk-NUXSP4TM.js:11:76097)
    at Object.o [as next] (https://www.greencity.cx.ua/chunk-NUXSP4TM.js:11:76277)
    at bv.next (https://www.greencity.cx.ua/chunk-NUXSP4TM.js:7:3120)
    at Fr._next (https://www.greencity.cx.ua/chunk-NUXSP4TM.js:7:2803)
    at Fr.next (https://www.greencity.cx.ua/chunk-NUXSP4TM.js:7:2530)
    at https://www.greencity.cx.ua/chunk-NUXSP4TM.js:7:7848
    at Ac (https://www.greencity.cx.ua/chunk-NUXSP4TM.js:7:2222)
    at S0.next (https://www.greencity.cx.ua/chunk-NUXSP4TM.js:7:7687), [2026-03-14T20:53:05.547Z] [SEVERE] https://www.greencity.cx.ua/chunk-NUXSP4TM.js 10:45939 "ERROR" TypeError: Cannot read properties of null (reading 'setValue')
    at n.quillContentChanged (https://www.greencity.cx.ua/chunk-VNNOUBDJ.js:1:16043)
    at https://www.greencity.cx.ua/chunk-VNNOUBDJ.js:1:7223
    at eE (https://www.greencity.cx.ua/chunk-NUXSP4TM.js:11:76097)
    at Object.o [as next] (https://www.greencity.cx.ua/chunk-NUXSP4TM.js:11:76277)
    at bv.next (https://www.greencity.cx.ua/chunk-NUXSP4TM.js:7:3120)
    at Fr._next (https://www.greencity.cx.ua/chunk-NUXSP4TM.js:7:2803)
    at Fr.next (https://www.greencity.cx.ua/chunk-NUXSP4TM.js:7:2530)
    at https://www.greencity.cx.ua/chunk-NUXSP4TM.js:7:7848
    at Ac (https://www.greencity.cx.ua/chunk-NUXSP4TM.js:7:2222)
    at S0.next (https://www.greencity.cx.ua/chunk-NUXSP4TM.js:7:7687), [2026-03-14T20:53:06.484Z] [WARNING] https://www.greencity.cx.ua/chunk-47CS2OCG.js 5:9966 "quill" "Overwriting modules/imageResize with" function s(P){var _=this,E=arguments.length>1&&arguments[1]!==void 0?arguments[1]:{};o(this,s),this.initializeModules=function(){_.removeModules(),_.modules=_.moduleClasses.map(function(y){return new(l[y]||y)(_)}),_.modules.forEach(function(y){y.onCreate()}),_.onUpdate()},this.onUpdate=function(){_.repositionElements(),_.modules.forEach(function(y){y.onUpdate()})},this.removeModules=function(){_.modules.forEach(function(y){y.onDestroy()}),_.modules=[]},this.handleClick=function(y){if(y.target&&y.target.tagName&&y.target.tagName.toUpperCase()==="IMG"){if(_.img===y.target)return;_.img&&_.hide(),_.show(y.target)}else _.img&&_.hide()},this.show=function(y){_.img=y,_.showOverlay(),_.initializeModules()},this.showOverlay=function(){_.overlay&&_.hideOverlay(),_.quill.setSelection(null),_.setUserSelect("none"),document.addEventListener("keyup",_.checkImage,!0),_.quill.root.addEventListener("input",_.checkImage,!0),_.overlay=document.createElement("div"),Object.assign(_.overlay.style,_.options.overlayStyles),_.quill.root.parentNode.appendChild(_.overlay),_.repositionElements()},this.hideOverlay=function(){_.overlay&&(_.quill.root.parentNode.removeChild(_.overlay),_.overlay=void 0,document.removeEventListener("keyup",_.checkImage),_.quill.root.removeEventListener("input",_.checkImage),_.setUserSelect(""))},this.repositionElements=function(){if(_.overlay&&_.img){var y=_.quill.root.parentNode,p=_.img.getBoundingClientRect(),x=y.getBoundingClientRect();Object.assign(_.overlay.style,{left:p.left-x.left-1+y.scrollLeft+"px",top:p.top-x.top+y.scrollTop+"px",width:p.width+"px",height:p.height+"px"})}},this.hide=function(){_.hideOverlay(),_.removeModules(),_.img=void 0},this.setUserSelect=function(y){["userSelect","mozUserSelect","webkitUserSelect","msUserSelect"].forEach(function(p){_.quill.root.style[p]=y,document.documentElement.style[p]=y})},this.checkImage=function(y){_.img&&(y.keyCode!=46&&y.keyCode!=8||window.Quill.find(_.img).deleteAt(0),_.hide())},this.quill=P;var T=!1;E.modules&&(T=E.modules.slice()),this.options=i()({},E,a.a),T!==!1&&(this.options.modules=T),document.execCommand("enableObjectResizing",!1,"false"),this.quill.root.addEventListener("click",this.handleClick,!1),this.quill.root.parentNode.style.position=this.quill.root.parentNode.style.position||"relative",this.moduleClasses=this.options.modules,console.log("this.options.modules",this.options.modules),this.modules=[]}, [2026-03-14T20:53:06.485Z] [SEVERE] https://www.greencity.cx.ua/chunk-NUXSP4TM.js 10:45939 "ERROR" TypeError: Cannot read properties of undefined (reading 'map')
    at t.array (https://www.greencity.cx.ua/chunk-NUXSP4TM.js:12:194586)
    at n.getEditForm (https://www.greencity.cx.ua/chunk-VNNOUBDJ.js:1:3331)
    at n.initPageForCreateOrEdit (https://www.greencity.cx.ua/chunk-VNNOUBDJ.js:1:12264)
    at n.ngOnInit (https://www.greencity.cx.ua/chunk-VNNOUBDJ.js:1:11172)
    at NM (https://www.greencity.cx.ua/chunk-NUXSP4TM.js:11:18378)
    at JH (https://www.greencity.cx.ua/chunk-NUXSP4TM.js:11:18527)
    at mI (https://www.greencity.cx.ua/chunk-NUXSP4TM.js:11:18284)
    at hp (https://www.greencity.cx.ua/chunk-NUXSP4TM.js:11:18011)
    at I1 (https://www.greencity.cx.ua/chunk-NUXSP4TM.js:11:63719)
    at T1 (https://www.greencity.cx.ua/chunk-NUXSP4TM.js:11:64530), [2026-03-14T20:53:06.533Z] [SEVERE] https://www.greencity.cx.ua/chunk-NUXSP4TM.js 10:45939 "ERROR" TypeError: Cannot read properties of undefined (reading 'value')
    at n.getFormValues (https://www.greencity.cx.ua/chunk-VNNOUBDJ.js:1:11707)
    at n.checkChanges (https://www.greencity.cx.ua/chunk-3ICV75FB.js:26:71066)
    at n.canDeactivate (https://www.greencity.cx.ua/chunk-3ICV75FB.js:26:70949)
    at https://www.greencity.cx.ua/chunk-3ICV75FB.js:26:71817
    at eE (https://www.greencity.cx.ua/chunk-NUXSP4TM.js:11:76097)
    at o (https://www.greencity.cx.ua/chunk-NUXSP4TM.js:11:76277)
    at https://www.greencity.cx.ua/chunk-NUXSP4TM.js:12:24091
    at v.invokeTask (https://www.greencity.cx.ua/polyfills.KFF4WC2Q.js:1:7564)
    at Object.onInvokeTask (https://www.greencity.cx.ua/chunk-NUXSP4TM.js:11:49265)
    at v.invokeTask (https://www.greencity.cx.ua/polyfills.KFF4WC2Q.js:1:7485), [2026-03-14T20:53:08.524Z] [SEVERE] https://www.greencity.cx.ua/chunk-NUXSP4TM.js 10:45939 "ERROR" TypeError: Cannot read properties of null (reading 'setValue')
    at n.quillContentChanged (https://www.greencity.cx.ua/chunk-VNNOUBDJ.js:1:16043)
    at https://www.greencity.cx.ua/chunk-VNNOUBDJ.js:1:7223
    at eE (https://www.greencity.cx.ua/chunk-NUXSP4TM.js:11:76097)
    at Object.o [as next] (https://www.greencity.cx.ua/chunk-NUXSP4TM.js:11:76277)
    at bv.next (https://www.greencity.cx.ua/chunk-NUXSP4TM.js:7:3120)
    at Fr._next (https://www.greencity.cx.ua/chunk-NUXSP4TM.js:7:2803)
    at Fr.next (https://www.greencity.cx.ua/chunk-NUXSP4TM.js:7:2530)
    at https://www.greencity.cx.ua/chunk-NUXSP4TM.js:7:7848
    at Ac (https://www.greencity.cx.ua/chunk-NUXSP4TM.js:7:2222)
    at S0.next (https://www.greencity.cx.ua/chunk-NUXSP4TM.js:7:7687), [2026-03-14T20:53:08.525Z] [SEVERE] https://www.greencity.cx.ua/chunk-NUXSP4TM.js 10:45939 "ERROR" TypeError: Cannot read properties of null (reading 'setValue')
    at n.quillContentChanged (https://www.greencity.cx.ua/chunk-VNNOUBDJ.js:1:16043)
    at https://www.greencity.cx.ua/chunk-VNNOUBDJ.js:1:7223
    at eE (https://www.greencity.cx.ua/chunk-NUXSP4TM.js:11:76097)
    at Object.o [as next] (https://www.greencity.cx.ua/chunk-NUXSP4TM.js:11:76277)
    at bv.next (https://www.greencity.cx.ua/chunk-NUXSP4TM.js:7:3120)
    at Fr._next (https://www.greencity.cx.ua/chunk-NUXSP4TM.js:7:2803)
    at Fr.next (https://www.greencity.cx.ua/chunk-NUXSP4TM.js:7:2530)
    at https://www.greencity.cx.ua/chunk-NUXSP4TM.js:7:7848
    at Ac (https://www.greencity.cx.ua/chunk-NUXSP4TM.js:7:2222)
    at S0.next (https://www.greencity.cx.ua/chunk-NUXSP4TM.js:7:7687), [2026-03-14T20:53:08.529Z] [SEVERE] https://www.greencity.cx.ua/chunk-NUXSP4TM.js 10:45939 "ERROR" TypeError: Cannot read properties of null (reading 'setValue')
    at n.quillContentChanged (https://www.greencity.cx.ua/chunk-VNNOUBDJ.js:1:16043)
    at https://www.greencity.cx.ua/chunk-VNNOUBDJ.js:1:7223
    at eE (https://www.greencity.cx.ua/chunk-NUXSP4TM.js:11:76097)
    at Object.o [as next] (https://www.greencity.cx.ua/chunk-NUXSP4TM.js:11:76277)
    at bv.next (https://www.greencity.cx.ua/chunk-NUXSP4TM.js:7:3120)
    at Fr._next (https://www.greencity.cx.ua/chunk-NUXSP4TM.js:7:2803)
    at Fr.next (https://www.greencity.cx.ua/chunk-NUXSP4TM.js:7:2530)
    at https://www.greencity.cx.ua/chunk-NUXSP4TM.js:7:7848
    at Ac (https://www.greencity.cx.ua/chunk-NUXSP4TM.js:7:2222)
    at S0.next (https://www.greencity.cx.ua/chunk-NUXSP4TM.js:7:7687), [2026-03-14T20:53:08.533Z] [SEVERE] https://www.greencity.cx.ua/chunk-NUXSP4TM.js 10:45939 "ERROR" TypeError: Cannot read properties of null (reading 'setValue')
    at n.quillContentChanged (https://www.greencity.cx.ua/chunk-VNNOUBDJ.js:1:16043)
    at https://www.greencity.cx.ua/chunk-VNNOUBDJ.js:1:7223
    at eE (https://www.greencity.cx.ua/chunk-NUXSP4TM.js:11:76097)
    at Object.o [as next] (https://www.greencity.cx.ua/chunk-NUXSP4TM.js:11:76277)
    at bv.next (https://www.greencity.cx.ua/chunk-NUXSP4TM.js:7:3120)
    at Fr._next (https://www.greencity.cx.ua/chunk-NUXSP4TM.js:7:2803)
    at Fr.next (https://www.greencity.cx.ua/chunk-NUXSP4TM.js:7:2530)
    at https://www.greencity.cx.ua/chunk-NUXSP4TM.js:7:7848
    at Ac (https://www.greencity.cx.ua/chunk-NUXSP4TM.js:7:2222)
    at S0.next (https://www.greencity.cx.ua/chunk-NUXSP4TM.js:7:7687), [2026-03-14T20:53:08.540Z] [SEVERE] https://www.greencity.cx.ua/chunk-NUXSP4TM.js 10:45939 "ERROR" TypeError: Cannot read properties of null (reading 'setValue')
    at n.quillContentChanged (https://www.greencity.cx.ua/chunk-VNNOUBDJ.js:1:16043)
    at https://www.greencity.cx.ua/chunk-VNNOUBDJ.js:1:7223
    at eE (https://www.greencity.cx.ua/chunk-NUXSP4TM.js:11:76097)
    at Object.o [as next] (https://www.greencity.cx.ua/chunk-NUXSP4TM.js:11:76277)
    at bv.next (https://www.greencity.cx.ua/chunk-NUXSP4TM.js:7:3120)
    at Fr._next (https://www.greencity.cx.ua/chunk-NUXSP4TM.js:7:2803)
    at Fr.next (https://www.greencity.cx.ua/chunk-NUXSP4TM.js:7:2530)
    at https://www.greencity.cx.ua/chunk-NUXSP4TM.js:7:7848
    at Ac (https://www.greencity.cx.ua/chunk-NUXSP4TM.js:7:2222)
    at S0.next (https://www.greencity.cx.ua/chunk-NUXSP4TM.js:7:7687), [2026-03-14T20:53:08.544Z] [SEVERE] https://www.greencity.cx.ua/chunk-NUXSP4TM.js 10:45939 "ERROR" TypeError: Cannot read properties of null (reading 'setValue')
    at n.quillContentChanged (https://www.greencity.cx.ua/chunk-VNNOUBDJ.js:1:16043)
    at https://www.greencity.cx.ua/chunk-VNNOUBDJ.js:1:7223
    at eE (https://www.greencity.cx.ua/chunk-NUXSP4TM.js:11:76097)
    at Object.o [as next] (https://www.greencity.cx.ua/chunk-NUXSP4TM.js:11:76277)
    at bv.next (https://www.greencity.cx.ua/chunk-NUXSP4TM.js:7:3120)
    at Fr._next (https://www.greencity.cx.ua/chunk-NUXSP4TM.js:7:2803)
    at Fr.next (https://www.greencity.cx.ua/chunk-NUXSP4TM.js:7:2530)
    at https://www.greencity.cx.ua/chunk-NUXSP4TM.js:7:7848
    at Ac (https://www.greencity.cx.ua/chunk-NUXSP4TM.js:7:2222)
    at S0.next (https://www.greencity.cx.ua/chunk-NUXSP4TM.js:7:7687), [2026-03-14T20:53:08.549Z] [SEVERE] https://www.greencity.cx.ua/chunk-NUXSP4TM.js 10:45939 "ERROR" TypeError: Cannot read properties of null (reading 'setValue')
    at n.quillContentChanged (https://www.greencity.cx.ua/chunk-VNNOUBDJ.js:1:16043)
    at https://www.greencity.cx.ua/chunk-VNNOUBDJ.js:1:7223
    at eE (https://www.greencity.cx.ua/chunk-NUXSP4TM.js:11:76097)
    at Object.o [as next] (https://www.greencity.cx.ua/chunk-NUXSP4TM.js:11:76277)
    at bv.next (https://www.greencity.cx.ua/chunk-NUXSP4TM.js:7:3120)
    at Fr._next (https://www.greencity.cx.ua/chunk-NUXSP4TM.js:7:2803)
    at Fr.next (https://www.greencity.cx.ua/chunk-NUXSP4TM.js:7:2530)
    at https://www.greencity.cx.ua/chunk-NUXSP4TM.js:7:7848
    at Ac (https://www.greencity.cx.ua/chunk-NUXSP4TM.js:7:2222)
    at S0.next (https://www.greencity.cx.ua/chunk-NUXSP4TM.js:7:7687), [2026-03-14T20:53:08.556Z] [SEVERE] https://www.greencity.cx.ua/chunk-NUXSP4TM.js 10:45939 "ERROR" TypeError: Cannot read properties of null (reading 'setValue')
    at n.quillContentChanged (https://www.greencity.cx.ua/chunk-VNNOUBDJ.js:1:16043)
    at https://www.greencity.cx.ua/chunk-VNNOUBDJ.js:1:7223
    at eE (https://www.greencity.cx.ua/chunk-NUXSP4TM.js:11:76097)
    at Object.o [as next] (https://www.greencity.cx.ua/chunk-NUXSP4TM.js:11:76277)
    at bv.next (https://www.greencity.cx.ua/chunk-NUXSP4TM.js:7:3120)
    at Fr._next (https://www.greencity.cx.ua/chunk-NUXSP4TM.js:7:2803)
    at Fr.next (https://www.greencity.cx.ua/chunk-NUXSP4TM.js:7:2530)
    at https://www.greencity.cx.ua/chunk-NUXSP4TM.js:7:7848
    at Ac (https://www.greencity.cx.ua/chunk-NUXSP4TM.js:7:2222)
    at S0.next (https://www.greencity.cx.ua/chunk-NUXSP4TM.js:7:7687), [2026-03-14T20:53:08.558Z] [SEVERE] https://www.greencity.cx.ua/chunk-NUXSP4TM.js 10:45939 "ERROR" TypeError: Cannot read properties of null (reading 'setValue')
    at n.quillContentChanged (https://www.greencity.cx.ua/chunk-VNNOUBDJ.js:1:16043)
    at https://www.greencity.cx.ua/chunk-VNNOUBDJ.js:1:7223
    at eE (https://www.greencity.cx.ua/chunk-NUXSP4TM.js:11:76097)
    at Object.o [as next] (https://www.greencity.cx.ua/chunk-NUXSP4TM.js:11:76277)
    at bv.next (https://www.greencity.cx.ua/chunk-NUXSP4TM.js:7:3120)
    at Fr._next (https://www.greencity.cx.ua/chunk-NUXSP4TM.js:7:2803)
    at Fr.next (https://www.greencity.cx.ua/chunk-NUXSP4TM.js:7:2530)
    at https://www.greencity.cx.ua/chunk-NUXSP4TM.js:7:7848
    at Ac (https://www.greencity.cx.ua/chunk-NUXSP4TM.js:7:2222)
    at S0.next (https://www.greencity.cx.ua/chunk-NUXSP4TM.js:7:7687), [2026-03-14T20:53:08.562Z] [SEVERE] https://www.greencity.cx.ua/chunk-NUXSP4TM.js 10:45939 "ERROR" TypeError: Cannot read properties of null (reading 'setValue')
    at n.quillContentChanged (https://www.greencity.cx.ua/chunk-VNNOUBDJ.js:1:16043)
    at https://www.greencity.cx.ua/chunk-VNNOUBDJ.js:1:7223
    at eE (https://www.greencity.cx.ua/chunk-NUXSP4TM.js:11:76097)
    at Object.o [as next] (https://www.greencity.cx.ua/chunk-NUXSP4TM.js:11:76277)
    at bv.next (https://www.greencity.cx.ua/chunk-NUXSP4TM.js:7:3120)
    at Fr._next (https://www.greencity.cx.ua/chunk-NUXSP4TM.js:7:2803)
    at Fr.next (https://www.greencity.cx.ua/chunk-NUXSP4TM.js:7:2530)
    at https://www.greencity.cx.ua/chunk-NUXSP4TM.js:7:7848
    at Ac (https://www.greencity.cx.ua/chunk-NUXSP4TM.js:7:2222)
    at S0.next (https://www.greencity.cx.ua/chunk-NUXSP4TM.js:7:7687), [2026-03-14T20:53:08.567Z] [SEVERE] https://www.greencity.cx.ua/chunk-NUXSP4TM.js 10:45939 "ERROR" TypeError: Cannot read properties of null (reading 'setValue')
    at n.quillContentChanged (https://www.greencity.cx.ua/chunk-VNNOUBDJ.js:1:16043)
    at https://www.greencity.cx.ua/chunk-VNNOUBDJ.js:1:7223
    at eE (https://www.greencity.cx.ua/chunk-NUXSP4TM.js:11:76097)
    at Object.o [as next] (https://www.greencity.cx.ua/chunk-NUXSP4TM.js:11:76277)
    at bv.next (https://www.greencity.cx.ua/chunk-NUXSP4TM.js:7:3120)
    at Fr._next (https://www.greencity.cx.ua/chunk-NUXSP4TM.js:7:2803)
    at Fr.next (https://www.greencity.cx.ua/chunk-NUXSP4TM.js:7:2530)
    at https://www.greencity.cx.ua/chunk-NUXSP4TM.js:7:7848
    at Ac (https://www.greencity.cx.ua/chunk-NUXSP4TM.js:7:2222)
    at S0.next (https://www.greencity.cx.ua/chunk-NUXSP4TM.js:7:7687), [2026-03-14T20:53:08.572Z] [SEVERE] https://www.greencity.cx.ua/chunk-NUXSP4TM.js 10:45939 "ERROR" TypeError: Cannot read properties of null (reading 'setValue')
    at n.quillContentChanged (https://www.greencity.cx.ua/chunk-VNNOUBDJ.js:1:16043)
    at https://www.greencity.cx.ua/chunk-VNNOUBDJ.js:1:7223
    at eE (https://www.greencity.cx.ua/chunk-NUXSP4TM.js:11:76097)
    at Object.o [as next] (https://www.greencity.cx.ua/chunk-NUXSP4TM.js:11:76277)
    at bv.next (https://www.greencity.cx.ua/chunk-NUXSP4TM.js:7:3120)
    at Fr._next (https://www.greencity.cx.ua/chunk-NUXSP4TM.js:7:2803)
    at Fr.next (https://www.greencity.cx.ua/chunk-NUXSP4TM.js:7:2530)
    at https://www.greencity.cx.ua/chunk-NUXSP4TM.js:7:7848
    at Ac (https://www.greencity.cx.ua/chunk-NUXSP4TM.js:7:2222)
    at S0.next (https://www.greencity.cx.ua/chunk-NUXSP4TM.js:7:7687), [2026-03-14T20:53:08.578Z] [SEVERE] https://www.greencity.cx.ua/chunk-NUXSP4TM.js 10:45939 "ERROR" TypeError: Cannot read properties of null (reading 'setValue')
    at n.quillContentChanged (https://www.greencity.cx.ua/chunk-VNNOUBDJ.js:1:16043)
    at https://www.greencity.cx.ua/chunk-VNNOUBDJ.js:1:7223
    at eE (https://www.greencity.cx.ua/chunk-NUXSP4TM.js:11:76097)
    at Object.o [as next] (https://www.greencity.cx.ua/chunk-NUXSP4TM.js:11:76277)
    at bv.next (https://www.greencity.cx.ua/chunk-NUXSP4TM.js:7:3120)
    at Fr._next (https://www.greencity.cx.ua/chunk-NUXSP4TM.js:7:2803)
    at Fr.next (https://www.greencity.cx.ua/chunk-NUXSP4TM.js:7:2530)
    at https://www.greencity.cx.ua/chunk-NUXSP4TM.js:7:7848
    at Ac (https://www.greencity.cx.ua/chunk-NUXSP4TM.js:7:2222)
    at S0.next (https://www.greencity.cx.ua/chunk-NUXSP4TM.js:7:7687), [2026-03-14T20:53:08.582Z] [SEVERE] https://www.greencity.cx.ua/chunk-NUXSP4TM.js 10:45939 "ERROR" TypeError: Cannot read properties of null (reading 'setValue')
    at n.quillContentChanged (https://www.greencity.cx.ua/chunk-VNNOUBDJ.js:1:16043)
    at https://www.greencity.cx.ua/chunk-VNNOUBDJ.js:1:7223
    at eE (https://www.greencity.cx.ua/chunk-NUXSP4TM.js:11:76097)
    at Object.o [as next] (https://www.greencity.cx.ua/chunk-NUXSP4TM.js:11:76277)
    at bv.next (https://www.greencity.cx.ua/chunk-NUXSP4TM.js:7:3120)
    at Fr._next (https://www.greencity.cx.ua/chunk-NUXSP4TM.js:7:2803)
    at Fr.next (https://www.greencity.cx.ua/chunk-NUXSP4TM.js:7:2530)
    at https://www.greencity.cx.ua/chunk-NUXSP4TM.js:7:7848
    at Ac (https://www.greencity.cx.ua/chunk-NUXSP4TM.js:7:2222)
    at S0.next (https://www.greencity.cx.ua/chunk-NUXSP4TM.js:7:7687), [2026-03-14T20:53:08.586Z] [SEVERE] https://www.greencity.cx.ua/chunk-NUXSP4TM.js 10:45939 "ERROR" TypeError: Cannot read properties of null (reading 'setValue')
    at n.quillContentChanged (https://www.greencity.cx.ua/chunk-VNNOUBDJ.js:1:16043)
    at https://www.greencity.cx.ua/chunk-VNNOUBDJ.js:1:7223
    at eE (https://www.greencity.cx.ua/chunk-NUXSP4TM.js:11:76097)
    at Object.o [as next] (https://www.greencity.cx.ua/chunk-NUXSP4TM.js:11:76277)
    at bv.next (https://www.greencity.cx.ua/chunk-NUXSP4TM.js:7:3120)
    at Fr._next (https://www.greencity.cx.ua/chunk-NUXSP4TM.js:7:2803)
    at Fr.next (https://www.greencity.cx.ua/chunk-NUXSP4TM.js:7:2530)
    at https://www.greencity.cx.ua/chunk-NUXSP4TM.js:7:7848
    at Ac (https://www.greencity.cx.ua/chunk-NUXSP4TM.js:7:2222)
    at S0.next (https://www.greencity.cx.ua/chunk-NUXSP4TM.js:7:7687), [2026-03-14T20:53:08.591Z] [SEVERE] https://www.greencity.cx.ua/chunk-NUXSP4TM.js 10:45939 "ERROR" TypeError: Cannot read properties of null (reading 'setValue')
    at n.quillContentChanged (https://www.greencity.cx.ua/chunk-VNNOUBDJ.js:1:16043)
    at https://www.greencity.cx.ua/chunk-VNNOUBDJ.js:1:7223
    at eE (https://www.greencity.cx.ua/chunk-NUXSP4TM.js:11:76097)
    at Object.o [as next] (https://www.greencity.cx.ua/chunk-NUXSP4TM.js:11:76277)
    at bv.next (https://www.greencity.cx.ua/chunk-NUXSP4TM.js:7:3120)
    at Fr._next (https://www.greencity.cx.ua/chunk-NUXSP4TM.js:7:2803)
    at Fr.next (https://www.greencity.cx.ua/chunk-NUXSP4TM.js:7:2530)
    at https://www.greencity.cx.ua/chunk-NUXSP4TM.js:7:7848
    at Ac (https://www.greencity.cx.ua/chunk-NUXSP4TM.js:7:2222)
    at S0.next (https://www.greencity.cx.ua/chunk-NUXSP4TM.js:7:7687), [2026-03-14T20:53:08.596Z] [SEVERE] https://www.greencity.cx.ua/chunk-NUXSP4TM.js 10:45939 "ERROR" TypeError: Cannot read properties of null (reading 'setValue')
    at n.quillContentChanged (https://www.greencity.cx.ua/chunk-VNNOUBDJ.js:1:16043)
    at https://www.greencity.cx.ua/chunk-VNNOUBDJ.js:1:7223
    at eE (https://www.greencity.cx.ua/chunk-NUXSP4TM.js:11:76097)
    at Object.o [as next] (https://www.greencity.cx.ua/chunk-NUXSP4TM.js:11:76277)
    at bv.next (https://www.greencity.cx.ua/chunk-NUXSP4TM.js:7:3120)
    at Fr._next (https://www.greencity.cx.ua/chunk-NUXSP4TM.js:7:2803)
    at Fr.next (https://www.greencity.cx.ua/chunk-NUXSP4TM.js:7:2530)
    at https://www.greencity.cx.ua/chunk-NUXSP4TM.js:7:7848
    at Ac (https://www.greencity.cx.ua/chunk-NUXSP4TM.js:7:2222)
    at S0.next (https://www.greencity.cx.ua/chunk-NUXSP4TM.js:7:7687), [2026-03-14T20:53:08.601Z] [SEVERE] https://www.greencity.cx.ua/chunk-NUXSP4TM.js 10:45939 "ERROR" TypeError: Cannot read properties of null (reading 'setValue')
    at n.quillContentChanged (https://www.greencity.cx.ua/chunk-VNNOUBDJ.js:1:16043)
    at https://www.greencity.cx.ua/chunk-VNNOUBDJ.js:1:7223
    at eE (https://www.greencity.cx.ua/chunk-NUXSP4TM.js:11:76097)
    at Object.o [as next] (https://www.greencity.cx.ua/chunk-NUXSP4TM.js:11:76277)
    at bv.next (https://www.greencity.cx.ua/chunk-NUXSP4TM.js:7:3120)
    at Fr._next (https://www.greencity.cx.ua/chunk-NUXSP4TM.js:7:2803)
    at Fr.next (https://www.greencity.cx.ua/chunk-NUXSP4TM.js:7:2530)
    at https://www.greencity.cx.ua/chunk-NUXSP4TM.js:7:7848
    at Ac (https://www.greencity.cx.ua/chunk-NUXSP4TM.js:7:2222)
    at S0.next (https://www.greencity.cx.ua/chunk-NUXSP4TM.js:7:7687), [2026-03-14T20:53:08.606Z] [SEVERE] https://www.greencity.cx.ua/chunk-NUXSP4TM.js 10:45939 "ERROR" TypeError: Cannot read properties of null (reading 'setValue')
    at n.quillContentChanged (https://www.greencity.cx.ua/chunk-VNNOUBDJ.js:1:16043)
    at https://www.greencity.cx.ua/chunk-VNNOUBDJ.js:1:7223
    at eE (https://www.greencity.cx.ua/chunk-NUXSP4TM.js:11:76097)
    at Object.o [as next] (https://www.greencity.cx.ua/chunk-NUXSP4TM.js:11:76277)
    at bv.next (https://www.greencity.cx.ua/chunk-NUXSP4TM.js:7:3120)
    at Fr._next (https://www.greencity.cx.ua/chunk-NUXSP4TM.js:7:2803)
    at Fr.next (https://www.greencity.cx.ua/chunk-NUXSP4TM.js:7:2530)
    at https://www.greencity.cx.ua/chunk-NUXSP4TM.js:7:7848
    at Ac (https://www.greencity.cx.ua/chunk-NUXSP4TM.js:7:2222)
    at S0.next (https://www.greencity.cx.ua/chunk-NUXSP4TM.js:7:7687), [2026-03-14T20:53:08.611Z] [SEVERE] https://www.greencity.cx.ua/chunk-NUXSP4TM.js 10:45939 "ERROR" TypeError: Cannot read properties of null (reading 'setValue')
    at n.quillContentChanged (https://www.greencity.cx.ua/chunk-VNNOUBDJ.js:1:16043)
    at https://www.greencity.cx.ua/chunk-VNNOUBDJ.js:1:7223
    at eE (https://www.greencity.cx.ua/chunk-NUXSP4TM.js:11:76097)
    at Object.o [as next] (https://www.greencity.cx.ua/chunk-NUXSP4TM.js:11:76277)
    at bv.next (https://www.greencity.cx.ua/chunk-NUXSP4TM.js:7:3120)
    at Fr._next (https://www.greencity.cx.ua/chunk-NUXSP4TM.js:7:2803)
    at Fr.next (https://www.greencity.cx.ua/chunk-NUXSP4TM.js:7:2530)
    at https://www.greencity.cx.ua/chunk-NUXSP4TM.js:7:7848
    at Ac (https://www.greencity.cx.ua/chunk-NUXSP4TM.js:7:2222)
    at S0.next (https://www.greencity.cx.ua/chunk-NUXSP4TM.js:7:7687), [2026-03-14T20:53:08.618Z] [SEVERE] https://www.greencity.cx.ua/chunk-NUXSP4TM.js 10:45939 "ERROR" TypeError: Cannot read properties of null (reading 'setValue')
    at n.quillContentChanged (https://www.greencity.cx.ua/chunk-VNNOUBDJ.js:1:16043)
    at https://www.greencity.cx.ua/chunk-VNNOUBDJ.js:1:7223
    at eE (https://www.greencity.cx.ua/chunk-NUXSP4TM.js:11:76097)
    at Object.o [as next] (https://www.greencity.cx.ua/chunk-NUXSP4TM.js:11:76277)
    at bv.next (https://www.greencity.cx.ua/chunk-NUXSP4TM.js:7:3120)
    at Fr._next (https://www.greencity.cx.ua/chunk-NUXSP4TM.js:7:2803)
    at Fr.next (https://www.greencity.cx.ua/chunk-NUXSP4TM.js:7:2530)
    at https://www.greencity.cx.ua/chunk-NUXSP4TM.js:7:7848
    at Ac (https://www.greencity.cx.ua/chunk-NUXSP4TM.js:7:2222)
    at S0.next (https://www.greencity.cx.ua/chunk-NUXSP4TM.js:7:7687), [2026-03-14T20:53:08.626Z] [SEVERE] https://www.greencity.cx.ua/chunk-NUXSP4TM.js 10:45939 "ERROR" TypeError: Cannot read properties of null (reading 'setValue')
    at n.quillContentChanged (https://www.greencity.cx.ua/chunk-VNNOUBDJ.js:1:16043)
    at https://www.greencity.cx.ua/chunk-VNNOUBDJ.js:1:7223
    at eE (https://www.greencity.cx.ua/chunk-NUXSP4TM.js:11:76097)
    at Object.o [as next] (https://www.greencity.cx.ua/chunk-NUXSP4TM.js:11:76277)
    at bv.next (https://www.greencity.cx.ua/chunk-NUXSP4TM.js:7:3120)
    at Fr._next (https://www.greencity.cx.ua/chunk-NUXSP4TM.js:7:2803)
    at Fr.next (https://www.greencity.cx.ua/chunk-NUXSP4TM.js:7:2530)
    at https://www.greencity.cx.ua/chunk-NUXSP4TM.js:7:7848
    at Ac (https://www.greencity.cx.ua/chunk-NUXSP4TM.js:7:2222)
    at S0.next (https://www.greencity.cx.ua/chunk-NUXSP4TM.js:7:7687), [2026-03-14T20:53:08.627Z] [SEVERE] https://www.greencity.cx.ua/chunk-NUXSP4TM.js 10:45939 "ERROR" TypeError: Cannot read properties of null (reading 'setValue')
    at n.quillContentChanged (https://www.greencity.cx.ua/chunk-VNNOUBDJ.js:1:16043)
    at https://www.greencity.cx.ua/chunk-VNNOUBDJ.js:1:7223
    at eE (https://www.greencity.cx.ua/chunk-NUXSP4TM.js:11:76097)
    at Object.o [as next] (https://www.greencity.cx.ua/chunk-NUXSP4TM.js:11:76277)
    at bv.next (https://www.greencity.cx.ua/chunk-NUXSP4TM.js:7:3120)
    at Fr._next (https://www.greencity.cx.ua/chunk-NUXSP4TM.js:7:2803)
    at Fr.next (https://www.greencity.cx.ua/chunk-NUXSP4TM.js:7:2530)
    at https://www.greencity.cx.ua/chunk-NUXSP4TM.js:7:7848
    at Ac (https://www.greencity.cx.ua/chunk-NUXSP4TM.js:7:2222)
    at S0.next (https://www.greencity.cx.ua/chunk-NUXSP4TM.js:7:7687), [2026-03-14T20:53:08.637Z] [SEVERE] https://www.greencity.cx.ua/chunk-NUXSP4TM.js 10:45939 "ERROR" TypeError: Cannot read properties of null (reading 'setValue')
    at n.quillContentChanged (https://www.greencity.cx.ua/chunk-VNNOUBDJ.js:1:16043)
    at https://www.greencity.cx.ua/chunk-VNNOUBDJ.js:1:7223
    at eE (https://www.greencity.cx.ua/chunk-NUXSP4TM.js:11:76097)
    at Object.o [as next] (https://www.greencity.cx.ua/chunk-NUXSP4TM.js:11:76277)
    at bv.next (https://www.greencity.cx.ua/chunk-NUXSP4TM.js:7:3120)
    at Fr._next (https://www.greencity.cx.ua/chunk-NUXSP4TM.js:7:2803)
    at Fr.next (https://www.greencity.cx.ua/chunk-NUXSP4TM.js:7:2530)
    at https://www.greencity.cx.ua/chunk-NUXSP4TM.js:7:7848
    at Ac (https://www.greencity.cx.ua/chunk-NUXSP4TM.js:7:2222)
    at S0.next (https://www.greencity.cx.ua/chunk-NUXSP4TM.js:7:7687), [2026-03-14T20:53:08.638Z] [SEVERE] https://www.greencity.cx.ua/chunk-NUXSP4TM.js 10:45939 "ERROR" TypeError: Cannot read properties of null (reading 'setValue')
    at n.quillContentChanged (https://www.greencity.cx.ua/chunk-VNNOUBDJ.js:1:16043)
    at https://www.greencity.cx.ua/chunk-VNNOUBDJ.js:1:7223
    at eE (https://www.greencity.cx.ua/chunk-NUXSP4TM.js:11:76097)
    at Object.o [as next] (https://www.greencity.cx.ua/chunk-NUXSP4TM.js:11:76277)
    at bv.next (https://www.greencity.cx.ua/chunk-NUXSP4TM.js:7:3120)
    at Fr._next (https://www.greencity.cx.ua/chunk-NUXSP4TM.js:7:2803)
    at Fr.next (https://www.greencity.cx.ua/chunk-NUXSP4TM.js:7:2530)
    at https://www.greencity.cx.ua/chunk-NUXSP4TM.js:7:7848
    at Ac (https://www.greencity.cx.ua/chunk-NUXSP4TM.js:7:2222)
    at S0.next (https://www.greencity.cx.ua/chunk-NUXSP4TM.js:7:7687), [2026-03-14T20:53:08.639Z] [SEVERE] https://www.greencity.cx.ua/chunk-NUXSP4TM.js 10:45939 "ERROR" TypeError: Cannot read properties of null (reading 'setValue')
    at n.quillContentChanged (https://www.greencity.cx.ua/chunk-VNNOUBDJ.js:1:16043)
    at https://www.greencity.cx.ua/chunk-VNNOUBDJ.js:1:7223
    at eE (https://www.greencity.cx.ua/chunk-NUXSP4TM.js:11:76097)
    at Object.o [as next] (https://www.greencity.cx.ua/chunk-NUXSP4TM.js:11:76277)
    at bv.next (https://www.greencity.cx.ua/chunk-NUXSP4TM.js:7:3120)
    at Fr._next (https://www.greencity.cx.ua/chunk-NUXSP4TM.js:7:2803)
    at Fr.next (https://www.greencity.cx.ua/chunk-NUXSP4TM.js:7:2530)
    at https://www.greencity.cx.ua/chunk-NUXSP4TM.js:7:7848
    at Ac (https://www.greencity.cx.ua/chunk-NUXSP4TM.js:7:2222)
    at S0.next (https://www.greencity.cx.ua/chunk-NUXSP4TM.js:7:7687)]